-3.14159 -3.14159 2.79  2.79  2.79  2.79  -0.96  -0.96  5.84486  5.84486  5.84486  5.84486  1.5688  1.5688  1.56425  1.56425  5.84486  5.84486  5.84941  5.84941 
-3.01593 -3.14159 2.77865  2.77865  2.77865  2.77865  -0.955269  -0.955269  5.8335  5.8335  5.8335  5.8335  1.57354  1.57354  1.56884  1.56898  5.83187  5.8323  5.83926  5.83982 
-2.89027 -3.14159 2.74476  2.74476  2.74476  2.74476  -0.94115  -0.94115  5.79962  5.79962  5.79962  5.79962  1.58765  1.58765  1.58255  1.58309  5.79527  5.79617  5.80762  5.80907 
-2.7646 -3.14159 2.68888  2.68888  2.68888  2.68888  -0.917866  -0.917866  5.74373  5.74373  5.74373  5.74373  1.61094  1.61094  1.60514  1.60637  5.73661  5.73785  5.75419  5.75666 
-2.63894 -3.14159 2.61188  2.61188  2.61188  2.61188  -0.885784  -0.885784  5.66674  5.66674  5.66674  5.66674  1.64302  1.64302  1.63625  1.63844  5.65694  5.65839  5.67967  5.68331 
-2.51327 -3.14159 2.51498  2.51498  2.51498  2.51498  -0.84541  -0.84541  5.56984  5.56984  5.56984  5.56984  1.68339  1.68339  1.67537  1.6788  5.5575  5.55905  5.58522  5.5902 
-2.38761 -3.14159 2.39971  2.39971  2.39971  2.39971  -0.797381  -0.797381  5.45457  5.45457  5.45457  5.45457  1.73142  1.73142  1.72186  1.72683  5.43985  5.4414  5.47234  5.47885 
-2.26195 -3.14159 2.26789  2.26789  2.26789  2.26789  -0.742454  -0.742454  5.32275  5.32275  5.32275  5.32275  1.78635  1.78635  1.77496  1.78176  5.30581  5.30726  5.34282  5.35107 
-2.13628 -3.14159 2.12159  2.12159  2.12159  2.12159  -0.681496  -0.681496  5.17645  5.17645  5.17645  5.17645  1.84731  1.84731  1.8338  1.84274  5.15748  5.15874  5.19872  5.20892 
-2.01062 -3.14159 1.96312  1.96312  1.96312  1.96312  -0.615468  -0.615468  5.01798  5.01798  5.01798  5.01798  1.91334  1.91334  1.89739  1.90881  4.99717  4.99816  5.04232  5.05474 
-1.88496 -3.14159 1.79498  1.79498  1.79498  1.79498  -0.54541  -0.54541  4.84984  4.84984  4.84984  4.84984  1.98339  1.98339  1.96469  1.97891  4.82738  4.82804  4.87612  4.89101 
-1.75929 -3.14159 1.61983  1.61983  1.61983  1.61983  -0.472429  -0.472429  4.67468  4.67468  4.67468  4.67468  2.05638  2.05638  2.03455  2.05195  4.65079  4.65105  4.70274  4.72041 
-1.63363 -3.14159 1.44042  1.44042  1.44042  1.44042  -0.397674  -0.397674  4.49527  4.49527  4.49527  4.49527  2.13113  2.13113  2.1058  2.12676  4.46999  4.47016  4.52493  4.54572 
-1.50796 -3.14159 1.25958  1.25958  1.25958  1.25958  -0.322326  -0.322326  4.31444  4.31444  4.31444  4.31444  2.20648  2.20648  2.17721  2.20213  4.2877  4.28834  4.34553  4.3698 
-1.3823 -3.14159 1.08017  1.08017  1.08017  1.08017  -0.247571  -0.247571  4.13503  4.13503  4.13503  4.13503  2.28123  2.28123  2.24753  2.27682  4.1071  4.10821  4.16736  4.19555 
-1.25664 -3.14159 0.905016  0.905016  0.905016  0.905016  -0.17459  -0.17459  3.95987  3.95987  3.95987  3.95987  2.35422  2.35422  2.31549  2.34959  3.93108  3.93262  3.99328  4.02585 
-1.13097 -3.14159 0.736878  0.736878  0.736878  0.736878  -0.104532  -0.104532  3.79173  3.79173  3.79173  3.79173  2.42427  2.42427  2.37984  2.41915  3.76251  3.76435  3.82608  3.86355 
-1.00531 -3.14159 0.578409  0.578409  0.578409  0.578409  -0.0385039  -0.0385039  3.63326  3.63326  3.63326  3.63326  2.4903  2.4903  2.43935  2.48417  3.60417  3.60611  3.66849  3.71137 
-0.879646 -3.14159 0.432109  0.432109  0.432109  0.432109  0.0224544  0.0224544  3.48696  3.48696  3.48696  3.48696  2.55126  2.55126  2.49287  2.54325  3.45878  3.46044  3.52316  3.57188 
-0.753982 -3.14159 0.300285  0.300285  0.300285  0.300285  0.0773812  0.0773812  3.35514  3.35514  3.35514  3.35514  2.60619  2.60619  2.53937  2.5948  3.32893  3.3297  3.39274  3.4474 
-0.628319 -3.14159 0.185016  0.185016  0.185016  0.185016  0.12541  0.12541  3.23987  3.23987  3.23987  3.23987  2.65422  2.65422  2.57809  2.637  3.21603  3.21696  3.28  3.33984 
-0.502655 -3.14159 0.0881184  0.0881184  0.0881184  0.0881184  0.165784  0.165784  3.14297  3.14297  3.14297  3.14297  2.69459  2.69459  2.60876  2.66776  3.12127  3.12467  3.18811  3.25051 
-0.376991 -3.14159 0.0111219  0.0111219  0.0111219  0.0111219  0.197866  0.197866  3.06598  3.06598  3.06598  3.06598  2.72667  2.72667  2.63191  2.68532  3.04694  3.05261  3.1207  3.17977 
-0.251327 -3.14159 -0.0447598  -0.0447598  -0.0447598  -0.0447598  0.22115  0.22115  3.0101  3.0101  3.0101  3.0101  2.74995  2.74995  2.64912  2.68979  2.9941  3.00017  3.08019  3.12693 
-0.125664 -3.14159 -0.0786452  -0.0786452  -0.0786452  -0.0786452  0.235269  0.235269  2.97621  2.97621  2.97621  2.97621  2.76407  2.76407  2.66267  2.68456  2.96331  2.96717  3.06477  3.09052 
0 -3.14159 -0.09  -0.09  -0.09  -0.09  0.24  0.24  2.96486  2.96486  2.96486  2.96486  2.7688  2.7688  2.67449  2.67449  2.95453  2.95453  3.06949  3.06949 
0.125664 -3.14159 -0.0786452  -0.0786452  -0.0786452  -0.0786452  0.235269  0.235269  2.97621  2.97621  2.97621  2.97621  2.76407  2.76407  2.66267  2.68456  2.96331  2.96717  3.06477  3.09052 
0.251327 -3.14159 -0.0447598  -0.0447598  -0.0447598  -0.0447598  0.22115  0.22115  3.0101  3.0101  3.0101  3.0101  2.74995  2.74995  2.64912  2.68979  2.9941  3.00017  3.08019  3.12693 
0.376991 -3.14159 0.0111219  0.0111219  0.0111219  0.0111219  0.197866  0.197866  3.06598  3.06598  3.06598  3.06598  2.72667  2.72667  2.63191  2.68532  3.04694  3.05261  3.1207  3.17977 
0.502655 -3.14159 0.0881184  0.0881184  0.0881184  0.0881184  0.165784  0.165784  3.14297  3.14297  3.14297  3.14297  2.69459  2.69459  2.60876  2.66776  3.12127  3.12467  3.18811  3.25051 
0.628319 -3.14159 0.185016  0.185016  0.185016  0.185016  0.12541  0.12541  3.23987  3.23987  3.23987  3.23987  2.65422  2.65422  2.57809  2.637  3.21603  3.21696  3.28  3.33984 
0.753982 -3.14159 0.300285  0.300285  0.300285  0.300285  0.0773812  0.0773812  3.35514  3.35514  3.35514  3.35514  2.60619  2.60619  2.53937  2.5948  3.32893  3.3297  3.39274  3.4474 
0.879646 -3.14159 0.432109  0.432109  0.432109  0.432109  0.0224544  0.0224544  3.48696  3.48696  3.48696  3.48696  2.55126  2.55126  2.49287  2.54325  3.45878  3.46044  3.52316  3.57188 
1.00531 -3.14159 0.578409  0.578409  0.578409  0.578409  -0.0385039  -0.0385039  3.63326  3.63326  3.63326  3.63326  2.4903  2.4903  2.43935  2.48417  3.60417  3.60611  3.66849  3.71137 
1.13097 -3.14159 0.736878  0.736878  0.736878  0.736878  -0.104532  -0.104532  3.79173  3.79173  3.79173  3.79173  2.42427  2.42427  2.37984  2.41915  3.76251  3.76435  3.82608  3.86355 
1.25664 -3.14159 0.905016  0.905016  0.905016  0.905016  -0.17459  -0.17459  3.95987  3.95987  3.95987  3.95987  2.35422  2.35422  2.31549  2.34959  3.93108  3.93262  3.99328  4.02585 
1.3823 -3.14159 1.08017  1.08017  1.08017  1.08017  -0.247571  -0.247571  4.13503  4.13503  4.13503  4.13503  2.28123  2.28123  2.24753  2.27682  4.1071  4.10821  4.16736  4.19555 
1.50796 -3.14159 1.25958  1.25958  1.25958  1.25958  -0.322326  -0.322326  4.31444  4.31444  4.31444  4.31444  2.20648  2.20648  2.17721  2.20213  4.2877  4.28834  4.34553  4.3698 
1.63363 -3.14159 1.44042  1.44042  1.44042  1.44042  -0.397674  -0.397674  4.49527  4.49527  4.49527  4.49527  2.13113  2.13113  2.1058  2.12676  4.46999  4.47016  4.52493  4.54572 
1.75929 -3.14159 1.61983  1.61983  1.61983  1.61983  -0.472429  -0.472429  4.67468  4.67468  4.67468  4.67468  2.05638  2.05638  2.03455  2.05195  4.65079  4.65105  4.70274  4.72041 
1.88496 -3.14159 1.79498  1.79498  1.79498  1.79498  -0.54541  -0.54541  4.84984  4.84984  4.84984  4.84984  1.98339  1.98339  1.96469  1.97891  4.82738  4.82804  4.87612  4.89101 
2.01062 -3.14159 1.96312  1.96312  1.96312  1.96312  -0.615468  -0.615468  5.01798  5.01798  5.01798  5.01798  1.91334  1.91334  1.89739  1.90881  4.99717  4.99816  5.04232  5.05474 
2.13628 -3.14159 2.12159  2.12159  2.12159  2.12159  -0.681496  -0.681496  5.17645  5.17645  5.17645  5.17645  1.84731  1.84731  1.8338  1.84274  5.15748  5.15874  5.19872  5.20892 
2.26195 -3.14159 2.26789  2.26789  2.26789  2.26789  -0.742454  -0.742454  5.32275  5.32275  5.32275  5.32275  1.78635  1.78635  1.77496  1.78176  5.30581  5.30726  5.34282  5.35107 
2.38761 -3.14159 2.39971  2.39971  2.39971  2.39971  -0.797381  -0.797381  5.45457  5.45457  5.45457  5.45457  1.73142  1.73142  1.72186  1.72683  5.43985  5.4414  5.47234  5.47885 
2.51327 -3.14159 2.51498  2.51498  2.51498  2.51498  -0.84541  -0.84541  5.56984  5.56984  5.56984  5.56984  1.68339  1.68339  1.67537  1.6788  5.5575  5.55905  5.58522  5.5902 
2.63894 -3.14159 2.61188  2.61188  2.61188  2.61188  -0.885784  -0.885784  5.66674  5.66674  5.66674  5.66674  1.64302  1.64302  1.63625  1.63844  5.65694  5.65839  5.67967  5.68331 
2.7646 -3.14159 2.68888  2.68888  2.68888  2.68888  -0.917866  -0.917866  5.74373  5.74373  5.74373  5.74373  1.61094  1.61094  1.60514  1.60637  5.73661  5.73785  5.75419  5.75666 
2.89027 -3.14159 2.74476  2.74476  2.74476  2.74476  -0.94115  -0.94115  5.79962  5.79962  5.79962  5.79962  1.58765  1.58765  1.58255  1.58309  5.79527  5.79617  5.80762  5.80907 
3.01593 -3.14159 2.77865  2.77865  2.77865  2.77865  -0.955269  -0.955269  5.8335  5.8335  5.8335  5.8335  1.57354  1.57354  1.56884  1.56898  5.83187  5.8323  5.83926  5.83982 
-3.14159 -3.01593 2.79  2.79  2.79  2.79  -0.96  -0.96  5.84486  5.84486  5.84486  5.84486  1.5688  1.5688  1.56425  1.56425  5.84486  5.84486  5.84941  5.84941 
-3.01593 -3.01593 2.77865  2.77865  2.77865  2.77865  -0.955269  -0.955269  5.8335  5.8335  5.8335  5.8335  1.57354  1.57354  1.56843  1.56939  5.83195  5.8322  5.83941  5.83968 
-2.89027 -3.01593 2.74476  2.74476  2.74476  2.74476  -0.94115  -0.94115  5.79962  5.79962  5.79962  5.79962  1.58765  1.58765  1.58172  1.58392  5.79534  5.79608  5.80783  5.80888 
-2.7646 -3.01593 2.68888  2.68888  2.68888  2.68888  -0.917866  -0.917866  5.74373  5.74373  5.74373  5.74373  1.61094  1.61094  1.6039  1.6076  5.73666  5.73777  5.75444  5.75643 
-2.63894 -3.01593 2.61188  2.61188  2.61188  2.61188  -0.885784  -0.885784  5.66674  5.66674  5.66674  5.66674  1.64302  1.64302  1.63461  1.64008  5.65697  5.65833  5.67996  5.68304 
-2.51327 -3.01593 2.51498  2.51498  2.51498  2.51498  -0.84541  -0.84541  5.56984  5.56984  5.56984  5.56984  1.68339  1.68339  1.67333  1.68084  5.55752  5.55902  5.58554  5.5899 
-2.38761 -3.01593 2.39971  2.39971  2.39971  2.39971  -0.797381  -0.797381  5.45457  5.45457  5.45457  5.45457  1.73142  1.73142  1.71944  1.72926  5.43985  5.44138  5.4727  5.47851 
-2.26195 -3.01593 2.26789  2.26789  2.26789  2.26789  -0.742454  -0.742454  5.32275  5.32275  5.32275  5.32275  1.78635  1.78635  1.77216  1.78457  5.30579  5.30727  5.34321  5.35068 
-2.13628 -3.01593 2.12159  2.12159  2.12159  2.12159  -0.681496  -0.681496  5.17645  5.17645  5.17645  5.17645  1.84731  1.84731  1.83062  1.84592  5.15744  5.15877  5.19913  5.2085 
-2.01062 -3.01593 1.96312  1.96312  1.96312  1.96312  -0.615468  -0.615468  5.01798  5.01798  5.01798  5.01798  1.91334  1.91334  1.89386  1.91234  4.99711  4.99822  5.04277  5.05428 
-1.88496 -3.01593 1.79498  1.79498  1.79498  1.79498  -0.54541  -0.54541  4.84984  4.84984  4.84984  4.84984  1.98339  1.98339  1.96082  1.98279  4.82731  4.82813  4.87659  4.89051 
-1.75929 -3.01593 1.61983  1.61983  1.61983  1.61983  -0.472429  -0.472429  4.67468  4.67468  4.67468  4.67468  2.05638  2.05638  2.03037  2.05616  4.6507  4.65117  4.70322  4.71988 
-1.63363 -3.01593 1.44042  1.44042  1.44042  1.44042  -0.397674  -0.397674  4.49527  4.49527  4.49527  4.49527  2.13113  2.13113  2.10131  2.13128  4.47005  4.47013  4.52542  4.54515 
-1.50796 -3.01593 1.25958  1.25958  1.25958  1.25958  -0.322326  -0.322326  4.31444  4.31444  4.31444  4.31444  2.20648  2.20648  2.17244  2.20694  4.28789  4.28821  4.34601  4.36921 
-1.3823 -3.01593 1.08017  1.08017  1.08017  1.08017  -0.247571  -0.247571  4.13503  4.13503  4.13503  4.13503  2.28123  2.28123  2.24249  2.28192  4.10735  4.10805  4.16782  4.19494 
-1.25664 -3.01593 0.905016  0.905016  0.905016  0.905016  -0.17459  -0.17459  3.95987  3.95987  3.95987  3.95987  2.35422  2.35422  2.31022  2.35495  3.93141  3.93241  3.9937  4.02523 
-1.13097 -3.01593 0.736878  0.736878  0.736878  0.736878  -0.104532  -0.104532  3.79173  3.79173  3.79173  3.79173  2.42427  2.42427  2.37437  2.42474  3.76294  3.76409  3.82642  3.86292 
-1.00531 -3.01593 0.578409  0.578409  0.578409  0.578409  -0.0385039  -0.0385039  3.63326  3.63326  3.63326  3.63326  2.4903  2.4903  2.43371  2.48998  3.60475  3.60578  3.6687  3.71073 
-0.879646 -3.01593 0.432109  0.432109  0.432109  0.432109  0.0224544  0.0224544  3.48696  3.48696  3.48696  3.48696  2.55126  2.55126  2.48711  2.54924  3.45958  3.46001  3.52319  3.57125 
-0.753982 -3.01593 0.300285  0.300285  0.300285  0.300285  0.0773812  0.0773812  3.35514  3.35514  3.35514  3.35514  2.60619  2.60619  2.53355  2.60093  3.32914  3.33005  3.39249  3.44677 
-0.628319 -3.01593 0.185016  0.185016  0.185016  0.185016  0.12541  0.12541  3.23987  3.23987  3.23987  3.23987  2.65422  2.65422  2.57227  2.64318  3.2153  3.21858  3.27936  3.33922 
-0.502655 -3.01593 0.0881184  0.0881184  0.0881184  0.0881184  0.165784  0.165784  3.14297  3.14297  3.14297  3.14297  2.69459  2.69459  2.60303  2.67387  3.12031  3.12694  3.18702  3.24989 
-0.376991 -3.01593 0.0111219  0.0111219  0.0111219  0.0111219  0.197866  0.197866  3.06598  3.06598  3.06598  3.06598  2.72667  2.72667  2.62637  2.69118  3.04569  3.0555  3.11936  3.17916 
-0.251327 -3.01593 -0.0447598  -0.0447598  -0.0447598  -0.0447598  0.22115  0.22115  3.0101  3.0101  3.0101  3.0101  2.74995  2.74995  2.64381  2.69526  2.99251  3.00326  3.0791  3.12636 
-0.125664 -3.01593 -0.0786452  -0.0786452  -0.0786452  -0.0786452  0.235269  0.235269  2.97621  2.97621  2.97621  2.97621  2.76407  2.76407  2.65755  2.68967  2.96131  2.97005  3.06429  3.09011 
0 -3.01593 -0.09  -0.09  -0.09  -0.09  0.24  0.24  2.96486  2.96486  2.96486  2.96486  2.7688  2.7688  2.66942  2.67947  2.95213  2.95702  3.06943  3.06956 
0.125664 -3.01593 -0.0786452  -0.0786452  -0.0786452  -0.0786452  0.235269  0.235269  2.97621  2.97621  2.97621  2.97621  2.76407  2.76407  2.66775  2.67931  2.96441  2.96536  3.06526  3.09091 
0.251327 -3.01593 -0.0447598  -0.0447598  -0.0447598  -0.0447598  0.22115  0.22115  3.0101  3.0101  3.0101  3.0101  2.74995  2.74995  2.65445  2.68416  2.99574  2.99724  3.08127  3.12744 
0.376991 -3.01593 0.0111219  0.0111219  0.0111219  0.0111219  0.197866  0.197866  3.06598  3.06598  3.06598  3.06598  2.72667  2.72667  2.63751  2.67928  3.04821  3.0499  3.12204  3.18031 
0.502655 -3.01593 0.0881184  0.0881184  0.0881184  0.0881184  0.165784  0.165784  3.14297  3.14297  3.14297  3.14297  2.69459  2.69459  2.61455  2.66148  3.12224  3.12252  3.18923  3.25104 
0.628319 -3.01593 0.185016  0.185016  0.185016  0.185016  0.12541  0.12541  3.23987  3.23987  3.23987  3.23987  2.65422  2.65422  2.58399  2.63067  3.21541  3.21676  3.28071  3.34037 
0.753982 -3.01593 0.300285  0.300285  0.300285  0.300285  0.0773812  0.0773812  3.35514  3.35514  3.35514  3.35514  2.60619  2.60619  2.54528  2.58855  3.32783  3.33026  3.39308  3.44793 
0.879646 -3.01593 0.432109  0.432109  0.432109  0.432109  0.0224544  0.0224544  3.48696  3.48696  3.48696  3.48696  2.55126  2.55126  2.49871  2.53714  3.458  3.46087  3.52323  3.57242 
1.00531 -3.01593 0.578409  0.578409  0.578409  0.578409  -0.0385039  -0.0385039  3.63326  3.63326  3.63326  3.63326  2.4903  2.4903  2.44507  2.47827  3.6036  3.60644  3.66836  3.71193 
1.13097 -3.01593 0.736878  0.736878  0.736878  0.736878  -0.104532  -0.104532  3.79173  3.79173  3.79173  3.79173  2.42427  2.42427  2.38538  2.41347  3.76209  3.76461  3.82582  3.86411 
1.25664 -3.01593 0.905016  0.905016  0.905016  0.905016  -0.17459  -0.17459  3.95987  3.95987  3.95987  3.95987  2.35422  2.35422  2.32082  2.34416  3.93076  3.93282  3.99293  4.02642 
1.3823 -3.01593 1.08017  1.08017  1.08017  1.08017  -0.247571  -0.247571  4.13503  4.13503  4.13503  4.13503  2.28123  2.28123  2.25262  2.27166  4.10686  4.10837  4.16696  4.19611 
1.50796 -3.01593 1.25958  1.25958  1.25958  1.25958  -0.322326  -0.322326  4.31444  4.31444  4.31444  4.31444  2.20648  2.20648  2.18203  2.19726  4.28751  4.28847  4.34509  4.37034 
1.63363 -3.01593 1.44042  1.44042  1.44042  1.44042  -0.397674  -0.397674  4.49527  4.49527  4.49527  4.49527  2.13113  2.13113  2.11033  2.12219  4.46984  4.47026  4.52449  4.54624 
1.75929 -3.01593 1.61983  1.61983  1.61983  1.61983  -0.472429  -0.472429  4.67468  4.67468  4.67468  4.67468  2.05638  2.05638  2.03877  2.04771  4.65087  4.65094  4.70229  4.72091 
1.88496 -3.01593 1.79498  1.79498  1.79498  1.79498  -0.54541  -0.54541  4.84984  4.84984  4.84984  4.84984  1.98339  1.98339  1.96858  1.97501  4.82745  4.82796  4.87568  4.89148 
2.01062 -3.01593 1.96312  1.96312  1.96312  1.96312  -0.615468  -0.615468  5.01798  5.01798  5.01798  5.01798  1.91334  1.91334  1.90094  1.90525  4.99722  4.9981  5.0419  5.05517 
2.13628 -3.01593 2.12159  2.12159  2.12159  2.12159  -0.681496  -0.681496  5.17645  5.17645  5.17645  5.17645  1.84731  1.84731  1.83698  1.83955  5.15752  5.15871  5.19832  5.20933 
2.26195 -3.01593 2.26789  2.26789  2.26789  2.26789  -0.742454  -0.742454  5.32275  5.32275  5.32275  5.32275  1.78635  1.78635  1.77778  1.77894  5.30584  5.30725  5.34245  5.35143 
2.38761 -3.01593 2.39971  2.39971  2.39971  2.39971  -0.797381  -0.797381  5.45457  5.45457  5.45457  5.45457  1.73142  1.73142  1.7243  1.72439  5.43986  5.4414  5.472  5.47918 
2.51327 -3.01593 2.51498  2.51498  2.51498  2.51498  -0.84541  -0.84541  5.56984  5.56984  5.56984  5.56984  1.68339  1.68339  1.67676  1.67741  5.55749  5.55908  5.58491  5.5905 
2.63894 -3.01593 2.61188  2.61188  2.61188  2.61188  -0.885784  -0.885784  5.66674  5.66674  5.66674  5.66674  1.64302  1.64302  1.63679  1.63789  5.65691  5.65844  5.67939  5.68357 
2.7646 -3.01593 2.68888  2.68888  2.68888  2.68888  -0.917866  -0.917866  5.74373  5.74373  5.74373  5.74373  1.61094  1.61094  1.60513  1.60638  5.73656  5.73792  5.75395  5.75688 
2.89027 -3.01593 2.74476  2.74476  2.74476  2.74476  -0.94115  -0.94115  5.79962  5.79962  5.79962  5.79962  1.58765  1.58765  1.58226  1.58338  5.7952  5.79626  5.80742  5.80926 
3.01593 -3.01593 2.77865  2.77865  2.77865  2.77865  -0.955269  -0.955269  5.8335  5.8335  5.8335  5.8335  1.57354  1.57354  1.56857  1.56926  5.83179  5.83239  5.83911  5.83996 
-3.14159 -2.89027 2.79  2.79  2.79  2.79  -0.96  -0.96  5.84486  5.84486  5.84486  5.84486  1.5688  1.5688  1.56425  1.56425  5.84486  5.84486  5.84941  5.84941 
-3.01593 -2.89027 2.77865  2.77865  2.77865  2.77865  -0.955269  -0.955269  5.8335  5.8335  5.8335  5.8335  1.57354  1.57354  1.56802  1.56981  5.83203  5.83212  5.83954  5.83956 
-2.89027 -2.89027 2.74476  2.74476  2.74476  2.74476  -0.94115  -0.94115  5.79962  5.79962  5.79962  5.79962  1.58765  1.58765  1.5809  1.58474  5.79541  5.79599  5.80804  5.80869 
-2.7646 -2.89027 2.68888  2.68888  2.68888  2.68888  -0.917866  -0.917866  5.74373  5.74373  5.74373  5.74373  1.61094  1.61094  1.60267  1.60883  5.73672  5.7377  5.75469  5.7562 
-2.63894 -2.89027 2.61188  2.61188  2.61188  2.61188  -0.885784  -0.885784  5.66674  5.66674  5.66674  5.66674  1.64302  1.64302  1.63298  1.64171  5.657  5.65828  5.68025  5.68277 
-2.51327 -2.89027 2.51498  2.51498  2.51498  2.51498  -0.84541  -0.84541  5.56984  5.56984  5.56984  5.56984  1.68339  1.68339  1.67131  1.68286  5.55753  5.55898  5.58587  5.58959 
-2.38761 -2.89027 2.39971  2.39971  2.39971  2.39971  -0.797381  -0.797381  5.45457  5.45457  5.45457  5.45457  1.73142  1.73142  1.71703  1.73167  5.43985  5.44137  5.47306  5.47815 
-2.26195 -2.89027 2.26789  2.26789  2.26789  2.26789  -0.742454  -0.742454  5.32275  5.32275  5.32275  5.32275  1.78635  1.78635  1.76938  1.78736  5.30578  5.30728  5.34361  5.35029 
-2.13628 -2.89027 2.12159  2.12159  2.12159  2.12159  -0.681496  -0.681496  5.17645  5.17645  5.17645  5.17645  1.84731  1.84731  1.82748  1.84907  5.15741  5.1588  5.19957  5.20806 
-2.01062 -2.89027 1.96312  1.96312  1.96312  1.96312  -0.615468  -0.615468  5.01798  5.01798  5.01798  5.01798  1.91334  1.91334  1.89037  1.91584  4.99706  4.99827  5.04324  5.05379 
-1.88496 -2.89027 1.79498  1.79498  1.79498  1.79498  -0.54541  -0.54541  4.84984  4.84984  4.84984  4.84984  1.98339  1.98339  1.957  1.98663  4.82725  4.8282  4.87708  4.88999 
-1.75929 -2.89027 1.61983  1.61983  1.61983  1.61983  -0.472429  -0.472429  4.67468  4.67468  4.67468  4.67468  2.05638  2.05638  2.02623  2.06032  4.65062  4.65127  4.70374  4.71932 
-1.63363 -2.89027 1.44042  1.44042  1.44042  1.44042  -0.397674  -0.397674  4.49527  4.49527  4.49527  4.49527  2.13113  2.13113  2.09688  2.13574  4.46995  4.47028  4.52596  4.54456 
-1.50796 -2.89027 1.25958  1.25958  1.25958  1.25958  -0.322326  -0.322326  4.31444  4.31444  4.31444  4.31444  2.20648  2.20648  2.16773  2.21169  4.28808  4.28808  4.34655  4.36858 
-1.3823 -2.89027 1.08017  1.08017  1.08017  1.08017  -0.247571  -0.247571  4.13503  4.13503  4.13503  4.13503  2.28123  2.28123  2.23753  2.28693  4.1076  4.10788  4.16834  4.19428 
-1.25664 -2.89027 0.905016  0.905016  0.905016  0.905016  -0.17459  -0.17459  3.95987  3.95987  3.95987  3.95987  2.35422  2.35422  2.30503  2.36021  3.93173  3.9322  3.99418  4.02455 
-1.13097 -2.89027 0.736878  0.736878  0.736878  0.736878  -0.104532  -0.104532  3.79173  3.79173  3.79173  3.79173  2.42427  2.42427  2.36899  2.43023  3.76337  3.76383  3.82684  3.86222 
-1.00531 -2.89027 0.578409  0.578409  0.578409  0.578409  -0.0385039  -0.0385039  3.63326  3.63326  3.63326  3.63326  2.4903  2.4903  2.42817  2.49566  3.60533  3.60545  3.66902  3.71003 
-0.879646 -2.89027 0.432109  0.432109  0.432109  0.432109  0.0224544  0.0224544  3.48696  3.48696  3.48696  3.48696  2.55126  2.55126  2.48146  2.55508  3.45958  3.46039  3.52333  3.57054 
-0.753982 -2.89027 0.300285  0.300285  0.300285  0.300285  0.0773812  0.0773812  3.35514  3.35514  3.35514  3.35514  2.60619  2.60619  2.52783  2.60689  3.32859  3.3312  3.39236  3.44606 
-0.628319 -2.89027 0.185016  0.185016  0.185016  0.185016  0.12541  0.12541  3.23987  3.23987  3.23987  3.23987  2.65422  2.65422  2.56656  2.64919  3.21458  3.22024  3.27883  3.33852 
-0.502655 -2.89027 0.0881184  0.0881184  0.0881184  0.0881184  0.165784  0.165784  3.14297  3.14297  3.14297  3.14297  2.69459  2.69459  2.59741  2.6798  3.11938  3.12932  3.18599  3.24918 
-0.376991 -2.89027 0.0111219  0.0111219  0.0111219  0.0111219  0.197866  0.197866  3.06598  3.06598  3.06598  3.06598  2.72667  2.72667  2.6209  2.69684  3.04448  3.05856  3.11801  3.17847 
-0.251327 -2.89027 -0.0447598  -0.0447598  -0.0447598  -0.0447598  0.22115  0.22115  3.0101  3.0101  3.0101  3.0101  2.74995  2.74995  2.63853  2.70053  2.99096  3.00652  3.07801  3.12574 
-0.125664 -2.89027 -0.0786452  -0.0786452  -0.0786452  -0.0786452  0.235269  0.235269  2.97621  2.97621  2.97621  2.97621  2.76407  2.76407  2.65242  2.69462  2.95939  2.97305  3.06383  3.08968 
0 -2.89027 -0.09  -0.09  -0.09  -0.09  0.24  0.24  2.96486  2.96486  2.96486  2.96486  2.7688  2.7688  2.66429  2.68434  2.94982  2.95958  3.06937  3.06963 
0.125664 -2.89027 -0.0786452  -0.0786452  -0.0786452  -0.0786452  0.235269  0.235269  2.97621  2.97621  2.97621  2.97621  2.76407  2.76407  2.67277  2.67395  2.96177  2.96747  3.06576  3.09126 
0.251327 -2.89027 -0.0447598  -0.0447598  -0.0447598  -0.0447598  0.22115  0.22115  3.0101  3.0101  3.0101  3.0101  2.74995  2.74995  2.65976  2.6784  2.99448  2.99742  3.08235  3.12789 
0.376991 -2.89027 0.0111219  0.0111219  0.0111219  0.0111219  0.197866  0.197866  3.06598  3.06598  3.06598  3.06598  2.72667  2.72667  2.64313  2.67311  3.04737  3.04951  3.12337  3.18076 
0.502655 -2.89027 0.0881184  0.0881184  0.0881184  0.0881184  0.165784  0.165784  3.14297  3.14297  3.14297  3.14297  2.69459  2.69459  2.6204  2.65507  3.1205  3.12323  3.19039  3.25148 
0.628319 -2.89027 0.185016  0.185016  0.185016  0.185016  0.12541  0.12541  3.23987  3.23987  3.23987  3.23987  2.65422  2.65422  2.58995  2.62422  3.21393  3.21751  3.2815  3.3408 
0.753982 -2.89027 0.300285  0.300285  0.300285  0.300285  0.0773812  0.0773812  3.35514  3.35514  3.35514  3.35514  2.60619  2.60619  2.55126  2.58219  3.32678  3.33082  3.39352  3.44837 
0.879646 -2.89027 0.432109  0.432109  0.432109  0.432109  0.0224544  0.0224544  3.48696  3.48696  3.48696  3.48696  2.55126  2.55126  2.50462  2.53095  3.45724  3.46129  3.52338  3.57289 
1.00531 -2.89027 0.578409  0.578409  0.578409  0.578409  -0.0385039  -0.0385039  3.63326  3.63326  3.63326  3.63326  2.4903  2.4903  2.45084  2.47229  3.60305  3.60677  3.66832  3.71241 
1.13097 -2.89027 0.736878  0.736878  0.736878  0.736878  -0.104532  -0.104532  3.79173  3.79173  3.79173  3.79173  2.42427  2.42427  2.39097  2.40773  3.76167  3.76486  3.82564  3.86461 
1.25664 -2.89027 0.905016  0.905016  0.905016  0.905016  -0.17459  -0.17459  3.95987  3.95987  3.95987  3.95987  2.35422  2.35422  2.32619  2.33868  3.93045  3.93301  3.99266  4.02692 
1.3823 -2.89027 1.08017  1.08017  1.08017  1.08017  -0.247571  -0.247571  4.13503  4.13503  4.13503  4.13503  2.28123  2.28123  2.25774  2.26646  4.10661  4.10853  4.16662  4.19661 
1.50796 -2.89027 1.25958  1.25958  1.25958  1.25958  -0.322326  -0.322326  4.31444  4.31444  4.31444  4.31444  2.20648  2.20648  2.18688  2.19235  4.28732  4.2886  4.34472  4.37084 
1.63363 -2.89027 1.44042  1.44042  1.44042  1.44042  -0.397674  -0.397674  4.49527  4.49527  4.49527  4.49527  2.13113  2.13113  2.11488  2.1176  4.46969  4.47037  4.52409  4.54673 
1.75929 -2.89027 1.61983  1.61983  1.61983  1.61983  -0.472429  -0.472429  4.67468  4.67468  4.67468  4.67468  2.05638  2.05638  2.04301  2.04344  4.65083  4.65095  4.70189  4.72137 
1.88496 -2.89027 1.79498  1.79498  1.79498  1.79498  -0.54541  -0.54541  4.84984  4.84984  4.84984  4.84984  1.98339  1.98339  1.97108  1.97248  4.82752  4.82787  4.87528  4.89192 
2.01062 -2.89027 1.96312  1.96312  1.96312  1.96312  -0.615468  -0.615468  5.01798  5.01798  5.01798  5.01798  1.91334  1.91334  1.90168  1.90449  4.99727  4.99804  5.04151  5.05559 
2.13628 -2.89027 2.12159  2.12159  2.12159  2.12159  -0.681496  -0.681496  5.17645  5.17645  5.17645  5.17645  1.84731  1.84731  1.83634  1.84018  5.15756  5.15867  5.19795  5.20971 
2.26195 -2.89027 2.26789  2.26789  2.26789  2.26789  -0.742454  -0.742454  5.32275  5.32275  5.32275  5.32275  1.78635  1.78635  1.77612  1.7806  5.30586  5.30723  5.34209  5.35179 
2.38761 -2.89027 2.39971  2.39971  2.39971  2.39971  -0.797381  -0.797381  5.45457  5.45457  5.45457  5.45457  1.73142  1.73142  1.72195  1.72673  5.43987  5.44141  5.47167  5.4795 
2.51327 -2.89027 2.51498  2.51498  2.51498  2.51498  -0.84541  -0.84541  5.56984  5.56984  5.56984  5.56984  1.68339  1.68339  1.67471  1.67945  5.55749  5.5591  5.58461  5.59078 
2.63894 -2.89027 2.61188  2.61188  2.61188  2.61188  -0.885784  -0.885784  5.66674  5.66674  5.66674  5.66674  1.64302  1.64302  1.63515  1.63953  5.65688  5.65849  5.67912  5.68382 
2.7646 -2.89027 2.68888  2.68888  2.68888  2.68888  -0.917866  -0.917866  5.74373  5.74373  5.74373  5.74373  1.61094  1.61094  1.60389  1.60761  5.73652  5.73799  5.7537  5.75709 
2.89027 -2.89027 2.74476  2.74476  2.74476  2.74476  -0.94115  -0.94115  5.79962  5.79962  5.79962  5.79962  1.58765  1.58765  1.58144  1.5842  5.79513  5.79636  5.80721  5.80943 
3.01593 -2.89027 2.77865  2.77865  2.77865  2.77865  -0.955269  -0.955269  5.8335  5.8335  5.8335  5.8335  1.57354  1.57354  1.56815  1.56967  5.83172  5.83249  5.83895  5.84009 
-3.14159 -2.7646 2.79  2.79  2.79  2.79  -0.96  -0.96  5.84486  5.84486  5.84486  5.84486  1.5688  1.5688  1.56425  1.56425  5.84486  5.84486  5.84941  5.84941 
-3.01593 -2.7646 2.77865  2.77865  2.77865  2.77865  -0.955269  -0.955269  5.8335  5.8335  5.8335  5.8335  1.57354  1.57354  1.56761  1.57022  5.83203  5.83212  5.8394  5.8397 
-2.89027 -2.7646 2.74476  2.74476  2.74476  2.74476  -0.94115  -0.94115  5.79962  5.79962  5.79962  5.79962  1.58765  1.58765  1.58008  1.58556  5.79549  5.7959  5.80825  5.8085 
-2.7646 -2.7646 2.68888  2.68888  2.68888  2.68888  -0.917866  -0.917866  5.74373  5.74373  5.74373  5.74373  1.61094  1.61094  1.60146  1.61005  5.73677  5.73763  5.75495  5.75596 
-2.63894 -2.7646 2.61188  2.61188  2.61188  2.61188  -0.885784  -0.885784  5.66674  5.66674  5.66674  5.66674  1.64302  1.64302  1.63137  1.64332  5.65704  5.65822  5.68055  5.6825 
-2.51327 -2.7646 2.51498  2.51498  2.51498  2.51498  -0.84541  -0.84541  5.56984  5.56984  5.56984  5.56984  1.68339  1.68339  1.66931  1.68486  5.55755  5.55895  5.58621  5.58927 
-2.38761 -2.7646 2.39971  2.39971  2.39971  2.39971  -0.797381  -0.797381  5.45457  5.45457  5.45457  5.45457  1.73142  1.73142  1.71465  1.73405  5.43985  5.44135  5.47344  5.47779 
-2.26195 -2.7646 2.26789  2.26789  2.26789  2.26789  -0.742454  -0.742454  5.32275  5.32275  5.32275  5.32275  1.78635  1.78635  1.76663  1.7901  5.30576  5.30728  5.34403  5.34988 
-2.13628 -2.7646 2.12159  2.12159  2.12159  2.12159  -0.681496  -0.681496  5.17645  5.17645  5.17645  5.17645  1.84731  1.84731  1.82438  1.85217  5.15738  5.15883  5.20003  5.20761 
-2.01062 -2.7646 1.96312  1.96312  1.96312  1.96312  -0.615468  -0.615468  5.01798  5.01798  5.01798  5.01798  1.91334  1.91334  1.88693  1.91929  4.99702  4.99832  5.04373  5.0533 
-1.88496 -2.7646 1.79498  1.79498  1.79498  1.79498  -0.54541  -0.54541  4.84984  4.84984  4.84984  4.84984  1.98339  1.98339  1.95323  1.9904  4.82718  4.82828  4.87761  4.88945 
-1.75929 -2.7646 1.61983  1.61983  1.61983  1.61983  -0.472429  -0.472429  4.67468  4.67468  4.67468  4.67468  2.05638  2.05638  2.02215  2.0644  4.65053  4.65138  4.7043  4.71873 
-1.63363 -2.7646 1.44042  1.44042  1.44042  1.44042  -0.397674  -0.397674  4.49527  4.49527  4.49527  4.49527  2.13113  2.13113  2.09252  2.14012  4.46984  4.47042  4.52654  4.54393 
-1.50796 -2.7646 1.25958  1.25958  1.25958  1.25958  -0.322326  -0.322326  4.31444  4.31444  4.31444  4.31444  2.20648  2.20648  2.1631  2.21634  4.28794  4.28827  4.34713  4.36792 
-1.3823 -2.7646 1.08017  1.08017  1.08017  1.08017  -0.247571  -0.247571  4.13503  4.13503  4.13503  4.13503  2.28123  2.28123  2.23266  2.29184  4.10771  4.10784  4.16893  4.19358 
-1.25664 -2.7646 0.905016  0.905016  0.905016  0.905016  -0.17459  -0.17459  3.95987  3.95987  3.95987  3.95987  2.35422  2.35422  2.29995  2.36535  3.93199  3.93206  3.99474  4.02382 
-1.13097 -2.7646 0.736878  0.736878  0.736878  0.736878  -0.104532  -0.104532  3.79173  3.79173  3.79173  3.79173  2.42427  2.42427  2.36371  2.43558  3.76357  3.7638  3.82734  3.86147 
-1.00531 -2.7646 0.578409  0.578409  0.578409  0.578409  -0.0385039  -0.0385039  3.63326  3.63326  3.63326  3.63326  2.4903  2.4903  2.42275  2.5012  3.60511  3.60592  3.66942  3.70926 
-0.879646 -2.7646 0.432109  0.432109  0.432109  0.432109  0.0224544  0.0224544  3.48696  3.48696  3.48696  3.48696  2.55126  2.55126  2.47593  2.56077  3.45915  3.4612  3.52357  3.56976 
-0.753982 -2.7646 0.300285  0.300285  0.300285  0.300285  0.0773812  0.0773812  3.35514  3.35514  3.35514  3.35514  2.60619  2.60619  2.52225  2.61268  3.32804  3.33236  3.39234  3.44528 
-0.628319 -2.7646 0.185016  0.185016  0.185016  0.185016  0.12541  0.12541  3.23987  3.23987  3.23987  3.23987  2.65422  2.65422  2.56098  2.655  3.21386  3.22195  3.2784  3.33773 
-0.502655 -2.7646 0.0881184  0.0881184  0.0881184  0.0881184  0.165784  0.165784  3.14297  3.14297  3.14297  3.14297  2.69459  2.69459  2.5919  2.6855  3.11845  3.13181  3.18501  3.2484 
-0.376991 -2.7646 0.0111219  0.0111219  0.0111219  0.0111219  0.197866  0.197866  3.06598  3.06598  3.06598  3.06598  2.72667  2.72667  2.61553  2.70227  3.04329  3.06179  3.11665  3.17772 
-0.251327 -2.7646 -0.0447598  -0.0447598  -0.0447598  -0.0447598  0.22115  0.22115  3.0101  3.0101  3.0101  3.0101  2.74995  2.74995  2.6333  2.70559  2.98946  3.00993  3.07693  3.12508 
-0.125664 -2.7646 -0.0786452  -0.0786452  -0.0786452  -0.0786452  0.235269  0.235269  2.97621  2.97621  2.97621  2.97621  2.76407  2.76407  2.64729  2.6994  2.95753  2.97614  3.0634  3.08923 
0 -2.7646 -0.09  -0.09  -0.09  -0.09  0.24  0.24  2.96486  2.96486  2.96486  2.96486  2.7688  2.7688  2.65911  2.68908  2.9476  2.96222  3.06932  3.06971 
0.125664 -2.7646 -0.0786452  -0.0786452  -0.0786452  -0.0786452  0.235269  0.235269  2.97621  2.97621  2.97621  2.97621  2.76407  2.76407  2.6685  2.67772  2.95927  2.96963  3.06628  3.09159 
0.251327 -2.7646 -0.0447598  -0.0447598  -0.0447598  -0.0447598  0.22115  0.22115  3.0101  3.0101  3.0101  3.0101  2.74995  2.74995  2.66505  2.67252  2.99189  2.99913  3.08342  3.12827 
0.376991 -2.7646 0.0111219  0.0111219  0.0111219  0.0111219  0.197866  0.197866  3.06598  3.06598  3.06598  3.06598  2.72667  2.72667  2.64875  2.66682  3.04501  3.05084  3.1247  3.18112 
0.502655 -2.7646 0.0881184  0.0881184  0.0881184  0.0881184  0.165784  0.165784  3.14297  3.14297  3.14297  3.14297  2.69459  2.69459  2.62628  2.64856  3.11861  3.12423  3.19158  3.25181 
0.628319 -2.7646 0.185016  0.185016  0.185016  0.185016  0.12541  0.12541  3.23987  3.23987  3.23987  3.23987  2.65422  2.65422  2.59596  2.61768  3.21254  3.21826  3.28236  3.34113 
0.753982 -2.7646 0.300285  0.300285  0.300285  0.300285  0.0773812  0.0773812  3.35514  3.35514  3.35514  3.35514  2.60619  2.60619  2.55728  2.57575  3.32577  3.33138  3.39404  3.44871 
0.879646 -2.7646 0.432109  0.432109  0.432109  0.432109  0.0224544  0.0224544  3.48696  3.48696  3.48696  3.48696  2.55126  2.55126  2.51056  2.5247  3.45652  3.46172  3.52363  3.57326 
1.00531 -2.7646 0.578409  0.578409  0.578409  0.578409  -0.0385039  -0.0385039  3.63326  3.63326  3.63326  3.63326  2.4903  2.4903  2.45664  2.46626  3.60251  3.60709  3.66836  3.71281 
1.13097 -2.7646 0.736878  0.736878  0.736878  0.736878  -0.104532  -0.104532  3.79173  3.79173  3.79173  3.79173  2.42427  2.42427  2.39658  2.40195  3.76127  3.76511  3.82554  3.86503 
1.25664 -2.7646 0.905016  0.905016  0.905016  0.905016  -0.17459  -0.17459  3.95987  3.95987  3.95987  3.95987  2.35422  2.35422  2.33158  2.33317  3.93014  3.93321  3.99245  4.02736 
1.3823 -2.7646 1.08017  1.08017  1.08017  1.08017  -0.247571  -0.247571  4.13503  4.13503  4.13503  4.13503  2.28123  2.28123  2.26124  2.26287  4.10637  4.10868  4.16634  4.19706 
1.50796 -2.7646 1.25958  1.25958  1.25958  1.25958  -0.322326  -0.322326  4.31444  4.31444  4.31444  4.31444  2.20648  2.20648  2.18743  2.19173  4.28713  4.28872  4.34439  4.37129 
1.63363 -2.7646 1.44042  1.44042  1.44042  1.44042  -0.397674  -0.397674  4.49527  4.49527  4.49527  4.49527  2.13113  2.13113  2.113  2.11944  4.46954  4.47047  4.52374  4.54717 
1.75929 -2.7646 1.61983  1.61983  1.61983  1.61983  -0.472429  -0.472429  4.67468  4.67468  4.67468  4.67468  2.05638  2.05638  2.03918  2.04724  4.65071  4.65104  4.70153  4.7218 
1.88496 -2.7646 1.79498  1.79498  1.79498  1.79498  -0.54541  -0.54541  4.84984  4.84984  4.84984  4.84984  1.98339  1.98339  1.96716  1.97638  4.82758  4.82778  4.87491  4.89233 
2.01062 -2.7646 1.96312  1.96312  1.96312  1.96312  -0.615468  -0.615468  5.01798  5.01798  5.01798  5.01798  1.91334  1.91334  1.89812  1.90804  4.99732  4.99798  5.04115  5.05598 
2.13628 -2.7646 2.12159  2.12159  2.12159  2.12159  -0.681496  -0.681496  5.17645  5.17645  5.17645  5.17645  1.84731  1.84731  1.83315  1.84336  5.1576  5.15862  5.1976  5.21008 
2.26195 -2.7646 2.26789  2.26789  2.26789  2.26789  -0.742454  -0.742454  5.32275  5.32275  5.32275  5.32275  1.78635  1.78635  1.7733  1.78341  5.30589  5.30721  5.34176  5.35212 
2.38761 -2.7646 2.39971  2.39971  2.39971  2.39971  -0.797381  -0.797381  5.45457  5.45457  5.45457  5.45457  1.73142  1.73142  1.71952  1.72916  5.43988  5.44141  5.47136  5.47981 
2.51327 -2.7646 2.51498  2.51498  2.51498  2.51498  -0.84541  -0.84541  5.56984  5.56984  5.56984  5.56984  1.68339  1.68339  1.67268  1.68149  5.55748  5.55913  5.58432  5.59105 
2.63894 -2.7646 2.61188  2.61188  2.61188  2.61188  -0.885784  -0.885784  5.66674  5.66674  5.66674  5.66674  1.64302  1.64302  1.63351  1.64117  5.65686  5.65853  5.67886  5.68406 
2.7646 -2.7646 2.68888  2.68888  2.68888  2.68888  -0.917866  -0.917866  5.74373  5.74373  5.74373  5.74373  1.61094  1.61094  1.60266  1.60884  5.73648  5.73806  5.75347  5.7573 
2.89027 -2.7646 2.74476  2.74476  2.74476  2.74476  -0.94115  -0.94115  5.79962  5.79962  5.79962  5.79962  1.58765  1.58765  1.58062  1.58502  5.79507  5.79645  5.807  5.80961 
3.01593 -2.7646 2.77865  2.77865  2.77865  2.77865  -0.955269  -0.955269  5.8335  5.8335  5.8335  5.8335  1.57354  1.57354  1.56774  1.57008  5.83165  5.83259  5.83879  5.84022 
-3.14159 -2.63894 2.79  2.79  2.79  2.79  -0.96  -0.96  5.84486  5.84486  5.84486  5.84486  1.5688  1.5688  1.56425  1.56425  5.84486  5.84486  5.84941  5.84941 
-3.01593 -2.63894 2.77865  2.77865  2.77865  2.77865  -0.955269  -0.955269  5.8335  5.8335  5.8335  5.8335  1.57354  1.57354  1.5672  1.57062  5.83195  5.83221  5.83925  5.83984 
-2.89027 -2.63894 2.74476  2.74476  2.74476  2.74476  -0.94115  -0.94115  5.79962  5.79962  5.79962  5.79962  1.58765  1.58765  1.57928  1.58636  5.79557  5.79581  5.8083  5.80845 
-2.7646 -2.63894 2.68888  2.68888  2.68888  2.68888  -0.917866  -0.917866  5.74373  5.74373  5.74373  5.74373  1.61094  1.61094  1.60026  1.61125  5.73683  5.73755  5.7552  5.75572 
-2.63894 -2.63894 2.61188  2.61188  2.61188  2.61188  -0.885784  -0.885784  5.66674  5.66674  5.66674  5.66674  1.64302  1.64302  1.62978  1.64491  5.65708  5.65817  5.68084  5.68221 
-2.51327 -2.63894 2.51498  2.51498  2.51498  2.51498  -0.84541  -0.84541  5.56984  5.56984  5.56984  5.56984  1.68339  1.68339  1.66734  1.68683  5.55757  5.55891  5.58655  5.58894 
-2.38761 -2.63894 2.39971  2.39971  2.39971  2.39971  -0.797381  -0.797381  5.45457  5.45457  5.45457  5.45457  1.73142  1.73142  1.71231  1.73639  5.43985  5.44133  5.47383  5.47742 
-2.26195 -2.63894 2.26789  2.26789  2.26789  2.26789  -0.742454  -0.742454  5.32275  5.32275  5.32275  5.32275  1.78635  1.78635  1.76393  1.7928  5.30575  5.30728  5.34446  5.34946 
-2.13628 -2.63894 2.12159  2.12159  2.12159  2.12159  -0.681496  -0.681496  5.17645  5.17645  5.17645  5.17645  1.84731  1.84731  1.82133  1.85522  5.15735  5.15885  5.20051  5.20714 
-2.01062 -2.63894 1.96312  1.96312  1.96312  1.96312  -0.615468  -0.615468  5.01798  5.01798  5.01798  5.01798  1.91334  1.91334  1.88355  1.92267  4.99697  4.99836  5.04425  5.05278 
-1.88496 -2.63894 1.79498  1.79498  1.79498  1.79498  -0.54541  -0.54541  4.84984  4.84984  4.84984  4.84984  1.98339  1.98339  1.94954  1.9941  4.82711  4.82835  4.87817  4.88888 
-1.75929 -2.63894 1.61983  1.61983  1.61983  1.61983  -0.472429  -0.472429  4.67468  4.67468  4.67468  4.67468  2.05638  2.05638  2.01816  2.0684  4.65044  4.65148  4.70489  4.71812 
-1.63363 -2.63894 1.44042  1.44042  1.44042  1.44042  -0.397674  -0.397674  4.49527  4.49527  4.49527  4.49527  2.13113  2.13113  2.08825  2.1444  4.46973  4.47056  4.52715  4.54327 
-1.50796 -2.63894 1.25958  1.25958  1.25958  1.25958  -0.322326  -0.322326  4.31444  4.31444  4.31444  4.31444  2.20648  2.20648  2.15858  2.22089  4.28781  4.28845  4.34777  4.36721 
-1.3823 -2.63894 1.08017  1.08017  1.08017  1.08017  -0.247571  -0.247571  4.13503  4.13503  4.13503  4.13503  2.28123  2.28123  2.22791  2.29663  4.10754  4.10808  4.16957  4.19284 
-1.25664 -2.63894 0.905016  0.905016  0.905016  0.905016  -0.17459  -0.17459  3.95987  3.95987  3.95987  3.95987  2.35422  2.35422  2.29498  2.37036  3.93178  3.93238  3.99537  4.02305 
-1.13097 -2.63894 0.736878  0.736878  0.736878  0.736878  -0.104532  -0.104532  3.79173  3.79173  3.79173  3.79173  2.42427  2.42427  2.35857  2.44078  3.7633  3.76423  3.82793  3.86067 
-1.00531 -2.63894 0.578409  0.578409  0.578409  0.578409  -0.0385039  -0.0385039  3.63326  3.63326  3.63326  3.63326  2.4903  2.4903  2.41747  2.50656  3.60477  3.60649  3.66993  3.70843 
-0.879646 -2.63894 0.432109  0.432109  0.432109  0.432109  0.0224544  0.0224544  3.48696  3.48696  3.48696  3.48696  2.55126  2.55126  2.47055  2.56626  3.45873  3.462  3.52393  3.56891 
-0.753982 -2.63894 0.300285  0.300285  0.300285  0.300285  0.0773812  0.0773812  3.35514  3.35514  3.35514  3.35514  2.60619  2.60619  2.51681  2.61825  3.32749  3.33352  3.39245  3.44442 
-0.628319 -2.63894 0.185016  0.185016  0.185016  0.185016  0.12541  0.12541  3.23987  3.23987  3.23987  3.23987  2.65422  2.65422  2.55555  2.66058  3.21316  3.22367  3.27809  3.33686 
-0.502655 -2.63894 0.0881184  0.0881184  0.0881184  0.0881184  0.165784  0.165784  3.14297  3.14297  3.14297  3.14297  2.69459  2.69459  2.58653  2.69096  3.11755  3.13437  3.18411  3.24755 
-0.376991 -2.63894 0.0111219  0.0111219  0.0111219  0.0111219  0.197866  0.197866  3.06598  3.06598  3.06598  3.06598  2.72667  2.72667  2.61026  2.70746  3.04214  3.06519  3.11529  3.17691 
-0.251327 -2.63894 -0.0447598  -0.0447598  -0.0447598  -0.0447598  0.22115  0.22115  3.0101  3.0101  3.0101  3.0101  2.74995  2.74995  2.62816  2.71042  2.988  3.01348  3.07585  3.12438 
-0.125664 -2.63894 -0.0786452  -0.0786452  -0.0786452  -0.0786452  0.235269  0.235269  2.97621  2.97621  2.97621  2.97621  2.76407  2.76407  2.6422  2.70398  2.95575  2.97931  3.06299  3.08877 
0 -2.63894 -0.09  -0.09  -0.09  -0.09  0.24  0.24  2.96486  2.96486  2.96486  2.96486  2.7688  2.7688  2.65392  2.69366  2.94549  2.9649  3.06927  3.06979 
0.125664 -2.63894 -0.0786452  -0.0786452  -0.0786452  -0.0786452  0.235269  0.235269  2.97621  2.97621  2.97621  2.97621  2.76407  2.76407  2.663  2.68256  2.95691  2.97184  3.0668  3.09188 
0.251327 -2.63894 -0.0447598  -0.0447598  -0.0447598  -0.0447598  0.22115  0.22115  3.0101  3.0101  3.0101  3.0101  2.74995  2.74995  2.66657  2.67029  2.98948  3.00089  3.08449  3.12858 
0.376991 -2.63894 0.0111219  0.0111219  0.0111219  0.0111219  0.197866  0.197866  3.06598  3.06598  3.06598  3.06598  2.72667  2.72667  2.65437  2.66046  3.04283  3.05219  3.12603  3.18138 
0.502655 -2.63894 0.0881184  0.0881184  0.0881184  0.0881184  0.165784  0.165784  3.14297  3.14297  3.14297  3.14297  2.69459  2.69459  2.63216  2.64198  3.11685  3.12525  3.1928  3.25203 
0.628319 -2.63894 0.185016  0.185016  0.185016  0.185016  0.12541  0.12541  3.23987  3.23987  3.23987  3.23987  2.65422  2.65422  2.60198  2.61108  3.21123  3.21902  3.28327  3.34134 
0.753982 -2.63894 0.300285  0.300285  0.300285  0.300285  0.0773812  0.0773812  3.35514  3.35514  3.35514  3.35514  2.60619  2.60619  2.56332  2.56927  3.32482  3.33195  3.39463  3.44895 
0.879646 -2.63894 0.432109  0.432109  0.432109  0.432109  0.0224544  0.0224544  3.48696  3.48696  3.48696  3.48696  2.55126  2.55126  2.51653  2.51841  3.45582  3.46214  3.52396  3.57353 
1.00531 -2.63894 0.578409  0.578409  0.578409  0.578409  -0.0385039  -0.0385039  3.63326  3.63326  3.63326  3.63326  2.4903  2.4903  2.4602  2.46246  3.602  3.60741  3.66848  3.71312 
1.13097 -2.63894 0.736878  0.736878  0.736878  0.736878  -0.104532  -0.104532  3.79173  3.79173  3.79173  3.79173  2.42427  2.42427  2.39616  2.4022  3.76088  3.76535  3.82551  3.86538 
1.25664 -2.63894 0.905016  0.905016  0.905016  0.905016  -0.17459  -0.17459  3.95987  3.95987  3.95987  3.95987  2.35422  2.35422  2.32766  2.33696  3.92984  3.9334  3.99231  4.02774 
1.3823 -2.63894 1.08017  1.08017  1.08017  1.08017  -0.247571  -0.247571  4.13503  4.13503  4.13503  4.13503  2.28123  2.28123  2.25602  2.268  4.10614  4.10883  4.16613  4.19745 
1.50796 -2.63894 1.25958  1.25958  1.25958  1.25958  -0.322326  -0.322326  4.31444  4.31444  4.31444  4.31444  2.20648  2.20648  2.18252  2.19658  4.28695  4.28884  4.34413  4.37169 
1.63363 -2.63894 1.44042  1.44042  1.44042  1.44042  -0.397674  -0.397674  4.49527  4.49527  4.49527  4.49527  2.13113  2.13113  2.10841  2.12397  4.46939  4.47057  4.52344  4.54757 
1.75929 -2.63894 1.61983  1.61983  1.61983  1.61983  -0.472429  -0.472429  4.67468  4.67468  4.67468  4.67468  2.05638  2.05638  2.03493  2.05146  4.65059  4.65112  4.7012  4.72219 
1.88496 -2.63894 1.79498  1.79498  1.79498  1.79498  -0.54541  -0.54541  4.84984  4.84984  4.84984  4.84984  1.98339  1.98339  1.96326  1.98026  4.82765  4.82769  4.87459  4.89271 
2.01062 -2.63894 1.96312  1.96312  1.96312  1.96312  -0.615468  -0.615468  5.01798  5.01798  5.01798  5.01798  1.91334  1.91334  1.89457  1.91157  4.99738  4.99791  5.04082  5.05634 
2.13628 -2.63894 2.12159  2.12159  2.12159  2.12159  -0.681496  -0.681496  5.17645  5.17645  5.17645  5.17645  1.84731  1.84731  1.82997  1.84652  5.15764  5.15857  5.19728  5.21042 
2.26195 -2.63894 2.26789  2.26789  2.26789  2.26789  -0.742454  -0.742454  5.32275  5.32275  5.32275  5.32275  1.78635  1.78635  1.7705  1.7862  5.30592  5.30718  5.34146  5.35244 
2.38761 -2.63894 2.39971  2.39971  2.39971  2.39971  -0.797381  -0.797381  5.45457  5.45457  5.45457  5.45457  1.73142  1.73142  1.71711  1.73156  5.43989  5.4414  5.47107  5.48009 
2.51327 -2.63894 2.51498  2.51498  2.51498  2.51498  -0.84541  -0.84541  5.56984  5.56984  5.56984  5.56984  1.68339  1.68339  1.67066  1.6835  5.55748  5.55914  5.58405  5.59131 
2.63894 -2.63894 2.61188  2.61188  2.61188  2.61188  -0.885784  -0.885784  5.66674  5.66674  5.66674  5.66674  1.64302  1.64302  1.63189  1.64279  5.65684  5.65857  5.6786  5.68429 
2.7646 -2.63894 2.68888  2.68888  2.68888  2.68888  -0.917866  -0.917866  5.74373  5.74373  5.74373  5.74373  1.61094  1.61094  1.60144  1.61006  5.73644  5.73813  5.75324  5.7575 
2.89027 -2.63894 2.74476  2.74476  2.74476  2.74476  -0.94115  -0.94115  5.79962  5.79962  5.79962  5.79962  1.58765  1.58765  1.5798  1.58583  5.79502  5.79655  5.8068  5.80977 
3.01593 -2.63894 2.77865  2.77865  2.77865  2.77865  -0.955269  -0.955269  5.8335  5.8335  5.8335  5.8335  1.57354  1.57354  1.56734  1.57049  5.83158  5.83269  5.83863  5.84034 
-3.14159 -2.51327 2.79  2.79  2.79  2.79  -0.96  -0.96  5.84486  5.84486  5.84486  5.84486  1.5688  1.5688  1.56425  1.56425  5.84486  5.84486  5.84941  5.84941 
-3.01593 -2.51327 2.77865  2.77865  2.77865  2.77865  -0.955269  -0.955269  5.8335  5.8335  5.8335  5.8335  1.57354  1.57354  1.56681  1.57102  5.83187  5.83231  5.8391  5.83998 
-2.89027 -2.51327 2.74476  2.74476  2.74476  2.74476  -0.94115  -0.94115  5.79962  5.79962  5.79962  5.79962  1.58765  1.58765  1.57849  1.58715  5.79565  5.79573  5.8081  5.80865 
-2.7646 -2.51327 2.68888  2.68888  2.68888  2.68888  -0.917866  -0.917866  5.74373  5.74373  5.74373  5.74373  1.61094  1.61094  1.59908  1.61243  5.7369  5.73748  5.75545  5.75548 
-2.63894 -2.51327 2.61188  2.61188  2.61188  2.61188  -0.885784  -0.885784  5.66674  5.66674  5.66674  5.66674  1.64302  1.64302  1.62822  1.64647  5.65713  5.65811  5.68114  5.68193 
-2.51327 -2.51327 2.51498  2.51498  2.51498  2.51498  -0.84541  -0.84541  5.56984  5.56984  5.56984  5.56984  1.68339  1.68339  1.66541  1.68876  5.5576  5.55887  5.5869  5.58861 
-2.38761 -2.51327 2.39971  2.39971  2.39971  2.39971  -0.797381  -0.797381  5.45457  5.45457  5.45457  5.45457  1.73142  1.73142  1.71001  1.73868  5.43986  5.44131  5.47423  5.47704 
-2.26195 -2.51327 2.26789  2.26789  2.26789  2.26789  -0.742454  -0.742454  5.32275  5.32275  5.32275  5.32275  1.78635  1.78635  1.76129  1.79545  5.30573  5.30728  5.34491  5.34903 
-2.13628 -2.51327 2.12159  2.12159  2.12159  2.12159  -0.681496  -0.681496  5.17645  5.17645  5.17645  5.17645  1.84731  1.84731  1.81835  1.8582  5.15732  5.15887  5.201  5.20667 
-2.01062 -2.51327 1.96312  1.96312  1.96312  1.96312  -0.615468  -0.615468  5.01798  5.01798  5.01798  5.01798  1.91334  1.91334  1.88025  1.92597  4.99692  4.9984  5.04479  5.05225 
-1.88496 -2.51327 1.79498  1.79498  1.79498  1.79498  -0.54541  -0.54541  4.84984  4.84984  4.84984  4.84984  1.98339  1.98339  1.94593  1.99771  4.82705  4.82841  4.87875  4.8883 
-1.75929 -2.51327 1.61983  1.61983  1.61983  1.61983  -0.472429  -0.472429  4.67468  4.67468  4.67468  4.67468  2.05638  2.05638  2.01427  2.0723  4.65036  4.65158  4.70551  4.71748 
-1.63363 -2.51327 1.44042  1.44042  1.44042  1.44042  -0.397674  -0.397674  4.49527  4.49527  4.49527  4.49527  2.13113  2.13113  2.08409  2.14857  4.46962  4.47069  4.52781  4.54259 
-1.50796 -2.51327 1.25958  1.25958  1.25958  1.25958  -0.322326  -0.322326  4.31444  4.31444  4.31444  4.31444  2.20648  2.20648  2.15417  2.22531  4.28767  4.28863  4.34845  4.36648 
-1.3823 -2.51327 1.08017  1.08017  1.08017  1.08017  -0.247571  -0.247571  4.13503  4.13503  4.13503  4.13503  2.28123  2.28123  2.22328  2.30127  4.10737  4.10832  4.17026  4.19206 
-1.25664 -2.51327 0.905016  0.905016  0.905016  0.905016  -0.17459  -0.17459  3.95987  3.95987  3.95987  3.95987  2.35422  2.35422  2.29016  2.37521  3.93157  3.93269  3.99606  4.02223 
-1.13097 -2.51327 0.736878  0.736878  0.736878  0.736878  -0.104532  -0.104532  3.79173  3.79173  3.79173  3.79173  2.42427  2.42427  2.35359  2.44581  3.76303  3.76464  3.8286  3.85981 
-1.00531 -2.51327 0.578409  0.578409  0.578409  0.578409  -0.0385039  -0.0385039  3.63326  3.63326  3.63326  3.63326  2.4903  2.4903  2.41235  2.51174  3.60444  3.60706  3.67053  3.70755 
-0.879646 -2.51327 0.432109  0.432109  0.432109  0.432109  0.0224544  0.0224544  3.48696  3.48696  3.48696  3.48696  2.55126  2.55126  2.46534  2.57155  3.4583  3.46279  3.5244  3.568 
-0.753982 -2.51327 0.300285  0.300285  0.300285  0.300285  0.0773812  0.0773812  3.35514  3.35514  3.35514  3.35514  2.60619  2.60619  2.51155  2.62359  3.32695  3.33466  3.39269  3.44349 
-0.628319 -2.51327 0.185016  0.185016  0.185016  0.185016  0.12541  0.12541  3.23987  3.23987  3.23987  3.23987  2.65422  2.65422  2.55029  2.6659  3.21247  3.22539  3.27793  3.33593 
-0.502655 -2.51327 0.0881184  0.0881184  0.0881184  0.0881184  0.165784  0.165784  3.14297  3.14297  3.14297  3.14297  2.69459  2.69459  2.58132  2.69615  3.11667  3.13699  3.18331  3.24663 
-0.376991 -2.51327 0.0111219  0.0111219  0.0111219  0.0111219  0.197866  0.197866  3.06598  3.06598  3.06598  3.06598  2.72667  2.72667  2.60514  2.71237  3.04102  3.06875  3.11393  3.17604 
-0.251327 -2.51327 -0.0447598  -0.0447598  -0.0447598  -0.0447598  0.22115  0.22115  3.0101  3.0101  3.0101  3.0101  2.74995  2.74995  2.62312  2.71499  2.9866  3.01716  3.07479  3.12364 
-0.125664 -2.51327 -0.0786452  -0.0786452  -0.0786452  -0.0786452  0.235269  0.235269  2.97621  2.97621  2.97621  2.97621  2.76407  2.76407  2.63716  2.70834  2.95404  2.98254  3.06262  3.08829 
0 -2.51327 -0.09  -0.09  -0.09  -0.09  0.24  0.24  2.96486  2.96486  2.96486  2.96486  2.7688  2.7688  2.64873  2.69809  2.94348  2.96763  3.06922  3.06988 
0.125664 -2.51327 -0.0786452  -0.0786452  -0.0786452  -0.0786452  0.235269  0.235269  2.97621  2.97621  2.97621  2.97621  2.76407  2.76407  2.65747  2.6873  2.9547  2.97408  3.06732  3.09212 
0.251327 -2.51327 -0.0447598  -0.0447598  -0.0447598  -0.0447598  0.22115  0.22115  3.0101  3.0101  3.0101  3.0101  2.74995  2.74995  2.66057  2.67545  2.98724  3.00268  3.08555  3.12881 
0.376991 -2.51327 0.0111219  0.0111219  0.0111219  0.0111219  0.197866  0.197866  3.06598  3.06598  3.06598  3.06598  2.72667  2.72667  2.65404  2.65995  3.04081  3.05356  3.12735  3.18154 
0.502655 -2.51327 0.0881184  0.0881184  0.0881184  0.0881184  0.165784  0.165784  3.14297  3.14297  3.14297  3.14297  2.69459  2.69459  2.63535  2.63804  3.11523  3.12628  3.19404  3.25213 
0.628319 -2.51327 0.185016  0.185016  0.185016  0.185016  0.12541  0.12541  3.23987  3.23987  3.23987  3.23987  2.65422  2.65422  2.60445  2.60801  3.21  3.21978  3.28424  3.34144 
0.753982 -2.51327 0.300285  0.300285  0.300285  0.300285  0.0773812  0.0773812  3.35514  3.35514  3.35514  3.35514  2.60619  2.60619  2.56277  2.56936  3.32392  3.33251  3.3953  3.44908 
0.879646 -2.51327 0.432109  0.432109  0.432109  0.432109  0.0224544  0.0224544  3.48696  3.48696  3.48696  3.48696  2.55126  2.55126  2.51211  2.52248  3.45516  3.46255  3.52436  3.57371 
1.00531 -2.51327 0.578409  0.578409  0.578409  0.578409  -0.0385039  -0.0385039  3.63326  3.63326  3.63326  3.63326  2.4903  2.4903  2.45415  2.46826  3.60151  3.60772  3.66868  3.71334 
1.13097 -2.51327 0.736878  0.736878  0.736878  0.736878  -0.104532  -0.104532  3.79173  3.79173  3.79173  3.79173  2.42427  2.42427  2.39037  2.40781  3.76051  3.76559  3.82555  3.86565 
1.25664 -2.51327 0.905016  0.905016  0.905016  0.905016  -0.17459  -0.17459  3.95987  3.95987  3.95987  3.95987  2.35422  2.35422  2.32216  2.34233  3.92955  3.93358  3.99224  4.02804 
1.3823 -2.51327 1.08017  1.08017  1.08017  1.08017  -0.247571  -0.247571  4.13503  4.13503  4.13503  4.13503  2.28123  2.28123  2.25083  2.2731  4.10591  4.10898  4.16598  4.19778 
1.50796 -2.51327 1.25958  1.25958  1.25958  1.25958  -0.322326  -0.322326  4.31444  4.31444  4.31444  4.31444  2.20648  2.20648  2.17764  2.20139  4.28677  4.28896  4.34391  4.37203 
1.63363 -2.51327 1.44042  1.44042  1.44042  1.44042  -0.397674  -0.397674  4.49527  4.49527  4.49527  4.49527  2.13113  2.13113  2.10386  2.12848  4.46925  4.47066  4.52319  4.54792 
1.75929 -2.51327 1.61983  1.61983  1.61983  1.61983  -0.472429  -0.472429  4.67468  4.67468  4.67468  4.67468  2.05638  2.05638  2.0307  2.05564  4.65048  4.6512  4.70093  4.72255 
1.88496 -2.51327 1.79498  1.79498  1.79498  1.79498  -0.54541  -0.54541  4.84984  4.84984  4.84984  4.84984  1.98339  1.98339  1.95939  1.9841  4.8276  4.82772  4.87429  4.89306 
2.01062 -2.51327 1.96312  1.96312  1.96312  1.96312  -0.615468  -0.615468  5.01798  5.01798  5.01798  5.01798  1.91334  1.91334  1.89106  1.91506  4.99743  4.99784  5.04053  5.05667 
2.13628 -2.51327 2.12159  2.12159  2.12159  2.12159  -0.681496  -0.681496  5.17645  5.17645  5.17645  5.17645  1.84731  1.84731  1.82683  1.84965  5.15768  5.15852  5.19698  5.21073 
2.26195 -2.51327 2.26789  2.26789  2.26789  2.26789  -0.742454  -0.742454  5.32275  5.32275  5.32275  5.32275  1.78635  1.78635  1.76773  1.78895  5.30595  5.30715  5.34117  5.35273 
2.38761 -2.51327 2.39971  2.39971  2.39971  2.39971  -0.797381  -0.797381  5.45457  5.45457  5.45457  5.45457  1.73142  1.73142  1.71473  1.73394  5.43991  5.44139  5.47079  5.48037 
2.51327 -2.51327 2.51498  2.51498  2.51498  2.51498  -0.84541  -0.84541  5.56984  5.56984  5.56984  5.56984  1.68339  1.68339  1.66867  1.68549  5.55748  5.55916  5.58379  5.59156 
2.63894 -2.51327 2.61188  2.61188  2.61188  2.61188  -0.885784  -0.885784  5.66674  5.66674  5.66674  5.66674  1.64302  1.64302  1.6303  1.64438  5.65683  5.65861  5.67836  5.68451 
2.7646 -2.51327 2.68888  2.68888  2.68888  2.68888  -0.917866  -0.917866  5.74373  5.74373  5.74373  5.74373  1.61094  1.61094  1.60024  1.61126  5.7364  5.7382  5.75301  5.75769 
2.89027 -2.51327 2.74476  2.74476  2.74476  2.74476  -0.94115  -0.94115  5.79962  5.79962  5.79962  5.79962  1.58765  1.58765  1.579  1.58663  5.79496  5.79664  5.80659  5.80994 
3.01593 -2.51327 2.77865  2.77865  2.77865  2.77865  -0.955269  -0.955269  5.8335  5.8335  5.8335  5.8335  1.57354  1.57354  1.56694  1.57089  5.83152  5.8328  5.83847  5.84046 
-3.14159 -2.38761 2.79  2.79  2.79  2.79  -0.96  -0.96  5.84486  5.84486  5.84486  5.84486  1.5688  1.5688  1.56425  1.56425  5.84486  5.84486  5.84941  5.84941 
-3.01593 -2.38761 2.77865  2.77865  2.77865  2.77865  -0.955269  -0.955269  5.8335  5.8335  5.8335  5.8335  1.57354  1.57354  1.56642  1.57141  5.83179  5.8324  5.83894  5.84011 
-2.89027 -2.38761 2.74476  2.74476  2.74476  2.74476  -0.94115  -0.94115  5.79962  5.79962  5.79962  5.79962  1.58765  1.58765  1.57771  1.58792  5.79565  5.79574  5.8079  5.80885 
-2.7646 -2.38761 2.68888  2.68888  2.68888  2.68888  -0.917866  -0.917866  5.74373  5.74373  5.74373  5.74373  1.61094  1.61094  1.59792  1.61358  5.73696  5.73741  5.75524  5.7557 
-2.63894 -2.38761 2.61188  2.61188  2.61188  2.61188  -0.885784  -0.885784  5.66674  5.66674  5.66674  5.66674  1.64302  1.64302  1.62669  1.64799  5.65717  5.65805  5.68144  5.68164 
-2.51327 -2.38761 2.51498  2.51498  2.51498  2.51498  -0.84541  -0.84541  5.56984  5.56984  5.56984  5.56984  1.68339  1.68339  1.66352  1.69065  5.55762  5.55882  5.58725  5.58828 
-2.38761 -2.38761 2.39971  2.39971  2.39971  2.39971  -0.797381  -0.797381  5.45457  5.45457  5.45457  5.45457  1.73142  1.73142  1.70778  1.74091  5.43986  5.44129  5.47463  5.47666 
-2.26195 -2.38761 2.26789  2.26789  2.26789  2.26789  -0.742454  -0.742454  5.32275  5.32275  5.32275  5.32275  1.78635  1.78635  1.75871  1.79802  5.30573  5.30727  5.34536  5.3486 
-2.13628 -2.38761 2.12159  2.12159  2.12159  2.12159  -0.681496  -0.681496  5.17645  5.17645  5.17645  5.17645  1.84731  1.84731  1.81545  1.8611  5.15729  5.15888  5.2015  5.20618 
-2.01062 -2.38761 1.96312  1.96312  1.96312  1.96312  -0.615468  -0.615468  5.01798  5.01798  5.01798  5.01798  1.91334  1.91334  1.87704  1.92918  4.99688  4.99844  5.04534  5.05171 
-1.88496 -2.38761 1.79498  1.79498  1.79498  1.79498  -0.54541  -0.54541  4.84984  4.84984  4.84984  4.84984  1.98339  1.98339  1.94242  2.00121  4.82699  4.82847  4.87935  4.8877 
-1.75929 -2.38761 1.61983  1.61983  1.61983  1.61983  -0.472429  -0.472429  4.67468  4.67468  4.67468  4.67468  2.05638  2.05638  2.01048  2.07608  4.65027  4.65167  4.70616  4.71683 
-1.63363 -2.38761 1.44042  1.44042  1.44042  1.44042  -0.397674  -0.397674  4.49527  4.49527  4.49527  4.49527  2.13113  2.13113  2.08005  2.1526  4.46951  4.47081  4.5285  4.54188 
-1.50796 -2.38761 1.25958  1.25958  1.25958  1.25958  -0.322326  -0.322326  4.31444  4.31444  4.31444  4.31444  2.20648  2.20648  2.1499  2.22958  4.28753  4.2888  4.34918  4.36572 
-1.3823 -2.38761 1.08017  1.08017  1.08017  1.08017  -0.247571  -0.247571  4.13503  4.13503  4.13503  4.13503  2.28123  2.28123  2.2188  2.30576  4.1072  4.10855  4.17102  4.19125 
-1.25664 -2.38761 0.905016  0.905016  0.905016  0.905016  -0.17459  -0.17459  3.95987  3.95987  3.95987  3.95987  2.35422  2.35422  2.2855  2.37988  3.93135  3.93299  3.99682  4.02137 
-1.13097 -2.38761 0.736878  0.736878  0.736878  0.736878  -0.104532  -0.104532  3.79173  3.79173  3.79173  3.79173  2.42427  2.42427  2.34877  2.45064  3.76276  3.76505  3.82935  3.85891 
-1.00531 -2.38761 0.578409  0.578409  0.578409  0.578409  -0.0385039  -0.0385039  3.63326  3.63326  3.63326  3.63326  2.4903  2.4903  2.40741  2.5167  3.6041  3.60761  3.67123  3.70661 
-0.879646 -2.38761 0.432109  0.432109  0.432109  0.432109  0.0224544  0.0224544  3.48696  3.48696  3.48696  3.48696  2.55126  2.55126  2.46031  2.5766  3.45787  3.46356  3.525  3.56703 
-0.753982 -2.38761 0.300285  0.300285  0.300285  0.300285  0.0773812  0.0773812  3.35514  3.35514  3.35514  3.35514  2.60619  2.60619  2.50649  2.62868  3.32641  3.33577  3.39308  3.4425 
-0.628319 -2.38761 0.185016  0.185016  0.185016  0.185016  0.12541  0.12541  3.23987  3.23987  3.23987  3.23987  2.65422  2.65422  2.54522  2.67095  3.21178  3.22708  3.27794  3.33494 
-0.502655 -2.38761 0.0881184  0.0881184  0.0881184  0.0881184  0.165784  0.165784  3.14297  3.14297  3.14297  3.14297  2.69459  2.69459  2.57629  2.70105  3.1158  3.13964  3.18263  3.24565 
-0.376991 -2.38761 0.0111219  0.0111219  0.0111219  0.0111219  0.197866  0.197866  3.06598  3.06598  3.06598  3.06598  2.72667  2.72667  2.60017  2.717  3.03993  3.07245  3.11257  3.17513 
-0.251327 -2.38761 -0.0447598  -0.0447598  -0.0447598  -0.0447598  0.22115  0.22115  3.0101  3.0101  3.0101  3.0101  2.74995  2.74995  2.6182  2.7193  2.98525  3.02093  3.07375  3.12287 
-0.125664 -2.38761 -0.0786452  -0.0786452  -0.0786452  -0.0786452  0.235269  0.235269  2.97621  2.97621  2.97621  2.97621  2.76407  2.76407  2.63221  2.71248  2.9524  2.98581  3.0623  3.0878 
0 -2.38761 -0.09  -0.09  -0.09  -0.09  0.24  0.24  2.96486  2.96486  2.96486  2.96486  2.7688  2.7688  2.64358  2.70233  2.94158  2.97039  3.06917  3.06997 
0.125664 -2.38761 -0.0786452  -0.0786452  -0.0786452  -0.0786452  0.235269  0.235269  2.97621  2.97621  2.97621  2.97621  2.76407  2.76407  2.65194  2.6919  2.95262  2.97636  3.06785  3.09232 
0.251327 -2.38761 -0.0447598  -0.0447598  -0.0447598  -0.0447598  0.22115  0.22115  3.0101  3.0101  3.0101  3.0101  2.74995  2.74995  2.65455  2.68054  2.98517  3.00449  3.0866  3.12894 
0.376991 -2.38761 0.0111219  0.0111219  0.0111219  0.0111219  0.197866  0.197866  3.06598  3.06598  3.06598  3.06598  2.72667  2.72667  2.64762  2.66548  3.03896  3.05496  3.12866  3.18158 
0.502655 -2.38761 0.0881184  0.0881184  0.0881184  0.0881184  0.165784  0.165784  3.14297  3.14297  3.14297  3.14297  2.69459  2.69459  2.62872  2.64389  3.11373  3.12732  3.19529  3.25211 
0.628319 -2.38761 0.185016  0.185016  0.185016  0.185016  0.12541  0.12541  3.23987  3.23987  3.23987  3.23987  2.65422  2.65422  2.59782  2.61401  3.20887  3.22054  3.28525  3.34142 
0.753982 -2.38761 0.300285  0.300285  0.300285  0.300285  0.0773812  0.0773812  3.35514  3.35514  3.35514  3.35514  2.60619  2.60619  2.55628  2.57538  3.32309  3.33307  3.39603  3.4491 
0.879646 -2.38761 0.432109  0.432109  0.432109  0.432109  0.0224544  0.0224544  3.48696  3.48696  3.48696  3.48696  2.55126  2.55126  2.50583  2.52842  3.45455  3.46297  3.52484  3.57378 
1.00531 -2.38761 0.578409  0.578409  0.578409  0.578409  -0.0385039  -0.0385039  3.63326  3.63326  3.63326  3.63326  2.4903  2.4903  2.44812  2.47404  3.60105  3.60803  3.66895  3.71348 
1.13097 -2.38761 0.736878  0.736878  0.736878  0.736878  -0.104532  -0.104532  3.79173  3.79173  3.79173  3.79173  2.42427  2.42427  2.38462  2.41337  3.76016  3.76582  3.82567  3.86584 
1.25664 -2.38761 0.905016  0.905016  0.905016  0.905016  -0.17459  -0.17459  3.95987  3.95987  3.95987  3.95987  2.35422  2.35422  2.3167  2.34766  3.92928  3.93376  3.99224  4.02827 
1.3823 -2.38761 1.08017  1.08017  1.08017  1.08017  -0.247571  -0.247571  4.13503  4.13503  4.13503  4.13503  2.28123  2.28123  2.24567  2.27816  4.1057  4.10912  4.16588  4.19805 
1.50796 -2.38761 1.25958  1.25958  1.25958  1.25958  -0.322326  -0.322326  4.31444  4.31444  4.31444  4.31444  2.20648  2.20648  2.1728  2.20616  4.2866  4.28908  4.34375  4.37232 
1.63363 -2.38761 1.44042  1.44042  1.44042  1.44042  -0.397674  -0.397674  4.49527  4.49527  4.49527  4.49527  2.13113  2.13113  2.09935  2.13294  4.46911  4.47076  4.52298  4.54822 
1.75929 -2.38761 1.61983  1.61983  1.61983  1.61983  -0.472429  -0.472429  4.67468  4.67468  4.67468  4.67468  2.05638  2.05638  2.02653  2.05977  4.65036  4.65128  4.70069  4.72286 
1.88496 -2.38761 1.79498  1.79498  1.79498  1.79498  -0.54541  -0.54541  4.84984  4.84984  4.84984  4.84984  1.98339  1.98339  1.95556  1.98789  4.82751  4.82778  4.87404  4.89336 
2.01062 -2.38761 1.96312  1.96312  1.96312  1.96312  -0.615468  -0.615468  5.01798  5.01798  5.01798  5.01798  1.91334  1.91334  1.88759  1.9185  4.99749  4.99776  5.04027  5.05697 
2.13628 -2.38761 2.12159  2.12159  2.12159  2.12159  -0.681496  -0.681496  5.17645  5.17645  5.17645  5.17645  1.84731  1.84731  1.82373  1.85274  5.15772  5.15847  5.19672  5.21102 
2.26195 -2.38761 2.26789  2.26789  2.26789  2.26789  -0.742454  -0.742454  5.32275  5.32275  5.32275  5.32275  1.78635  1.78635  1.76501  1.79167  5.30598  5.30712  5.34091  5.353 
2.38761 -2.38761 2.39971  2.39971  2.39971  2.39971  -0.797381  -0.797381  5.45457  5.45457  5.45457  5.45457  1.73142  1.73142  1.71238  1.73628  5.43993  5.44138  5.47054  5.48062 
2.51327 -2.38761 2.51498  2.51498  2.51498  2.51498  -0.84541  -0.84541  5.56984  5.56984  5.56984  5.56984  1.68339  1.68339  1.66671  1.68745  5.55748  5.55917  5.58355  5.59179 
2.63894 -2.38761 2.61188  2.61188  2.61188  2.61188  -0.885784  -0.885784  5.66674  5.66674  5.66674  5.66674  1.64302  1.64302  1.62872  1.64595  5.65681  5.65865  5.67813  5.68472 
2.7646 -2.38761 2.68888  2.68888  2.68888  2.68888  -0.917866  -0.917866  5.74373  5.74373  5.74373  5.74373  1.61094  1.61094  1.59906  1.61243  5.73637  5.73826  5.7528  5.75788 
2.89027 -2.38761 2.74476  2.74476  2.74476  2.74476  -0.94115  -0.94115  5.79962  5.79962  5.79962  5.79962  1.58765  1.58765  1.57822  1.58742  5.79491  5.79673  5.8064  5.81009 
3.01593 -2.38761 2.77865  2.77865  2.77865  2.77865  -0.955269  -0.955269  5.8335  5.8335  5.8335  5.8335  1.57354  1.57354  1.56654  1.57128  5.83146  5.83291  5.83831  5.84057 
-3.14159 -2.26195 2.79  2.79  2.79  2.79  -0.96  -0.96  5.84486  5.84486  5.84486  5.84486  1.5688  1.5688  1.56425  1.56425  5.84486  5.84486  5.84941  5.84941 
-3.01593 -2.26195 2.77865  2.77865  2.77865  2.77865  -0.955269  -0.955269  5.8335  5.8335  5.8335  5.8335  1.57354  1.57354  1.56604  1.57179  5.83172  5.8325  5.83879  5.84024 
-2.89027 -2.26195 2.74476  2.74476  2.74476  2.74476  -0.94115  -0.94115  5.79962  5.79962  5.79962  5.79962  1.58765  1.58765  1.57696  1.58868  5.79557  5.79583  5.80769  5.80904 
-2.7646 -2.26195 2.68888  2.68888  2.68888  2.68888  -0.917866  -0.917866  5.74373  5.74373  5.74373  5.74373  1.61094  1.61094  1.5968  1.6147  5.73703  5.73734  5.755  5.75595 
-2.63894 -2.26195 2.61188  2.61188  2.61188  2.61188  -0.885784  -0.885784  5.66674  5.66674  5.66674  5.66674  1.64302  1.64302  1.62521  1.64947  5.65722  5.65799  5.68136  5.68174 
-2.51327 -2.26195 2.51498  2.51498  2.51498  2.51498  -0.84541  -0.84541  5.56984  5.56984  5.56984  5.56984  1.68339  1.68339  1.66169  1.69248  5.55765  5.55878  5.5876  5.58795 
-2.38761 -2.26195 2.39971  2.39971  2.39971  2.39971  -0.797381  -0.797381  5.45457  5.45457  5.45457  5.45457  1.73142  1.73142  1.7056  1.74308  5.43988  5.44126  5.47503  5.47628 
-2.26195 -2.26195 2.26789  2.26789  2.26789  2.26789  -0.742454  -0.742454  5.32275  5.32275  5.32275  5.32275  1.78635  1.78635  1.75621  1.80052  5.30572  5.30726  5.34582  5.34816 
-2.13628 -2.26195 2.12159  2.12159  2.12159  2.12159  -0.681496  -0.681496  5.17645  5.17645  5.17645  5.17645  1.84731  1.84731  1.81264  1.86391  5.15727  5.15889  5.20202  5.20568 
-2.01062 -2.26195 1.96312  1.96312  1.96312  1.96312  -0.615468  -0.615468  5.01798  5.01798  5.01798  5.01798  1.91334  1.91334  1.87392  1.93229  4.99683  4.99847  5.04591  5.05116 
-1.88496 -2.26195 1.79498  1.79498  1.79498  1.79498  -0.54541  -0.54541  4.84984  4.84984  4.84984  4.84984  1.98339  1.98339  1.93903  2.0046  4.82692  4.82853  4.87998  4.88709 
-1.75929 -2.26195 1.61983  1.61983  1.61983  1.61983  -0.472429  -0.472429  4.67468  4.67468  4.67468  4.67468  2.05638  2.05638  2.00683  2.07973  4.65019  4.65175  4.70683  4.71616 
-1.63363 -2.26195 1.44042  1.44042  1.44042  1.44042  -0.397674  -0.397674  4.49527  4.49527  4.49527  4.49527  2.13113  2.13113  2.07615  2.1565  4.4694  4.47094  4.52922  4.54115 
-1.50796 -2.26195 1.25958  1.25958  1.25958  1.25958  -0.322326  -0.322326  4.31444  4.31444  4.31444  4.31444  2.20648  2.20648  2.14578  2.23369  4.2874  4.28897  4.34994  4.36493 
-1.3823 -2.26195 1.08017  1.08017  1.08017  1.08017  -0.247571  -0.247571  4.13503  4.13503  4.13503  4.13503  2.28123  2.28123  2.21448  2.31007  4.10703  4.10877  4.17182  4.19041 
-1.25664 -2.26195 0.905016  0.905016  0.905016  0.905016  -0.17459  -0.17459  3.95987  3.95987  3.95987  3.95987  2.35422  2.35422  2.28101  2.38436  3.93114  3.93329  3.99765  4.02047 
-1.13097 -2.26195 0.736878  0.736878  0.736878  0.736878  -0.104532  -0.104532  3.79173  3.79173  3.79173  3.79173  2.42427  2.42427  2.34414  2.45526  3.76249  3.76544  3.83018  3.85796 
-1.00531 -2.26195 0.578409  0.578409  0.578409  0.578409  -0.0385039  -0.0385039  3.63326  3.63326  3.63326  3.63326  2.4903  2.4903  2.40268  2.52143  3.60376  3.60815  3.67203  3.70562 
-0.879646 -2.26195 0.432109  0.432109  0.432109  0.432109  0.0224544  0.0224544  3.48696  3.48696  3.48696  3.48696  2.55126  2.55126  2.4555  2.58139  3.45745  3.4643  3.52572  3.56601 
-0.753982 -2.26195 0.300285  0.300285  0.300285  0.300285  0.0773812  0.0773812  3.35514  3.35514  3.35514  3.35514  2.60619  2.60619  2.50163  2.6335  3.32588  3.33685  3.39363  3.44145 
-0.628319 -2.26195 0.185016  0.185016  0.185016  0.185016  0.12541  0.12541  3.23987  3.23987  3.23987  3.23987  2.65422  2.65422  2.54037  2.67571  3.21111  3.22872  3.27812  3.33388 
-0.502655 -2.26195 0.0881184  0.0881184  0.0881184  0.0881184  0.165784  0.165784  3.14297  3.14297  3.14297  3.14297  2.69459  2.69459  2.57147  2.70565  3.11496  3.14227  3.18211  3.24462 
-0.376991 -2.26195 0.0111219  0.0111219  0.0111219  0.0111219  0.197866  0.197866  3.06598  3.06598  3.06598  3.06598  2.72667  2.72667  2.59539  2.72131  3.03888  3.07629  3.11121  3.17417 
-0.251327 -2.26195 -0.0447598  -0.0447598  -0.0447598  -0.0447598  0.22115  0.22115  3.0101  3.0101  3.0101  3.0101  2.74995  2.74995  2.61343  2.72332  2.98395  3.02477  3.07275  3.12208 
-0.125664 -2.26195 -0.0786452  -0.0786452  -0.0786452  -0.0786452  0.235269  0.235269  2.97621  2.97621  2.97621  2.97621  2.76407  2.76407  2.62736  2.71637  2.95085  2.98908  3.06203  3.0873 
0 -2.26195 -0.09  -0.09  -0.09  -0.09  0.24  0.24  2.96486  2.96486  2.96486  2.96486  2.7688  2.7688  2.6385  2.70639  2.93979  2.97315  3.06913  3.07007 
0.125664 -2.26195 -0.0786452  -0.0786452  -0.0786452  -0.0786452  0.235269  0.235269  2.97621  2.97621  2.97621  2.97621  2.76407  2.76407  2.64644  2.69636  2.95068  2.97866  3.06837  3.09246 
0.251327 -2.26195 -0.0447598  -0.0447598  -0.0447598  -0.0447598  0.22115  0.22115  3.0101  3.0101  3.0101  3.0101  2.74995  2.74995  2.64855  2.68552  2.98326  3.00634  3.08765  3.12898 
0.376991 -2.26195 0.0111219  0.0111219  0.0111219  0.0111219  0.197866  0.197866  3.06598  3.06598  3.06598  3.06598  2.72667  2.72667  2.6412  2.67095  3.03726  3.05637  3.12997  3.18149 
0.502655 -2.26195 0.0881184  0.0881184  0.0881184  0.0881184  0.165784  0.165784  3.14297  3.14297  3.14297  3.14297  2.69459  2.69459  2.62212  2.64969  3.11237  3.12837  3.19657  3.25196 
0.628319 -2.26195 0.185016  0.185016  0.185016  0.185016  0.12541  0.12541  3.23987  3.23987  3.23987  3.23987  2.65422  2.65422  2.59122  2.61997  3.20783  3.22131  3.28631  3.34127 
0.753982 -2.26195 0.300285  0.300285  0.300285  0.300285  0.0773812  0.0773812  3.35514  3.35514  3.35514  3.35514  2.60619  2.60619  2.54983  2.58135  3.32232  3.33363  3.39682  3.449 
0.879646 -2.26195 0.432109  0.432109  0.432109  0.432109  0.0224544  0.0224544  3.48696  3.48696  3.48696  3.48696  2.55126  2.55126  2.4996  2.5343  3.45398  3.46337  3.52538  3.57375 
1.00531 -2.26195 0.578409  0.578409  0.578409  0.578409  -0.0385039  -0.0385039  3.63326  3.63326  3.63326  3.63326  2.4903  2.4903  2.44214  2.47976  3.60062  3.60833  3.6693  3.71352 
1.13097 -2.26195 0.736878  0.736878  0.736878  0.736878  -0.104532  -0.104532  3.79173  3.79173  3.79173  3.79173  2.42427  2.42427  2.37892  2.41888  3.75983  3.76605  3.82585  3.86594 
1.25664 -2.26195 0.905016  0.905016  0.905016  0.905016  -0.17459  -0.17459  3.95987  3.95987  3.95987  3.95987  2.35422  2.35422  2.3113  2.35292  3.92902  3.93394  3.9923  4.02843 
1.3823 -2.26195 1.08017  1.08017  1.08017  1.08017  -0.247571  -0.247571  4.13503  4.13503  4.13503  4.13503  2.28123  2.28123  2.24058  2.28315  4.10549  4.10926  4.16585  4.19825 
1.50796 -2.26195 1.25958  1.25958  1.25958  1.25958  -0.322326  -0.322326  4.31444  4.31444  4.31444  4.31444  2.20648  2.20648  2.16803  2.21085  4.28643  4.28919  4.34365  4.37256 
1.63363 -2.26195 1.44042  1.44042  1.44042  1.44042  -0.397674  -0.397674  4.49527  4.49527  4.49527  4.49527  2.13113  2.13113  2.0949  2.13733  4.46897  4.47085  4.52283  4.54848 
1.75929 -2.26195 1.61983  1.61983  1.61983  1.61983  -0.472429  -0.472429  4.67468  4.67468  4.67468  4.67468  2.05638  2.05638  2.02243  2.06384  4.65025  4.65135  4.7005  4.72312 
1.88496 -2.26195 1.79498  1.79498  1.79498  1.79498  -0.54541  -0.54541  4.84984  4.84984  4.84984  4.84984  1.98339  1.98339  1.9518  1.99162  4.82741  4.82785  4.87383  4.89364 
2.01062 -2.26195 1.96312  1.96312  1.96312  1.96312  -0.615468  -0.615468  5.01798  5.01798  5.01798  5.01798  1.91334  1.91334  1.88419  1.92189  4.99754  4.99769  5.04004  5.05724 
2.13628 -2.26195 2.12159  2.12159  2.12159  2.12159  -0.681496  -0.681496  5.17645  5.17645  5.17645  5.17645  1.84731  1.84731  1.82069  1.85577  5.15777  5.15842  5.19648  5.21128 
2.26195 -2.26195 2.26789  2.26789  2.26789  2.26789  -0.742454  -0.742454  5.32275  5.32275  5.32275  5.32275  1.78635  1.78635  1.76234  1.79433  5.30601  5.30708  5.34067  5.35326 
2.38761 -2.26195 2.39971  2.39971  2.39971  2.39971  -0.797381  -0.797381  5.45457  5.45457  5.45457  5.45457  1.73142  1.73142  1.71008  1.73857  5.43995  5.44136  5.47031  5.48086 
2.51327 -2.26195 2.51498  2.51498  2.51498  2.51498  -0.84541  -0.84541  5.56984  5.56984  5.56984  5.56984  1.68339  1.68339  1.66479  1.68936  5.55749  5.55918  5.58332  5.59201 
2.63894 -2.26195 2.61188  2.61188  2.61188  2.61188  -0.885784  -0.885784  5.66674  5.66674  5.66674  5.66674  1.64302  1.64302  1.62719  1.64748  5.6568  5.65868  5.67792  5.68491 
2.7646 -2.26195 2.68888  2.68888  2.68888  2.68888  -0.917866  -0.917866  5.74373  5.74373  5.74373  5.74373  1.61094  1.61094  1.59791  1.61358  5.73634  5.73833  5.75259  5.75805 
2.89027 -2.26195 2.74476  2.74476  2.74476  2.74476  -0.94115  -0.94115  5.79962  5.79962  5.79962  5.79962  1.58765  1.58765  1.57745  1.58818  5.79487  5.79683  5.8062  5.81024 
3.01593 -2.26195 2.77865  2.77865  2.77865  2.77865  -0.955269  -0.955269  5.8335  5.8335  5.8335  5.8335  1.57354  1.57354  1.56616  1.57166  5.8314  5.83302  5.83814  5.84068 
-3.14159 -2.13628 2.79  2.79  2.79  2.79  -0.96  -0.96  5.84486  5.84486  5.84486  5.84486  1.5688  1.5688  1.56425  1.56425  5.84486  5.84486  5.84941  5.84941 
-3.01593 -2.13628 2.77865  2.77865  2.77865  2.77865  -0.955269  -0.955269  5.8335  5.8335  5.8335  5.8335  1.57354  1.57354  1.56567  1.57215  5.83165  5.83261  5.83863  5.84036 
-2.89027 -2.13628 2.74476  2.74476  2.74476  2.74476  -0.94115  -0.94115  5.79962  5.79962  5.79962  5.79962  1.58765  1.58765  1.57623  1.58941  5.79549  5.79592  5.80749  5.80923 
-2.7646 -2.13628 2.68888  2.68888  2.68888  2.68888  -0.917866  -0.917866  5.74373  5.74373  5.74373  5.74373  1.61094  1.61094  1.59572  1.61578  5.7371  5.73727  5.75475  5.75619 
-2.63894 -2.13628 2.61188  2.61188  2.61188  2.61188  -0.885784  -0.885784  5.66674  5.66674  5.66674  5.66674  1.64302  1.64302  1.62378  1.6509  5.65727  5.65793  5.68107  5.68204 
-2.51327 -2.13628 2.51498  2.51498  2.51498  2.51498  -0.84541  -0.84541  5.56984  5.56984  5.56984  5.56984  1.68339  1.68339  1.65992  1.69425  5.55769  5.55873  5.58761  5.58796 
-2.38761 -2.13628 2.39971  2.39971  2.39971  2.39971  -0.797381  -0.797381  5.45457  5.45457  5.45457  5.45457  1.73142  1.73142  1.70351  1.74518  5.43989  5.44123  5.47544  5.47589 
-2.26195 -2.13628 2.26789  2.26789  2.26789  2.26789  -0.742454  -0.742454  5.32275  5.32275  5.32275  5.32275  1.78635  1.78635  1.75379  1.80292  5.30572  5.30725  5.34628  5.34772 
-2.13628 -2.13628 2.12159  2.12159  2.12159  2.12159  -0.681496  -0.681496  5.17645  5.17645  5.17645  5.17645  1.84731  1.84731  1.80992  1.86661  5.15725  5.1589  5.20254  5.20518 
-2.01062 -2.13628 1.96312  1.96312  1.96312  1.96312  -0.615468  -0.615468  5.01798  5.01798  5.01798  5.01798  1.91334  1.91334  1.87093  1.93528  4.99679  4.9985  5.04649  5.0506 
-1.88496 -2.13628 1.79498  1.79498  1.79498  1.79498  -0.54541  -0.54541  4.84984  4.84984  4.84984  4.84984  1.98339  1.98339  1.93576  2.00785  4.82686  4.82858  4.88062  4.88647 
-1.75929 -2.13628 1.61983  1.61983  1.61983  1.61983  -0.472429  -0.472429  4.67468  4.67468  4.67468  4.67468  2.05638  2.05638  2.00331  2.08323  4.65011  4.65183  4.70753  4.71548 
-1.63363 -2.13628 1.44042  1.44042  1.44042  1.44042  -0.397674  -0.397674  4.49527  4.49527  4.49527  4.49527  2.13113  2.13113  2.0724  2.16022  4.46929  4.47105  4.52998  4.54041 
-1.50796 -2.13628 1.25958  1.25958  1.25958  1.25958  -0.322326  -0.322326  4.31444  4.31444  4.31444  4.31444  2.20648  2.20648  2.14183  2.23762  4.28726  4.28912  4.35075  4.36413 
-1.3823 -2.13628 1.08017  1.08017  1.08017  1.08017  -0.247571  -0.247571  4.13503  4.13503  4.13503  4.13503  2.28123  2.28123  2.21035  2.31418  4.10686  4.10898  4.17267  4.18954 
-1.25664 -2.13628 0.905016  0.905016  0.905016  0.905016  -0.17459  -0.17459  3.95987  3.95987  3.95987  3.95987  2.35422  2.35422  2.27672  2.38862  3.93092  3.93357  3.99854  4.01955 
-1.13097 -2.13628 0.736878  0.736878  0.736878  0.736878  -0.104532  -0.104532  3.79173  3.79173  3.79173  3.79173  2.42427  2.42427  2.33972  2.45965  3.76223  3.76582  3.83108  3.85698 
-1.00531 -2.13628 0.578409  0.578409  0.578409  0.578409  -0.0385039  -0.0385039  3.63326  3.63326  3.63326  3.63326  2.4903  2.4903  2.39816  2.5259  3.60343  3.60865  3.67293  3.70459 
-0.879646 -2.13628 0.432109  0.432109  0.432109  0.432109  0.0224544  0.0224544  3.48696  3.48696  3.48696  3.48696  2.55126  2.55126  2.45091  2.58592  3.45703  3.46501  3.52657  3.56494 
-0.753982 -2.13628 0.300285  0.300285  0.300285  0.300285  0.0773812  0.0773812  3.35514  3.35514  3.35514  3.35514  2.60619  2.60619  2.49701  2.63802  3.32535  3.33786  3.39434  3.44035 
-0.628319 -2.13628 0.185016  0.185016  0.185016  0.185016  0.12541  0.12541  3.23987  3.23987  3.23987  3.23987  2.65422  2.65422  2.53575  2.68015  3.21046  3.23027  3.27852  3.33277 
-0.502655 -2.13628 0.0881184  0.0881184  0.0881184  0.0881184  0.165784  0.165784  3.14297  3.14297  3.14297  3.14297  2.69459  2.69459  2.56687  2.70992  3.11414  3.14483  3.18179  3.24354 
-0.376991 -2.13628 0.0111219  0.0111219  0.0111219  0.0111219  0.197866  0.197866  3.06598  3.06598  3.06598  3.06598  2.72667  2.72667  2.59081  2.72531  3.03786  3.08023  3.10987  3.17317 
-0.251327 -2.13628 -0.0447598  -0.0447598  -0.0447598  -0.0447598  0.22115  0.22115  3.0101  3.0101  3.0101  3.0101  2.74995  2.74995  2.60882  2.72705  2.98271  3.02865  3.0718  3.12126 
-0.125664 -2.13628 -0.0786452  -0.0786452  -0.0786452  -0.0786452  0.235269  0.235269  2.97621  2.97621  2.97621  2.97621  2.76407  2.76407  2.62264  2.72002  2.94937  2.99233  3.06184  3.0868 
0 -2.13628 -0.09  -0.09  -0.09  -0.09  0.24  0.24  2.96486  2.96486  2.96486  2.96486  2.7688  2.7688  2.6335  2.71024  2.93811  2.97591  3.0691  3.07017 
0.125664 -2.13628 -0.0786452  -0.0786452  -0.0786452  -0.0786452  0.235269  0.235269  2.97621  2.97621  2.97621  2.97621  2.76407  2.76407  2.641  2.70066  2.94889  2.98098  3.06891  3.09255 
0.251327 -2.13628 -0.0447598  -0.0447598  -0.0447598  -0.0447598  0.22115  0.22115  3.0101  3.0101  3.0101  3.0101  2.74995  2.74995  2.6426  2.69038  2.98151  3.00821  3.08869  3.12892 
0.376991 -2.13628 0.0111219  0.0111219  0.0111219  0.0111219  0.197866  0.197866  3.06598  3.06598  3.06598  3.06598  2.72667  2.72667  2.63484  2.67632  3.03572  3.05781  3.13128  3.18128 
0.502655 -2.13628 0.0881184  0.0881184  0.0881184  0.0881184  0.165784  0.165784  3.14297  3.14297  3.14297  3.14297  2.69459  2.69459  2.61557  2.65542  3.11112  3.12944  3.19785  3.25168 
0.628319 -2.13628 0.185016  0.185016  0.185016  0.185016  0.12541  0.12541  3.23987  3.23987  3.23987  3.23987  2.65422  2.65422  2.58469  2.62587  3.20689  3.22208  3.2874  3.34099 
0.753982 -2.13628 0.300285  0.300285  0.300285  0.300285  0.0773812  0.0773812  3.35514  3.35514  3.35514  3.35514  2.60619  2.60619  2.54344  2.58726  3.32161  3.33418  3.39766  3.44877 
0.879646 -2.13628 0.432109  0.432109  0.432109  0.432109  0.0224544  0.0224544  3.48696  3.48696  3.48696  3.48696  2.55126  2.55126  2.49344  2.54011  3.45345  3.46378  3.52599  3.5736 
1.00531 -2.13628 0.578409  0.578409  0.578409  0.578409  -0.0385039  -0.0385039  3.63326  3.63326  3.63326  3.63326  2.4903  2.4903  2.43624  2.48541  3.60022  3.60863  3.66971  3.71346 
1.13097 -2.13628 0.736878  0.736878  0.736878  0.736878  -0.104532  -0.104532  3.79173  3.79173  3.79173  3.79173  2.42427  2.42427  2.37331  2.42432  3.75952  3.76627  3.8261  3.86596 
1.25664 -2.13628 0.905016  0.905016  0.905016  0.905016  -0.17459  -0.17459  3.95987  3.95987  3.95987  3.95987  2.35422  2.35422  2.30598  2.3581  3.92878  3.93411  3.99242  4.02851 
1.3823 -2.13628 1.08017  1.08017  1.08017  1.08017  -0.247571  -0.247571  4.13503  4.13503  4.13503  4.13503  2.28123  2.28123  2.23557  2.28805  4.1053  4.10939  4.16587  4.19838 
1.50796 -2.13628 1.25958  1.25958  1.25958  1.25958  -0.322326  -0.322326  4.31444  4.31444  4.31444  4.31444  2.20648  2.20648  2.16334  2.21547  4.28627  4.2893  4.3436  4.37273 
1.63363 -2.13628 1.44042  1.44042  1.44042  1.44042  -0.397674  -0.397674  4.49527  4.49527  4.49527  4.49527  2.13113  2.13113  2.09054  2.14163  4.46884  4.47094  4.52272  4.54868 
1.75929 -2.13628 1.61983  1.61983  1.61983  1.61983  -0.472429  -0.472429  4.67468  4.67468  4.67468  4.67468  2.05638  2.05638  2.0184  2.06782  4.65014  4.65143  4.70036  4.72334 
1.88496 -2.13628 1.79498  1.79498  1.79498  1.79498  -0.54541  -0.54541  4.84984  4.84984  4.84984  4.84984  1.98339  1.98339  1.94812  1.99528  4.82732  4.82791  4.87365  4.89387 
2.01062 -2.13628 1.96312  1.96312  1.96312  1.96312  -0.615468  -0.615468  5.01798  5.01798  5.01798  5.01798  1.91334  1.91334  1.88086  1.9252  4.99759  4.99762  5.03984  5.05748 
2.13628 -2.13628 2.12159  2.12159  2.12159  2.12159  -0.681496  -0.681496  5.17645  5.17645  5.17645  5.17645  1.84731  1.84731  1.81771  1.85872  5.15781  5.15836  5.19628  5.21152 
2.26195 -2.13628 2.26789  2.26789  2.26789  2.26789  -0.742454  -0.742454  5.32275  5.32275  5.32275  5.32275  1.78635  1.78635  1.75972  1.79693  5.30604  5.30704  5.34046  5.35348 
2.38761 -2.13628 2.39971  2.39971  2.39971  2.39971  -0.797381  -0.797381  5.45457  5.45457  5.45457  5.45457  1.73142  1.73142  1.70784  1.7408  5.43997  5.44134  5.4701  5.48107 
2.51327 -2.13628 2.51498  2.51498  2.51498  2.51498  -0.84541  -0.84541  5.56984  5.56984  5.56984  5.56984  1.68339  1.68339  1.66291  1.69123  5.5575  5.55918  5.58312  5.59221 
2.63894 -2.13628 2.61188  2.61188  2.61188  2.61188  -0.885784  -0.885784  5.66674  5.66674  5.66674  5.66674  1.64302  1.64302  1.62569  1.64898  5.6568  5.65871  5.67772  5.6851 
2.7646 -2.13628 2.68888  2.68888  2.68888  2.68888  -0.917866  -0.917866  5.74373  5.74373  5.74373  5.74373  1.61094  1.61094  1.59679  1.6147  5.73632  5.73838  5.7524  5.75821 
2.89027 -2.13628 2.74476  2.74476  2.74476  2.74476  -0.94115  -0.94115  5.79962  5.79962  5.79962  5.79962  1.58765  1.58765  1.57671  1.58893  5.79483  5.79692  5.80602  5.81038 
3.01593 -2.13628 2.77865  2.77865  2.77865  2.77865  -0.955269  -0.955269  5.8335  5.8335  5.8335  5.8335  1.57354  1.57354  1.56579  1.57203  5.83135  5.83314  5.83798  5.84078 
-3.14159 -2.01062 2.79  2.79  2.79  2.79  -0.96  -0.96  5.84486  5.84486  5.84486  5.84486  1.5688  1.5688  1.56425  1.56425  5.84486  5.84486  5.84941  5.84941 
-3.01593 -2.01062 2.77865  2.77865  2.77865  2.77865  -0.955269  -0.955269  5.8335  5.8335  5.8335  5.8335  1.57354  1.57354  1.56532  1.57251  5.83159  5.83272  5.83847  5.84048 
-2.89027 -2.01062 2.74476  2.74476  2.74476  2.74476  -0.94115  -0.94115  5.79962  5.79962  5.79962  5.79962  1.58765  1.58765  1.57553  1.59011  5.79542  5.79601  5.80729  5.80942 
-2.7646 -2.01062 2.68888  2.68888  2.68888  2.68888  -0.917866  -0.917866  5.74373  5.74373  5.74373  5.74373  1.61094  1.61094  1.59467  1.61683  5.73718  5.7372  5.75451  5.75643 
-2.63894 -2.01062 2.61188  2.61188  2.61188  2.61188  -0.885784  -0.885784  5.66674  5.66674  5.66674  5.66674  1.64302  1.64302  1.6224  1.65228  5.65733  5.65787  5.68078  5.68233 
-2.51327 -2.01062 2.51498  2.51498  2.51498  2.51498  -0.84541  -0.84541  5.56984  5.56984  5.56984  5.56984  1.68339  1.68339  1.65821  1.69595  5.55772  5.55869  5.58727  5.58831 
-2.38761 -2.01062 2.39971  2.39971  2.39971  2.39971  -0.797381  -0.797381  5.45457  5.45457  5.45457  5.45457  1.73142  1.73142  1.70149  1.74719  5.43991  5.4412  5.4755  5.47585 
-2.26195 -2.01062 2.26789  2.26789  2.26789  2.26789  -0.742454  -0.742454  5.32275  5.32275  5.32275  5.32275  1.78635  1.78635  1.75148  1.80524  5.30571  5.30723  5.34675  5.34727 
-2.13628 -2.01062 2.12159  2.12159  2.12159  2.12159  -0.681496  -0.681496  5.17645  5.17645  5.17645  5.17645  1.84731  1.84731  1.80732  1.86921  5.15723  5.1589  5.20307  5.20468 
-2.01062 -2.01062 1.96312  1.96312  1.96312  1.96312  -0.615468  -0.615468  5.01798  5.01798  5.01798  5.01798  1.91334  1.91334  1.86805  1.93814  4.99676  4.99852  5.04709  5.05003 
-1.88496 -2.01062 1.79498  1.79498  1.79498  1.79498  -0.54541  -0.54541  4.84984  4.84984  4.84984  4.84984  1.98339  1.98339  1.93264  2.01097  4.8268  4.82863  4.88127  4.88584 
-1.75929 -2.01062 1.61983  1.61983  1.61983  1.61983  -0.472429  -0.472429  4.67468  4.67468  4.67468  4.67468  2.05638  2.05638  1.99995  2.08657  4.65003  4.65191  4.70825  4.71478 
-1.63363 -2.01062 1.44042  1.44042  1.44042  1.44042  -0.397674  -0.397674  4.49527  4.49527  4.49527  4.49527  2.13113  2.13113  2.06883  2.16378  4.46919  4.47116  4.53076  4.53965 
-1.50796 -2.01062 1.25958  1.25958  1.25958  1.25958  -0.322326  -0.322326  4.31444  4.31444  4.31444  4.31444  2.20648  2.20648  2.13806  2.24136  4.28712  4.28927  4.35159  4.3633 
-1.3823 -2.01062 1.08017  1.08017  1.08017  1.08017  -0.247571  -0.247571  4.13503  4.13503  4.13503  4.13503  2.28123  2.28123  2.20641  2.31808  4.10668  4.10918  4.17357  4.18865 
-1.25664 -2.01062 0.905016  0.905016  0.905016  0.905016  -0.17459  -0.17459  3.95987  3.95987  3.95987  3.95987  2.35422  2.35422  2.27264  2.39266  3.93071  3.93383  3.99949  4.01859 
-1.13097 -2.01062 0.736878  0.736878  0.736878  0.736878  -0.104532  -0.104532  3.79173  3.79173  3.79173  3.79173  2.42427  2.42427  2.33553  2.46379  3.76196  3.76617  3.83207  3.85596 
-1.00531 -2.01062 0.578409  0.578409  0.578409  0.578409  -0.0385039  -0.0385039  3.63326  3.63326  3.63326  3.63326  2.4903  2.4903  2.39388  2.53011  3.60309  3.60913  3.67393  3.70351 
-0.879646 -2.01062 0.432109  0.432109  0.432109  0.432109  0.0224544  0.0224544  3.48696  3.48696  3.48696  3.48696  2.55126  2.55126  2.44657  2.59015  3.45662  3.46567  3.52755  3.56382 
-0.753982 -2.01062 0.300285  0.300285  0.300285  0.300285  0.0773812  0.0773812  3.35514  3.35514  3.35514  3.35514  2.60619  2.60619  2.49264  2.64223  3.32484  3.33881  3.39522  3.4392 
-0.628319 -2.01062 0.185016  0.185016  0.185016  0.185016  0.12541  0.12541  3.23987  3.23987  3.23987  3.23987  2.65422  2.65422  2.53138  2.68427  3.20981  3.23171  3.27913  3.33161 
-0.502655 -2.01062 0.0881184  0.0881184  0.0881184  0.0881184  0.165784  0.165784  3.14297  3.14297  3.14297  3.14297  2.69459  2.69459  2.56251  2.71384  3.11334  3.14724  3.18173  3.24241 
-0.376991 -2.01062 0.0111219  0.0111219  0.0111219  0.0111219  0.197866  0.197866  3.06598  3.06598  3.06598  3.06598  2.72667  2.72667  2.58645  2.72898  3.03688  3.08427  3.10854  3.17214 
-0.251327 -2.01062 -0.0447598  -0.0447598  -0.0447598  -0.0447598  0.22115  0.22115  3.0101  3.0101  3.0101  3.0101  2.74995  2.74995  2.60442  2.73048  2.98152  3.03251  3.07095  3.12042 
-0.125664 -2.01062 -0.0786452  -0.0786452  -0.0786452  -0.0786452  0.235269  0.235269  2.97621  2.97621  2.97621  2.97621  2.76407  2.76407  2.61807  2.72342  2.94797  2.99552  3.06173  3.08628 
0 -2.01062 -0.09  -0.09  -0.09  -0.09  0.24  0.24  2.96486  2.96486  2.96486  2.96486  2.7688  2.7688  2.62862  2.71389  2.93653  2.97865  3.06906  3.07028 
0.125664 -2.01062 -0.0786452  -0.0786452  -0.0786452  -0.0786452  0.235269  0.235269  2.97621  2.97621  2.97621  2.97621  2.76407  2.76407  2.63565  2.70479  2.94723  2.98331  3.06944  3.09257 
0.251327 -2.01062 -0.0447598  -0.0447598  -0.0447598  -0.0447598  0.22115  0.22115  3.0101  3.0101  3.0101  3.0101  2.74995  2.74995  2.63672  2.69511  2.97991  3.0101  3.08972  3.12874 
0.376991 -2.01062 0.0111219  0.0111219  0.0111219  0.0111219  0.197866  0.197866  3.06598  3.06598  3.06598  3.06598  2.72667  2.72667  2.62856  2.68159  3.03432  3.05927  3.13258  3.18093 
0.502655 -2.01062 0.0881184  0.0881184  0.0881184  0.0881184  0.165784  0.165784  3.14297  3.14297  3.14297  3.14297  2.69459  2.69459  2.6091  2.66106  3.11  3.13051  3.19916  3.25125 
0.628319 -2.01062 0.185016  0.185016  0.185016  0.185016  0.12541  0.12541  3.23987  3.23987  3.23987  3.23987  2.65422  2.65422  2.57824  2.63168  3.20603  3.22286  3.28853  3.34057 
0.753982 -2.01062 0.300285  0.300285  0.300285  0.300285  0.0773812  0.0773812  3.35514  3.35514  3.35514  3.35514  2.60619  2.60619  2.53715  2.59309  3.32097  3.33474  3.39856  3.44843 
0.879646 -2.01062 0.432109  0.432109  0.432109  0.432109  0.0224544  0.0224544  3.48696  3.48696  3.48696  3.48696  2.55126  2.55126  2.48737  2.54584  3.45297  3.46418  3.52666  3.57335 
1.00531 -2.01062 0.578409  0.578409  0.578409  0.578409  -0.0385039  -0.0385039  3.63326  3.63326  3.63326  3.63326  2.4903  2.4903  2.43045  2.49096  3.59986  3.60892  3.67018  3.7133 
1.13097 -2.01062 0.736878  0.736878  0.736878  0.736878  -0.104532  -0.104532  3.79173  3.79173  3.79173  3.79173  2.42427  2.42427  2.3678  2.42965  3.75924  3.76649  3.82641  3.86589 
1.25664 -2.01062 0.905016  0.905016  0.905016  0.905016  -0.17459  -0.17459  3.95987  3.95987  3.95987  3.95987  2.35422  2.35422  2.30077  2.36318  3.92856  3.93427  3.9926  4.02852 
1.3823 -2.01062 1.08017  1.08017  1.08017  1.08017  -0.247571  -0.247571  4.13503  4.13503  4.13503  4.13503  2.28123  2.28123  2.23067  2.29286  4.10512  4.10952  4.16595  4.19845 
1.50796 -2.01062 1.25958  1.25958  1.25958  1.25958  -0.322326  -0.322326  4.31444  4.31444  4.31444  4.31444  2.20648  2.20648  2.15875  2.21998  4.28612  4.2894  4.3436  4.37284 
1.63363 -2.01062 1.44042  1.44042  1.44042  1.44042  -0.397674  -0.397674  4.49527  4.49527  4.49527  4.49527  2.13113  2.13113  2.08628  2.14584  4.46872  4.47102  4.52267  4.54883 
1.75929 -2.01062 1.61983  1.61983  1.61983  1.61983  -0.472429  -0.472429  4.67468  4.67468  4.67468  4.67468  2.05638  2.05638  2.01447  2.07171  4.65003  4.6515  4.70025  4.72352 
1.88496 -2.01062 1.79498  1.79498  1.79498  1.79498  -0.54541  -0.54541  4.84984  4.84984  4.84984  4.84984  1.98339  1.98339  1.94453  1.99883  4.82723  4.82797  4.87352  4.89406 
2.01062 -2.01062 1.96312  1.96312  1.96312  1.96312  -0.615468  -0.615468  5.01798  5.01798  5.01798  5.01798  1.91334  1.91334  1.87761  1.92842  4.99754  4.99765  5.03969  5.05768 
2.13628 -2.01062 2.12159  2.12159  2.12159  2.12159  -0.681496  -0.681496  5.17645  5.17645  5.17645  5.17645  1.84731  1.84731  1.81482  1.8616  5.15785  5.1583  5.19611  5.21172 
2.26195 -2.01062 2.26789  2.26789  2.26789  2.26789  -0.742454  -0.742454  5.32275  5.32275  5.32275  5.32275  1.78635  1.78635  1.75719  1.79946  5.30608  5.307  5.34028  5.35368 
2.38761 -2.01062 2.39971  2.39971  2.39971  2.39971  -0.797381  -0.797381  5.45457  5.45457  5.45457  5.45457  1.73142  1.73142  1.70566  1.74297  5.43999  5.44132  5.46991  5.48127 
2.51327 -2.01062 2.51498  2.51498  2.51498  2.51498  -0.84541  -0.84541  5.56984  5.56984  5.56984  5.56984  1.68339  1.68339  1.6611  1.69304  5.55751  5.55918  5.58293  5.5924 
2.63894 -2.01062 2.61188  2.61188  2.61188  2.61188  -0.885784  -0.885784  5.66674  5.66674  5.66674  5.66674  1.64302  1.64302  1.62424  1.65043  5.65679  5.65873  5.67753  5.68527 
2.7646 -2.01062 2.68888  2.68888  2.68888  2.68888  -0.917866  -0.917866  5.74373  5.74373  5.74373  5.74373  1.61094  1.61094  1.5957  1.61579  5.7363  5.73844  5.75222  5.75837 
2.89027 -2.01062 2.74476  2.74476  2.74476  2.74476  -0.94115  -0.94115  5.79962  5.79962  5.79962  5.79962  1.58765  1.58765  1.57598  1.58965  5.79479  5.79701  5.80584  5.81051 
3.01593 -2.01062 2.77865  2.77865  2.77865  2.77865  -0.955269  -0.955269  5.8335  5.8335  5.8335  5.8335  1.57354  1.57354  1.56543  1.57239  5.8313  5.83326  5.83781  5.84088 
-3.14159 -1.88496 2.79  2.79  2.79  2.79  -0.96  -0.96  5.84486  5.84486  5.84486  5.84486  1.5688  1.5688  1.56425  1.56425  5.84486  5.84486  5.84941  5.84941 
-3.01593 -1.88496 2.77865  2.77865  2.77865  2.77865  -0.955269  -0.955269  5.8335  5.8335  5.8335  5.8335  1.57354  1.57354  1.56498  1.57285  5.83152  5.83283  5.83831  5.84059 
-2.89027 -1.88496 2.74476  2.74476  2.74476  2.74476  -0.94115  -0.94115  5.79962  5.79962  5.79962  5.79962  1.58765  1.58765  1.57485  1.59079  5.79535  5.79611  5.80709  5.80959 
-2.7646 -1.88496 2.68888  2.68888  2.68888  2.68888  -0.917866  -0.917866  5.74373  5.74373  5.74373  5.74373  1.61094  1.61094  1.59367  1.61783  5.73713  5.73725  5.75427  5.75666 
-2.63894 -1.88496 2.61188  2.61188  2.61188  2.61188  -0.885784  -0.885784  5.66674  5.66674  5.66674  5.66674  1.64302  1.64302  1.62108  1.6536  5.65738  5.65781  5.6805  5.68262 
-2.51327 -1.88496 2.51498  2.51498  2.51498  2.51498  -0.84541  -0.84541  5.56984  5.56984  5.56984  5.56984  1.68339  1.68339  1.65658  1.69758  5.55776  5.55864  5.58694  5.58865 
-2.38761 -1.88496 2.39971  2.39971  2.39971  2.39971  -0.797381  -0.797381  5.45457  5.45457  5.45457  5.45457  1.73142  1.73142  1.69956  1.74911  5.43993  5.44116  5.47511  5.47626 
-2.26195 -1.88496 2.26789  2.26789  2.26789  2.26789  -0.742454  -0.742454  5.32275  5.32275  5.32275  5.32275  1.78635  1.78635  1.74926  1.80744  5.30572  5.30721  5.34683  5.34722 
-2.13628 -1.88496 2.12159  2.12159  2.12159  2.12159  -0.681496  -0.681496  5.17645  5.17645  5.17645  5.17645  1.84731  1.84731  1.80484  1.87168  5.15721  5.1589  5.2036  5.20417 
-2.01062 -1.88496 1.96312  1.96312  1.96312  1.96312  -0.615468  -0.615468  5.01798  5.01798  5.01798  5.01798  1.91334  1.91334  1.86532  1.94086  4.99672  4.99854  5.04769  5.04946 
-1.88496 -1.88496 1.79498  1.79498  1.79498  1.79498  -0.54541  -0.54541  4.84984  4.84984  4.84984  4.84984  1.98339  1.98339  1.92966  2.01392  4.82675  4.82867  4.88194  4.88521 
-1.75929 -1.88496 1.61983  1.61983  1.61983  1.61983  -0.472429  -0.472429  4.67468  4.67468  4.67468  4.67468  2.05638  2.05638  1.99676  2.08974  4.64995  4.65198  4.70899  4.71408 
-1.63363 -1.88496 1.44042  1.44042  1.44042  1.44042  -0.397674  -0.397674  4.49527  4.49527  4.49527  4.49527  2.13113  2.13113  2.06544  2.16714  4.46908  4.47126  4.53157  4.53887 
-1.50796 -1.88496 1.25958  1.25958  1.25958  1.25958  -0.322326  -0.322326  4.31444  4.31444  4.31444  4.31444  2.20648  2.20648  2.13449  2.24489  4.28699  4.28941  4.35247  4.36246 
-1.3823 -1.88496 1.08017  1.08017  1.08017  1.08017  -0.247571  -0.247571  4.13503  4.13503  4.13503  4.13503  2.28123  2.28123  2.20269  2.32175  4.10651  4.10937  4.17451  4.18774 
-1.25664 -1.88496 0.905016  0.905016  0.905016  0.905016  -0.17459  -0.17459  3.95987  3.95987  3.95987  3.95987  2.35422  2.35422  2.2688  2.39645  3.93049  3.93409  4.00049  4.01761 
-1.13097 -1.88496 0.736878  0.736878  0.736878  0.736878  -0.104532  -0.104532  3.79173  3.79173  3.79173  3.79173  2.42427  2.42427  2.33158  2.46766  3.76169  3.76651  3.83312  3.85492 
-1.00531 -1.88496 0.578409  0.578409  0.578409  0.578409  -0.0385039  -0.0385039  3.63326  3.63326  3.63326  3.63326  2.4903  2.4903  2.38985  2.53403  3.60276  3.60958  3.67502  3.70241 
-0.879646 -1.88496 0.432109  0.432109  0.432109  0.432109  0.0224544  0.0224544  3.48696  3.48696  3.48696  3.48696  2.55126  2.55126  2.4425  2.59408  3.45621  3.46628  3.52865  3.56266 
-0.753982 -1.88496 0.300285  0.300285  0.300285  0.300285  0.0773812  0.0773812  3.35514  3.35514  3.35514  3.35514  2.60619  2.60619  2.48855  2.64611  3.32433  3.33967  3.39627  3.43801 
-0.628319 -1.88496 0.185016  0.185016  0.185016  0.185016  0.12541  0.12541  3.23987  3.23987  3.23987  3.23987  2.65422  2.65422  2.52728  2.68804  3.20919  3.23301  3.28  3.33041 
-0.502655 -1.88496 0.0881184  0.0881184  0.0881184  0.0881184  0.165784  0.165784  3.14297  3.14297  3.14297  3.14297  2.69459  2.69459  2.55841  2.71742  3.11257  3.14943  3.182  3.24124 
-0.376991 -1.88496 0.0111219  0.0111219  0.0111219  0.0111219  0.197866  0.197866  3.06598  3.06598  3.06598  3.06598  2.72667  2.72667  2.58234  2.7323  3.03593  3.08834  3.10727  3.17107 
-0.251327 -1.88496 -0.0447598  -0.0447598  -0.0447598  -0.0447598  0.22115  0.22115  3.0101  3.0101  3.0101  3.0101  2.74995  2.74995  2.60022  2.73361  2.98039  3.03628  3.07023  3.11956 
-0.125664 -1.88496 -0.0786452  -0.0786452  -0.0786452  -0.0786452  0.235269  0.235269  2.97621  2.97621  2.97621  2.97621  2.76407  2.76407  2.61369  2.72656  2.94665  2.99861  3.06172  3.08577 
0 -1.88496 -0.09  -0.09  -0.09  -0.09  0.24  0.24  2.96486  2.96486  2.96486  2.96486  2.7688  2.7688  2.62389  2.71731  2.93506  2.98135  3.06903  3.07039 
0.125664 -1.88496 -0.0786452  -0.0786452  -0.0786452  -0.0786452  0.235269  0.235269  2.97621  2.97621  2.97621  2.97621  2.76407  2.76407  2.63043  2.70875  2.94571  2.98563  3.06997  3.09251 
0.251327 -1.88496 -0.0447598  -0.0447598  -0.0447598  -0.0447598  0.22115  0.22115  3.0101  3.0101  3.0101  3.0101  2.74995  2.74995  2.63096  2.69969  2.97846  3.012  3.09075  3.12843 
0.376991 -1.88496 0.0111219  0.0111219  0.0111219  0.0111219  0.197866  0.197866  3.06598  3.06598  3.06598  3.06598  2.72667  2.72667  2.6224  2.68674  3.03306  3.06074  3.13388  3.18043 
0.502655 -1.88496 0.0881184  0.0881184  0.0881184  0.0881184  0.165784  0.165784  3.14297  3.14297  3.14297  3.14297  2.69459  2.69459  2.60276  2.66659  3.10899  3.13159  3.20047  3.25067 
0.628319 -1.88496 0.185016  0.185016  0.185016  0.185016  0.12541  0.12541  3.23987  3.23987  3.23987  3.23987  2.65422  2.65422  2.57192  2.63739  3.20526  3.22363  3.28969  3.34002 
0.753982 -1.88496 0.300285  0.300285  0.300285  0.300285  0.0773812  0.0773812  3.35514  3.35514  3.35514  3.35514  2.60619  2.60619  2.53098  2.59881  3.3204  3.33529  3.3995  3.44795 
0.879646 -1.88496 0.432109  0.432109  0.432109  0.432109  0.0224544  0.0224544  3.48696  3.48696  3.48696  3.48696  2.55126  2.55126  2.48144  2.55146  3.45254  3.46457  3.52739  3.57299 
1.00531 -1.88496 0.578409  0.578409  0.578409  0.578409  -0.0385039  -0.0385039  3.63326  3.63326  3.63326  3.63326  2.4903  2.4903  2.42477  2.4964  3.59953  3.6092  3.67071  3.71305 
1.13097 -1.88496 0.736878  0.736878  0.736878  0.736878  -0.104532  -0.104532  3.79173  3.79173  3.79173  3.79173  2.42427  2.42427  2.36241  2.43486  3.75899  3.7667  3.82678  3.86573 
1.25664 -1.88496 0.905016  0.905016  0.905016  0.905016  -0.17459  -0.17459  3.95987  3.95987  3.95987  3.95987  2.35422  2.35422  2.29569  2.36814  3.92836  3.93443  3.99285  4.02845 
1.3823 -1.88496 1.08017  1.08017  1.08017  1.08017  -0.247571  -0.247571  4.13503  4.13503  4.13503  4.13503  2.28123  2.28123  2.22589  2.29754  4.10496  4.10965  4.16609  4.19845 
1.50796 -1.88496 1.25958  1.25958  1.25958  1.25958  -0.322326  -0.322326  4.31444  4.31444  4.31444  4.31444  2.20648  2.20648  2.15429  2.22437  4.28598  4.2895  4.34366  4.3729 
1.63363 -1.88496 1.44042  1.44042  1.44042  1.44042  -0.397674  -0.397674  4.49527  4.49527  4.49527  4.49527  2.13113  2.13113  2.08214  2.14993  4.4686  4.47111  4.52266  4.54893 
1.75929 -1.88496 1.61983  1.61983  1.61983  1.61983  -0.472429  -0.472429  4.67468  4.67468  4.67468  4.67468  2.05638  2.05638  2.01066  2.07548  4.64993  4.65157  4.7002  4.72365 
1.88496 -1.88496 1.79498  1.79498  1.79498  1.79498  -0.54541  -0.54541  4.84984  4.84984  4.84984  4.84984  1.98339  1.98339  1.94105  2.00229  4.82714  4.82804  4.87342  4.89421 
2.01062 -1.88496 1.96312  1.96312  1.96312  1.96312  -0.615468  -0.615468  5.01798  5.01798  5.01798  5.01798  1.91334  1.91334  1.87447  1.93154  4.99746  4.9977  5.03956  5.05785 
2.13628 -1.88496 2.12159  2.12159  2.12159  2.12159  -0.681496  -0.681496  5.17645  5.17645  5.17645  5.17645  1.84731  1.84731  1.81202  1.86439  5.1579  5.15824  5.19596  5.2119 
2.26195 -1.88496 2.26789  2.26789  2.26789  2.26789  -0.742454  -0.742454  5.32275  5.32275  5.32275  5.32275  1.78635  1.78635  1.75473  1.8019  5.30611  5.30695  5.34013  5.35386 
2.38761 -1.88496 2.39971  2.39971  2.39971  2.39971  -0.797381  -0.797381  5.45457  5.45457  5.45457  5.45457  1.73142  1.73142  1.70356  1.74507  5.44002  5.44129  5.46975  5.48144 
2.51327 -1.88496 2.51498  2.51498  2.51498  2.51498  -0.84541  -0.84541  5.56984  5.56984  5.56984  5.56984  1.68339  1.68339  1.65935  1.69479  5.55752  5.55917  5.58276  5.59256 
2.63894 -1.88496 2.61188  2.61188  2.61188  2.61188  -0.885784  -0.885784  5.66674  5.66674  5.66674  5.66674  1.64302  1.64302  1.62284  1.65182  5.65679  5.65875  5.67736  5.68542 
2.7646 -1.88496 2.68888  2.68888  2.68888  2.68888  -0.917866  -0.917866  5.74373  5.74373  5.74373  5.74373  1.61094  1.61094  1.59466  1.61683  5.73628  5.73848  5.75205  5.75851 
2.89027 -1.88496 2.74476  2.74476  2.74476  2.74476  -0.94115  -0.94115  5.79962  5.79962  5.79962  5.79962  1.58765  1.58765  1.57529  1.59035  5.79475  5.79709  5.80566  5.81063 
3.01593 -1.88496 2.77865  2.77865  2.77865  2.77865  -0.955269  -0.955269  5.8335  5.8335  5.8335  5.8335  1.57354  1.57354  1.56509  1.57274  5.83126  5.83338  5.83765  5.84097 
-3.14159 -1.75929 2.79  2.79  2.79  2.79  -0.96  -0.96  5.84486  5.84486  5.84486  5.84486  1.5688  1.5688  1.56425  1.56425  5.84486  5.84486  5.84941  5.84941 
-3.01593 -1.75929 2.77865  2.77865  2.77865  2.77865  -0.955269  -0.955269  5.8335  5.8335  5.8335  5.8335  1.57354  1.57354  1.56465  1.57317  5.83147  5.83294  5.83815  5.8407 
-2.89027 -1.75929 2.74476  2.74476  2.74476  2.74476  -0.94115  -0.94115  5.79962  5.79962  5.79962  5.79962  1.58765  1.58765  1.57421  1.59143  5.79528  5.79621  5.80689  5.80976 
-2.7646 -1.75929 2.68888  2.68888  2.68888  2.68888  -0.917866  -0.917866  5.74373  5.74373  5.74373  5.74373  1.61094  1.61094  1.59271  1.61878  5.73706  5.73733  5.75403  5.75689 
-2.63894 -1.75929 2.61188  2.61188  2.61188  2.61188  -0.885784  -0.885784  5.66674  5.66674  5.66674  5.66674  1.64302  1.64302  1.61982  1.65485  5.65744  5.65776  5.68021  5.68291 
-2.51327 -1.75929 2.51498  2.51498  2.51498  2.51498  -0.84541  -0.84541  5.56984  5.56984  5.56984  5.56984  1.68339  1.68339  1.65503  1.69912  5.5578  5.55859  5.58661  5.589 
-2.38761 -1.75929 2.39971  2.39971  2.39971  2.39971  -0.797381  -0.797381  5.45457  5.45457  5.45457  5.45457  1.73142  1.73142  1.69773  1.75094  5.43995  5.44113  5.47472  5.47666 
-2.26195 -1.75929 2.26789  2.26789  2.26789  2.26789  -0.742454  -0.742454  5.32275  5.32275  5.32275  5.32275  1.78635  1.78635  1.74717  1.80953  5.30572  5.30719  5.34638  5.34769 
-2.13628 -1.75929 2.12159  2.12159  2.12159  2.12159  -0.681496  -0.681496  5.17645  5.17645  5.17645  5.17645  1.84731  1.84731  1.80249  1.87402  5.1572  5.15889  5.20367  5.20414 
-2.01062 -1.75929 1.96312  1.96312  1.96312  1.96312  -0.615468  -0.615468  5.01798  5.01798  5.01798  5.01798  1.91334  1.91334  1.86273  1.94343  4.99669  4.99855  5.04829  5.04889 
-1.88496 -1.75929 1.79498  1.79498  1.79498  1.79498  -0.54541  -0.54541  4.84984  4.84984  4.84984  4.84984  1.98339  1.98339  1.92685  2.01671  4.82669  4.82871  4.88262  4.88457 
-1.75929 -1.75929 1.61983  1.61983  1.61983  1.61983  -0.472429  -0.472429  4.67468  4.67468  4.67468  4.67468  2.05638  2.05638  1.99375  2.09272  4.64987  4.65204  4.70974  4.71337 
-1.63363 -1.75929 1.44042  1.44042  1.44042  1.44042  -0.397674  -0.397674  4.49527  4.49527  4.49527  4.49527  2.13113  2.13113  2.06225  2.17029  4.46898  4.47135  4.53239  4.53809 
-1.50796 -1.75929 1.25958  1.25958  1.25958  1.25958  -0.322326  -0.322326  4.31444  4.31444  4.31444  4.31444  2.20648  2.20648  2.13114  2.2482  4.28685  4.28954  4.35337  4.3616 
-1.3823 -1.75929 1.08017  1.08017  1.08017  1.08017  -0.247571  -0.247571  4.13503  4.13503  4.13503  4.13503  2.28123  2.28123  2.1992  2.32519  4.10634  4.10955  4.17549  4.18681 
-1.25664 -1.75929 0.905016  0.905016  0.905016  0.905016  -0.17459  -0.17459  3.95987  3.95987  3.95987  3.95987  2.35422  2.35422  2.26519  2.39998  3.93028  3.93432  4.00154  4.01661 
-1.13097 -1.75929 0.736878  0.736878  0.736878  0.736878  -0.104532  -0.104532  3.79173  3.79173  3.79173  3.79173  2.42427  2.42427  2.32789  2.47126  3.76142  3.76682  3.83424  3.85385 
-1.00531 -1.75929 0.578409  0.578409  0.578409  0.578409  -0.0385039  -0.0385039  3.63326  3.63326  3.63326  3.63326  2.4903  2.4903  2.3861  2.53766  3.60243  3.61  3.67621  3.70127 
-0.879646 -1.75929 0.432109  0.432109  0.432109  0.432109  0.0224544  0.0224544  3.48696  3.48696  3.48696  3.48696  2.55126  2.55126  2.43871  2.59769  3.4558  3.46684  3.52987  3.56147 
-0.753982 -1.75929 0.300285  0.300285  0.300285  0.300285  0.0773812  0.0773812  3.35514  3.35514  3.35514  3.35514  2.60619  2.60619  2.48474  2.64965  3.32383  3.34045  3.39749  3.43678 
-0.628319 -1.75929 0.185016  0.185016  0.185016  0.185016  0.12541  0.12541  3.23987  3.23987  3.23987  3.23987  2.65422  2.65422  2.52346  2.69145  3.20857  3.23415  3.28111  3.32917 
-0.502655 -1.75929 0.0881184  0.0881184  0.0881184  0.0881184  0.165784  0.165784  3.14297  3.14297  3.14297  3.14297  2.69459  2.69459  2.55459  2.72063  3.11182  3.15132  3.18267  3.24004 
-0.376991 -1.75929 0.0111219  0.0111219  0.0111219  0.0111219  0.197866  0.197866  3.06598  3.06598  3.06598  3.06598  2.72667  2.72667  2.57849  2.73528  3.03503  3.09236  3.10612  3.16998 
-0.251327 -1.75929 -0.0447598  -0.0447598  -0.0447598  -0.0447598  0.22115  0.22115  3.0101  3.0101  3.0101  3.0101  2.74995  2.74995  2.59627  2.73643  2.97931  3.03987  3.06974  3.11868 
-0.125664 -1.75929 -0.0786452  -0.0786452  -0.0786452  -0.0786452  0.235269  0.235269  2.97621  2.97621  2.97621  2.97621  2.76407  2.76407  2.6095  2.72944  2.9454  3.00157  3.06183  3.08525 
0 -1.75929 -0.09  -0.09  -0.09  -0.09  0.24  0.24  2.96486  2.96486  2.96486  2.96486  2.7688  2.7688  2.61932  2.72052  2.9337  2.98398  3.069  3.0705 
0.125664 -1.75929 -0.0786452  -0.0786452  -0.0786452  -0.0786452  0.235269  0.235269  2.97621  2.97621  2.97621  2.97621  2.76407  2.76407  2.62534  2.71251  2.94431  2.98794  3.0705  3.09238 
0.251327 -1.75929 -0.0447598  -0.0447598  -0.0447598  -0.0447598  0.22115  0.22115  3.0101  3.0101  3.0101  3.0101  2.74995  2.74995  2.62534  2.70412  2.97715  3.01392  3.09177  3.128 
0.376991 -1.75929 0.0111219  0.0111219  0.0111219  0.0111219  0.197866  0.197866  3.06598  3.06598  3.06598  3.06598  2.72667  2.72667  2.61638  2.69176  3.03194  3.06222  3.13518  3.17978 
0.502655 -1.75929 0.0881184  0.0881184  0.0881184  0.0881184  0.165784  0.165784  3.14297  3.14297  3.14297  3.14297  2.69459  2.69459  2.59656  2.67201  3.10809  3.13269  3.2018  3.24993 
0.628319 -1.75929 0.185016  0.185016  0.185016  0.185016  0.12541  0.12541  3.23987  3.23987  3.23987  3.23987  2.65422  2.65422  2.56575  2.64298  3.20458  3.22441  3.29089  3.33931 
0.753982 -1.75929 0.300285  0.300285  0.300285  0.300285  0.0773812  0.0773812  3.35514  3.35514  3.35514  3.35514  2.60619  2.60619  2.52497  2.6044  3.31989  3.33583  3.40049  3.44735 
0.879646 -1.75929 0.432109  0.432109  0.432109  0.432109  0.0224544  0.0224544  3.48696  3.48696  3.48696  3.48696  2.55126  2.55126  2.47565  2.55694  3.45216  3.46495  3.52817  3.57251 
1.00531 -1.75929 0.578409  0.578409  0.578409  0.578409  -0.0385039  -0.0385039  3.63326  3.63326  3.63326  3.63326  2.4903  2.4903  2.41925  2.5017  3.59924  3.60947  3.67131  3.71269 
1.13097 -1.75929 0.736878  0.736878  0.736878  0.736878  -0.104532  -0.104532  3.79173  3.79173  3.79173  3.79173  2.42427  2.42427  2.35718  2.43993  3.75876  3.7669  3.82721  3.86549 
1.25664 -1.75929 0.905016  0.905016  0.905016  0.905016  -0.17459  -0.17459  3.95987  3.95987  3.95987  3.95987  2.35422  2.35422  2.29075  2.37296  3.92818  3.93458  3.99315  4.0283 
1.3823 -1.75929 1.08017  1.08017  1.08017  1.08017  -0.247571  -0.247571  4.13503  4.13503  4.13503  4.13503  2.28123  2.28123  2.22126  2.30209  4.10481  4.10976  4.16629  4.19837 
1.50796 -1.75929 1.25958  1.25958  1.25958  1.25958  -0.322326  -0.322326  4.31444  4.31444  4.31444  4.31444  2.20648  2.20648  2.14997  2.22863  4.28586  4.2896  4.34377  4.37289 
1.63363 -1.75929 1.44042  1.44042  1.44042  1.44042  -0.397674  -0.397674  4.49527  4.49527  4.49527  4.49527  2.13113  2.13113  2.07813  2.15388  4.46849  4.47119  4.5227  4.54897 
1.75929 -1.75929 1.61983  1.61983  1.61983  1.61983  -0.472429  -0.472429  4.67468  4.67468  4.67468  4.67468  2.05638  2.05638  2.00697  2.07913  4.64983  4.65164  4.70018  4.72373 
1.88496 -1.75929 1.79498  1.79498  1.79498  1.79498  -0.54541  -0.54541  4.84984  4.84984  4.84984  4.84984  1.98339  1.98339  1.93769  2.00562  4.82706  4.8281  4.87337  4.89432 
2.01062 -1.75929 1.96312  1.96312  1.96312  1.96312  -0.615468  -0.615468  5.01798  5.01798  5.01798  5.01798  1.91334  1.91334  1.87144  1.93455  4.99739  4.99775  5.03948  5.05798 
2.13628 -1.75929 2.12159  2.12159  2.12159  2.12159  -0.681496  -0.681496  5.17645  5.17645  5.17645  5.17645  1.84731  1.84731  1.80932  1.86707  5.15795  5.15817  5.19585  5.21204 
2.26195 -1.75929 2.26789  2.26789  2.26789  2.26789  -0.742454  -0.742454  5.32275  5.32275  5.32275  5.32275  1.78635  1.78635  1.75237  1.80425  5.30615  5.3069  5.34  5.35401 
2.38761 -1.75929 2.39971  2.39971  2.39971  2.39971  -0.797381  -0.797381  5.45457  5.45457  5.45457  5.45457  1.73142  1.73142  1.70154  1.74709  5.44004  5.44126  5.46961  5.48159 
2.51327 -1.75929 2.51498  2.51498  2.51498  2.51498  -0.84541  -0.84541  5.56984  5.56984  5.56984  5.56984  1.68339  1.68339  1.65767  1.69646  5.55754  5.55916  5.58262  5.59271 
2.63894 -1.75929 2.61188  2.61188  2.61188  2.61188  -0.885784  -0.885784  5.66674  5.66674  5.66674  5.66674  1.64302  1.64302  1.6215  1.65316  5.65679  5.65876  5.67721  5.68557 
2.7646 -1.75929 2.68888  2.68888  2.68888  2.68888  -0.917866  -0.917866  5.74373  5.74373  5.74373  5.74373  1.61094  1.61094  1.59366  1.61784  5.73627  5.73853  5.75189  5.75864 
2.89027 -1.75929 2.74476  2.74476  2.74476  2.74476  -0.94115  -0.94115  5.79962  5.79962  5.79962  5.79962  1.58765  1.58765  1.57462  1.59101  5.79472  5.79717  5.8055  5.81074 
3.01593 -1.75929 2.77865  2.77865  2.77865  2.77865  -0.955269  -0.955269  5.8335  5.8335  5.8335  5.8335  1.57354  1.57354  1.56475  1.57307  5.83122  5.8335  5.83748  5.84106 
-3.14159 -1.63363 2.79  2.79  2.79  2.79  -0.96  -0.96  5.84486  5.84486  5.84486  5.84486  1.5688  1.5688  1.56425  1.56425  5.84486  5.84486  5.84941  5.84941 
-3.01593 -1.63363 2.77865  2.77865  2.77865  2.77865  -0.955269  -0.955269  5.8335  5.8335  5.8335  5.8335  1.57354  1.57354  1.56434  1.57348  5.83141  5.83305  5.83798  5.8408 
-2.89027 -1.63363 2.74476  2.74476  2.74476  2.74476  -0.94115  -0.94115  5.79962  5.79962  5.79962  5.79962  1.58765  1.58765  1.5736  1.59204  5.79521  5.79631  5.80669  5.80993 
-2.7646 -1.63363 2.68888  2.68888  2.68888  2.68888  -0.917866  -0.917866  5.74373  5.74373  5.74373  5.74373  1.61094  1.61094  1.59181  1.61969  5.737  5.73741  5.7538  5.75711 
-2.63894 -1.63363 2.61188  2.61188  2.61188  2.61188  -0.885784  -0.885784  5.66674  5.66674  5.66674  5.66674  1.64302  1.64302  1.61863  1.65604  5.6575  5.6577  5.67993  5.68319 
-2.51327 -1.63363 2.51498  2.51498  2.51498  2.51498  -0.84541  -0.84541  5.56984  5.56984  5.56984  5.56984  1.68339  1.68339  1.65357  1.70058  5.55784  5.55855  5.58628  5.58933 
-2.38761 -1.63363 2.39971  2.39971  2.39971  2.39971  -0.797381  -0.797381  5.45457  5.45457  5.45457  5.45457  1.73142  1.73142  1.696  1.75265  5.43998  5.44109  5.47434  5.47706 
-2.26195 -1.63363 2.26789  2.26789  2.26789  2.26789  -0.742454  -0.742454  5.32275  5.32275  5.32275  5.32275  1.78635  1.78635  1.74519  1.81149  5.30573  5.30717  5.34594  5.34816 
-2.13628 -1.63363 2.12159  2.12159  2.12159  2.12159  -0.681496  -0.681496  5.17645  5.17645  5.17645  5.17645  1.84731  1.84731  1.80028  1.87621  5.15719  5.15888  5.20316  5.20468 
-2.01062 -1.63363 1.96312  1.96312  1.96312  1.96312  -0.615468  -0.615468  5.01798  5.01798  5.01798  5.01798  1.91334  1.91334  1.8603  1.94584  4.99666  4.99856  5.04832  5.0489 
-1.88496 -1.63363 1.79498  1.79498  1.79498  1.79498  -0.54541  -0.54541  4.84984  4.84984  4.84984  4.84984  1.98339  1.98339  1.92422  2.01932  4.82664  4.82874  4.8833  4.88393 
-1.75929 -1.63363 1.61983  1.61983  1.61983  1.61983  -0.472429  -0.472429  4.67468  4.67468  4.67468  4.67468  2.05638  2.05638  1.99093  2.09551  4.64979  4.65209  4.7105  4.71266 
-1.63363 -1.63363 1.44042  1.44042  1.44042  1.44042  -0.397674  -0.397674  4.49527  4.49527  4.49527  4.49527  2.13113  2.13113  2.05927  2.17324  4.46888  4.47144  4.53324  4.5373 
-1.50796 -1.63363 1.25958  1.25958  1.25958  1.25958  -0.322326  -0.322326  4.31444  4.31444  4.31444  4.31444  2.20648  2.20648  2.12802  2.25127  4.28672  4.28967  4.3543  4.36074 
-1.3823 -1.63363 1.08017  1.08017  1.08017  1.08017  -0.247571  -0.247571  4.13503  4.13503  4.13503  4.13503  2.28123  2.28123  2.19596  2.32837  4.10617  4.10971  4.1765  4.18586 
-1.25664 -1.63363 0.905016  0.905016  0.905016  0.905016  -0.17459  -0.17459  3.95987  3.95987  3.95987  3.95987  2.35422  2.35422  2.26185  2.40323  3.93007  3.93454  4.00264  4.01559 
-1.13097 -1.63363 0.736878  0.736878  0.736878  0.736878  -0.104532  -0.104532  3.79173  3.79173  3.79173  3.79173  2.42427  2.42427  2.32447  2.47456  3.76116  3.76711  3.83543  3.85275 
-1.00531 -1.63363 0.578409  0.578409  0.578409  0.578409  -0.0385039  -0.0385039  3.63326  3.63326  3.63326  3.63326  2.4903  2.4903  2.38263  2.54097  3.60211  3.61038  3.67747  3.70011 
-0.879646 -1.63363 0.432109  0.432109  0.432109  0.432109  0.0224544  0.0224544  3.48696  3.48696  3.48696  3.48696  2.55126  2.55126  2.43521  2.60096  3.4554  3.46734  3.53121  3.56025 
-0.753982 -1.63363 0.300285  0.300285  0.300285  0.300285  0.0773812  0.0773812  3.35514  3.35514  3.35514  3.35514  2.60619  2.60619  2.48123  2.65284  3.32334  3.34113  3.39888  3.43552 
-0.628319 -1.63363 0.185016  0.185016  0.185016  0.185016  0.12541  0.12541  3.23987  3.23987  3.23987  3.23987  2.65422  2.65422  2.51996  2.69449  3.20798  3.23511  3.28248  3.3279 
-0.502655 -1.63363 0.0881184  0.0881184  0.0881184  0.0881184  0.165784  0.165784  3.14297  3.14297  3.14297  3.14297  2.69459  2.69459  2.55108  2.72348  3.1111  3.15283  3.18379  3.2388 
-0.376991 -1.63363 0.0111219  0.0111219  0.0111219  0.0111219  0.197866  0.197866  3.06598  3.06598  3.06598  3.06598  2.72667  2.72667  2.57492  2.73791  3.03416  3.09607  3.10534  3.16886 
-0.251327 -1.63363 -0.0447598  -0.0447598  -0.0447598  -0.0447598  0.22115  0.22115  3.0101  3.0101  3.0101  3.0101  2.74995  2.74995  2.59256  2.73894  2.97829  3.04313  3.06957  3.1178 
-0.125664 -1.63363 -0.0786452  -0.0786452  -0.0786452  -0.0786452  0.235269  0.235269  2.97621  2.97621  2.97621  2.97621  2.76407  2.76407  2.60554  2.73205  2.94424  3.00434  3.06209  3.08473 
0 -1.63363 -0.09  -0.09  -0.09  -0.09  0.24  0.24  2.96486  2.96486  2.96486  2.96486  2.7688  2.7688  2.61495  2.72351  2.93245  2.98653  3.06897  3.07062 
0.125664 -1.63363 -0.0786452  -0.0786452  -0.0786452  -0.0786452  0.235269  0.235269  2.97621  2.97621  2.97621  2.97621  2.76407  2.76407  2.62044  2.71608  2.94304  2.99023  3.07103  3.09216 
0.251327 -1.63363 -0.0447598  -0.0447598  -0.0447598  -0.0447598  0.22115  0.22115  3.0101  3.0101  3.0101  3.0101  2.74995  2.74995  2.61989  2.70837  2.97597  3.01584  3.09278  3.12743 
0.376991 -1.63363 0.0111219  0.0111219  0.0111219  0.0111219  0.197866  0.197866  3.06598  3.06598  3.06598  3.06598  2.72667  2.72667  2.61053  2.69663  3.03094  3.06373  3.13647  3.17896 
0.502655 -1.63363 0.0881184  0.0881184  0.0881184  0.0881184  0.165784  0.165784  3.14297  3.14297  3.14297  3.14297  2.69459  2.69459  2.59053  2.67728  3.1073  3.13378  3.20313  3.24904 
0.628319 -1.63363 0.185016  0.185016  0.185016  0.185016  0.12541  0.12541  3.23987  3.23987  3.23987  3.23987  2.65422  2.65422  2.55975  2.64844  3.20398  3.22518  3.29211  3.33847 
0.753982 -1.63363 0.300285  0.300285  0.300285  0.300285  0.0773812  0.0773812  3.35514  3.35514  3.35514  3.35514  2.60619  2.60619  2.51912  2.60986  3.31944  3.33637  3.40153  3.44662 
0.879646 -1.63363 0.432109  0.432109  0.432109  0.432109  0.0224544  0.0224544  3.48696  3.48696  3.48696  3.48696  2.55126  2.55126  2.47003  2.56228  3.45183  3.46533  3.529  3.57191 
1.00531 -1.63363 0.578409  0.578409  0.578409  0.578409  -0.0385039  -0.0385039  3.63326  3.63326  3.63326  3.63326  2.4903  2.4903  2.4139  2.50684  3.59899  3.60974  3.67195  3.71223 
1.13097 -1.63363 0.736878  0.736878  0.736878  0.736878  -0.104532  -0.104532  3.79173  3.79173  3.79173  3.79173  2.42427  2.42427  2.35211  2.44485  3.75857  3.76709  3.8277  3.86515 
1.25664 -1.63363 0.905016  0.905016  0.905016  0.905016  -0.17459  -0.17459  3.95987  3.95987  3.95987  3.95987  2.35422  2.35422  2.28598  2.37762  3.92802  3.93473  3.9935  4.02807 
1.3823 -1.63363 1.08017  1.08017  1.08017  1.08017  -0.247571  -0.247571  4.13503  4.13503  4.13503  4.13503  2.28123  2.28123  2.21679  2.30647  4.10467  4.10988  4.16653  4.19823 
1.50796 -1.63363 1.25958  1.25958  1.25958  1.25958  -0.322326  -0.322326  4.31444  4.31444  4.31444  4.31444  2.20648  2.20648  2.1458  2.23273  4.28574  4.28969  4.34393  4.37282 
1.63363 -1.63363 1.44042  1.44042  1.44042  1.44042  -0.397674  -0.397674  4.49527  4.49527  4.49527  4.49527  2.13113  2.13113  2.07428  2.15769  4.46838  4.47127  4.52279  4.54895 
1.75929 -1.63363 1.61983  1.61983  1.61983  1.61983  -0.472429  -0.472429  4.67468  4.67468  4.67468  4.67468  2.05638  2.05638  2.00343  2.08264  4.64974  4.65171  4.70021  4.72376 
1.88496 -1.63363 1.79498  1.79498  1.79498  1.79498  -0.54541  -0.54541  4.84984  4.84984  4.84984  4.84984  1.98339  1.98339  1.93447  2.00882  4.82697  4.82815  4.87335  4.89439 
2.01062 -1.63363 1.96312  1.96312  1.96312  1.96312  -0.615468  -0.615468  5.01798  5.01798  5.01798  5.01798  1.91334  1.91334  1.86854  1.93743  4.99732  4.99781  5.03943  5.05807 
2.13628 -1.63363 2.12159  2.12159  2.12159  2.12159  -0.681496  -0.681496  5.17645  5.17645  5.17645  5.17645  1.84731  1.84731  1.80674  1.86963  5.15799  5.15811  5.19578  5.21215 
2.26195 -1.63363 2.26789  2.26789  2.26789  2.26789  -0.742454  -0.742454  5.32275  5.32275  5.32275  5.32275  1.78635  1.78635  1.75012  1.8065  5.30619  5.30685  5.3399  5.35413 
2.38761 -1.63363 2.39971  2.39971  2.39971  2.39971  -0.797381  -0.797381  5.45457  5.45457  5.45457  5.45457  1.73142  1.73142  1.6996  1.74901  5.44007  5.44122  5.4695  5.48172 
2.51327 -1.63363 2.51498  2.51498  2.51498  2.51498  -0.84541  -0.84541  5.56984  5.56984  5.56984  5.56984  1.68339  1.68339  1.65606  1.69806  5.55755  5.55914  5.58249  5.59284 
2.63894 -1.63363 2.61188  2.61188  2.61188  2.61188  -0.885784  -0.885784  5.66674  5.66674  5.66674  5.66674  1.64302  1.64302  1.62022  1.65444  5.65679  5.65877  5.67708  5.68569 
2.7646 -1.63363 2.68888  2.68888  2.68888  2.68888  -0.917866  -0.917866  5.74373  5.74373  5.74373  5.74373  1.61094  1.61094  1.5927  1.61879  5.73625  5.73856  5.75175  5.75876 
2.89027 -1.63363 2.74476  2.74476  2.74476  2.74476  -0.94115  -0.94115  5.79962  5.79962  5.79962  5.79962  1.58765  1.58765  1.57399  1.59164  5.79469  5.79725  5.80535  5.81085 
3.01593 -1.63363 2.77865  2.77865  2.77865  2.77865  -0.955269  -0.955269  5.8335  5.8335  5.8335  5.8335  1.57354  1.57354  1.56444  1.57338  5.83118  5.83362  5.83732  5.84114 
-3.14159 -1.50796 2.79  2.79  2.79  2.79  -0.96  -0.96  5.84486  5.84486  5.84486  5.84486  1.5688  1.5688  1.56425  1.56425  5.84486  5.84486  5.84941  5.84941 
-3.01593 -1.50796 2.77865  2.77865  2.77865  2.77865  -0.955269  -0.955269  5.8335  5.8335  5.8335  5.8335  1.57354  1.57354  1.56405  1.57377  5.83136  5.83317  5.83782  5.8409 
-2.89027 -1.50796 2.74476  2.74476  2.74476  2.74476  -0.94115  -0.94115  5.79962  5.79962  5.79962  5.79962  1.58765  1.58765  1.57302  1.59261  5.79515  5.79641  5.80649  5.81008 
-2.7646 -1.50796 2.68888  2.68888  2.68888  2.68888  -0.917866  -0.917866  5.74373  5.74373  5.74373  5.74373  1.61094  1.61094  1.59096  1.62053  5.73694  5.73749  5.75356  5.75732 
-2.63894 -1.50796 2.61188  2.61188  2.61188  2.61188  -0.885784  -0.885784  5.66674  5.66674  5.66674  5.66674  1.64302  1.64302  1.61751  1.65715  5.65757  5.65764  5.67966  5.68346 
-2.51327 -1.50796 2.51498  2.51498  2.51498  2.51498  -0.84541  -0.84541  5.56984  5.56984  5.56984  5.56984  1.68339  1.68339  1.6522  1.70194  5.55789  5.5585  5.58595  5.58966 
-2.38761 -1.50796 2.39971  2.39971  2.39971  2.39971  -0.797381  -0.797381  5.45457  5.45457  5.45457  5.45457  1.73142  1.73142  1.69439  1.75426  5.44001  5.44105  5.47396  5.47745 
-2.26195 -1.50796 2.26789  2.26789  2.26789  2.26789  -0.742454  -0.742454  5.32275  5.32275  5.32275  5.32275  1.78635  1.78635  1.74335  1.81333  5.30574  5.30714  5.34551  5.34862 
-2.13628 -1.50796 2.12159  2.12159  2.12159  2.12159  -0.681496  -0.681496  5.17645  5.17645  5.17645  5.17645  1.84731  1.84731  1.79822  1.87826  5.15718  5.15887  5.20266  5.20521 
-2.01062 -1.50796 1.96312  1.96312  1.96312  1.96312  -0.615468  -0.615468  5.01798  5.01798  5.01798  5.01798  1.91334  1.91334  1.85804  1.94809  4.99663  4.99857  5.04775  5.04951 
-1.88496 -1.50796 1.79498  1.79498  1.79498  1.79498  -0.54541  -0.54541  4.84984  4.84984  4.84984  4.84984  1.98339  1.98339  1.92178  2.02174  4.82659  4.82877  4.88329  4.88399 
-1.75929 -1.50796 1.61983  1.61983  1.61983  1.61983  -0.472429  -0.472429  4.67468  4.67468  4.67468  4.67468  2.05638  2.05638  1.98832  2.09809  4.64972  4.65214  4.71127  4.71194 
-1.63363 -1.50796 1.44042  1.44042  1.44042  1.44042  -0.397674  -0.397674  4.49527  4.49527  4.49527  4.49527  2.13113  2.13113  2.05651  2.17595  4.46878  4.47152  4.53409  4.53651 
-1.50796 -1.50796 1.25958  1.25958  1.25958  1.25958  -0.322326  -0.322326  4.31444  4.31444  4.31444  4.31444  2.20648  2.20648  2.12513  2.2541  4.28659  4.28978  4.35524  4.35987 
-1.3823 -1.50796 1.08017  1.08017  1.08017  1.08017  -0.247571  -0.247571  4.13503  4.13503  4.13503  4.13503  2.28123  2.28123  2.19297  2.33128  4.106  4.10987  4.17754  4.18491 
-1.25664 -1.50796 0.905016  0.905016  0.905016  0.905016  -0.17459  -0.17459  3.95987  3.95987  3.95987  3.95987  2.35422  2.35422  2.25878  2.4062  3.92986  3.93475  4.00378  4.01455 
-1.13097 -1.50796 0.736878  0.736878  0.736878  0.736878  -0.104532  -0.104532  3.79173  3.79173  3.79173  3.79173  2.42427  2.42427  2.32134  2.47755  3.7609  3.76738  3.83667  3.85164 
-1.00531 -1.50796 0.578409  0.578409  0.578409  0.578409  -0.0385039  -0.0385039  3.63326  3.63326  3.63326  3.63326  2.4903  2.4903  2.37946  2.54395  3.60179  3.61072  3.67882  3.69892 
-0.879646 -1.50796 0.432109  0.432109  0.432109  0.432109  0.0224544  0.0224544  3.48696  3.48696  3.48696  3.48696  2.55126  2.55126  2.43203  2.60389  3.45501  3.46779  3.53266  3.559 
-0.753982 -1.50796 0.300285  0.300285  0.300285  0.300285  0.0773812  0.0773812  3.35514  3.35514  3.35514  3.35514  2.60619  2.60619  2.47805  2.65566  3.32286  3.34171  3.40042  3.43422 
-0.628319 -1.50796 0.185016  0.185016  0.185016  0.185016  0.12541  0.12541  3.23987  3.23987  3.23987  3.23987  2.65422  2.65422  2.51677  2.69716  3.2074  3.23589  3.2841  3.32659 
-0.502655 -1.50796 0.0881184  0.0881184  0.0881184  0.0881184  0.165784  0.165784  3.14297  3.14297  3.14297  3.14297  2.69459  2.69459  2.54787  2.72594  3.1104  3.15393  3.18539  3.23754 
-0.376991 -1.50796 0.0111219  0.0111219  0.0111219  0.0111219  0.197866  0.197866  3.06598  3.06598  3.06598  3.06598  2.72667  2.72667  2.57165  2.74018  3.03333  3.09864  3.10573  3.16772 
-0.251327 -1.50796 -0.0447598  -0.0447598  -0.0447598  -0.0447598  0.22115  0.22115  3.0101  3.0101  3.0101  3.0101  2.74995  2.74995  2.58914  2.74114  2.97733  3.04589  3.06989  3.11689 
-0.125664 -1.50796 -0.0786452  -0.0786452  -0.0786452  -0.0786452  0.235269  0.235269  2.97621  2.97621  2.97621  2.97621  2.76407  2.76407  2.60183  2.73441  2.94316  3.00689  3.0625  3.0842 
0 -1.50796 -0.09  -0.09  -0.09  -0.09  0.24  0.24  2.96486  2.96486  2.96486  2.96486  2.7688  2.7688  2.6108  2.72626  2.93129  2.98899  3.06895  3.07074 
0.125664 -1.50796 -0.0786452  -0.0786452  -0.0786452  -0.0786452  0.235269  0.235269  2.97621  2.97621  2.97621  2.97621  2.76407  2.76407  2.61573  2.71946  2.9419  2.99249  3.07156  3.09185 
0.251327 -1.50796 -0.0447598  -0.0447598  -0.0447598  -0.0447598  0.22115  0.22115  3.0101  3.0101  3.0101  3.0101  2.74995  2.74995  2.61464  2.71245  2.97493  3.01778  3.09379  3.12671 
0.376991 -1.50796 0.0111219  0.0111219  0.0111219  0.0111219  0.197866  0.197866  3.06598  3.06598  3.06598  3.06598  2.72667  2.72667  2.60488  2.70133  3.03006  3.06524  3.13776  3.17798 
0.502655 -1.50796 0.0881184  0.0881184  0.0881184  0.0881184  0.165784  0.165784  3.14297  3.14297  3.14297  3.14297  2.69459  2.69459  2.58471  2.6824  3.10662  3.13489  3.20448  3.24798 
0.628319 -1.50796 0.185016  0.185016  0.185016  0.185016  0.12541  0.12541  3.23987  3.23987  3.23987  3.23987  2.65422  2.65422  2.55395  2.65373  3.20346  3.22595  3.29335  3.33747 
0.753982 -1.50796 0.300285  0.300285  0.300285  0.300285  0.0773812  0.0773812  3.35514  3.35514  3.35514  3.35514  2.60619  2.60619  2.51348  2.61514  3.31906  3.3369  3.4026  3.44575 
0.879646 -1.50796 0.432109  0.432109  0.432109  0.432109  0.0224544  0.0224544  3.48696  3.48696  3.48696  3.48696  2.55126  2.55126  2.46461  2.56744  3.45154  3.4657  3.52988  3.5712 
1.00531 -1.50796 0.578409  0.578409  0.578409  0.578409  -0.0385039  -0.0385039  3.63326  3.63326  3.63326  3.63326  2.4903  2.4903  2.40875  2.51182  3.59877  3.61  3.67266  3.71167 
1.13097 -1.50796 0.736878  0.736878  0.736878  0.736878  -0.104532  -0.104532  3.79173  3.79173  3.79173  3.79173  2.42427  2.42427  2.34724  2.44959  3.7584  3.76728  3.82825  3.86473 
1.25664 -1.50796 0.905016  0.905016  0.905016  0.905016  -0.17459  -0.17459  3.95987  3.95987  3.95987  3.95987  2.35422  2.35422  2.28139  2.38211  3.92788  3.93487  3.99391  4.02775 
1.3823 -1.50796 1.08017  1.08017  1.08017  1.08017  -0.247571  -0.247571  4.13503  4.13503  4.13503  4.13503  2.28123  2.28123  2.2125  2.31069  4.10455  4.10998  4.16683  4.19802 
1.50796 -1.50796 1.25958  1.25958  1.25958  1.25958  -0.322326  -0.322326  4.31444  4.31444  4.31444  4.31444  2.20648  2.20648  2.14181  2.23666  4.28564  4.28977  4.34413  4.37268 
1.63363 -1.50796 1.44042  1.44042  1.44042  1.44042  -0.397674  -0.397674  4.49527  4.49527  4.49527  4.49527  2.13113  2.13113  2.07059  2.16134  4.46829  4.47134  4.52292  4.54889 
1.75929 -1.50796 1.61983  1.61983  1.61983  1.61983  -0.472429  -0.472429  4.67468  4.67468  4.67468  4.67468  2.05638  2.05638  2.00005  2.08599  4.64965  4.65177  4.70028  4.72374 
1.88496 -1.50796 1.79498  1.79498  1.79498  1.79498  -0.54541  -0.54541  4.84984  4.84984  4.84984  4.84984  1.98339  1.98339  1.93139  2.01187  4.82689  4.82821  4.87338  4.89441 
2.01062 -1.50796 1.96312  1.96312  1.96312  1.96312  -0.615468  -0.615468  5.01798  5.01798  5.01798  5.01798  1.91334  1.91334  1.86577  1.94018  4.99724  4.99786  5.03941  5.05812 
2.13628 -1.50796 2.12159  2.12159  2.12159  2.12159  -0.681496  -0.681496  5.17645  5.17645  5.17645  5.17645  1.84731  1.84731  1.80428  1.87208  5.15804  5.15805  5.19573  5.21223 
2.26195 -1.50796 2.26789  2.26789  2.26789  2.26789  -0.742454  -0.742454  5.32275  5.32275  5.32275  5.32275  1.78635  1.78635  1.74797  1.80863  5.30623  5.3068  5.33983  5.35423 
2.38761 -1.50796 2.39971  2.39971  2.39971  2.39971  -0.797381  -0.797381  5.45457  5.45457  5.45457  5.45457  1.73142  1.73142  1.69777  1.75084  5.4401  5.44118  5.46941  5.48183 
2.51327 -1.50796 2.51498  2.51498  2.51498  2.51498  -0.84541  -0.84541  5.56984  5.56984  5.56984  5.56984  1.68339  1.68339  1.65454  1.69958  5.55757  5.55912  5.58239  5.59295 
2.63894 -1.50796 2.61188  2.61188  2.61188  2.61188  -0.885784  -0.885784  5.66674  5.66674  5.66674  5.66674  1.64302  1.64302  1.61901  1.65565  5.6568  5.65877  5.67696  5.6858 
2.7646 -1.50796 2.68888  2.68888  2.68888  2.68888  -0.917866  -0.917866  5.74373  5.74373  5.74373  5.74373  1.61094  1.61094  1.5918  1.61969  5.73625  5.73859  5.75162  5.75886 
2.89027 -1.50796 2.74476  2.74476  2.74476  2.74476  -0.94115  -0.94115  5.79962  5.79962  5.79962  5.79962  1.58765  1.58765  1.57339  1.59224  5.79467  5.79732  5.80521  5.81094 
3.01593 -1.50796 2.77865  2.77865  2.77865  2.77865  -0.955269  -0.955269  5.8335  5.8335  5.8335  5.8335  1.57354  1.57354  1.56414  1.57368  5.83114  5.83375  5.83716  5.84121 
-3.14159 -1.3823 2.79  2.79  2.79  2.79  -0.96  -0.96  5.84486  5.84486  5.84486  5.84486  1.5688  1.5688  1.56425  1.56425  5.84486  5.84486  5.84941  5.84941 
-3.01593 -1.3823 2.77865  2.77865  2.77865  2.77865  -0.955269  -0.955269  5.8335  5.8335  5.8335  5.8335  1.57354  1.57354  1.56378  1.57404  5.83131  5.83329  5.83766  5.84099 
-2.89027 -1.3823 2.74476  2.74476  2.74476  2.74476  -0.94115  -0.94115  5.79962  5.79962  5.79962  5.79962  1.58765  1.58765  1.57249  1.59315  5.79509  5.79651  5.8063  5.81023 
-2.7646 -1.3823 2.68888  2.68888  2.68888  2.68888  -0.917866  -0.917866  5.74373  5.74373  5.74373  5.74373  1.61094  1.61094  1.59017  1.62132  5.73688  5.73757  5.75334  5.75753 
-2.63894 -1.3823 2.61188  2.61188  2.61188  2.61188  -0.885784  -0.885784  5.66674  5.66674  5.66674  5.66674  1.64302  1.64302  1.61648  1.65819  5.65759  5.65763  5.67939  5.68372 
-2.51327 -1.3823 2.51498  2.51498  2.51498  2.51498  -0.84541  -0.84541  5.56984  5.56984  5.56984  5.56984  1.68339  1.68339  1.65093  1.70321  5.55794  5.55845  5.58564  5.58999 
-2.38761 -1.3823 2.39971  2.39971  2.39971  2.39971  -0.797381  -0.797381  5.45457  5.45457  5.45457  5.45457  1.73142  1.73142  1.6929  1.75575  5.44004  5.44101  5.47359  5.47784 
-2.26195 -1.3823 2.26789  2.26789  2.26789  2.26789  -0.742454  -0.742454  5.32275  5.32275  5.32275  5.32275  1.78635  1.78635  1.74164  1.81502  5.30576  5.30712  5.34508  5.34907 
-2.13628 -1.3823 2.12159  2.12159  2.12159  2.12159  -0.681496  -0.681496  5.17645  5.17645  5.17645  5.17645  1.84731  1.84731  1.79631  1.88015  5.15718  5.15886  5.20217  5.20574 
-2.01062 -1.3823 1.96312  1.96312  1.96312  1.96312  -0.615468  -0.615468  5.01798  5.01798  5.01798  5.01798  1.91334  1.91334  1.85595  1.95015  4.99661  4.99857  5.04719  5.05011 
-1.88496 -1.3823 1.79498  1.79498  1.79498  1.79498  -0.54541  -0.54541  4.84984  4.84984  4.84984  4.84984  1.98339  1.98339  1.91953  2.02396  4.82655  4.82879  4.88265  4.88468 
-1.75929 -1.3823 1.61983  1.61983  1.61983  1.61983  -0.472429  -0.472429  4.67468  4.67468  4.67468  4.67468  2.05638  2.05638  1.98593  2.10045  4.64965  4.65219  4.71123  4.71205 
-1.63363 -1.3823 1.44042  1.44042  1.44042  1.44042  -0.397674  -0.397674  4.49527  4.49527  4.49527  4.49527  2.13113  2.13113  2.05399  2.17843  4.46868  4.47159  4.53496  4.53572 
-1.50796 -1.3823 1.25958  1.25958  1.25958  1.25958  -0.322326  -0.322326  4.31444  4.31444  4.31444  4.31444  2.20648  2.20648  2.1225  2.25667  4.28646  4.28988  4.3562  4.35899 
-1.3823 -1.3823 1.08017  1.08017  1.08017  1.08017  -0.247571  -0.247571  4.13503  4.13503  4.13503  4.13503  2.28123  2.28123  2.19025  2.33392  4.10584  4.11001  4.17861  4.18395 
-1.25664 -1.3823 0.905016  0.905016  0.905016  0.905016  -0.17459  -0.17459  3.95987  3.95987  3.95987  3.95987  2.35422  2.35422  2.25599  2.40888  3.92965  3.93493  4.00495  4.01351 
-1.13097 -1.3823 0.736878  0.736878  0.736878  0.736878  -0.104532  -0.104532  3.79173  3.79173  3.79173  3.79173  2.42427  2.42427  2.31851  2.48023  3.76065  3.76762  3.83796  3.85051 
-1.00531 -1.3823 0.578409  0.578409  0.578409  0.578409  -0.0385039  -0.0385039  3.63326  3.63326  3.63326  3.63326  2.4903  2.4903  2.37661  2.5466  3.60148  3.61103  3.68023  3.69772 
-0.879646 -1.3823 0.432109  0.432109  0.432109  0.432109  0.0224544  0.0224544  3.48696  3.48696  3.48696  3.48696  2.55126  2.55126  2.42917  2.60647  3.45463  3.46818  3.53421  3.55772 
-0.753982 -1.3823 0.300285  0.300285  0.300285  0.300285  0.0773812  0.0773812  3.35514  3.35514  3.35514  3.35514  2.60619  2.60619  2.4752  2.65811  3.3224  3.3422  3.40212  3.4329 
-0.628319 -1.3823 0.185016  0.185016  0.185016  0.185016  0.12541  0.12541  3.23987  3.23987  3.23987  3.23987  2.65422  2.65422  2.51393  2.69944  3.20684  3.23649  3.28596  3.32525 
-0.502655 -1.3823 0.0881184  0.0881184  0.0881184  0.0881184  0.165784  0.165784  3.14297  3.14297  3.14297  3.14297  2.69459  2.69459  2.545  2.72803  3.10973  3.15461  3.18745  3.23625 
-0.376991 -1.3823 0.0111219  0.0111219  0.0111219  0.0111219  0.197866  0.197866  3.06598  3.06598  3.06598  3.06598  2.72667  2.72667  2.5687  2.74211  3.03254  3.09908  3.10827  3.16656 
-0.251327 -1.3823 -0.0447598  -0.0447598  -0.0447598  -0.0447598  0.22115  0.22115  3.0101  3.0101  3.0101  3.0101  2.74995  2.74995  2.58601  2.74304  2.97642  3.04797  3.07087  3.11598 
-0.125664 -1.3823 -0.0786452  -0.0786452  -0.0786452  -0.0786452  0.235269  0.235269  2.97621  2.97621  2.97621  2.97621  2.76407  2.76407  2.59838  2.7365  2.94216  3.00918  3.0631  3.08368 
0 -1.3823 -0.09  -0.09  -0.09  -0.09  0.24  0.24  2.96486  2.96486  2.96486  2.96486  2.7688  2.7688  2.60689  2.72879  2.93024  2.99132  3.06893  3.07086 
0.125664 -1.3823 -0.0786452  -0.0786452  -0.0786452  -0.0786452  0.235269  0.235269  2.97621  2.97621  2.97621  2.97621  2.76407  2.76407  2.61125  2.72262  2.94087  2.99471  3.07209  3.09144 
0.251327 -1.3823 -0.0447598  -0.0447598  -0.0447598  -0.0447598  0.22115  0.22115  3.0101  3.0101  3.0101  3.0101  2.74995  2.74995  2.60961  2.71634  2.974  3.01971  3.0948  3.12583 
0.376991 -1.3823 0.0111219  0.0111219  0.0111219  0.0111219  0.197866  0.197866  3.06598  3.06598  3.06598  3.06598  2.72667  2.72667  2.59945  2.70586  3.0293  3.06676  3.13905  3.17682 
0.502655 -1.3823 0.0881184  0.0881184  0.0881184  0.0881184  0.165784  0.165784  3.14297  3.14297  3.14297  3.14297  2.69459  2.69459  2.57912  2.68734  3.10603  3.136  3.20583  3.24675 
0.628319 -1.3823 0.185016  0.185016  0.185016  0.185016  0.12541  0.12541  3.23987  3.23987  3.23987  3.23987  2.65422  2.65422  2.54838  2.65885  3.20302  3.22673  3.29462  3.33632 
0.753982 -1.3823 0.300285  0.300285  0.300285  0.300285  0.0773812  0.0773812  3.35514  3.35514  3.35514  3.35514  2.60619  2.60619  2.50806  2.62025  3.31874  3.33743  3.4037  3.44476 
0.879646 -1.3823 0.432109  0.432109  0.432109  0.432109  0.0224544  0.0224544  3.48696  3.48696  3.48696  3.48696  2.55126  2.55126  2.45942  2.57242  3.4513  3.46606  3.53081  3.57038 
1.00531 -1.3823 0.578409  0.578409  0.578409  0.578409  -0.0385039  -0.0385039  3.63326  3.63326  3.63326  3.63326  2.4903  2.4903  2.40381  2.5166  3.59859  3.61025  3.67341  3.71101 
1.13097 -1.3823 0.736878  0.736878  0.736878  0.736878  -0.104532  -0.104532  3.79173  3.79173  3.79173  3.79173  2.42427  2.42427  2.34257  2.45414  3.75826  3.76746  3.82884  3.86421 
1.25664 -1.3823 0.905016  0.905016  0.905016  0.905016  -0.17459  -0.17459  3.95987  3.95987  3.95987  3.95987  2.35422  2.35422  2.27701  2.3864  3.92777  3.935  3.99438  4.02737 
1.3823 -1.3823 1.08017  1.08017  1.08017  1.08017  -0.247571  -0.247571  4.13503  4.13503  4.13503  4.13503  2.28123  2.28123  2.20841  2.31471  4.10445  4.11008  4.16718  4.19773 
1.50796 -1.3823 1.25958  1.25958  1.25958  1.25958  -0.322326  -0.322326  4.31444  4.31444  4.31444  4.31444  2.20648  2.20648  2.13801  2.24041  4.28555  4.28985  4.34439  4.37249 
1.63363 -1.3823 1.44042  1.44042  1.44042  1.44042  -0.397674  -0.397674  4.49527  4.49527  4.49527  4.49527  2.13113  2.13113  2.06708  2.1648  4.4682  4.47141  4.5231  4.54876 
1.75929 -1.3823 1.61983  1.61983  1.61983  1.61983  -0.472429  -0.472429  4.67468  4.67468  4.67468  4.67468  2.05638  2.05638  1.99683  2.08917  4.64957  4.65184  4.7004  4.72368 
1.88496 -1.3823 1.79498  1.79498  1.79498  1.79498  -0.54541  -0.54541  4.84984  4.84984  4.84984  4.84984  1.98339  1.98339  1.92847  2.01476  4.82682  4.82827  4.87344  4.89439 
2.01062 -1.3823 1.96312  1.96312  1.96312  1.96312  -0.615468  -0.615468  5.01798  5.01798  5.01798  5.01798  1.91334  1.91334  1.86315  1.94278  4.99717  4.99791  5.03943  5.05814 
2.13628 -1.3823 2.12159  2.12159  2.12159  2.12159  -0.681496  -0.681496  5.17645  5.17645  5.17645  5.17645  1.84731  1.84731  1.80196  1.87439  5.15798  5.15808  5.19572  5.21227 
2.26195 -1.3823 2.26789  2.26789  2.26789  2.26789  -0.742454  -0.742454  5.32275  5.32275  5.32275  5.32275  1.78635  1.78635  1.74594  1.81065  5.30627  5.30674  5.33979  5.3543 
2.38761 -1.3823 2.39971  2.39971  2.39971  2.39971  -0.797381  -0.797381  5.45457  5.45457  5.45457  5.45457  1.73142  1.73142  1.69604  1.75256  5.44013  5.44114  5.46935  5.48191 
2.51327 -1.3823 2.51498  2.51498  2.51498  2.51498  -0.84541  -0.84541  5.56984  5.56984  5.56984  5.56984  1.68339  1.68339  1.6531  1.70101  5.55759  5.55909  5.58231  5.59304 
2.63894 -1.3823 2.61188  2.61188  2.61188  2.61188  -0.885784  -0.885784  5.66674  5.66674  5.66674  5.66674  1.64302  1.64302  1.61787  1.65678  5.65681  5.65877  5.67687  5.6859 
2.7646 -1.3823 2.68888  2.68888  2.68888  2.68888  -0.917866  -0.917866  5.74373  5.74373  5.74373  5.74373  1.61094  1.61094  1.59095  1.62054  5.73624  5.73862  5.75152  5.75895 
2.89027 -1.3823 2.74476  2.74476  2.74476  2.74476  -0.94115  -0.94115  5.79962  5.79962  5.79962  5.79962  1.58765  1.58765  1.57283  1.5928  5.79465  5.79739  5.80508  5.81103 
3.01593 -1.3823 2.77865  2.77865  2.77865  2.77865  -0.955269  -0.955269  5.8335  5.8335  5.8335  5.8335  1.57354  1.57354  1.56387  1.57396  5.83111  5.83387  5.837  5.84127 
-3.14159 -1.25664 2.79  2.79  2.79  2.79  -0.96  -0.96  5.84486  5.84486  5.84486  5.84486  1.5688  1.5688  1.56425  1.56425  5.84486  5.84486  5.84941  5.84941 
-3.01593 -1.25664 2.77865  2.77865  2.77865  2.77865  -0.955269  -0.955269  5.8335  5.8335  5.8335  5.8335  1.57354  1.57354  1.56353  1.57429  5.83126  5.83342  5.8375  5.84108 
-2.89027 -1.25664 2.74476  2.74476  2.74476  2.74476  -0.94115  -0.94115  5.79962  5.79962  5.79962  5.79962  1.58765  1.58765  1.57199  1.59364  5.79504  5.79661  5.80612  5.81037 
-2.7646 -1.25664 2.68888  2.68888  2.68888  2.68888  -0.917866  -0.917866  5.74373  5.74373  5.74373  5.74373  1.61094  1.61094  1.58944  1.62205  5.73682  5.73765  5.75312  5.75772 
-2.63894 -1.25664 2.61188  2.61188  2.61188  2.61188  -0.885784  -0.885784  5.66674  5.66674  5.66674  5.66674  1.64302  1.64302  1.61552  1.65914  5.65753  5.6577  5.67913  5.68397 
-2.51327 -1.25664 2.51498  2.51498  2.51498  2.51498  -0.84541  -0.84541  5.56984  5.56984  5.56984  5.56984  1.68339  1.68339  1.64976  1.70438  5.55799  5.5584  5.58533  5.5903 
-2.38761 -1.25664 2.39971  2.39971  2.39971  2.39971  -0.797381  -0.797381  5.45457  5.45457  5.45457  5.45457  1.73142  1.73142  1.69152  1.75711  5.44007  5.44097  5.47323  5.47822 
-2.26195 -1.25664 2.26789  2.26789  2.26789  2.26789  -0.742454  -0.742454  5.32275  5.32275  5.32275  5.32275  1.78635  1.78635  1.74008  1.81657  5.30578  5.30709  5.34465  5.34952 
-2.13628 -1.25664 2.12159  2.12159  2.12159  2.12159  -0.681496  -0.681496  5.17645  5.17645  5.17645  5.17645  1.84731  1.84731  1.79457  1.88187  5.15718  5.15884  5.20168  5.20626 
-2.01062 -1.25664 1.96312  1.96312  1.96312  1.96312  -0.615468  -0.615468  5.01798  5.01798  5.01798  5.01798  1.91334  1.91334  1.85406  1.95203  4.99659  4.99857  5.04663  5.05071 
-1.88496 -1.25664 1.79498  1.79498  1.79498  1.79498  -0.54541  -0.54541  4.84984  4.84984  4.84984  4.84984  1.98339  1.98339  1.91748  2.02597  4.82651  4.8288  4.88202  4.88536 
-1.75929 -1.25664 1.61983  1.61983  1.61983  1.61983  -0.472429  -0.472429  4.67468  4.67468  4.67468  4.67468  2.05638  2.05638  1.98376  2.10258  4.64958  4.65223  4.71052  4.71282 
-1.63363 -1.25664 1.44042  1.44042  1.44042  1.44042  -0.397674  -0.397674  4.49527  4.49527  4.49527  4.49527  2.13113  2.13113  2.05171  2.18066  4.46858  4.47165  4.53493  4.53583 
-1.50796 -1.25664 1.25958  1.25958  1.25958  1.25958  -0.322326  -0.322326  4.31444  4.31444  4.31444  4.31444  2.20648  2.20648  2.12013  2.25897  4.28633  4.28997  4.35718  4.35812 
-1.3823 -1.25664 1.08017  1.08017  1.08017  1.08017  -0.247571  -0.247571  4.13503  4.13503  4.13503  4.13503  2.28123  2.28123  2.18781  2.33627  4.10568  4.11013  4.17969  4.18299 
-1.25664 -1.25664 0.905016  0.905016  0.905016  0.905016  -0.17459  -0.17459  3.95987  3.95987  3.95987  3.95987  2.35422  2.35422  2.2535  2.41125  3.92945  3.9351  4.00616  4.01246 
-1.13097 -1.25664 0.736878  0.736878  0.736878  0.736878  -0.104532  -0.104532  3.79173  3.79173  3.79173  3.79173  2.42427  2.42427  2.31599  2.48259  3.7604  3.76783  3.83929  3.84938 
-1.00531 -1.25664 0.578409  0.578409  0.578409  0.578409  -0.0385039  -0.0385039  3.63326  3.63326  3.63326  3.63326  2.4903  2.4903  2.37409  2.5489  3.60117  3.6113  3.68171  3.6965 
-0.879646 -1.25664 0.432109  0.432109  0.432109  0.432109  0.0224544  0.0224544  3.48696  3.48696  3.48696  3.48696  2.55126  2.55126  2.42665  2.60868  3.45426  3.4685  3.53585  3.55643 
-0.753982 -1.25664 0.300285  0.300285  0.300285  0.300285  0.0773812  0.0773812  3.35514  3.35514  3.35514  3.35514  2.60619  2.60619  2.47269  2.66019  3.32195  3.34259  3.40396  3.43156 
-0.628319 -1.25664 0.185016  0.185016  0.185016  0.185016  0.12541  0.12541  3.23987  3.23987  3.23987  3.23987  2.65422  2.65422  2.51143  2.70134  3.2063  3.2369  3.28804  3.3239 
-0.502655 -1.25664 0.0881184  0.0881184  0.0881184  0.0881184  0.165784  0.165784  3.14297  3.14297  3.14297  3.14297  2.69459  2.69459  2.54248  2.72974  3.10909  3.15491  3.18991  3.23493 
-0.376991 -1.25664 0.0111219  0.0111219  0.0111219  0.0111219  0.197866  0.197866  3.06598  3.06598  3.06598  3.06598  2.72667  2.72667  2.56608  2.74368  3.0318  3.09828  3.11202  3.16538 
-0.251327 -1.25664 -0.0447598  -0.0447598  -0.0447598  -0.0447598  0.22115  0.22115  3.0101  3.0101  3.0101  3.0101  2.74995  2.74995  2.58319  2.74463  2.97558  3.04925  3.07258  3.11506 
-0.125664 -1.25664 -0.0786452  -0.0786452  -0.0786452  -0.0786452  0.235269  0.235269  2.97621  2.97621  2.97621  2.97621  2.76407  2.76407  2.59522  2.73834  2.94123  3.01116  3.06389  3.08315 
0 -1.25664 -0.09  -0.09  -0.09  -0.09  0.24  0.24  2.96486  2.96486  2.96486  2.96486  2.7688  2.7688  2.60324  2.7311  2.92929  2.99352  3.06891  3.07098 
0.125664 -1.25664 -0.0786452  -0.0786452  -0.0786452  -0.0786452  0.235269  0.235269  2.97621  2.97621  2.97621  2.97621  2.76407  2.76407  2.60703  2.72558  2.93996  2.99689  3.07262  3.09092 
0.251327 -1.25664 -0.0447598  -0.0447598  -0.0447598  -0.0447598  0.22115  0.22115  3.0101  3.0101  3.0101  3.0101  2.74995  2.74995  2.60483  2.72004  2.9732  3.02164  3.0958  3.12479 
0.376991 -1.25664 0.0111219  0.0111219  0.0111219  0.0111219  0.197866  0.197866  3.06598  3.06598  3.06598  3.06598  2.72667  2.72667  2.59428  2.71021  3.02865  3.0683  3.14033  3.17549 
0.502655 -1.25664 0.0881184  0.0881184  0.0881184  0.0881184  0.165784  0.165784  3.14297  3.14297  3.14297  3.14297  2.69459  2.69459  2.57378  2.69211  3.10553  3.13711  3.2072  3.24535 
0.628319 -1.25664 0.185016  0.185016  0.185016  0.185016  0.12541  0.12541  3.23987  3.23987  3.23987  3.23987  2.65422  2.65422  2.54306  2.66378  3.20266  3.22749  3.29591  3.33502 
0.753982 -1.25664 0.300285  0.300285  0.300285  0.300285  0.0773812  0.0773812  3.35514  3.35514  3.35514  3.35514  2.60619  2.60619  2.50289  2.62516  3.31847  3.33795  3.40484  3.44363 
0.879646 -1.25664 0.432109  0.432109  0.432109  0.432109  0.0224544  0.0224544  3.48696  3.48696  3.48696  3.48696  2.55126  2.55126  2.45446  2.57719  3.45111  3.4664  3.53178  3.56944 
1.00531 -1.25664 0.578409  0.578409  0.578409  0.578409  -0.0385039  -0.0385039  3.63326  3.63326  3.63326  3.63326  2.4903  2.4903  2.3991  2.52117  3.59845  3.61048  3.67421  3.71025 
1.13097 -1.25664 0.736878  0.736878  0.736878  0.736878  -0.104532  -0.104532  3.79173  3.79173  3.79173  3.79173  2.42427  2.42427  2.33814  2.45848  3.75814  3.76762  3.82949  3.86361 
1.25664 -1.25664 0.905016  0.905016  0.905016  0.905016  -0.17459  -0.17459  3.95987  3.95987  3.95987  3.95987  2.35422  2.35422  2.27286  2.39048  3.92767  3.93512  3.99489  4.0269 
1.3823 -1.25664 1.08017  1.08017  1.08017  1.08017  -0.247571  -0.247571  4.13503  4.13503  4.13503  4.13503  2.28123  2.28123  2.20453  2.31853  4.10437  4.11018  4.16758  4.19738 
1.50796 -1.25664 1.25958  1.25958  1.25958  1.25958  -0.322326  -0.322326  4.31444  4.31444  4.31444  4.31444  2.20648  2.20648  2.13442  2.24396  4.28547  4.28993  4.3447  4.37223 
1.63363 -1.25664 1.44042  1.44042  1.44042  1.44042  -0.397674  -0.397674  4.49527  4.49527  4.49527  4.49527  2.13113  2.13113  2.06377  2.16808  4.46813  4.47147  4.52332  4.54858 
1.75929 -1.25664 1.61983  1.61983  1.61983  1.61983  -0.472429  -0.472429  4.67468  4.67468  4.67468  4.67468  2.05638  2.05638  1.99381  2.09217  4.6495  4.65189  4.70056  4.72356 
1.88496 -1.25664 1.79498  1.79498  1.79498  1.79498  -0.54541  -0.54541  4.84984  4.84984  4.84984  4.84984  1.98339  1.98339  1.92573  2.01749  4.82675  4.82832  4.87354  4.89433 
2.01062 -1.25664 1.96312  1.96312  1.96312  1.96312  -0.615468  -0.615468  5.01798  5.01798  5.01798  5.01798  1.91334  1.91334  1.86068  1.94523  4.9971  4.99796  5.03949  5.05812 
2.13628 -1.25664 2.12159  2.12159  2.12159  2.12159  -0.681496  -0.681496  5.17645  5.17645  5.17645  5.17645  1.84731  1.84731  1.79978  1.87656  5.15792  5.15813  5.19573  5.21229 
2.26195 -1.25664 2.26789  2.26789  2.26789  2.26789  -0.742454  -0.742454  5.32275  5.32275  5.32275  5.32275  1.78635  1.78635  1.74404  1.81254  5.30631  5.30669  5.33978  5.35433 
2.38761 -1.25664 2.39971  2.39971  2.39971  2.39971  -0.797381  -0.797381  5.45457  5.45457  5.45457  5.45457  1.73142  1.73142  1.69442  1.75417  5.44017  5.4411  5.46931  5.48196 
2.51327 -1.25664 2.51498  2.51498  2.51498  2.51498  -0.84541  -0.84541  5.56984  5.56984  5.56984  5.56984  1.68339  1.68339  1.65176  1.70235  5.55762  5.55906  5.58225  5.59311 
2.63894 -1.25664 2.61188  2.61188  2.61188  2.61188  -0.885784  -0.885784  5.66674  5.66674  5.66674  5.66674  1.64302  1.64302  1.6168  1.65784  5.65682  5.65876  5.67679  5.68597 
2.7646 -1.25664 2.68888  2.68888  2.68888  2.68888  -0.917866  -0.917866  5.74373  5.74373  5.74373  5.74373  1.61094  1.61094  1.59016  1.62133  5.73624  5.73863  5.75142  5.75903 
2.89027 -1.25664 2.74476  2.74476  2.74476  2.74476  -0.94115  -0.94115  5.79962  5.79962  5.79962  5.79962  1.58765  1.58765  1.57231  1.59332  5.79463  5.79744  5.80497  5.8111 
3.01593 -1.25664 2.77865  2.77865  2.77865  2.77865  -0.955269  -0.955269  5.8335  5.8335  5.8335  5.8335  1.57354  1.57354  1.56361  1.57421  5.83108  5.83399  5.83684  5.84134 
-3.14159 -1.13097 2.79  2.79  2.79  2.79  -0.96  -0.96  5.84486  5.84486  5.84486  5.84486  1.5688  1.5688  1.56425  1.56425  5.84486  5.84486  5.84941  5.84941 
-3.01593 -1.13097 2.77865  2.77865  2.77865  2.77865  -0.955269  -0.955269  5.8335  5.8335  5.8335  5.8335  1.57354  1.57354  1.5633  1.57452  5.83122  5.83354  5.83733  5.84115 
-2.89027 -1.13097 2.74476  2.74476  2.74476  2.74476  -0.94115  -0.94115  5.79962  5.79962  5.79962  5.79962  1.58765  1.58765  1.57154  1.59409  5.79498  5.79671  5.80594  5.81051 
-2.7646 -1.13097 2.68888  2.68888  2.68888  2.68888  -0.917866  -0.917866  5.74373  5.74373  5.74373  5.74373  1.61094  1.61094  1.58877  1.62271  5.73677  5.73774  5.75291  5.75791 
-2.63894 -1.13097 2.61188  2.61188  2.61188  2.61188  -0.885784  -0.885784  5.66674  5.66674  5.66674  5.66674  1.64302  1.64302  1.61465  1.66  5.65748  5.65776  5.67888  5.68421 
-2.51327 -1.13097 2.51498  2.51498  2.51498  2.51498  -0.84541  -0.84541  5.56984  5.56984  5.56984  5.56984  1.68339  1.68339  1.6487  1.70543  5.55804  5.55835  5.58503  5.5906 
-2.38761 -1.13097 2.39971  2.39971  2.39971  2.39971  -0.797381  -0.797381  5.45457  5.45457  5.45457  5.45457  1.73142  1.73142  1.69028  1.75835  5.44011  5.44093  5.47287  5.47858 
-2.26195 -1.13097 2.26789  2.26789  2.26789  2.26789  -0.742454  -0.742454  5.32275  5.32275  5.32275  5.32275  1.78635  1.78635  1.73867  1.81797  5.3058  5.30706  5.34424  5.34995 
-2.13628 -1.13097 2.12159  2.12159  2.12159  2.12159  -0.681496  -0.681496  5.17645  5.17645  5.17645  5.17645  1.84731  1.84731  1.79301  1.88342  5.15718  5.15882  5.2012  5.20677 
-2.01062 -1.13097 1.96312  1.96312  1.96312  1.96312  -0.615468  -0.615468  5.01798  5.01798  5.01798  5.01798  1.91334  1.91334  1.85235  1.95371  4.99657  4.99857  5.04608  5.0513 
-1.88496 -1.13097 1.79498  1.79498  1.79498  1.79498  -0.54541  -0.54541  4.84984  4.84984  4.84984  4.84984  1.98339  1.98339  1.91565  2.02777  4.82647  4.82882  4.8814  4.88604 
-1.75929 -1.13097 1.61983  1.61983  1.61983  1.61983  -0.472429  -0.472429  4.67468  4.67468  4.67468  4.67468  2.05638  2.05638  1.98182  2.10448  4.64952  4.65226  4.70982  4.71359 
-1.63363 -1.13097 1.44042  1.44042  1.44042  1.44042  -0.397674  -0.397674  4.49527  4.49527  4.49527  4.49527  2.13113  2.13113  2.04968  2.18263  4.46849  4.47171  4.53415  4.5367 
-1.50796 -1.13097 1.25958  1.25958  1.25958  1.25958  -0.322326  -0.322326  4.31444  4.31444  4.31444  4.31444  2.20648  2.20648  2.11803  2.261  4.28621  4.29005  4.35725  4.35816 
-1.3823 -1.13097 1.08017  1.08017  1.08017  1.08017  -0.247571  -0.247571  4.13503  4.13503  4.13503  4.13503  2.28123  2.28123  2.18566  2.33832  4.10552  4.11024  4.18079  4.18203 
-1.25664 -1.13097 0.905016  0.905016  0.905016  0.905016  -0.17459  -0.17459  3.95987  3.95987  3.95987  3.95987  2.35422  2.35422  2.25132  2.4133  3.92925  3.93524  4.00738  4.01141 
-1.13097 -1.13097 0.736878  0.736878  0.736878  0.736878  -0.104532  -0.104532  3.79173  3.79173  3.79173  3.79173  2.42427  2.42427  2.3138  2.48461  3.76015  3.76802  3.84067  3.84824 
-1.00531 -1.13097 0.578409  0.578409  0.578409  0.578409  -0.0385039  -0.0385039  3.63326  3.63326  3.63326  3.63326  2.4903  2.4903  2.3719  2.55085  3.60087  3.61152  3.68324  3.69527 
-0.879646 -1.13097 0.432109  0.432109  0.432109  0.432109  0.0224544  0.0224544  3.48696  3.48696  3.48696  3.48696  2.55126  2.55126  2.42449  2.61052  3.4539  3.46877  3.53757  3.55513 
-0.753982 -1.13097 0.300285  0.300285  0.300285  0.300285  0.0773812  0.0773812  3.35514  3.35514  3.35514  3.35514  2.60619  2.60619  2.47055  2.66188  3.32152  3.34288  3.40591  3.4302 
-0.628319 -1.13097 0.185016  0.185016  0.185016  0.185016  0.12541  0.12541  3.23987  3.23987  3.23987  3.23987  2.65422  2.65422  2.50929  2.70285  3.20578  3.23716  3.29031  3.32252 
-0.502655 -1.13097 0.0881184  0.0881184  0.0881184  0.0881184  0.165784  0.165784  3.14297  3.14297  3.14297  3.14297  2.69459  2.69459  2.54031  2.73107  3.10849  3.1549  3.1927  3.2336 
-0.376991 -1.13097 0.0111219  0.0111219  0.0111219  0.0111219  0.197866  0.197866  3.06598  3.06598  3.06598  3.06598  2.72667  2.72667  2.56381  2.7449  3.0311  3.09709  3.11615  3.16419 
-0.251327 -1.13097 -0.0447598  -0.0447598  -0.0447598  -0.0447598  0.22115  0.22115  3.0101  3.0101  3.0101  3.0101  2.74995  2.74995  2.5807  2.74593  2.97479  3.04976  3.07498  3.11414 
-0.125664 -1.13097 -0.0786452  -0.0786452  -0.0786452  -0.0786452  0.235269  0.235269  2.97621  2.97621  2.97621  2.97621  2.76407  2.76407  2.59236  2.73992  2.94039  3.01283  3.06487  3.08262 
0 -1.13097 -0.09  -0.09  -0.09  -0.09  0.24  0.24  2.96486  2.96486  2.96486  2.96486  2.7688  2.7688  2.59988  2.73318  2.92843  2.99556  3.06889  3.0711 
0.125664 -1.13097 -0.0786452  -0.0786452  -0.0786452  -0.0786452  0.235269  0.235269  2.97621  2.97621  2.97621  2.97621  2.76407  2.76407  2.60307  2.72833  2.93915  2.999  3.07315  3.09029 
0.251327 -1.13097 -0.0447598  -0.0447598  -0.0447598  -0.0447598  0.22115  0.22115  3.0101  3.0101  3.0101  3.0101  2.74995  2.74995  2.60033  2.72353  2.97251  3.02356  3.09679  3.12358 
0.376991 -1.13097 0.0111219  0.0111219  0.0111219  0.0111219  0.197866  0.197866  3.06598  3.06598  3.06598  3.06598  2.72667  2.72667  2.58939  2.71435  3.0281  3.06984  3.14161  3.17396 
0.502655 -1.13097 0.0881184  0.0881184  0.0881184  0.0881184  0.165784  0.165784  3.14297  3.14297  3.14297  3.14297  2.69459  2.69459  2.56871  2.69667  3.10512  3.13823  3.20857  3.24378 
0.628319 -1.13097 0.185016  0.185016  0.185016  0.185016  0.12541  0.12541  3.23987  3.23987  3.23987  3.23987  2.65422  2.65422  2.53801  2.6685  3.20236  3.22825  3.29722  3.33356 
0.753982 -1.13097 0.300285  0.300285  0.300285  0.300285  0.0773812  0.0773812  3.35514  3.35514  3.35514  3.35514  2.60619  2.60619  2.49798  2.62985  3.31826  3.33845  3.40602  3.44237 
0.879646 -1.13097 0.432109  0.432109  0.432109  0.432109  0.0224544  0.0224544  3.48696  3.48696  3.48696  3.48696  2.55126  2.55126  2.44976  2.58174  3.45096  3.46674  3.53278  3.56839 
1.00531 -1.13097 0.578409  0.578409  0.578409  0.578409  -0.0385039  -0.0385039  3.63326  3.63326  3.63326  3.63326  2.4903  2.4903  2.39466  2.52552  3.59834  3.61071  3.67505  3.70939 
1.13097 -1.13097 0.736878  0.736878  0.736878  0.736878  -0.104532  -0.104532  3.79173  3.79173  3.79173  3.79173  2.42427  2.42427  2.33395  2.46259  3.75806  3.76778  3.83018  3.86292 
1.25664 -1.13097 0.905016  0.905016  0.905016  0.905016  -0.17459  -0.17459  3.95987  3.95987  3.95987  3.95987  2.35422  2.35422  2.26894  2.39434  3.9276  3.93523  3.99545  4.02635 
1.3823 -1.13097 1.08017  1.08017  1.08017  1.08017  -0.247571  -0.247571  4.13503  4.13503  4.13503  4.13503  2.28123  2.28123  2.20088  2.32214  4.1043  4.11026  4.16803  4.19695 
1.50796 -1.13097 1.25958  1.25958  1.25958  1.25958  -0.322326  -0.322326  4.31444  4.31444  4.31444  4.31444  2.20648  2.20648  2.13104  2.2473  4.2854  4.29  4.34505  4.37191 
1.63363 -1.13097 1.44042  1.44042  1.44042  1.44042  -0.397674  -0.397674  4.49527  4.49527  4.49527  4.49527  2.13113  2.13113  2.06067  2.17116  4.46807  4.47153  4.52359  4.54834 
1.75929 -1.13097 1.61983  1.61983  1.61983  1.61983  -0.472429  -0.472429  4.67468  4.67468  4.67468  4.67468  2.05638  2.05638  1.99097  2.09498  4.64943  4.65195  4.70075  4.7234 
1.88496 -1.13097 1.79498  1.79498  1.79498  1.79498  -0.54541  -0.54541  4.84984  4.84984  4.84984  4.84984  1.98339  1.98339  1.92316  2.02003  4.82668  4.82837  4.87368  4.89422 
2.01062 -1.13097 1.96312  1.96312  1.96312  1.96312  -0.615468  -0.615468  5.01798  5.01798  5.01798  5.01798  1.91334  1.91334  1.85839  1.94751  4.99704  4.99801  5.03958  5.05806 
2.13628 -1.13097 2.12159  2.12159  2.12159  2.12159  -0.681496  -0.681496  5.17645  5.17645  5.17645  5.17645  1.84731  1.84731  1.79775  1.87857  5.15785  5.15817  5.19578  5.21226 
2.26195 -1.13097 2.26789  2.26789  2.26789  2.26789  -0.742454  -0.742454  5.32275  5.32275  5.32275  5.32275  1.78635  1.78635  1.74228  1.81429  5.30635  5.30663  5.33979  5.35434 
2.38761 -1.13097 2.39971  2.39971  2.39971  2.39971  -0.797381  -0.797381  5.45457  5.45457  5.45457  5.45457  1.73142  1.73142  1.69292  1.75567  5.4402  5.44105  5.4693  5.482 
2.51327 -1.13097 2.51498  2.51498  2.51498  2.51498  -0.84541  -0.84541  5.56984  5.56984  5.56984  5.56984  1.68339  1.68339  1.65052  1.70358  5.55764  5.55903  5.58221  5.59316 
2.63894 -1.13097 2.61188  2.61188  2.61188  2.61188  -0.885784  -0.885784  5.66674  5.66674  5.66674  5.66674  1.64302  1.64302  1.61582  1.65882  5.65684  5.65874  5.67674  5.68603 
2.7646 -1.13097 2.68888  2.68888  2.68888  2.68888  -0.917866  -0.917866  5.74373  5.74373  5.74373  5.74373  1.61094  1.61094  1.58943  1.62205  5.73624  5.73864  5.75135  5.7591 
2.89027 -1.13097 2.74476  2.74476  2.74476  2.74476  -0.94115  -0.94115  5.79962  5.79962  5.79962  5.79962  1.58765  1.58765  1.57183  1.5938  5.79462  5.79749  5.80487  5.81117 
3.01593 -1.13097 2.77865  2.77865  2.77865  2.77865  -0.955269  -0.955269  5.8335  5.8335  5.8335  5.8335  1.57354  1.57354  1.56337  1.57445  5.83106  5.83412  5.83669  5.84139 
-3.14159 -1.00531 2.79  2.79  2.79  2.79  -0.96  -0.96  5.84486  5.84486  5.84486  5.84486  1.5688  1.5688  1.56425  1.56425  5.84486  5.84486  5.84941  5.84941 
-3.01593 -1.00531 2.77865  2.77865  2.77865  2.77865  -0.955269  -0.955269  5.8335  5.8335  5.8335  5.8335  1.57354  1.57354  1.56309  1.57473  5.83118  5.83367  5.83717  5.84123 
-2.89027 -1.00531 2.74476  2.74476  2.74476  2.74476  -0.94115  -0.94115  5.79962  5.79962  5.79962  5.79962  1.58765  1.58765  1.57113  1.5945  5.79494  5.79681  5.80577  5.81063 
-2.7646 -1.00531 2.68888  2.68888  2.68888  2.68888  -0.917866  -0.917866  5.74373  5.74373  5.74373  5.74373  1.61094  1.61094  1.58818  1.62331  5.73672  5.73782  5.75271  5.75809 
-2.63894 -1.00531 2.61188  2.61188  2.61188  2.61188  -0.885784  -0.885784  5.66674  5.66674  5.66674  5.66674  1.64302  1.64302  1.61388  1.66078  5.65743  5.65783  5.67864  5.68444 
-2.51327 -1.00531 2.51498  2.51498  2.51498  2.51498  -0.84541  -0.84541  5.56984  5.56984  5.56984  5.56984  1.68339  1.68339  1.64775  1.70638  5.5581  5.5583  5.58474  5.59089 
-2.38761 -1.00531 2.39971  2.39971  2.39971  2.39971  -0.797381  -0.797381  5.45457  5.45457  5.45457  5.45457  1.73142  1.73142  1.68917  1.75945  5.44015  5.44089  5.47253  5.47894 
-2.26195 -1.00531 2.26789  2.26789  2.26789  2.26789  -0.742454  -0.742454  5.32275  5.32275  5.32275  5.32275  1.78635  1.78635  1.73741  1.81922  5.30582  5.30702  5.34383  5.35038 
-2.13628 -1.00531 2.12159  2.12159  2.12159  2.12159  -0.681496  -0.681496  5.17645  5.17645  5.17645  5.17645  1.84731  1.84731  1.79162  1.88479  5.15719  5.1588  5.20073  5.20727 
-2.01062 -1.00531 1.96312  1.96312  1.96312  1.96312  -0.615468  -0.615468  5.01798  5.01798  5.01798  5.01798  1.91334  1.91334  1.85084  1.95519  4.99656  4.99856  5.04555  5.05189 
-1.88496 -1.00531 1.79498  1.79498  1.79498  1.79498  -0.54541  -0.54541  4.84984  4.84984  4.84984  4.84984  1.98339  1.98339  1.91405  2.02935  4.82643  4.82882  4.88079  4.88671 
-1.75929 -1.00531 1.61983  1.61983  1.61983  1.61983  -0.472429  -0.472429  4.67468  4.67468  4.67468  4.67468  2.05638  2.05638  1.98012  2.10613  4.64946  4.65228  4.70913  4.71436 
-1.63363 -1.00531 1.44042  1.44042  1.44042  1.44042  -0.397674  -0.397674  4.49527  4.49527  4.49527  4.49527  2.13113  2.13113  2.04791  2.18434  4.46841  4.47175  4.53337  4.53757 
-1.50796 -1.00531 1.25958  1.25958  1.25958  1.25958  -0.322326  -0.322326  4.31444  4.31444  4.31444  4.31444  2.20648  2.20648  2.11622  2.26274  4.2861  4.29012  4.35638  4.35914 
-1.3823 -1.00531 1.08017  1.08017  1.08017  1.08017  -0.247571  -0.247571  4.13503  4.13503  4.13503  4.13503  2.28123  2.28123  2.18381  2.34007  4.10537  4.11034  4.18108  4.1819 
-1.25664 -1.00531 0.905016  0.905016  0.905016  0.905016  -0.17459  -0.17459  3.95987  3.95987  3.95987  3.95987  2.35422  2.35422  2.24946  2.41503  3.92906  3.93537  4.00863  4.01036 
-1.13097 -1.00531 0.736878  0.736878  0.736878  0.736878  -0.104532  -0.104532  3.79173  3.79173  3.79173  3.79173  2.42427  2.42427  2.31194  2.48628  3.75992  3.76818  3.84207  3.84709 
-1.00531 -1.00531 0.578409  0.578409  0.578409  0.578409  -0.0385039  -0.0385039  3.63326  3.63326  3.63326  3.63326  2.4903  2.4903  2.37006  2.55244  3.60058  3.61172  3.68482  3.69403 
-0.879646 -1.00531 0.432109  0.432109  0.432109  0.432109  0.0224544  0.0224544  3.48696  3.48696  3.48696  3.48696  2.55126  2.55126  2.42268  2.61198  3.45355  3.46899  3.53937  3.55381 
-0.753982 -1.00531 0.300285  0.300285  0.300285  0.300285  0.0773812  0.0773812  3.35514  3.35514  3.35514  3.35514  2.60619  2.60619  2.46877  2.66318  3.3211  3.34308  3.40797  3.42882 
-0.628319 -1.00531 0.185016  0.185016  0.185016  0.185016  0.12541  0.12541  3.23987  3.23987  3.23987  3.23987  2.65422  2.65422  2.50753  2.70397  3.20529  3.23726  3.29274  3.32113 
-0.502655 -1.00531 0.0881184  0.0881184  0.0881184  0.0881184  0.165784  0.165784  3.14297  3.14297  3.14297  3.14297  2.69459  2.69459  2.53852  2.73202  3.10791  3.15464  3.19574  3.23225 
-0.376991 -1.00531 0.0111219  0.0111219  0.0111219  0.0111219  0.197866  0.197866  3.06598  3.06598  3.06598  3.06598  2.72667  2.72667  2.5619  2.74578  3.03044  3.09576  3.12038  3.16299 
-0.251327 -1.00531 -0.0447598  -0.0447598  -0.0447598  -0.0447598  0.22115  0.22115  3.0101  3.0101  3.0101  3.0101  2.74995  2.74995  2.57855  2.74693  2.97406  3.04965  3.0779  3.1132 
-0.125664 -1.00531 -0.0786452  -0.0786452  -0.0786452  -0.0786452  0.235269  0.235269  2.97621  2.97621  2.97621  2.97621  2.76407  2.76407  2.58983  2.74125  2.93962  3.01415  3.06605  3.08209 
0 -1.00531 -0.09  -0.09  -0.09  -0.09  0.24  0.24  2.96486  2.96486  2.96486  2.96486  2.7688  2.7688  2.59681  2.73503  2.92767  2.99743  3.06888  3.07121 
0.125664 -1.00531 -0.0786452  -0.0786452  -0.0786452  -0.0786452  0.235269  0.235269  2.97621  2.97621  2.97621  2.97621  2.76407  2.76407  2.59941  2.73086  2.93846  3.00104  3.07368  3.08954 
0.251327 -1.00531 -0.0447598  -0.0447598  -0.0447598  -0.0447598  0.22115  0.22115  3.0101  3.0101  3.0101  3.0101  2.74995  2.74995  2.59611  2.72681  2.97192  3.02547  3.09778  3.1222 
0.376991 -1.00531 0.0111219  0.0111219  0.0111219  0.0111219  0.197866  0.197866  3.06598  3.06598  3.06598  3.06598  2.72667  2.72667  2.58479  2.71828  3.02765  3.07139  3.14289  3.17225 
0.502655 -1.00531 0.0881184  0.0881184  0.0881184  0.0881184  0.165784  0.165784  3.14297  3.14297  3.14297  3.14297  2.69459  2.69459  2.56395  2.70101  3.10479  3.13935  3.20995  3.24203 
0.628319 -1.00531 0.185016  0.185016  0.185016  0.185016  0.12541  0.12541  3.23987  3.23987  3.23987  3.23987  2.65422  2.65422  2.53326  2.673  3.20214  3.22901  3.29855  3.33196 
0.753982 -1.00531 0.300285  0.300285  0.300285  0.300285  0.0773812  0.0773812  3.35514  3.35514  3.35514  3.35514  2.60619  2.60619  2.49336  2.63431  3.31811  3.33895  3.40722  3.44098 
0.879646 -1.00531 0.432109  0.432109  0.432109  0.432109  0.0224544  0.0224544  3.48696  3.48696  3.48696  3.48696  2.55126  2.55126  2.44535  2.58605  3.45086  3.46706  3.53383  3.56723 
1.00531 -1.00531 0.578409  0.578409  0.578409  0.578409  -0.0385039  -0.0385039  3.63326  3.63326  3.63326  3.63326  2.4903  2.4903  2.39048  2.52962  3.59826  3.61093  3.67594  3.70844 
1.13097 -1.00531 0.736878  0.736878  0.736878  0.736878  -0.104532  -0.104532  3.79173  3.79173  3.79173  3.79173  2.42427  2.42427  2.33003  2.46645  3.758  3.76793  3.83092  3.86215 
1.25664 -1.00531 0.905016  0.905016  0.905016  0.905016  -0.17459  -0.17459  3.95987  3.95987  3.95987  3.95987  2.35422  2.35422  2.26528  2.39796  3.92755  3.93534  3.99606  4.02573 
1.3823 -1.00531 1.08017  1.08017  1.08017  1.08017  -0.247571  -0.247571  4.13503  4.13503  4.13503  4.13503  2.28123  2.28123  2.19748  2.3255  4.10426  4.11034  4.16852  4.19646 
1.50796 -1.00531 1.25958  1.25958  1.25958  1.25958  -0.322326  -0.322326  4.31444  4.31444  4.31444  4.31444  2.20648  2.20648  2.1279  2.25042  4.28535  4.29007  4.34544  4.37153 
1.63363 -1.00531 1.44042  1.44042  1.44042  1.44042  -0.397674  -0.397674  4.49527  4.49527  4.49527  4.49527  2.13113  2.13113  2.05778  2.17402  4.46801  4.47159  4.5239  4.54805 
1.75929 -1.00531 1.61983  1.61983  1.61983  1.61983  -0.472429  -0.472429  4.67468  4.67468  4.67468  4.67468  2.05638  2.05638  1.98835  2.09759  4.64938  4.652  4.70099  4.72318 
1.88496 -1.00531 1.79498  1.79498  1.79498  1.79498  -0.54541  -0.54541  4.84984  4.84984  4.84984  4.84984  1.98339  1.98339  1.92079  2.02239  4.82662  4.82842  4.87386  4.89407 
2.01062 -1.00531 1.96312  1.96312  1.96312  1.96312  -0.615468  -0.615468  5.01798  5.01798  5.01798  5.01798  1.91334  1.91334  1.85627  1.94962  4.99697  4.99806  5.0397  5.05796 
2.13628 -1.00531 2.12159  2.12159  2.12159  2.12159  -0.681496  -0.681496  5.17645  5.17645  5.17645  5.17645  1.84731  1.84731  1.79588  1.88043  5.15779  5.15822  5.19586  5.21221 
2.26195 -1.00531 2.26789  2.26789  2.26789  2.26789  -0.742454  -0.742454  5.32275  5.32275  5.32275  5.32275  1.78635  1.78635  1.74066  1.81591  5.30639  5.30657  5.33984  5.35432 
2.38761 -1.00531 2.39971  2.39971  2.39971  2.39971  -0.797381  -0.797381  5.45457  5.45457  5.45457  5.45457  1.73142  1.73142  1.69155  1.75704  5.44024  5.441  5.46931  5.482 
2.51327 -1.00531 2.51498  2.51498  2.51498  2.51498  -0.84541  -0.84541  5.56984  5.56984  5.56984  5.56984  1.68339  1.68339  1.64939  1.70471  5.55767  5.55899  5.5822  5.59319 
2.63894 -1.00531 2.61188  2.61188  2.61188  2.61188  -0.885784  -0.885784  5.66674  5.66674  5.66674  5.66674  1.64302  1.64302  1.61492  1.65972  5.65685  5.65872  5.6767  5.68607 
2.7646 -1.00531 2.68888  2.68888  2.68888  2.68888  -0.917866  -0.917866  5.74373  5.74373  5.74373  5.74373  1.61094  1.61094  1.58877  1.62272  5.73624  5.73865  5.75129  5.75915 
2.89027 -1.00531 2.74476  2.74476  2.74476  2.74476  -0.94115  -0.94115  5.79962  5.79962  5.79962  5.79962  1.58765  1.58765  1.57139  1.59424  5.79461  5.79753  5.80478  5.81122 
3.01593 -1.00531 2.77865  2.77865  2.77865  2.77865  -0.955269  -0.955269  5.8335  5.8335  5.8335  5.8335  1.57354  1.57354  1.56316  1.57467  5.83104  5.83424  5.83654  5.84144 
-3.14159 -0.879646 2.79  2.79  2.79  2.79  -0.96  -0.96  5.84486  5.84486  5.84486  5.84486  1.5688  1.5688  1.56425  1.56425  5.84486  5.84486  5.84941  5.84941 
-3.01593 -0.879646 2.77865  2.77865  2.77865  2.77865  -0.955269  -0.955269  5.8335  5.8335  5.8335  5.8335  1.57354  1.57354  1.56291  1.57492  5.83115  5.8338  5.83702  5.84129 
-2.89027 -0.879646 2.74476  2.74476  2.74476  2.74476  -0.94115  -0.94115  5.79962  5.79962  5.79962  5.79962  1.58765  1.58765  1.57077  1.59486  5.79489  5.7969  5.8056  5.81075 
-2.7646 -0.879646 2.68888  2.68888  2.68888  2.68888  -0.917866  -0.917866  5.74373  5.74373  5.74373  5.74373  1.61094  1.61094  1.58765  1.62384  5.73667  5.7379  5.75251  5.75825 
-2.63894 -0.879646 2.61188  2.61188  2.61188  2.61188  -0.885784  -0.885784  5.66674  5.66674  5.66674  5.66674  1.64302  1.64302  1.61319  1.66146  5.65738  5.6579  5.6784  5.68466 
-2.51327 -0.879646 2.51498  2.51498  2.51498  2.51498  -0.84541  -0.84541  5.56984  5.56984  5.56984  5.56984  1.68339  1.68339  1.64691  1.7072  5.55815  5.55826  5.58446  5.59117 
-2.38761 -0.879646 2.39971  2.39971  2.39971  2.39971  -0.797381  -0.797381  5.45457  5.45457  5.45457  5.45457  1.73142  1.73142  1.6882  1.76041  5.44019  5.44085  5.4722  5.47928 
-2.26195 -0.879646 2.26789  2.26789  2.26789  2.26789  -0.742454  -0.742454  5.32275  5.32275  5.32275  5.32275  1.78635  1.78635  1.73632  1.8203  5.30585  5.30699  5.34344  5.35079 
-2.13628 -0.879646 2.12159  2.12159  2.12159  2.12159  -0.681496  -0.681496  5.17645  5.17645  5.17645  5.17645  1.84731  1.84731  1.79042  1.88598  5.1572  5.15878  5.20028  5.20775 
-2.01062 -0.879646 1.96312  1.96312  1.96312  1.96312  -0.615468  -0.615468  5.01798  5.01798  5.01798  5.01798  1.91334  1.91334  1.84954  1.95647  4.99655  4.99855  5.04502  5.05245 
-1.88496 -0.879646 1.79498  1.79498  1.79498  1.79498  -0.54541  -0.54541  4.84984  4.84984  4.84984  4.84984  1.98339  1.98339  1.91266  2.03071  4.8264  4.82883  4.88019  4.88737 
-1.75929 -0.879646 1.61983  1.61983  1.61983  1.61983  -0.472429  -0.472429  4.67468  4.67468  4.67468  4.67468  2.05638  2.05638  1.97868  2.10754  4.64941  4.6523  4.70845  4.71511 
-1.63363 -0.879646 1.44042  1.44042  1.44042  1.44042  -0.397674  -0.397674  4.49527  4.49527  4.49527  4.49527  2.13113  2.13113  2.04642  2.18578  4.46833  4.47179  4.5326  4.53843 
-1.50796 -0.879646 1.25958  1.25958  1.25958  1.25958  -0.322326  -0.322326  4.31444  4.31444  4.31444  4.31444  2.20648  2.20648  2.11469  2.2642  4.28599  4.29019  4.35553  4.36012 
-1.3823 -0.879646 1.08017  1.08017  1.08017  1.08017  -0.247571  -0.247571  4.13503  4.13503  4.13503  4.13503  2.28123  2.28123  2.18227  2.34151  4.10523  4.11043  4.18013  4.183 
-1.25664 -0.879646 0.905016  0.905016  0.905016  0.905016  -0.17459  -0.17459  3.95987  3.95987  3.95987  3.95987  2.35422  2.35422  2.24792  2.41643  3.92888  3.93548  4.00931  4.00988 
-1.13097 -0.879646 0.736878  0.736878  0.736878  0.736878  -0.104532  -0.104532  3.79173  3.79173  3.79173  3.79173  2.42427  2.42427  2.31043  2.48762  3.75969  3.76831  3.84349  3.84595 
-1.00531 -0.879646 0.578409  0.578409  0.578409  0.578409  -0.0385039  -0.0385039  3.63326  3.63326  3.63326  3.63326  2.4903  2.4903  2.36858  2.55367  3.60031  3.61187  3.68644  3.69279 
-0.879646 -0.879646 0.432109  0.432109  0.432109  0.432109  0.0224544  0.0224544  3.48696  3.48696  3.48696  3.48696  2.55126  2.55126  2.42124  2.61307  3.45321  3.46915  3.54122  3.55249 
-0.753982 -0.879646 0.300285  0.300285  0.300285  0.300285  0.0773812  0.0773812  3.35514  3.35514  3.35514  3.35514  2.60619  2.60619  2.46738  2.6641  3.3207  3.3432  3.41012  3.42744 
-0.628319 -0.879646 0.185016  0.185016  0.185016  0.185016  0.12541  0.12541  3.23987  3.23987  3.23987  3.23987  2.65422  2.65422  2.50615  2.7047  3.20482  3.23723  3.2953  3.31972 
-0.502655 -0.879646 0.0881184  0.0881184  0.0881184  0.0881184  0.165784  0.165784  3.14297  3.14297  3.14297  3.14297  2.69459  2.69459  2.53711  2.73259  3.10737  3.15417  3.19894  3.23089 
-0.376991 -0.879646 0.0111219  0.0111219  0.0111219  0.0111219  0.197866  0.197866  3.06598  3.06598  3.06598  3.06598  2.72667  2.72667  2.56036  2.74633  3.02983  3.09435  3.12461  3.16177 
-0.251327 -0.879646 -0.0447598  -0.0447598  -0.0447598  -0.0447598  0.22115  0.22115  3.0101  3.0101  3.0101  3.0101  2.74995  2.74995  2.57676  2.74764  2.9734  3.04909  3.08114  3.11227 
-0.125664 -0.879646 -0.0786452  -0.0786452  -0.0786452  -0.0786452  0.235269  0.235269  2.97621  2.97621  2.97621  2.97621  2.76407  2.76407  2.58763  2.74233  2.93893  3.01513  3.0674  3.08157 
0 -0.879646 -0.09  -0.09  -0.09  -0.09  0.24  0.24  2.96486  2.96486  2.96486  2.96486  2.7688  2.7688  2.59407  2.73666  2.927  2.99912  3.06886  3.07132 
0.125664 -0.879646 -0.0786452  -0.0786452  -0.0786452  -0.0786452  0.235269  0.235269  2.97621  2.97621  2.97621  2.97621  2.76407  2.76407  2.59606  2.73318  2.93786  3.00301  3.0742  3.08867 
0.251327 -0.879646 -0.0447598  -0.0447598  -0.0447598  -0.0447598  0.22115  0.22115  3.0101  3.0101  3.0101  3.0101  2.74995  2.74995  2.59221  2.72988  2.97144  3.02736  3.09877  3.12063 
0.376991 -0.879646 0.0111219  0.0111219  0.0111219  0.0111219  0.197866  0.197866  3.06598  3.06598  3.06598  3.06598  2.72667  2.72667  2.58051  2.722  3.02729  3.07294  3.14417  3.17034 
0.502655 -0.879646 0.0881184  0.0881184  0.0881184  0.0881184  0.165784  0.165784  3.14297  3.14297  3.14297  3.14297  2.69459  2.69459  2.55949  2.70513  3.10454  3.14047  3.21133  3.2401 
0.628319 -0.879646 0.185016  0.185016  0.185016  0.185016  0.12541  0.12541  3.23987  3.23987  3.23987  3.23987  2.65422  2.65422  2.52882  2.67725  3.20197  3.22976  3.2999  3.33021 
0.753982 -0.879646 0.300285  0.300285  0.300285  0.300285  0.0773812  0.0773812  3.35514  3.35514  3.35514  3.35514  2.60619  2.60619  2.48905  2.63852  3.31801  3.33943  3.40845  3.43948 
0.879646 -0.879646 0.432109  0.432109  0.432109  0.432109  0.0224544  0.0224544  3.48696  3.48696  3.48696  3.48696  2.55126  2.55126  2.44124  2.5901  3.4508  3.46737  3.53491  3.56596 
1.00531 -0.879646 0.578409  0.578409  0.578409  0.578409  -0.0385039  -0.0385039  3.63326  3.63326  3.63326  3.63326  2.4903  2.4903  2.38659  2.53346  3.59822  3.61113  3.67687  3.70739 
1.13097 -0.879646 0.736878  0.736878  0.736878  0.736878  -0.104532  -0.104532  3.79173  3.79173  3.79173  3.79173  2.42427  2.42427  2.32639  2.47006  3.75797  3.76806  3.83171  3.86129 
1.25664 -0.879646 0.905016  0.905016  0.905016  0.905016  -0.17459  -0.17459  3.95987  3.95987  3.95987  3.95987  2.35422  2.35422  2.26188  2.40133  3.92752  3.93543  3.99671  4.02504 
1.3823 -0.879646 1.08017  1.08017  1.08017  1.08017  -0.247571  -0.247571  4.13503  4.13503  4.13503  4.13503  2.28123  2.28123  2.19434  2.32862  4.10422  4.11042  4.16906  4.19591 
1.50796 -0.879646 1.25958  1.25958  1.25958  1.25958  -0.322326  -0.322326  4.31444  4.31444  4.31444  4.31444  2.20648  2.20648  2.12501  2.25329  4.28532  4.29013  4.34588  4.37108 
1.63363 -0.879646 1.44042  1.44042  1.44042  1.44042  -0.397674  -0.397674  4.49527  4.49527  4.49527  4.49527  2.13113  2.13113  2.05513  2.17665  4.46797  4.47164  4.52425  4.54771 
1.75929 -0.879646 1.61983  1.61983  1.61983  1.61983  -0.472429  -0.472429  4.67468  4.67468  4.67468  4.67468  2.05638  2.05638  1.98594  2.09998  4.64932  4.65205  4.70127  4.72292 
1.88496 -0.879646 1.79498  1.79498  1.79498  1.79498  -0.54541  -0.54541  4.84984  4.84984  4.84984  4.84984  1.98339  1.98339  1.91862  2.02455  4.82656  4.82847  4.87407  4.89388 
2.01062 -0.879646 1.96312  1.96312  1.96312  1.96312  -0.615468  -0.615468  5.01798  5.01798  5.01798  5.01798  1.91334  1.91334  1.85434  1.95154  4.99691  4.9981  5.03986  5.05783 
2.13628 -0.879646 2.12159  2.12159  2.12159  2.12159  -0.681496  -0.681496  5.17645  5.17645  5.17645  5.17645  1.84731  1.84731  1.79418  1.88213  5.15773  5.15826  5.19598  5.21212 
2.26195 -0.879646 2.26789  2.26789  2.26789  2.26789  -0.742454  -0.742454  5.32275  5.32275  5.32275  5.32275  1.78635  1.78635  1.73919  1.81737  5.30643  5.30651  5.33991  5.35427 
2.38761 -0.879646 2.39971  2.39971  2.39971  2.39971  -0.797381  -0.797381  5.45457  5.45457  5.45457  5.45457  1.73142  1.73142  1.6903  1.75828  5.44027  5.44094  5.46935  5.48199 
2.51327 -0.879646 2.51498  2.51498  2.51498  2.51498  -0.84541  -0.84541  5.56984  5.56984  5.56984  5.56984  1.68339  1.68339  1.64837  1.70573  5.5577  5.55895  5.58221  5.5932 
2.63894 -0.879646 2.61188  2.61188  2.61188  2.61188  -0.885784  -0.885784  5.66674  5.66674  5.66674  5.66674  1.64302  1.64302  1.61412  1.66052  5.65687  5.65869  5.67669  5.6861 
2.7646 -0.879646 2.68888  2.68888  2.68888  2.68888  -0.917866  -0.917866  5.74373  5.74373  5.74373  5.74373  1.61094  1.61094  1.58817  1.62331  5.73625  5.73864  5.75125  5.75919 
2.89027 -0.879646 2.74476  2.74476  2.74476  2.74476  -0.94115  -0.94115  5.79962  5.79962  5.79962  5.79962  1.58765  1.58765  1.571  1.59463  5.7946  5.79756  5.80472  5.81126 
3.01593 -0.879646 2.77865  2.77865  2.77865  2.77865  -0.955269  -0.955269  5.8335  5.8335  5.8335  5.8335  1.57354  1.57354  1.56296  1.57486  5.83102  5.83435  5.8364  5.84148 
-3.14159 -0.753982 2.79  2.79  2.79  2.79  -0.96  -0.96  5.84486  5.84486  5.84486  5.84486  1.5688  1.5688  1.56425  1.56425  5.84486  5.84486  5.84941  5.84941 
-3.01593 -0.753982 2.77865  2.77865  2.77865  2.77865  -0.955269  -0.955269  5.8335  5.8335  5.8335  5.8335  1.57354  1.57354  1.56275  1.57508  5.83112  5.83392  5.83686  5.84135 
-2.89027 -0.753982 2.74476  2.74476  2.74476  2.74476  -0.94115  -0.94115  5.79962  5.79962  5.79962  5.79962  1.58765  1.58765  1.57046  1.59517  5.79485  5.79699  5.80545  5.81085 
-2.7646 -0.753982 2.68888  2.68888  2.68888  2.68888  -0.917866  -0.917866  5.74373  5.74373  5.74373  5.74373  1.61094  1.61094  1.58719  1.62429  5.73662  5.73798  5.75233  5.7584 
-2.63894 -0.753982 2.61188  2.61188  2.61188  2.61188  -0.885784  -0.885784  5.66674  5.66674  5.66674  5.66674  1.64302  1.64302  1.6126  1.66205  5.65733  5.65797  5.67818  5.68486 
-2.51327 -0.753982 2.51498  2.51498  2.51498  2.51498  -0.84541  -0.84541  5.56984  5.56984  5.56984  5.56984  1.68339  1.68339  1.6462  1.70791  5.55821  5.55821  5.58419  5.59143 
-2.38761 -0.753982 2.39971  2.39971  2.39971  2.39971  -0.797381  -0.797381  5.45457  5.45457  5.45457  5.45457  1.73142  1.73142  1.68738  1.76123  5.44024  5.44081  5.47187  5.4796 
-2.26195 -0.753982 2.26789  2.26789  2.26789  2.26789  -0.742454  -0.742454  5.32275  5.32275  5.32275  5.32275  1.78635  1.78635  1.73539  1.82121  5.30588  5.30695  5.34306  5.35118 
-2.13628 -0.753982 2.12159  2.12159  2.12159  2.12159  -0.681496  -0.681496  5.17645  5.17645  5.17645  5.17645  1.84731  1.84731  1.7894  1.88698  5.15721  5.15875  5.19983  5.20822 
-2.01062 -0.753982 1.96312  1.96312  1.96312  1.96312  -0.615468  -0.615468  5.01798  5.01798  5.01798  5.01798  1.91334  1.91334  1.84846  1.95754  4.99655  4.99853  5.04451  5.05301 
-1.88496 -0.753982 1.79498  1.79498  1.79498  1.79498  -0.54541  -0.54541  4.84984  4.84984  4.84984  4.84984  1.98339  1.98339  1.91152  2.03182  4.82638  4.82882  4.8796  4.88801 
-1.75929 -0.753982 1.61983  1.61983  1.61983  1.61983  -0.472429  -0.472429  4.67468  4.67468  4.67468  4.67468  2.05638  2.05638  1.97748  2.10869  4.64936  4.65232  4.70778  4.71585 
-1.63363 -0.753982 1.44042  1.44042  1.44042  1.44042  -0.397674  -0.397674  4.49527  4.49527  4.49527  4.49527  2.13113  2.13113  2.0452  2.18695  4.46825  4.47182  4.53185  4.53928 
-1.50796 -0.753982 1.25958  1.25958  1.25958  1.25958  -0.322326  -0.322326  4.31444  4.31444  4.31444  4.31444  2.20648  2.20648  2.11346  2.26536  4.28588  4.29024  4.35468  4.36109 
-1.3823 -0.753982 1.08017  1.08017  1.08017  1.08017  -0.247571  -0.247571  4.13503  4.13503  4.13503  4.13503  2.28123  2.28123  2.18104  2.34264  4.10509  4.1105  4.17919  4.18411 
-1.25664 -0.753982 0.905016  0.905016  0.905016  0.905016  -0.17459  -0.17459  3.95987  3.95987  3.95987  3.95987  2.35422  2.35422  2.24672  2.4175  3.9287  3.93558  4.00827  4.01114 
-1.13097 -0.753982 0.736878  0.736878  0.736878  0.736878  -0.104532  -0.104532  3.79173  3.79173  3.79173  3.79173  2.42427  2.42427  2.30926  2.4886  3.75947  3.76843  3.84481  3.84492 
-1.00531 -0.753982 0.578409  0.578409  0.578409  0.578409  -0.0385039  -0.0385039  3.63326  3.63326  3.63326  3.63326  2.4903  2.4903  2.36747  2.55453  3.60004  3.61199  3.68808  3.69156 
-0.879646 -0.753982 0.432109  0.432109  0.432109  0.432109  0.0224544  0.0224544  3.48696  3.48696  3.48696  3.48696  2.55126  2.55126  2.42018  2.61378  3.45289  3.46926  3.54311  3.55116 
-0.753982 -0.753982 0.300285  0.300285  0.300285  0.300285  0.0773812  0.0773812  3.35514  3.35514  3.35514  3.35514  2.60619  2.60619  2.46637  2.66463  3.32032  3.34325  3.41233  3.42604 
-0.628319 -0.753982 0.185016  0.185016  0.185016  0.185016  0.12541  0.12541  3.23987  3.23987  3.23987  3.23987  2.65422  2.65422  2.50517  2.70504  3.20438  3.23708  3.29795  3.3183 
-0.502655 -0.753982 0.0881184  0.0881184  0.0881184  0.0881184  0.165784  0.165784  3.14297  3.14297  3.14297  3.14297  2.69459  2.69459  2.53609  2.73279  3.10686  3.15355  3.20226  3.22952 
-0.376991 -0.753982 0.0111219  0.0111219  0.0111219  0.0111219  0.197866  0.197866  3.06598  3.06598  3.06598  3.06598  2.72667  2.72667  2.55921  2.74653  3.02927  3.0929  3.12879  3.16055 
-0.251327 -0.753982 -0.0447598  -0.0447598  -0.0447598  -0.0447598  0.22115  0.22115  3.0101  3.0101  3.0101  3.0101  2.74995  2.74995  2.57533  2.74806  2.9728  3.04822  3.08456  3.11132 
-0.125664 -0.753982 -0.0786452  -0.0786452  -0.0786452  -0.0786452  0.235269  0.235269  2.97621  2.97621  2.97621  2.97621  2.76407  2.76407  2.58578  2.74317  2.93833  3.01577  3.06891  3.08104 
0 -0.753982 -0.09  -0.09  -0.09  -0.09  0.24  0.24  2.96486  2.96486  2.96486  2.96486  2.7688  2.7688  2.59166  2.73806  2.92643  3.00061  3.06885  3.07142 
0.125664 -0.753982 -0.0786452  -0.0786452  -0.0786452  -0.0786452  0.235269  0.235269  2.97621  2.97621  2.97621  2.97621  2.76407  2.76407  2.59304  2.73528  2.93737  3.00489  3.07473  3.08768 
0.251327 -0.753982 -0.0447598  -0.0447598  -0.0447598  -0.0447598  0.22115  0.22115  3.0101  3.0101  3.0101  3.0101  2.74995  2.74995  2.58865  2.73272  2.97106  3.02924  3.09975  3.11888 
0.376991 -0.753982 0.0111219  0.0111219  0.0111219  0.0111219  0.197866  0.197866  3.06598  3.06598  3.06598  3.06598  2.72667  2.72667  2.57656  2.72549  3.02701  3.07449  3.14545  3.16824 
0.502655 -0.753982 0.0881184  0.0881184  0.0881184  0.0881184  0.165784  0.165784  3.14297  3.14297  3.14297  3.14297  2.69459  2.69459  2.55538  2.70901  3.10437  3.14159  3.21272  3.23801 
0.628319 -0.753982 0.185016  0.185016  0.185016  0.185016  0.12541  0.12541  3.23987  3.23987  3.23987  3.23987  2.65422  2.65422  2.52471  2.68126  3.20187  3.23049  3.30126  3.32832 
0.753982 -0.753982 0.300285  0.300285  0.300285  0.300285  0.0773812  0.0773812  3.35514  3.35514  3.35514  3.35514  2.60619  2.60619  2.48506  2.64246  3.31796  3.3399  3.40971  3.43785 
0.879646 -0.753982 0.432109  0.432109  0.432109  0.432109  0.0224544  0.0224544  3.48696  3.48696  3.48696  3.48696  2.55126  2.55126  2.43743  2.59388  3.45077  3.46767  3.53603  3.56459 
1.00531 -0.753982 0.578409  0.578409  0.578409  0.578409  -0.0385039  -0.0385039  3.63326  3.63326  3.63326  3.63326  2.4903  2.4903  2.38301  2.53703  3.59821  3.61132  3.67783  3.70626 
1.13097 -0.753982 0.736878  0.736878  0.736878  0.736878  -0.104532  -0.104532  3.79173  3.79173  3.79173  3.79173  2.42427  2.42427  2.32304  2.4734  3.75796  3.76818  3.83253  3.86036 
1.25664 -0.753982 0.905016  0.905016  0.905016  0.905016  -0.17459  -0.17459  3.95987  3.95987  3.95987  3.95987  2.35422  2.35422  2.25878  2.40443  3.92751  3.93552  3.99741  4.02428 
1.3823 -0.753982 1.08017  1.08017  1.08017  1.08017  -0.247571  -0.247571  4.13503  4.13503  4.13503  4.13503  2.28123  2.28123  2.19147  2.33149  4.10421  4.11048  4.16964  4.19529 
1.50796 -0.753982 1.25958  1.25958  1.25958  1.25958  -0.322326  -0.322326  4.31444  4.31444  4.31444  4.31444  2.20648  2.20648  2.12237  2.25592  4.28529  4.29018  4.34636  4.37059 
1.63363 -0.753982 1.44042  1.44042  1.44042  1.44042  -0.397674  -0.397674  4.49527  4.49527  4.49527  4.49527  2.13113  2.13113  2.05273  2.17905  4.46793  4.47169  4.52464  4.54731 
1.75929 -0.753982 1.61983  1.61983  1.61983  1.61983  -0.472429  -0.472429  4.67468  4.67468  4.67468  4.67468  2.05638  2.05638  1.98376  2.10216  4.64928  4.6521  4.70158  4.72261 
1.88496 -0.753982 1.79498  1.79498  1.79498  1.79498  -0.54541  -0.54541  4.84984  4.84984  4.84984  4.84984  1.98339  1.98339  1.91667  2.0265  4.82651  4.82852  4.87432  4.89364 
2.01062 -0.753982 1.96312  1.96312  1.96312  1.96312  -0.615468  -0.615468  5.01798  5.01798  5.01798  5.01798  1.91334  1.91334  1.8526  1.95328  4.99686  4.99815  5.04005  5.05765 
2.13628 -0.753982 2.12159  2.12159  2.12159  2.12159  -0.681496  -0.681496  5.17645  5.17645  5.17645  5.17645  1.84731  1.84731  1.79266  1.88365  5.15767  5.15831  5.19612  5.212 
2.26195 -0.753982 2.26789  2.26789  2.26789  2.26789  -0.742454  -0.742454  5.32275  5.32275  5.32275  5.32275  1.78635  1.78635  1.73787  1.81868  5.30645  5.30647  5.34001  5.35419 
2.38761 -0.753982 2.39971  2.39971  2.39971  2.39971  -0.797381  -0.797381  5.45457  5.45457  5.45457  5.45457  1.73142  1.73142  1.68919  1.75938  5.44031  5.44089  5.46941  5.48194 
2.51327 -0.753982 2.51498  2.51498  2.51498  2.51498  -0.84541  -0.84541  5.56984  5.56984  5.56984  5.56984  1.68339  1.68339  1.64745  1.70664  5.55773  5.5589  5.58224  5.59318 
2.63894 -0.753982 2.61188  2.61188  2.61188  2.61188  -0.885784  -0.885784  5.66674  5.66674  5.66674  5.66674  1.64302  1.64302  1.6134  1.66124  5.65689  5.65866  5.67669  5.68611 
2.7646 -0.753982 2.68888  2.68888  2.68888  2.68888  -0.917866  -0.917866  5.74373  5.74373  5.74373  5.74373  1.61094  1.61094  1.58764  1.62384  5.73626  5.73863  5.75123  5.75921 
2.89027 -0.753982 2.74476  2.74476  2.74476  2.74476  -0.94115  -0.94115  5.79962  5.79962  5.79962  5.79962  1.58765  1.58765  1.57066  1.59497  5.7946  5.79757  5.80467  5.8113 
3.01593 -0.753982 2.77865  2.77865  2.77865  2.77865  -0.955269  -0.955269  5.8335  5.8335  5.8335  5.8335  1.57354  1.57354  1.5628  1.57503  5.83101  5.83446  5.83628  5.84151 
-3.14159 -0.628319 2.79  2.79  2.79  2.79  -0.96  -0.96  5.84486  5.84486  5.84486  5.84486  1.5688  1.5688  1.56425  1.56425  5.84486  5.84486  5.84941  5.84941 
-3.01593 -0.628319 2.77865  2.77865  2.77865  2.77865  -0.955269  -0.955269  5.8335  5.8335  5.8335  5.8335  1.57354  1.57354  1.56261  1.57521  5.83109  5.83405  5.83671  5.8414 
-2.89027 -0.628319 2.74476  2.74476  2.74476  2.74476  -0.94115  -0.94115  5.79962  5.79962  5.79962  5.79962  1.58765  1.58765  1.57019  1.59544  5.79481  5.79708  5.8053  5.81095 
-2.7646 -0.628319 2.68888  2.68888  2.68888  2.68888  -0.917866  -0.917866  5.74373  5.74373  5.74373  5.74373  1.61094  1.61094  1.58681  1.62467  5.73657  5.73806  5.75216  5.75854 
-2.63894 -0.628319 2.61188  2.61188  2.61188  2.61188  -0.885784  -0.885784  5.66674  5.66674  5.66674  5.66674  1.64302  1.64302  1.61211  1.66254  5.65728  5.65804  5.67797  5.68505 
-2.51327 -0.628319 2.51498  2.51498  2.51498  2.51498  -0.84541  -0.84541  5.56984  5.56984  5.56984  5.56984  1.68339  1.68339  1.64561  1.7085  5.55816  5.55827  5.58393  5.59167 
-2.38761 -0.628319 2.39971  2.39971  2.39971  2.39971  -0.797381  -0.797381  5.45457  5.45457  5.45457  5.45457  1.73142  1.73142  1.6867  1.7619  5.44029  5.44076  5.47157  5.47991 
-2.26195 -0.628319 2.26789  2.26789  2.26789  2.26789  -0.742454  -0.742454  5.32275  5.32275  5.32275  5.32275  1.78635  1.78635  1.73464  1.82196  5.30591  5.30692  5.3427  5.35156 
-2.13628 -0.628319 2.12159  2.12159  2.12159  2.12159  -0.681496  -0.681496  5.17645  5.17645  5.17645  5.17645  1.84731  1.84731  1.78858  1.88779  5.15723  5.15872  5.19941  5.20867 
-2.01062 -0.628319 1.96312  1.96312  1.96312  1.96312  -0.615468  -0.615468  5.01798  5.01798  5.01798  5.01798  1.91334  1.91334  1.84758  1.95839  4.99655  4.99851  5.04401  5.05354 
-1.88496 -0.628319 1.79498  1.79498  1.79498  1.79498  -0.54541  -0.54541  4.84984  4.84984  4.84984  4.84984  1.98339  1.98339  1.91061  2.03271  4.82636  4.82882  4.87903  4.88863 
-1.75929 -0.628319 1.61983  1.61983  1.61983  1.61983  -0.472429  -0.472429  4.67468  4.67468  4.67468  4.67468  2.05638  2.05638  1.97655  2.10959  4.64932  4.65233  4.70713  4.71658 
-1.63363 -0.628319 1.44042  1.44042  1.44042  1.44042  -0.397674  -0.397674  4.49527  4.49527  4.49527  4.49527  2.13113  2.13113  2.04426  2.18784  4.46818  4.47185  4.53111  4.54012 
-1.50796 -0.628319 1.25958  1.25958  1.25958  1.25958  -0.322326  -0.322326  4.31444  4.31444  4.31444  4.31444  2.20648  2.20648  2.11252  2.26622  4.28578  4.29028  4.35385  4.36205 
-1.3823 -0.628319 1.08017  1.08017  1.08017  1.08017  -0.247571  -0.247571  4.13503  4.13503  4.13503  4.13503  2.28123  2.28123  2.18013  2.34345  4.10496  4.11056  4.17826  4.18521 
-1.25664 -0.628319 0.905016  0.905016  0.905016  0.905016  -0.17459  -0.17459  3.95987  3.95987  3.95987  3.95987  2.35422  2.35422  2.24585  2.41823  3.92853  3.93565  4.00724  4.0124 
-1.13097 -0.628319 0.736878  0.736878  0.736878  0.736878  -0.104532  -0.104532  3.79173  3.79173  3.79173  3.79173  2.42427  2.42427  2.30845  2.48922  3.75926  3.76851  3.84367  3.84636 
-1.00531 -0.628319 0.578409  0.578409  0.578409  0.578409  -0.0385039  -0.0385039  3.63326  3.63326  3.63326  3.63326  2.4903  2.4903  2.36672  2.55502  3.59978  3.61208  3.68974  3.69032 
-0.879646 -0.628319 0.432109  0.432109  0.432109  0.432109  0.0224544  0.0224544  3.48696  3.48696  3.48696  3.48696  2.55126  2.55126  2.41951  2.61411  3.45259  3.46932  3.54503  3.54983 
-0.753982 -0.628319 0.300285  0.300285  0.300285  0.300285  0.0773812  0.0773812  3.35514  3.35514  3.35514  3.35514  2.60619  2.60619  2.46575  2.66477  3.31996  3.34322  3.41459  3.42464 
-0.628319 -0.628319 0.185016  0.185016  0.185016  0.185016  0.12541  0.12541  3.23987  3.23987  3.23987  3.23987  2.65422  2.65422  2.50458  2.70499  3.20396  3.23683  3.30067  3.31687 
-0.502655 -0.628319 0.0881184  0.0881184  0.0881184  0.0881184  0.165784  0.165784  3.14297  3.14297  3.14297  3.14297  2.69459  2.69459  2.53546  2.73263  3.1064  3.15282  3.20563  3.22814 
-0.376991 -0.628319 0.0111219  0.0111219  0.0111219  0.0111219  0.197866  0.197866  3.06598  3.06598  3.06598  3.06598  2.72667  2.72667  2.55844  2.74641  3.02876  3.09143  3.13289  3.15932 
-0.251327 -0.628319 -0.0447598  -0.0447598  -0.0447598  -0.0447598  0.22115  0.22115  3.0101  3.0101  3.0101  3.0101  2.74995  2.74995  2.57428  2.7482  2.97226  3.04713  3.08804  3.11037 
-0.125664 -0.628319 -0.0786452  -0.0786452  -0.0786452  -0.0786452  0.235269  0.235269  2.97621  2.97621  2.97621  2.97621  2.76407  2.76407  2.58429  2.74377  2.93779  3.01609  3.07054  3.08051 
0 -0.628319 -0.09  -0.09  -0.09  -0.09  0.24  0.24  2.96486  2.96486  2.96486  2.96486  2.7688  2.7688  2.5896  2.73925  2.92595  3.00188  3.06884  3.07151 
0.125664 -0.628319 -0.0786452  -0.0786452  -0.0786452  -0.0786452  0.235269  0.235269  2.97621  2.97621  2.97621  2.97621  2.76407  2.76407  2.59037  2.73716  2.93697  3.00667  3.07525  3.08657 
0.251327 -0.628319 -0.0447598  -0.0447598  -0.0447598  -0.0447598  0.22115  0.22115  3.0101  3.0101  3.0101  3.0101  2.74995  2.74995  2.58542  2.73534  2.97076  3.03109  3.10073  3.11694 
0.376991 -0.628319 0.0111219  0.0111219  0.0111219  0.0111219  0.197866  0.197866  3.06598  3.06598  3.06598  3.06598  2.72667  2.72667  2.57297  2.72874  3.02683  3.07605  3.14672  3.16594 
0.502655 -0.628319 0.0881184  0.0881184  0.0881184  0.0881184  0.165784  0.165784  3.14297  3.14297  3.14297  3.14297  2.69459  2.69459  2.55161  2.71264  3.10427  3.1427  3.21412  3.23574 
0.628319 -0.628319 0.185016  0.185016  0.185016  0.185016  0.12541  0.12541  3.23987  3.23987  3.23987  3.23987  2.65422  2.65422  2.52094  2.685  3.20183  3.23122  3.30264  3.32629 
0.753982 -0.628319 0.300285  0.300285  0.300285  0.300285  0.0773812  0.0773812  3.35514  3.35514  3.35514  3.35514  2.60619  2.60619  2.48141  2.64613  3.31795  3.34034  3.41099  3.43611 
0.879646 -0.628319 0.432109  0.432109  0.432109  0.432109  0.0224544  0.0224544  3.48696  3.48696  3.48696  3.48696  2.55126  2.55126  2.43396  2.59738  3.45079  3.46794  3.53717  3.56313 
1.00531 -0.628319 0.578409  0.578409  0.578409  0.578409  -0.0385039  -0.0385039  3.63326  3.63326  3.63326  3.63326  2.4903  2.4903  2.37975  2.54031  3.59823  3.61149  3.67884  3.70504 
1.13097 -0.628319 0.736878  0.736878  0.736878  0.736878  -0.104532  -0.104532  3.79173  3.79173  3.79173  3.79173  2.42427  2.42427  2.32  2.47646  3.75798  3.7683  3.8334  3.85935 
1.25664 -0.628319 0.905016  0.905016  0.905016  0.905016  -0.17459  -0.17459  3.95987  3.95987  3.95987  3.95987  2.35422  2.35422  2.25596  2.40725  3.92752  3.93559  3.99814  4.02344 
1.3823 -0.628319 1.08017  1.08017  1.08017  1.08017  -0.247571  -0.247571  4.13503  4.13503  4.13503  4.13503  2.28123  2.28123  2.18888  2.33408  4.10421  4.11054  4.17026  4.19461 
1.50796 -0.628319 1.25958  1.25958  1.25958  1.25958  -0.322326  -0.322326  4.31444  4.31444  4.31444  4.31444  2.20648  2.20648  2.12  2.25829  4.28528  4.29023  4.34688  4.37003 
1.63363 -0.628319 1.44042  1.44042  1.44042  1.44042  -0.397674  -0.397674  4.49527  4.49527  4.49527  4.49527  2.13113  2.13113  2.05057  2.1812  4.46791  4.47173  4.52507  4.54687 
1.75929 -0.628319 1.61983  1.61983  1.61983  1.61983  -0.472429  -0.472429  4.67468  4.67468  4.67468  4.67468  2.05638  2.05638  1.98182  2.1041  4.64925  4.65214  4.70193  4.72226 
1.88496 -0.628319 1.79498  1.79498  1.79498  1.79498  -0.54541  -0.54541  4.84984  4.84984  4.84984  4.84984  1.98339  1.98339  1.91493  2.02823  4.82647  4.82856  4.8746  4.89337 
2.01062 -0.628319 1.96312  1.96312  1.96312  1.96312  -0.615468  -0.615468  5.01798  5.01798  5.01798  5.01798  1.91334  1.91334  1.85106  1.95481  4.99681  4.99819  5.04027  5.05744 
2.13628 -0.628319 2.12159  2.12159  2.12159  2.12159  -0.681496  -0.681496  5.17645  5.17645  5.17645  5.17645  1.84731  1.84731  1.79131  1.88499  5.15762  5.15835  5.19629  5.21185 
2.26195 -0.628319 2.26789  2.26789  2.26789  2.26789  -0.742454  -0.742454  5.32275  5.32275  5.32275  5.32275  1.78635  1.78635  1.73672  1.81984  5.3064  5.30651  5.34013  5.35409 
2.38761 -0.628319 2.39971  2.39971  2.39971  2.39971  -0.797381  -0.797381  5.45457  5.45457  5.45457  5.45457  1.73142  1.73142  1.68822  1.76035  5.44035  5.44084  5.4695  5.48187 
2.51327 -0.628319 2.51498  2.51498  2.51498  2.51498  -0.84541  -0.84541  5.56984  5.56984  5.56984  5.56984  1.68339  1.68339  1.64666  1.70743  5.55776  5.55885  5.5823  5.59315 
2.63894 -0.628319 2.61188  2.61188  2.61188  2.61188  -0.885784  -0.885784  5.66674  5.66674  5.66674  5.66674  1.64302  1.64302  1.61278  1.66186  5.65692  5.65862  5.67672  5.6861 
2.7646 -0.628319 2.68888  2.68888  2.68888  2.68888  -0.917866  -0.917866  5.74373  5.74373  5.74373  5.74373  1.61094  1.61094  1.58718  1.62429  5.73628  5.73861  5.75123  5.75922 
2.89027 -0.628319 2.74476  2.74476  2.74476  2.74476  -0.94115  -0.94115  5.79962  5.79962  5.79962  5.79962  1.58765  1.58765  1.57036  1.59527  5.7946  5.79758  5.80464  5.81132 
3.01593 -0.628319 2.77865  2.77865  2.77865  2.77865  -0.955269  -0.955269  5.8335  5.8335  5.8335  5.8335  1.57354  1.57354  1.56265  1.57517  5.831  5.83455  5.83617  5.84153 
-3.14159 -0.502655 2.79  2.79  2.79  2.79  -0.96  -0.96  5.84486  5.84486  5.84486  5.84486  1.5688  1.5688  1.56425  1.56425  5.84486  5.84486  5.84941  5.84941 
-3.01593 -0.502655 2.77865  2.77865  2.77865  2.77865  -0.955269  -0.955269  5.8335  5.8335  5.8335  5.8335  1.57354  1.57354  1.5625  1.57532  5.83106  5.83417  5.83657  5.84145 
-2.89027 -0.502655 2.74476  2.74476  2.74476  2.74476  -0.94115  -0.94115  5.79962  5.79962  5.79962  5.79962  1.58765  1.58765  1.56998  1.59565  5.79477  5.79717  5.80517  5.81103 
-2.7646 -0.502655 2.68888  2.68888  2.68888  2.68888  -0.917866  -0.917866  5.74373  5.74373  5.74373  5.74373  1.61094  1.61094  1.5865  1.62498  5.73653  5.73813  5.752  5.75867 
-2.63894 -0.502655 2.61188  2.61188  2.61188  2.61188  -0.885784  -0.885784  5.66674  5.66674  5.66674  5.66674  1.64302  1.64302  1.61171  1.66293  5.65724  5.65811  5.67777  5.68523 
-2.51327 -0.502655 2.51498  2.51498  2.51498  2.51498  -0.84541  -0.84541  5.56984  5.56984  5.56984  5.56984  1.68339  1.68339  1.64514  1.70897  5.55812  5.55833  5.58369  5.59191 
-2.38761 -0.502655 2.39971  2.39971  2.39971  2.39971  -0.797381  -0.797381  5.45457  5.45457  5.45457  5.45457  1.73142  1.73142  1.68616  1.76243  5.44034  5.44072  5.47128  5.4802 
-2.26195 -0.502655 2.26789  2.26789  2.26789  2.26789  -0.742454  -0.742454  5.32275  5.32275  5.32275  5.32275  1.78635  1.78635  1.73405  1.82254  5.30595  5.30688  5.34235  5.35192 
-2.13628 -0.502655 2.12159  2.12159  2.12159  2.12159  -0.681496  -0.681496  5.17645  5.17645  5.17645  5.17645  1.84731  1.84731  1.78796  1.8884  5.15725  5.15869  5.199  5.20911 
-2.01062 -0.502655 1.96312  1.96312  1.96312  1.96312  -0.615468  -0.615468  5.01798  5.01798  5.01798  5.01798  1.91334  1.91334  1.84693  1.95903  4.99655  4.99849  5.04353  5.05405 
-1.88496 -0.502655 1.79498  1.79498  1.79498  1.79498  -0.54541  -0.54541  4.84984  4.84984  4.84984  4.84984  1.98339  1.98339  1.90994  2.03335  4.82634  4.82881  4.87848  4.88924 
-1.75929 -0.502655 1.61983  1.61983  1.61983  1.61983  -0.472429  -0.472429  4.67468  4.67468  4.67468  4.67468  2.05638  2.05638  1.97588  2.11022  4.64928  4.65233  4.7065  4.71729 
-1.63363 -0.502655 1.44042  1.44042  1.44042  1.44042  -0.397674  -0.397674  4.49527  4.49527  4.49527  4.49527  2.13113  2.13113  2.0436  2.18844  4.46812  4.47187  4.53039  4.54094 
-1.50796 -0.502655 1.25958  1.25958  1.25958  1.25958  -0.322326  -0.322326  4.31444  4.31444  4.31444  4.31444  2.20648  2.20648  2.1119  2.26677  4.28569  4.29031  4.35304  4.363 
-1.3823 -0.502655 1.08017  1.08017  1.08017  1.08017  -0.247571  -0.247571  4.13503  4.13503  4.13503  4.13503  2.28123  2.28123  2.17955  2.34394  4.10483  4.11061  4.17735  4.1863 
-1.25664 -0.502655 0.905016  0.905016  0.905016  0.905016  -0.17459  -0.17459  3.95987  3.95987  3.95987  3.95987  2.35422  2.35422  2.24533  2.41863  3.92837  3.93571  4.00623  4.01365 
-1.13097 -0.502655 0.736878  0.736878  0.736878  0.736878  -0.104532  -0.104532  3.79173  3.79173  3.79173  3.79173  2.42427  2.42427  2.30799  2.4895  3.75906  3.76858  3.84255  3.8478 
-1.00531 -0.502655 0.578409  0.578409  0.578409  0.578409  -0.0385039  -0.0385039  3.63326  3.63326  3.63326  3.63326  2.4903  2.4903  2.36634  2.55514  3.59954  3.61214  3.68909  3.6914 
-0.879646 -0.502655 0.432109  0.432109  0.432109  0.432109  0.0224544  0.0224544  3.48696  3.48696  3.48696  3.48696  2.55126  2.55126  2.41922  2.61405  3.4523  3.46933  3.54697  3.54851 
-0.753982 -0.502655 0.300285  0.300285  0.300285  0.300285  0.0773812  0.0773812  3.35514  3.35514  3.35514  3.35514  2.60619  2.60619  2.46553  2.66452  3.31962  3.34313  3.41689  3.42324 
-0.628319 -0.502655 0.185016  0.185016  0.185016  0.185016  0.12541  0.12541  3.23987  3.23987  3.23987  3.23987  2.65422  2.65422  2.5044  2.70457  3.20358  3.2365  3.30343  3.31544 
-0.502655 -0.502655 0.0881184  0.0881184  0.0881184  0.0881184  0.165784  0.165784  3.14297  3.14297  3.14297  3.14297  2.69459  2.69459  2.53525  2.73211  3.10597  3.15199  3.20902  3.22674 
-0.376991 -0.502655 0.0111219  0.0111219  0.0111219  0.0111219  0.197866  0.197866  3.06598  3.06598  3.06598  3.06598  2.72667  2.72667  2.55808  2.74597  3.0283  3.08993  3.1369  3.15808 
-0.251327 -0.502655 -0.0447598  -0.0447598  -0.0447598  -0.0447598  0.22115  0.22115  3.0101  3.0101  3.0101  3.0101  2.74995  2.74995  2.57362  2.74807  2.97179  3.04587  3.09151  3.10942 
-0.125664 -0.502655 -0.0786452  -0.0786452  -0.0786452  -0.0786452  0.235269  0.235269  2.97621  2.97621  2.97621  2.97621  2.76407  2.76407  2.58317  2.74413  2.93734  3.0161  3.07226  3.07998 
0 -0.502655 -0.09  -0.09  -0.09  -0.09  0.24  0.24  2.96486  2.96486  2.96486  2.96486  2.7688  2.7688  2.5879  2.74022  2.92555  3.00294  3.06883  3.07158 
0.125664 -0.502655 -0.0786452  -0.0786452  -0.0786452  -0.0786452  0.235269  0.235269  2.97621  2.97621  2.97621  2.97621  2.76407  2.76407  2.58805  2.73882  2.93667  3.00834  3.07578  3.08533 
0.251327 -0.502655 -0.0447598  -0.0447598  -0.0447598  -0.0447598  0.22115  0.22115  3.0101  3.0101  3.0101  3.0101  2.74995  2.74995  2.58256  2.73773  2.97056  3.03292  3.10171  3.11481 
0.376991 -0.502655 0.0111219  0.0111219  0.0111219  0.0111219  0.197866  0.197866  3.06598  3.06598  3.06598  3.06598  2.72667  2.72667  2.56974  2.73174  3.02672  3.07761  3.148  3.16344 
0.502655 -0.502655 0.0881184  0.0881184  0.0881184  0.0881184  0.165784  0.165784  3.14297  3.14297  3.14297  3.14297  2.69459  2.69459  2.54821  2.716  3.10423  3.14381  3.21551  3.23331 
0.628319 -0.502655 0.185016  0.185016  0.185016  0.185016  0.12541  0.12541  3.23987  3.23987  3.23987  3.23987  2.65422  2.65422  2.51754  2.68845  3.20184  3.23192  3.30403  3.32412 
0.753982 -0.502655 0.300285  0.300285  0.300285  0.300285  0.0773812  0.0773812  3.35514  3.35514  3.35514  3.35514  2.60619  2.60619  2.47811  2.6495  3.31799  3.34078  3.41229  3.43426 
0.879646 -0.502655 0.432109  0.432109  0.432109  0.432109  0.0224544  0.0224544  3.48696  3.48696  3.48696  3.48696  2.55126  2.55126  2.43083  2.60058  3.45084  3.4682  3.53835  3.56158 
1.00531 -0.502655 0.578409  0.578409  0.578409  0.578409  -0.0385039  -0.0385039  3.63326  3.63326  3.63326  3.63326  2.4903  2.4903  2.37682  2.5433  3.59828  3.61164  3.67987  3.70374 
1.13097 -0.502655 0.736878  0.736878  0.736878  0.736878  -0.104532  -0.104532  3.79173  3.79173  3.79173  3.79173  2.42427  2.42427  2.31728  2.47921  3.75802  3.76839  3.8343  3.85827 
1.25664 -0.502655 0.905016  0.905016  0.905016  0.905016  -0.17459  -0.17459  3.95987  3.95987  3.95987  3.95987  2.35422  2.35422  2.25346  2.40978  3.92755  3.93566  3.99892  4.02255 
1.3823 -0.502655 1.08017  1.08017  1.08017  1.08017  -0.247571  -0.247571  4.13503  4.13503  4.13503  4.13503  2.28123  2.28123  2.18658  2.33639  4.10422  4.11058  4.17092  4.19387 
1.50796 -0.502655 1.25958  1.25958  1.25958  1.25958  -0.322326  -0.322326  4.31444  4.31444  4.31444  4.31444  2.20648  2.20648  2.11791  2.26039  4.28528  4.29027  4.34743  4.36942 
1.63363 -0.502655 1.44042  1.44042  1.44042  1.44042  -0.397674  -0.397674  4.49527  4.49527  4.49527  4.49527  2.13113  2.13113  2.04868  2.1831  4.4679  4.47177  4.52554  4.54637 
1.75929 -0.502655 1.61983  1.61983  1.61983  1.61983  -0.472429  -0.472429  4.67468  4.67468  4.67468  4.67468  2.05638  2.05638  1.98012  2.1058  4.64922  4.65218  4.70232  4.72186 
1.88496 -0.502655 1.79498  1.79498  1.79498  1.79498  -0.54541  -0.54541  4.84984  4.84984  4.84984  4.84984  1.98339  1.98339  1.91341  2.02975  4.82643  4.8286  4.87491  4.89305 
2.01062 -0.502655 1.96312  1.96312  1.96312  1.96312  -0.615468  -0.615468  5.01798  5.01798  5.01798  5.01798  1.91334  1.91334  1.84973  1.95614  4.99676  4.99823  5.04053  5.0572 
2.13628 -0.502655 2.12159  2.12159  2.12159  2.12159  -0.681496  -0.681496  5.17645  5.17645  5.17645  5.17645  1.84731  1.84731  1.79015  1.88615  5.15756  5.15839  5.19649  5.21166 
2.26195 -0.502655 2.26789  2.26789  2.26789  2.26789  -0.742454  -0.742454  5.32275  5.32275  5.32275  5.32275  1.78635  1.78635  1.73573  1.82083  5.30634  5.30655  5.34029  5.35395 
2.38761 -0.502655 2.39971  2.39971  2.39971  2.39971  -0.797381  -0.797381  5.45457  5.45457  5.45457  5.45457  1.73142  1.73142  1.68739  1.76118  5.44039  5.44078  5.46961  5.48178 
2.51327 -0.502655 2.51498  2.51498  2.51498  2.51498  -0.84541  -0.84541  5.56984  5.56984  5.56984  5.56984  1.68339  1.68339  1.64599  1.70811  5.5578  5.5588  5.58237  5.59309 
2.63894 -0.502655 2.61188  2.61188  2.61188  2.61188  -0.885784  -0.885784  5.66674  5.66674  5.66674  5.66674  1.64302  1.64302  1.61225  1.66238  5.65695  5.65858  5.67676  5.68607 
2.7646 -0.502655 2.68888  2.68888  2.68888  2.68888  -0.917866  -0.917866  5.74373  5.74373  5.74373  5.74373  1.61094  1.61094  1.5868  1.62468  5.73629  5.73858  5.75125  5.75922 
2.89027 -0.502655 2.74476  2.74476  2.74476  2.74476  -0.94115  -0.94115  5.79962  5.79962  5.79962  5.79962  1.58765  1.58765  1.57011  1.59551  5.79461  5.79758  5.80463  5.81133 
3.01593 -0.502655 2.77865  2.77865  2.77865  2.77865  -0.955269  -0.955269  5.8335  5.8335  5.8335  5.8335  1.57354  1.57354  1.56253  1.57529  5.83099  5.83463  5.83608  5.84155 
-3.14159 -0.376991 2.79  2.79  2.79  2.79  -0.96  -0.96  5.84486  5.84486  5.84486  5.84486  1.5688  1.5688  1.56425  1.56425  5.84486  5.84486  5.84941  5.84941 
-3.01593 -0.376991 2.77865  2.77865  2.77865  2.77865  -0.955269  -0.955269  5.8335  5.8335  5.8335  5.8335  1.57354  1.57354  1.56241  1.57541  5.83104  5.8343  5.83643  5.84148 
-2.89027 -0.376991 2.74476  2.74476  2.74476  2.74476  -0.94115  -0.94115  5.79962  5.79962  5.79962  5.79962  1.58765  1.58765  1.56981  1.59581  5.79474  5.79725  5.80505  5.81111 
-2.7646 -0.376991 2.68888  2.68888  2.68888  2.68888  -0.917866  -0.917866  5.74373  5.74373  5.74373  5.74373  1.61094  1.61094  1.58626  1.62521  5.73649  5.7382  5.75185  5.75879 
-2.63894 -0.376991 2.61188  2.61188  2.61188  2.61188  -0.885784  -0.885784  5.66674  5.66674  5.66674  5.66674  1.64302  1.64302  1.61142  1.66322  5.65719  5.65817  5.67759  5.68539 
-2.51327 -0.376991 2.51498  2.51498  2.51498  2.51498  -0.84541  -0.84541  5.56984  5.56984  5.56984  5.56984  1.68339  1.68339  1.6448  1.70931  5.55807  5.55839  5.58346  5.59212 
-2.38761 -0.376991 2.39971  2.39971  2.39971  2.39971  -0.797381  -0.797381  5.45457  5.45457  5.45457  5.45457  1.73142  1.73142  1.68578  1.7628  5.44039  5.44068  5.471  5.48047 
-2.26195 -0.376991 2.26789  2.26789  2.26789  2.26789  -0.742454  -0.742454  5.32275  5.32275  5.32275  5.32275  1.78635  1.78635  1.73364  1.82294  5.30599  5.30684  5.34202  5.35225 
-2.13628 -0.376991 2.12159  2.12159  2.12159  2.12159  -0.681496  -0.681496  5.17645  5.17645  5.17645  5.17645  1.84731  1.84731  1.78753  1.88881  5.15728  5.15866  5.19861  5.20952 
-2.01062 -0.376991 1.96312  1.96312  1.96312  1.96312  -0.615468  -0.615468  5.01798  5.01798  5.01798  5.01798  1.91334  1.91334  1.8465  1.95944  4.99656  4.99847  5.04308  5.05455 
-1.88496 -0.376991 1.79498  1.79498  1.79498  1.79498  -0.54541  -0.54541  4.84984  4.84984  4.84984  4.84984  1.98339  1.98339  1.90951  2.03375  4.82633  4.82879  4.87794  4.88982 
-1.75929 -0.376991 1.61983  1.61983  1.61983  1.61983  -0.472429  -0.472429  4.67468  4.67468  4.67468  4.67468  2.05638  2.05638  1.97548  2.11059  4.64925  4.65233  4.70589  4.71797 
-1.63363 -0.376991 1.44042  1.44042  1.44042  1.44042  -0.397674  -0.397674  4.49527  4.49527  4.49527  4.49527  2.13113  2.13113  2.04323  2.18876  4.46806  4.47188  4.5297  4.54173 
-1.50796 -0.376991 1.25958  1.25958  1.25958  1.25958  -0.322326  -0.322326  4.31444  4.31444  4.31444  4.31444  2.20648  2.20648  2.11158  2.26703  4.2856  4.29034  4.35225  4.36392 
-1.3823 -0.376991 1.08017  1.08017  1.08017  1.08017  -0.247571  -0.247571  4.13503  4.13503  4.13503  4.13503  2.28123  2.28123  2.17929  2.3441  4.10472  4.11064  4.17646  4.18736 
-1.25664 -0.376991 0.905016  0.905016  0.905016  0.905016  -0.17459  -0.17459  3.95987  3.95987  3.95987  3.95987  2.35422  2.35422  2.24514  2.41868  3.92822  3.93576  4.00523  4.01488 
-1.13097 -0.376991 0.736878  0.736878  0.736878  0.736878  -0.104532  -0.104532  3.79173  3.79173  3.79173  3.79173  2.42427  2.42427  2.3079  2.48942  3.75887  3.76862  3.84144  3.84923 
-1.00531 -0.376991 0.578409  0.578409  0.578409  0.578409  -0.0385039  -0.0385039  3.63326  3.63326  3.63326  3.63326  2.4903  2.4903  2.36635  2.5549  3.59931  3.61217  3.68788  3.69306 
-0.879646 -0.376991 0.432109  0.432109  0.432109  0.432109  0.0224544  0.0224544  3.48696  3.48696  3.48696  3.48696  2.55126  2.55126  2.41931  2.61363  3.45203  3.46931  3.54719  3.54891 
-0.753982 -0.376991 0.300285  0.300285  0.300285  0.300285  0.0773812  0.0773812  3.35514  3.35514  3.35514  3.35514  2.60619  2.60619  2.46571  2.6639  3.31931  3.34298  3.41919  3.42184 
-0.628319 -0.376991 0.185016  0.185016  0.185016  0.185016  0.12541  0.12541  3.23987  3.23987  3.23987  3.23987  2.65422  2.65422  2.50462  2.70377  3.20323  3.23609  3.3062  3.314 
-0.502655 -0.376991 0.0881184  0.0881184  0.0881184  0.0881184  0.165784  0.165784  3.14297  3.14297  3.14297  3.14297  2.69459  2.69459  2.53544  2.73124  3.10558  3.15109  3.21238  3.22535 
-0.376991 -0.376991 0.0111219  0.0111219  0.0111219  0.0111219  0.197866  0.197866  3.06598  3.06598  3.06598  3.06598  2.72667  2.72667  2.55812  2.74522  3.02789  3.08842  3.14078  3.15683 
-0.251327 -0.376991 -0.0447598  -0.0447598  -0.0447598  -0.0447598  0.22115  0.22115  3.0101  3.0101  3.0101  3.0101  2.74995  2.74995  2.57335  2.74768  2.97138  3.0445  3.09492  3.10847 
-0.125664 -0.376991 -0.0786452  -0.0786452  -0.0786452  -0.0786452  0.235269  0.235269  2.97621  2.97621  2.97621  2.97621  2.76407  2.76407  2.58242  2.74426  2.93697  3.01585  3.07403  3.07946 
0 -0.376991 -0.09  -0.09  -0.09  -0.09  0.24  0.24  2.96486  2.96486  2.96486  2.96486  2.7688  2.7688  2.58657  2.74097  2.92525  3.00378  3.06883  3.07164 
0.125664 -0.376991 -0.0786452  -0.0786452  -0.0786452  -0.0786452  0.235269  0.235269  2.97621  2.97621  2.97621  2.97621  2.76407  2.76407  2.58609  2.74026  2.93645  3.00989  3.07631  3.08398 
0.251327 -0.376991 -0.0447598  -0.0447598  -0.0447598  -0.0447598  0.22115  0.22115  3.0101  3.0101  3.0101  3.0101  2.74995  2.74995  2.58007  2.73989  2.97045  3.03471  3.10268  3.11249 
0.376991 -0.376991 0.0111219  0.0111219  0.0111219  0.0111219  0.197866  0.197866  3.06598  3.06598  3.06598  3.06598  2.72667  2.72667  2.56689  2.73449  3.02669  3.07917  3.14927  3.16075 
0.502655 -0.376991 0.0881184  0.0881184  0.0881184  0.0881184  0.165784  0.165784  3.14297  3.14297  3.14297  3.14297  2.69459  2.69459  2.54519  2.71909  3.10426  3.14491  3.21692  3.23071 
0.628319 -0.376991 0.185016  0.185016  0.185016  0.185016  0.12541  0.12541  3.23987  3.23987  3.23987  3.23987  2.65422  2.65422  2.51451  2.69162  3.20191  3.23261  3.30544  3.32184 
0.753982 -0.376991 0.300285  0.300285  0.300285  0.300285  0.0773812  0.0773812  3.35514  3.35514  3.35514  3.35514  2.60619  2.60619  2.47518  2.65257  3.31807  3.34118  3.41361  3.43231 
0.879646 -0.376991 0.432109  0.432109  0.432109  0.432109  0.0224544  0.0224544  3.48696  3.48696  3.48696  3.48696  2.55126  2.55126  2.42806  2.60346  3.45092  3.46844  3.53955  3.55995 
1.00531 -0.376991 0.578409  0.578409  0.578409  0.578409  -0.0385039  -0.0385039  3.63326  3.63326  3.63326  3.63326  2.4903  2.4903  2.37424  2.54597  3.59836  3.61178  3.68094  3.70238 
1.13097 -0.376991 0.736878  0.736878  0.736878  0.736878  -0.104532  -0.104532  3.79173  3.79173  3.79173  3.79173  2.42427  2.42427  2.31489  2.48166  3.75809  3.76848  3.83523  3.85713 
1.25664 -0.376991 0.905016  0.905016  0.905016  0.905016  -0.17459  -0.17459  3.95987  3.95987  3.95987  3.95987  2.35422  2.35422  2.25127  2.41201  3.9276  3.93571  3.99973  4.0216 
1.3823 -0.376991 1.08017  1.08017  1.08017  1.08017  -0.247571  -0.247571  4.13503  4.13503  4.13503  4.13503  2.28123  2.28123  2.18459  2.33841  4.10425  4.11062  4.17162  4.19307 
1.50796 -0.376991 1.25958  1.25958  1.25958  1.25958  -0.322326  -0.322326  4.31444  4.31444  4.31444  4.31444  2.20648  2.20648  2.11611  2.26222  4.28529  4.2903  4.34803  4.36876 
1.63363 -0.376991 1.44042  1.44042  1.44042  1.44042  -0.397674  -0.397674  4.49527  4.49527  4.49527  4.49527  2.13113  2.13113  2.04706  2.18474  4.46789  4.4718  4.52604  4.54583 
1.75929 -0.376991 1.61983  1.61983  1.61983  1.61983  -0.472429  -0.472429  4.67468  4.67468  4.67468  4.67468  2.05638  2.05638  1.97867  2.10726  4.6492  4.65221  4.70274  4.72141 
1.88496 -0.376991 1.79498  1.79498  1.79498  1.79498  -0.54541  -0.54541  4.84984  4.84984  4.84984  4.84984  1.98339  1.98339  1.91213  2.03103  4.8264  4.82864  4.87526  4.89269 
2.01062 -0.376991 1.96312  1.96312  1.96312  1.96312  -0.615468  -0.615468  5.01798  5.01798  5.01798  5.01798  1.91334  1.91334  1.8486  1.95727  4.99672  4.99827  5.04081  5.05691 
2.13628 -0.376991 2.12159  2.12159  2.12159  2.12159  -0.681496  -0.681496  5.17645  5.17645  5.17645  5.17645  1.84731  1.84731  1.78919  1.88711  5.15751  5.15843  5.19672  5.21144 
2.26195 -0.376991 2.26789  2.26789  2.26789  2.26789  -0.742454  -0.742454  5.32275  5.32275  5.32275  5.32275  1.78635  1.78635  1.7349  1.82165  5.30628  5.3066  5.34047  5.35379 
2.38761 -0.376991 2.39971  2.39971  2.39971  2.39971  -0.797381  -0.797381  5.45457  5.45457  5.45457  5.45457  1.73142  1.73142  1.68671  1.76187  5.44043  5.44072  5.46974  5.48166 
2.51327 -0.376991 2.51498  2.51498  2.51498  2.51498  -0.84541  -0.84541  5.56984  5.56984  5.56984  5.56984  1.68339  1.68339  1.64544  1.70866  5.55783  5.55875  5.58247  5.59301 
2.63894 -0.376991 2.61188  2.61188  2.61188  2.61188  -0.885784  -0.885784  5.66674  5.66674  5.66674  5.66674  1.64302  1.64302  1.61183  1.66281  5.65697  5.65853  5.67682  5.68603 
2.7646 -0.376991 2.68888  2.68888  2.68888  2.68888  -0.917866  -0.917866  5.74373  5.74373  5.74373  5.74373  1.61094  1.61094  1.58649  1.62498  5.73631  5.73854  5.75128  5.7592 
2.89027 -0.376991 2.74476  2.74476  2.74476  2.74476  -0.94115  -0.94115  5.79962  5.79962  5.79962  5.79962  1.58765  1.58765  1.56992  1.59571  5.79462  5.79756  5.80464  5.81133 
3.01593 -0.376991 2.77865  2.77865  2.77865  2.77865  -0.955269  -0.955269  5.8335  5.8335  5.8335  5.8335  1.57354  1.57354  1.56244  1.57538  5.83099  5.83467  5.83603  5.84156 
-3.14159 -0.251327 2.79  2.79  2.79  2.79  -0.96  -0.96  5.84486  5.84486  5.84486  5.84486  1.5688  1.5688  1.56425  1.56425  5.84486  5.84486  5.84941  5.84941 
-3.01593 -0.251327 2.77865  2.77865  2.77865  2.77865  -0.955269  -0.955269  5.8335  5.8335  5.8335  5.8335  1.57354  1.57354  1.56235  1.57547  5.83103  5.83441  5.8363  5.84152 
-2.89027 -0.251327 2.74476  2.74476  2.74476  2.74476  -0.94115  -0.94115  5.79962  5.79962  5.79962  5.79962  1.58765  1.58765  1.5697  1.59593  5.79471  5.79732  5.80494  5.81117 
-2.7646 -0.251327 2.68888  2.68888  2.68888  2.68888  -0.917866  -0.917866  5.74373  5.74373  5.74373  5.74373  1.61094  1.61094  1.58611  1.62537  5.73645  5.73827  5.75172  5.75889 
-2.63894 -0.251327 2.61188  2.61188  2.61188  2.61188  -0.885784  -0.885784  5.66674  5.66674  5.66674  5.66674  1.64302  1.64302  1.61123  1.66341  5.65715  5.65824  5.67742  5.68554 
-2.51327 -0.251327 2.51498  2.51498  2.51498  2.51498  -0.84541  -0.84541  5.56984  5.56984  5.56984  5.56984  1.68339  1.68339  1.64458  1.70952  5.55803  5.55845  5.58325  5.59232 
-2.38761 -0.251327 2.39971  2.39971  2.39971  2.39971  -0.797381  -0.797381  5.45457  5.45457  5.45457  5.45457  1.73142  1.73142  1.68555  1.76303  5.44044  5.44064  5.47074  5.48073 
-2.26195 -0.251327 2.26789  2.26789  2.26789  2.26789  -0.742454  -0.742454  5.32275  5.32275  5.32275  5.32275  1.78635  1.78635  1.73341  1.82316  5.30603  5.3068  5.34171  5.35257 
-2.13628 -0.251327 2.12159  2.12159  2.12159  2.12159  -0.681496  -0.681496  5.17645  5.17645  5.17645  5.17645  1.84731  1.84731  1.7873  1.88903  5.15731  5.15862  5.19823  5.2099 
-2.01062 -0.251327 1.96312  1.96312  1.96312  1.96312  -0.615468  -0.615468  5.01798  5.01798  5.01798  5.01798  1.91334  1.91334  1.84629  1.95963  4.99657  4.99844  5.04264  5.05501 
-1.88496 -0.251327 1.79498  1.79498  1.79498  1.79498  -0.54541  -0.54541  4.84984  4.84984  4.84984  4.84984  1.98339  1.98339  1.90933  2.0339  4.82633  4.82878  4.87743  4.89038 
-1.75929 -0.251327 1.61983  1.61983  1.61983  1.61983  -0.472429  -0.472429  4.67468  4.67468  4.67468  4.67468  2.05638  2.05638  1.97534  2.11069  4.64922  4.65232  4.7053  4.71862 
-1.63363 -0.251327 1.44042  1.44042  1.44042  1.44042  -0.397674  -0.397674  4.49527  4.49527  4.49527  4.49527  2.13113  2.13113  2.04315  2.1888  4.46801  4.47188  4.52902  4.5425 
-1.50796 -0.251327 1.25958  1.25958  1.25958  1.25958  -0.322326  -0.322326  4.31444  4.31444  4.31444  4.31444  2.20648  2.20648  2.11156  2.26698  4.28553  4.29035  4.35148  4.36481 
-1.3823 -0.251327 1.08017  1.08017  1.08017  1.08017  -0.247571  -0.247571  4.13503  4.13503  4.13503  4.13503  2.28123  2.28123  2.17936  2.34395  4.10461  4.11067  4.17558  4.1884 
-1.25664 -0.251327 0.905016  0.905016  0.905016  0.905016  -0.17459  -0.17459  3.95987  3.95987  3.95987  3.95987  2.35422  2.35422  2.24531  2.4184  3.92808  3.93579  4.00425  4.01609 
-1.13097 -0.251327 0.736878  0.736878  0.736878  0.736878  -0.104532  -0.104532  3.79173  3.79173  3.79173  3.79173  2.42427  2.42427  2.30817  2.48898  3.7587  3.76864  3.84035  3.85063 
-1.00531 -0.251327 0.578409  0.578409  0.578409  0.578409  -0.0385039  -0.0385039  3.63326  3.63326  3.63326  3.63326  2.4903  2.4903  2.36673  2.55429  3.5991  3.61216  3.68667  3.6947 
-0.879646 -0.251327 0.432109  0.432109  0.432109  0.432109  0.0224544  0.0224544  3.48696  3.48696  3.48696  3.48696  2.55126  2.55126  2.41981  2.61283  3.45178  3.46924  3.54588  3.55084 
-0.753982 -0.251327 0.300285  0.300285  0.300285  0.300285  0.0773812  0.0773812  3.35514  3.35514  3.35514  3.35514  2.60619  2.60619  2.4663  2.6629  3.31903  3.34278  3.42045  3.42148 
-0.628319 -0.251327 0.185016  0.185016  0.185016  0.185016  0.12541  0.12541  3.23987  3.23987  3.23987  3.23987  2.65422  2.65422  2.50526  2.70261  3.20291  3.23562  3.30896  3.31257 
-0.502655 -0.251327 0.0881184  0.0881184  0.0881184  0.0881184  0.165784  0.165784  3.14297  3.14297  3.14297  3.14297  2.69459  2.69459  2.53604  2.73002  3.10524  3.15014  3.21569  3.22395 
-0.376991 -0.251327 0.0111219  0.0111219  0.0111219  0.0111219  0.197866  0.197866  3.06598  3.06598  3.06598  3.06598  2.72667  2.72667  2.55856  2.74415  3.02754  3.0869  3.14452  3.15558 
-0.251327 -0.251327 -0.0447598  -0.0447598  -0.0447598  -0.0447598  0.22115  0.22115  3.0101  3.0101  3.0101  3.0101  2.74995  2.74995  2.57348  2.74701  2.97104  3.04302  3.09822  3.10751 
-0.125664 -0.251327 -0.0786452  -0.0786452  -0.0786452  -0.0786452  0.235269  0.235269  2.97621  2.97621  2.97621  2.97621  2.76407  2.76407  2.58207  2.74416  2.93668  3.01535  3.07581  3.07893 
0 -0.251327 -0.09  -0.09  -0.09  -0.09  0.24  0.24  2.96486  2.96486  2.96486  2.96486  2.7688  2.7688  2.58561  2.74151  2.92503  3.00437  3.06882  3.07169 
0.125664 -0.251327 -0.0786452  -0.0786452  -0.0786452  -0.0786452  0.235269  0.235269  2.97621  2.97621  2.97621  2.97621  2.76407  2.76407  2.58452  2.74149  2.93633  3.01131  3.07683  3.08251 
0.251327 -0.251327 -0.0447598  -0.0447598  -0.0447598  -0.0447598  0.22115  0.22115  3.0101  3.0101  3.0101  3.0101  2.74995  2.74995  2.57797  2.74181  2.97041  3.03647  3.10365  3.10998 
0.376991 -0.251327 0.0111219  0.0111219  0.0111219  0.0111219  0.197866  0.197866  3.06598  3.06598  3.06598  3.06598  2.72667  2.72667  2.56442  2.73698  3.02673  3.08072  3.15054  3.15787 
0.502655 -0.251327 0.0881184  0.0881184  0.0881184  0.0881184  0.165784  0.165784  3.14297  3.14297  3.14297  3.14297  2.69459  2.69459  2.54256  2.72189  3.10435  3.146  3.21832  3.22797 
0.628319 -0.251327 0.185016  0.185016  0.185016  0.185016  0.12541  0.12541  3.23987  3.23987  3.23987  3.23987  2.65422  2.65422  2.51186  2.69447  3.20202  3.23328  3.30685  3.31943 
0.753982 -0.251327 0.300285  0.300285  0.300285  0.300285  0.0773812  0.0773812  3.35514  3.35514  3.35514  3.35514  2.60619  2.60619  2.47262  2.65532  3.31819  3.34157  3.41495  3.43028 
0.879646 -0.251327 0.432109  0.432109  0.432109  0.432109  0.0224544  0.0224544  3.48696  3.48696  3.48696  3.48696  2.55126  2.55126  2.42565  2.60602  3.45104  3.46865  3.54078  3.55824 
1.00531 -0.251327 0.578409  0.578409  0.578409  0.578409  -0.0385039  -0.0385039  3.63326  3.63326  3.63326  3.63326  2.4903  2.4903  2.372  2.54831  3.59846  3.6119  3.68204  3.70094 
1.13097 -0.251327 0.736878  0.736878  0.736878  0.736878  -0.104532  -0.104532  3.79173  3.79173  3.79173  3.79173  2.42427  2.42427  2.31285  2.48379  3.75817  3.76854  3.8362  3.85592 
1.25664 -0.251327 0.905016  0.905016  0.905016  0.905016  -0.17459  -0.17459  3.95987  3.95987  3.95987  3.95987  2.35422  2.35422  2.2494  2.41394  3.92767  3.93575  4.00057  4.02059 
1.3823 -0.251327 1.08017  1.08017  1.08017  1.08017  -0.247571  -0.247571  4.13503  4.13503  4.13503  4.13503  2.28123  2.28123  2.1829  2.34014  4.1043  4.11065  4.17235  4.19223 
1.50796 -0.251327 1.25958  1.25958  1.25958  1.25958  -0.322326  -0.322326  4.31444  4.31444  4.31444  4.31444  2.20648  2.20648  2.11459  2.26376  4.28532  4.29032  4.34866  4.36806 
1.63363 -0.251327 1.44042  1.44042  1.44042  1.44042  -0.397674  -0.397674  4.49527  4.49527  4.49527  4.49527  2.13113  2.13113  2.04571  2.1861  4.4679  4.47183  4.52657  4.54524 
1.75929 -0.251327 1.61983  1.61983  1.61983  1.61983  -0.472429  -0.472429  4.67468  4.67468  4.67468  4.67468  2.05638  2.05638  1.97747  2.10846  4.64919  4.65224  4.70319  4.72093 
1.88496 -0.251327 1.79498  1.79498  1.79498  1.79498  -0.54541  -0.54541  4.84984  4.84984  4.84984  4.84984  1.98339  1.98339  1.91109  2.03208  4.82637  4.82867  4.87564  4.8923 
2.01062 -0.251327 1.96312  1.96312  1.96312  1.96312  -0.615468  -0.615468  5.01798  5.01798  5.01798  5.01798  1.91334  1.91334  1.8477  1.95818  4.99668  4.99831  5.04112  5.0566 
2.13628 -0.251327 2.12159  2.12159  2.12159  2.12159  -0.681496  -0.681496  5.17645  5.17645  5.17645  5.17645  1.84731  1.84731  1.78841  1.88789  5.15747  5.15847  5.19697  5.21119 
2.26195 -0.251327 2.26789  2.26789  2.26789  2.26789  -0.742454  -0.742454  5.32275  5.32275  5.32275  5.32275  1.78635  1.78635  1.73425  1.8223  5.30623  5.30664  5.34067  5.35359 
2.38761 -0.251327 2.39971  2.39971  2.39971  2.39971  -0.797381  -0.797381  5.45457  5.45457  5.45457  5.45457  1.73142  1.73142  1.68617  1.7624  5.44047  5.44067  5.4699  5.48152 
2.51327 -0.251327 2.51498  2.51498  2.51498  2.51498  -0.84541  -0.84541  5.56984  5.56984  5.56984  5.56984  1.68339  1.68339  1.64501  1.70908  5.55787  5.55869  5.58259  5.59291 
2.63894 -0.251327 2.61188  2.61188  2.61188  2.61188  -0.885784  -0.885784  5.66674  5.66674  5.66674  5.66674  1.64302  1.64302  1.6115  1.66313  5.65701  5.65848  5.67691  5.68596 
2.7646 -0.251327 2.68888  2.68888  2.68888  2.68888  -0.917866  -0.917866  5.74373  5.74373  5.74373  5.74373  1.61094  1.61094  1.58626  1.62522  5.73634  5.7385  5.75134  5.75916 
2.89027 -0.251327 2.74476  2.74476  2.74476  2.74476  -0.94115  -0.94115  5.79962  5.79962  5.79962  5.79962  1.58765  1.58765  1.56977  1.59586  5.79463  5.79753  5.80466  5.81132 
3.01593 -0.251327 2.77865  2.77865  2.77865  2.77865  -0.955269  -0.955269  5.8335  5.8335  5.8335  5.8335  1.57354  1.57354  1.56237  1.57545  5.83099  5.83468  5.83601  5.84157 
-3.14159 -0.125664 2.79  2.79  2.79  2.79  -0.96  -0.96  5.84486  5.84486  5.84486  5.84486  1.5688  1.5688  1.56425  1.56425  5.84486  5.84486  5.84941  5.84941 
-3.01593 -0.125664 2.77865  2.77865  2.77865  2.77865  -0.955269  -0.955269  5.8335  5.8335  5.8335  5.8335  1.57354  1.57354  1.56232  1.57551  5.83101  5.83451  5.83619  5.84154 
-2.89027 -0.125664 2.74476  2.74476  2.74476  2.74476  -0.94115  -0.94115  5.79962  5.79962  5.79962  5.79962  1.58765  1.58765  1.56964  1.59599  5.79468  5.79739  5.80485  5.81122 
-2.7646 -0.125664 2.68888  2.68888  2.68888  2.68888  -0.917866  -0.917866  5.74373  5.74373  5.74373  5.74373  1.61094  1.61094  1.58603  1.62545  5.73642  5.73834  5.7516  5.75898 
-2.63894 -0.125664 2.61188  2.61188  2.61188  2.61188  -0.885784  -0.885784  5.66674  5.66674  5.66674  5.66674  1.64302  1.64302  1.61114  1.6635  5.65711  5.6583  5.67727  5.68567 
-2.51327 -0.125664 2.51498  2.51498  2.51498  2.51498  -0.84541  -0.84541  5.56984  5.56984  5.56984  5.56984  1.68339  1.68339  1.6445  1.7096  5.55799  5.55851  5.58306  5.59249 
-2.38761 -0.125664 2.39971  2.39971  2.39971  2.39971  -0.797381  -0.797381  5.45457  5.45457  5.45457  5.45457  1.73142  1.73142  1.68548  1.7631  5.4405  5.44059  5.4705  5.48096 
-2.26195 -0.125664 2.26789  2.26789  2.26789  2.26789  -0.742454  -0.742454  5.32275  5.32275  5.32275  5.32275  1.78635  1.78635  1.73335  1.82321  5.30608  5.30676  5.34142  5.35286 
-2.13628 -0.125664 2.12159  2.12159  2.12159  2.12159  -0.681496  -0.681496  5.17645  5.17645  5.17645  5.17645  1.84731  1.84731  1.78728  1.88904  5.15734  5.15859  5.19788  5.21027 
-2.01062 -0.125664 1.96312  1.96312  1.96312  1.96312  -0.615468  -0.615468  5.01798  5.01798  5.01798  5.01798  1.91334  1.91334  1.8463  1.9596  4.99659  4.99841  5.04222  5.05545 
-1.88496 -0.125664 1.79498  1.79498  1.79498  1.79498  -0.54541  -0.54541  4.84984  4.84984  4.84984  4.84984  1.98339  1.98339  1.9094  2.03381  4.82633  4.82875  4.87695  4.8909 
-1.75929 -0.125664 1.61983  1.61983  1.61983  1.61983  -0.472429  -0.472429  4.67468  4.67468  4.67468  4.67468  2.05638  2.05638  1.97547  2.11053  4.6492  4.65231  4.70473  4.71925 
-1.63363 -0.125664 1.44042  1.44042  1.44042  1.44042  -0.397674  -0.397674  4.49527  4.49527  4.49527  4.49527  2.13113  2.13113  2.04336  2.18855  4.46797  4.47188  4.52837  4.54324 
-1.50796 -0.125664 1.25958  1.25958  1.25958  1.25958  -0.322326  -0.322326  4.31444  4.31444  4.31444  4.31444  2.20648  2.20648  2.11186  2.26662  4.28546  4.29036  4.35073  4.36568 
-1.3823 -0.125664 1.08017  1.08017  1.08017  1.08017  -0.247571  -0.247571  4.13503  4.13503  4.13503  4.13503  2.28123  2.28123  2.17976  2.34347  4.10452  4.11068  4.17473  4.18942 
-1.25664 -0.125664 0.905016  0.905016  0.905016  0.905016  -0.17459  -0.17459  3.95987  3.95987  3.95987  3.95987  2.35422  2.35422  2.24582  2.41778  3.92796  3.9358  4.00329  4.01727 
-1.13097 -0.125664 0.736878  0.736878  0.736878  0.736878  -0.104532  -0.104532  3.79173  3.79173  3.79173  3.79173  2.42427  2.42427  2.3088  2.4882  3.75854  3.76865  3.83928  3.85201 
-1.00531 -0.125664 0.578409  0.578409  0.578409  0.578409  -0.0385039  -0.0385039  3.63326  3.63326  3.63326  3.63326  2.4903  2.4903  2.36749  2.55333  3.59891  3.61213  3.68548  3.69632 
-0.879646 -0.125664 0.432109  0.432109  0.432109  0.432109  0.0224544  0.0224544  3.48696  3.48696  3.48696  3.48696  2.55126  2.55126  2.42069  2.61166  3.45156  3.46914  3.54458  3.55276 
-0.753982 -0.125664 0.300285  0.300285  0.300285  0.300285  0.0773812  0.0773812  3.35514  3.35514  3.35514  3.35514  2.60619  2.60619  2.46728  2.66153  3.31877  3.34253  3.41906  3.42375 
-0.628319 -0.125664 0.185016  0.185016  0.185016  0.185016  0.12541  0.12541  3.23987  3.23987  3.23987  3.23987  2.65422  2.65422  2.5063  2.70109  3.20263  3.23509  3.31113  3.31168 
-0.502655 -0.125664 0.0881184  0.0881184  0.0881184  0.0881184  0.165784  0.165784  3.14297  3.14297  3.14297  3.14297  2.69459  2.69459  2.53706  2.72847  3.10494  3.14915  3.21892  3.22254 
-0.376991 -0.125664 0.0111219  0.0111219  0.0111219  0.0111219  0.197866  0.197866  3.06598  3.06598  3.06598  3.06598  2.72667  2.72667  2.55942  2.74279  3.02724  3.08536  3.14811  3.15432 
-0.251327 -0.125664 -0.0447598  -0.0447598  -0.0447598  -0.0447598  0.22115  0.22115  3.0101  3.0101  3.0101  3.0101  2.74995  2.74995  2.574  2.74609  2.97078  3.04147  3.1014  3.10655 
-0.125664 -0.125664 -0.0786452  -0.0786452  -0.0786452  -0.0786452  0.235269  0.235269  2.97621  2.97621  2.97621  2.97621  2.76407  2.76407  2.5821  2.74383  2.93647  3.01462  3.07758  3.07841 
0 -0.125664 -0.09  -0.09  -0.09  -0.09  0.24  0.24  2.96486  2.96486  2.96486  2.96486  2.7688  2.7688  2.58503  2.74183  2.9249  3.00473  3.06882  3.07172 
0.125664 -0.125664 -0.0786452  -0.0786452  -0.0786452  -0.0786452  0.235269  0.235269  2.97621  2.97621  2.97621  2.97621  2.76407  2.76407  2.58332  2.74249  2.93629  3.01258  3.07736  3.08095 
0.251327 -0.125664 -0.0447598  -0.0447598  -0.0447598  -0.0447598  0.22115  0.22115  3.0101  3.0101  3.0101  3.0101  2.74995  2.74995  2.57625  2.74348  2.97046  3.03819  3.10462  3.10729 
0.376991 -0.125664 0.0111219  0.0111219  0.0111219  0.0111219  0.197866  0.197866  3.06598  3.06598  3.06598  3.06598  2.72667  2.72667  2.56235  2.7392  3.02683  3.08228  3.1518  3.15479 
0.502655 -0.125664 0.0881184  0.0881184  0.0881184  0.0881184  0.165784  0.165784  3.14297  3.14297  3.14297  3.14297  2.69459  2.69459  2.54032  2.72439  3.10449  3.14707  3.21973  3.22508 
0.628319 -0.125664 0.185016  0.185016  0.185016  0.185016  0.12541  0.12541  3.23987  3.23987  3.23987  3.23987  2.65422  2.65422  2.50961  2.69701  3.20218  3.23392  3.30827  3.31693 
0.753982 -0.125664 0.300285  0.300285  0.300285  0.300285  0.0773812  0.0773812  3.35514  3.35514  3.35514  3.35514  2.60619  2.60619  2.47045  2.65773  3.31835  3.34192  3.41631  3.42817 
0.879646 -0.125664 0.432109  0.432109  0.432109  0.432109  0.0224544  0.0224544  3.48696  3.48696  3.48696  3.48696  2.55126  2.55126  2.42361  2.60825  3.45118  3.46884  3.54203  3.55646 
1.00531 -0.125664 0.578409  0.578409  0.578409  0.578409  -0.0385039  -0.0385039  3.63326  3.63326  3.63326  3.63326  2.4903  2.4903  2.37013  2.55033  3.59859  3.612  3.68316  3.69945 
1.13097 -0.125664 0.736878  0.736878  0.736878  0.736878  -0.104532  -0.104532  3.79173  3.79173  3.79173  3.79173  2.42427  2.42427  2.31114  2.4856  3.75828  3.7686  3.8372  3.85467 
1.25664 -0.125664 0.905016  0.905016  0.905016  0.905016  -0.17459  -0.17459  3.95987  3.95987  3.95987  3.95987  2.35422  2.35422  2.24787  2.41554  3.92775  3.93578  4.00145  4.01952 
1.3823 -0.125664 1.08017  1.08017  1.08017  1.08017  -0.247571  -0.247571  4.13503  4.13503  4.13503  4.13503  2.28123  2.28123  2.18153  2.34156  4.10436  4.11067  4.17312  4.19133 
1.50796 -0.125664 1.25958  1.25958  1.25958  1.25958  -0.322326  -0.322326  4.31444  4.31444  4.31444  4.31444  2.20648  2.20648  2.11338  2.26501  4.28536  4.29034  4.34932  4.3673 
1.63363 -0.125664 1.44042  1.44042  1.44042  1.44042  -0.397674  -0.397674  4.49527  4.49527  4.49527  4.49527  2.13113  2.13113  2.04464  2.1872  4.46791  4.47185  4.52714  4.54461 
1.75929 -0.125664 1.61983  1.61983  1.61983  1.61983  -0.472429  -0.472429  4.67468  4.67468  4.67468  4.67468  2.05638  2.05638  1.97654  2.10941  4.64919  4.65227  4.70368  4.72041 
1.88496 -0.125664 1.79498  1.79498  1.79498  1.79498  -0.54541  -0.54541  4.84984  4.84984  4.84984  4.84984  1.98339  1.98339  1.91028  2.0329  4.82635  4.8287  4.87605  4.89187 
2.01062 -0.125664 1.96312  1.96312  1.96312  1.96312  -0.615468  -0.615468  5.01798  5.01798  5.01798  5.01798  1.91334  1.91334  1.84701  1.95887  4.99665  4.99835  5.04146  5.05625 
2.13628 -0.125664 2.12159  2.12159  2.12159  2.12159  -0.681496  -0.681496  5.17645  5.17645  5.17645  5.17645  1.84731  1.84731  1.78783  1.88847  5.15742  5.15851  5.19725  5.21091 
2.26195 -0.125664 2.26789  2.26789  2.26789  2.26789  -0.742454  -0.742454  5.32275  5.32275  5.32275  5.32275  1.78635  1.78635  1.73378  1.82278  5.30618  5.30668  5.34089  5.35338 
2.38761 -0.125664 2.39971  2.39971  2.39971  2.39971  -0.797381  -0.797381  5.45457  5.45457  5.45457  5.45457  1.73142  1.73142  1.68579  1.76279  5.44051  5.44061  5.47008  5.48136 
2.51327 -0.125664 2.51498  2.51498  2.51498  2.51498  -0.84541  -0.84541  5.56984  5.56984  5.56984  5.56984  1.68339  1.68339  1.64471  1.70938  5.55791  5.55863  5.58272  5.59279 
2.63894 -0.125664 2.61188  2.61188  2.61188  2.61188  -0.885784  -0.885784  5.66674  5.66674  5.66674  5.66674  1.64302  1.64302  1.61128  1.66336  5.65704  5.65842  5.67701  5.68588 
2.7646 -0.125664 2.68888  2.68888  2.68888  2.68888  -0.917866  -0.917866  5.74373  5.74373  5.74373  5.74373  1.61094  1.61094  1.58611  1.62537  5.73636  5.73845  5.75141  5.75912 
2.89027 -0.125664 2.74476  2.74476  2.74476  2.74476  -0.94115  -0.94115  5.79962  5.79962  5.79962  5.79962  1.58765  1.58765  1.56968  1.59595  5.79464  5.79749  5.80471  5.8113 
3.01593 -0.125664 2.77865  2.77865  2.77865  2.77865  -0.955269  -0.955269  5.8335  5.8335  5.8335  5.8335  1.57354  1.57354  1.56232  1.5755  5.83099  5.83465  5.83604  5.84157 
-3.14159 0 2.79  2.79  2.79  2.79  -0.96  -0.96  5.84486  5.84486  5.84486  5.84486  1.5688  1.5688  1.56425  1.56425  5.84486  5.84486  5.84941  5.84941 
-3.01593 0 2.77865  2.77865  2.77865  2.77865  -0.955269  -0.955269  5.8335  5.8335  5.8335  5.8335  1.57354  1.57354  1.56231  1.57551  5.831  5.8346  5.8361  5.84156 
-2.89027 0 2.74476  2.74476  2.74476  2.74476  -0.94115  -0.94115  5.79962  5.79962  5.79962  5.79962  1.58765  1.58765  1.56963  1.596  5.79466  5.79745  5.80477  5.81127 
-2.7646 0 2.68888  2.68888  2.68888  2.68888  -0.917866  -0.917866  5.74373  5.74373  5.74373  5.74373  1.61094  1.61094  1.58603  1.62545  5.73639  5.7384  5.75149  5.75906 
-2.63894 0 2.61188  2.61188  2.61188  2.61188  -0.885784  -0.885784  5.66674  5.66674  5.66674  5.66674  1.64302  1.64302  1.61116  1.66348  5.65707  5.65836  5.67713  5.68578 
-2.51327 0 2.51498  2.51498  2.51498  2.51498  -0.84541  -0.84541  5.56984  5.56984  5.56984  5.56984  1.68339  1.68339  1.64454  1.70956  5.55795  5.55857  5.58288  5.59265 
-2.38761 0 2.39971  2.39971  2.39971  2.39971  -0.797381  -0.797381  5.45457  5.45457  5.45457  5.45457  1.73142  1.73142  1.68556  1.76302  5.44055  5.44055  5.47028  5.48117 
-2.26195 0 2.26789  2.26789  2.26789  2.26789  -0.742454  -0.742454  5.32275  5.32275  5.32275  5.32275  1.78635  1.78635  1.73348  1.82308  5.30613  5.30672  5.34114  5.35313 
-2.13628 0 2.12159  2.12159  2.12159  2.12159  -0.681496  -0.681496  5.17645  5.17645  5.17645  5.17645  1.84731  1.84731  1.78746  1.88886  5.15738  5.15855  5.19756  5.2106 
-2.01062 0 1.96312  1.96312  1.96312  1.96312  -0.615468  -0.615468  5.01798  5.01798  5.01798  5.01798  1.91334  1.91334  1.84655  1.95935  4.99662  4.99838  5.04183  5.05586 
-1.88496 0 1.79498  1.79498  1.79498  1.79498  -0.54541  -0.54541  4.84984  4.84984  4.84984  4.84984  1.98339  1.98339  1.90972  2.03348  4.82634  4.82873  4.87648  4.8914 
-1.75929 0 1.61983  1.61983  1.61983  1.61983  -0.472429  -0.472429  4.67468  4.67468  4.67468  4.67468  2.05638  2.05638  1.97587  2.1101  4.64919  4.65229  4.70419  4.71985 
-1.63363 0 1.44042  1.44042  1.44042  1.44042  -0.397674  -0.397674  4.49527  4.49527  4.49527  4.49527  2.13113  2.13113  2.04385  2.18801  4.46794  4.47187  4.52774  4.54394 
-1.50796 0 1.25958  1.25958  1.25958  1.25958  -0.322326  -0.322326  4.31444  4.31444  4.31444  4.31444  2.20648  2.20648  2.11247  2.26596  4.2854  4.29035  4.35001  4.36651 
-1.3823 0 1.08017  1.08017  1.08017  1.08017  -0.247571  -0.247571  4.13503  4.13503  4.13503  4.13503  2.28123  2.28123  2.18048  2.34267  4.10443  4.11068  4.17391  4.19039 
-1.25664 0 0.905016  0.905016  0.905016  0.905016  -0.17459  -0.17459  3.95987  3.95987  3.95987  3.95987  2.35422  2.35422  2.24667  2.41682  3.92785  3.9358  4.00236  4.01842 
-1.13097 0 0.736878  0.736878  0.736878  0.736878  -0.104532  -0.104532  3.79173  3.79173  3.79173  3.79173  2.42427  2.42427  2.30979  2.48707  3.7584  3.76863  3.83823  3.85336 
-1.00531 0 0.578409  0.578409  0.578409  0.578409  -0.0385039  -0.0385039  3.63326  3.63326  3.63326  3.63326  2.4903  2.4903  2.36862  2.552  3.59874  3.61208  3.68431  3.69791 
-0.879646 0 0.432109  0.432109  0.432109  0.432109  0.0224544  0.0224544  3.48696  3.48696  3.48696  3.48696  2.55126  2.55126  2.42196  2.61013  3.45136  3.46901  3.54329  3.55463 
-0.753982 0 0.300285  0.300285  0.300285  0.300285  0.0773812  0.0773812  3.35514  3.35514  3.35514  3.35514  2.60619  2.60619  2.46867  2.65981  3.31855  3.34225  3.41768  3.42599 
-0.628319 0 0.185016  0.185016  0.185016  0.185016  0.12541  0.12541  3.23987  3.23987  3.23987  3.23987  2.65422  2.65422  2.50775  2.69922  3.20238  3.23452  3.3097  3.31434 
-0.502655 0 0.0881184  0.0881184  0.0881184  0.0881184  0.165784  0.165784  3.14297  3.14297  3.14297  3.14297  2.69459  2.69459  2.53848  2.72659  3.10469  3.14812  3.22113  3.22206 
-0.376991 0 0.0111219  0.0111219  0.0111219  0.0111219  0.197866  0.197866  3.06598  3.06598  3.06598  3.06598  2.72667  2.72667  2.56068  2.74114  3.02701  3.08382  3.15154  3.15306 
-0.251327 0 -0.0447598  -0.0447598  -0.0447598  -0.0447598  0.22115  0.22115  3.0101  3.0101  3.0101  3.0101  2.74995  2.74995  2.57493  2.74491  2.97058  3.03986  3.10443  3.10559 
-0.125664 0 -0.0786452  -0.0786452  -0.0786452  -0.0786452  0.235269  0.235269  2.97621  2.97621  2.97621  2.97621  2.76407  2.76407  2.58251  2.74327  2.93634  3.01369  3.07788  3.0793 
0 0 -0.09  -0.09  -0.09  -0.09  0.24  0.24  2.96486  2.96486  2.96486  2.96486  2.7688  2.7688  2.58484  2.74193  2.92486  3.00486  3.06882  3.07173 
0.125664 0 -0.0786452  -0.0786452  -0.0786452  -0.0786452  0.235269  0.235269  2.97621  2.97621  2.97621  2.97621  2.76407  2.76407  2.58251  2.74327  2.93634  3.01369  3.07788  3.0793 
0.251327 0 -0.0447598  -0.0447598  -0.0447598  -0.0447598  0.22115  0.22115  3.0101  3.0101  3.0101  3.0101  2.74995  2.74995  2.57493  2.74491  2.97058  3.03986  3.10443  3.10559 
0.376991 0 0.0111219  0.0111219  0.0111219  0.0111219  0.197866  0.197866  3.06598  3.06598  3.06598  3.06598  2.72667  2.72667  2.56068  2.74114  3.02701  3.08382  3.15154  3.15306 
0.502655 0 0.0881184  0.0881184  0.0881184  0.0881184  0.165784  0.165784  3.14297  3.14297  3.14297  3.14297  2.69459  2.69459  2.53848  2.72659  3.10469  3.14812  3.22113  3.22206 
0.628319 0 0.185016  0.185016  0.185016  0.185016  0.12541  0.12541  3.23987  3.23987  3.23987  3.23987  2.65422  2.65422  2.50775  2.69922  3.20238  3.23452  3.3097  3.31434 
0.753982 0 0.300285  0.300285  0.300285  0.300285  0.0773812  0.0773812  3.35514  3.35514  3.35514  3.35514  2.60619  2.60619  2.46867  2.65981  3.31855  3.34225  3.41768  3.42599 
0.879646 0 0.432109  0.432109  0.432109  0.432109  0.0224544  0.0224544  3.48696  3.48696  3.48696  3.48696  2.55126  2.55126  2.42196  2.61013  3.45136  3.46901  3.54329  3.55463 
1.00531 0 0.578409  0.578409  0.578409  0.578409  -0.0385039  -0.0385039  3.63326  3.63326  3.63326  3.63326  2.4903  2.4903  2.36862  2.552  3.59874  3.61208  3.68431  3.69791 
1.13097 0 0.736878  0.736878  0.736878  0.736878  -0.104532  -0.104532  3.79173  3.79173  3.79173  3.79173  2.42427  2.42427  2.30979  2.48707  3.7584  3.76863  3.83823  3.85336 
1.25664 0 0.905016  0.905016  0.905016  0.905016  -0.17459  -0.17459  3.95987  3.95987  3.95987  3.95987  2.35422  2.35422  2.24667  2.41682  3.92785  3.9358  4.00236  4.01842 
1.3823 0 1.08017  1.08017  1.08017  1.08017  -0.247571  -0.247571  4.13503  4.13503  4.13503  4.13503  2.28123  2.28123  2.18048  2.34267  4.10443  4.11068  4.17391  4.19039 
1.50796 0 1.25958  1.25958  1.25958  1.25958  -0.322326  -0.322326  4.31444  4.31444  4.31444  4.31444  2.20648  2.20648  2.11247  2.26596  4.2854  4.29035  4.35001  4.36651 
1.63363 0 1.44042  1.44042  1.44042  1.44042  -0.397674  -0.397674  4.49527  4.49527  4.49527  4.49527  2.13113  2.13113  2.04385  2.18801  4.46794  4.47187  4.52774  4.54394 
1.75929 0 1.61983  1.61983  1.61983  1.61983  -0.472429  -0.472429  4.67468  4.67468  4.67468  4.67468  2.05638  2.05638  1.97587  2.1101  4.64919  4.65229  4.70419  4.71985 
1.88496 0 1.79498  1.79498  1.79498  1.79498  -0.54541  -0.54541  4.84984  4.84984  4.84984  4.84984  1.98339  1.98339  1.90972  2.03348  4.82634  4.82873  4.87648  4.8914 
2.01062 0 1.96312  1.96312  1.96312  1.96312  -0.615468  -0.615468  5.01798  5.01798  5.01798  5.01798  1.91334  1.91334  1.84655  1.95935  4.99662  4.99838  5.04183  5.05586 
2.13628 0 2.12159  2.12159  2.12159  2.12159  -0.681496  -0.681496  5.17645  5.17645  5.17645  5.17645  1.84731  1.84731  1.78746  1.88886  5.15738  5.15855  5.19756  5.2106 
2.26195 0 2.26789  2.26789  2.26789  2.26789  -0.742454  -0.742454  5.32275  5.32275  5.32275  5.32275  1.78635  1.78635  1.73348  1.82308  5.30613  5.30672  5.34114  5.35313 
2.38761 0 2.39971  2.39971  2.39971  2.39971  -0.797381  -0.797381  5.45457  5.45457  5.45457  5.45457  1.73142  1.73142  1.68556  1.76302  5.44055  5.44055  5.47028  5.48117 
2.51327 0 2.51498  2.51498  2.51498  2.51498  -0.84541  -0.84541  5.56984  5.56984  5.56984  5.56984  1.68339  1.68339  1.64454  1.70956  5.55795  5.55857  5.58288  5.59265 
2.63894 0 2.61188  2.61188  2.61188  2.61188  -0.885784  -0.885784  5.66674  5.66674  5.66674  5.66674  1.64302  1.64302  1.61116  1.66348  5.65707  5.65836  5.67713  5.68578 
2.7646 0 2.68888  2.68888  2.68888  2.68888  -0.917866  -0.917866  5.74373  5.74373  5.74373  5.74373  1.61094  1.61094  1.58603  1.62545  5.73639  5.7384  5.75149  5.75906 
2.89027 0 2.74476  2.74476  2.74476  2.74476  -0.94115  -0.94115  5.79962  5.79962  5.79962  5.79962  1.58765  1.58765  1.56963  1.596  5.79466  5.79745  5.80477  5.81127 
3.01593 0 2.77865  2.77865  2.77865  2.77865  -0.955269  -0.955269  5.8335  5.8335  5.8335  5.8335  1.57354  1.57354  1.56231  1.57551  5.831  5.8346  5.8361  5.84156 
-3.14159 0.125664 2.79  2.79  2.79  2.79  -0.96  -0.96  5.84486  5.84486  5.84486  5.84486  1.5688  1.5688  1.56425  1.56425  5.84486  5.84486  5.84941  5.84941 
-3.01593 0.125664 2.77865  2.77865  2.77865  2.77865  -0.955269  -0.955269  5.8335  5.8335  5.8335  5.8335  1.57354  1.57354  1.56232  1.5755  5.83099  5.83465  5.83604  5.84157 
-2.89027 0.125664 2.74476  2.74476  2.74476  2.74476  -0.94115  -0.94115  5.79962  5.79962  5.79962  5.79962  1.58765  1.58765  1.56968  1.59595  5.79464  5.79749  5.80471  5.8113 
-2.7646 0.125664 2.68888  2.68888  2.68888  2.68888  -0.917866  -0.917866  5.74373  5.74373  5.74373  5.74373  1.61094  1.61094  1.58611  1.62537  5.73636  5.73845  5.75141  5.75912 
-2.63894 0.125664 2.61188  2.61188  2.61188  2.61188  -0.885784  -0.885784  5.66674  5.66674  5.66674  5.66674  1.64302  1.64302  1.61128  1.66336  5.65704  5.65842  5.67701  5.68588 
-2.51327 0.125664 2.51498  2.51498  2.51498  2.51498  -0.84541  -0.84541  5.56984  5.56984  5.56984  5.56984  1.68339  1.68339  1.64471  1.70938  5.55791  5.55863  5.58272  5.59279 
-2.38761 0.125664 2.39971  2.39971  2.39971  2.39971  -0.797381  -0.797381  5.45457  5.45457  5.45457  5.45457  1.73142  1.73142  1.68579  1.76279  5.44051  5.44061  5.47008  5.48136 
-2.26195 0.125664 2.26789  2.26789  2.26789  2.26789  -0.742454  -0.742454  5.32275  5.32275  5.32275  5.32275  1.78635  1.78635  1.73378  1.82278  5.30618  5.30668  5.34089  5.35338 
-2.13628 0.125664 2.12159  2.12159  2.12159  2.12159  -0.681496  -0.681496  5.17645  5.17645  5.17645  5.17645  1.84731  1.84731  1.78783  1.88847  5.15742  5.15851  5.19725  5.21091 
-2.01062 0.125664 1.96312  1.96312  1.96312  1.96312  -0.615468  -0.615468  5.01798  5.01798  5.01798  5.01798  1.91334  1.91334  1.84701  1.95887  4.99665  4.99835  5.04146  5.05625 
-1.88496 0.125664 1.79498  1.79498  1.79498  1.79498  -0.54541  -0.54541  4.84984  4.84984  4.84984  4.84984  1.98339  1.98339  1.91028  2.0329  4.82635  4.8287  4.87605  4.89187 
-1.75929 0.125664 1.61983  1.61983  1.61983  1.61983  -0.472429  -0.472429  4.67468  4.67468  4.67468  4.67468  2.05638  2.05638  1.97654  2.10941  4.64919  4.65227  4.70368  4.72041 
-1.63363 0.125664 1.44042  1.44042  1.44042  1.44042  -0.397674  -0.397674  4.49527  4.49527  4.49527  4.49527  2.13113  2.13113  2.04464  2.1872  4.46791  4.47185  4.52714  4.54461 
-1.50796 0.125664 1.25958  1.25958  1.25958  1.25958  -0.322326  -0.322326  4.31444  4.31444  4.31444  4.31444  2.20648  2.20648  2.11338  2.26501  4.28536  4.29034  4.34932  4.3673 
-1.3823 0.125664 1.08017  1.08017  1.08017  1.08017  -0.247571  -0.247571  4.13503  4.13503  4.13503  4.13503  2.28123  2.28123  2.18153  2.34156  4.10436  4.11067  4.17312  4.19133 
-1.25664 0.125664 0.905016  0.905016  0.905016  0.905016  -0.17459  -0.17459  3.95987  3.95987  3.95987  3.95987  2.35422  2.35422  2.24787  2.41554  3.92775  3.93578  4.00145  4.01952 
-1.13097 0.125664 0.736878  0.736878  0.736878  0.736878  -0.104532  -0.104532  3.79173  3.79173  3.79173  3.79173  2.42427  2.42427  2.31114  2.4856  3.75828  3.7686  3.8372  3.85467 
-1.00531 0.125664 0.578409  0.578409  0.578409  0.578409  -0.0385039  -0.0385039  3.63326  3.63326  3.63326  3.63326  2.4903  2.4903  2.37013  2.55033  3.59859  3.612  3.68316  3.69945 
-0.879646 0.125664 0.432109  0.432109  0.432109  0.432109  0.0224544  0.0224544  3.48696  3.48696  3.48696  3.48696  2.55126  2.55126  2.42361  2.60825  3.45118  3.46884  3.54203  3.55646 
-0.753982 0.125664 0.300285  0.300285  0.300285  0.300285  0.0773812  0.0773812  3.35514  3.35514  3.35514  3.35514  2.60619  2.60619  2.47045  2.65773  3.31835  3.34192  3.41631  3.42817 
-0.628319 0.125664 0.185016  0.185016  0.185016  0.185016  0.12541  0.12541  3.23987  3.23987  3.23987  3.23987  2.65422  2.65422  2.50961  2.69701  3.20218  3.23392  3.30827  3.31693 
-0.502655 0.125664 0.0881184  0.0881184  0.0881184  0.0881184  0.165784  0.165784  3.14297  3.14297  3.14297  3.14297  2.69459  2.69459  2.54032  2.72439  3.10449  3.14707  3.21973  3.22508 
-0.376991 0.125664 0.0111219  0.0111219  0.0111219  0.0111219  0.197866  0.197866  3.06598  3.06598  3.06598  3.06598  2.72667  2.72667  2.56235  2.7392  3.02683  3.08228  3.1518  3.15479 
-0.251327 0.125664 -0.0447598  -0.0447598  -0.0447598  -0.0447598  0.22115  0.22115  3.0101  3.0101  3.0101  3.0101  2.74995  2.74995  2.57625  2.74348  2.97046  3.03819  3.10462  3.10729 
-0.125664 0.125664 -0.0786452  -0.0786452  -0.0786452  -0.0786452  0.235269  0.235269  2.97621  2.97621  2.97621  2.97621  2.76407  2.76407  2.58332  2.74249  2.93629  3.01258  3.07736  3.08095 
0 0.125664 -0.09  -0.09  -0.09  -0.09  0.24  0.24  2.96486  2.96486  2.96486  2.96486  2.7688  2.7688  2.58503  2.74183  2.9249  3.00473  3.06882  3.07172 
0.125664 0.125664 -0.0786452  -0.0786452  -0.0786452  -0.0786452  0.235269  0.235269  2.97621  2.97621  2.97621  2.97621  2.76407  2.76407  2.5821  2.74383  2.93647  3.01462  3.07758  3.07841 
0.251327 0.125664 -0.0447598  -0.0447598  -0.0447598  -0.0447598  0.22115  0.22115  3.0101  3.0101  3.0101  3.0101  2.74995  2.74995  2.574  2.74609  2.97078  3.04147  3.1014  3.10655 
0.376991 0.125664 0.0111219  0.0111219  0.0111219  0.0111219  0.197866  0.197866  3.06598  3.06598  3.06598  3.06598  2.72667  2.72667  2.55942  2.74279  3.02724  3.08536  3.14811  3.15432 
0.502655 0.125664 0.0881184  0.0881184  0.0881184  0.0881184  0.165784  0.165784  3.14297  3.14297  3.14297  3.14297  2.69459  2.69459  2.53706  2.72847  3.10494  3.14915  3.21892  3.22254 
0.628319 0.125664 0.185016  0.185016  0.185016  0.185016  0.12541  0.12541  3.23987  3.23987  3.23987  3.23987  2.65422  2.65422  2.5063  2.70109  3.20263  3.23509  3.31113  3.31168 
0.753982 0.125664 0.300285  0.300285  0.300285  0.300285  0.0773812  0.0773812  3.35514  3.35514  3.35514  3.35514  2.60619  2.60619  2.46728  2.66153  3.31877  3.34253  3.41906  3.42375 
0.879646 0.125664 0.432109  0.432109  0.432109  0.432109  0.0224544  0.0224544  3.48696  3.48696  3.48696  3.48696  2.55126  2.55126  2.42069  2.61166  3.45156  3.46914  3.54458  3.55276 
1.00531 0.125664 0.578409  0.578409  0.578409  0.578409  -0.0385039  -0.0385039  3.63326  3.63326  3.63326  3.63326  2.4903  2.4903  2.36749  2.55333  3.59891  3.61213  3.68548  3.69632 
1.13097 0.125664 0.736878  0.736878  0.736878  0.736878  -0.104532  -0.104532  3.79173  3.79173  3.79173  3.79173  2.42427  2.42427  2.3088  2.4882  3.75854  3.76865  3.83928  3.85201 
1.25664 0.125664 0.905016  0.905016  0.905016  0.905016  -0.17459  -0.17459  3.95987  3.95987  3.95987  3.95987  2.35422  2.35422  2.24582  2.41778  3.92796  3.9358  4.00329  4.01727 
1.3823 0.125664 1.08017  1.08017  1.08017  1.08017  -0.247571  -0.247571  4.13503  4.13503  4.13503  4.13503  2.28123  2.28123  2.17976  2.34347  4.10452  4.11068  4.17473  4.18942 
1.50796 0.125664 1.25958  1.25958  1.25958  1.25958  -0.322326  -0.322326  4.31444  4.31444  4.31444  4.31444  2.20648  2.20648  2.11186  2.26662  4.28546  4.29036  4.35073  4.36568 
1.63363 0.125664 1.44042  1.44042  1.44042  1.44042  -0.397674  -0.397674  4.49527  4.49527  4.49527  4.49527  2.13113  2.13113  2.04336  2.18855  4.46797  4.47188  4.52837  4.54324 
1.75929 0.125664 1.61983  1.61983  1.61983  1.61983  -0.472429  -0.472429  4.67468  4.67468  4.67468  4.67468  2.05638  2.05638  1.97547  2.11053  4.6492  4.65231  4.70473  4.71925 
1.88496 0.125664 1.79498  1.79498  1.79498  1.79498  -0.54541  -0.54541  4.84984  4.84984  4.84984  4.84984  1.98339  1.98339  1.9094  2.03381  4.82633  4.82875  4.87695  4.8909 
2.01062 0.125664 1.96312  1.96312  1.96312  1.96312  -0.615468  -0.615468  5.01798  5.01798  5.01798  5.01798  1.91334  1.91334  1.8463  1.9596  4.99659  4.99841  5.04222  5.05545 
2.13628 0.125664 2.12159  2.12159  2.12159  2.12159  -0.681496  -0.681496  5.17645  5.17645  5.17645  5.17645  1.84731  1.84731  1.78728  1.88904  5.15734  5.15859  5.19788  5.21027 
2.26195 0.125664 2.26789  2.26789  2.26789  2.26789  -0.742454  -0.742454  5.32275  5.32275  5.32275  5.32275  1.78635  1.78635  1.73335  1.82321  5.30608  5.30676  5.34142  5.35286 
2.38761 0.125664 2.39971  2.39971  2.39971  2.39971  -0.797381  -0.797381  5.45457  5.45457  5.45457  5.45457  1.73142  1.73142  1.68548  1.7631  5.4405  5.44059  5.4705  5.48096 
2.51327 0.125664 2.51498  2.51498  2.51498  2.51498  -0.84541  -0.84541  5.56984  5.56984  5.56984  5.56984  1.68339  1.68339  1.6445  1.7096  5.55799  5.55851  5.58306  5.59249 
2.63894 0.125664 2.61188  2.61188  2.61188  2.61188  -0.885784  -0.885784  5.66674  5.66674  5.66674  5.66674  1.64302  1.64302  1.61114  1.6635  5.65711  5.6583  5.67727  5.68567 
2.7646 0.125664 2.68888  2.68888  2.68888  2.68888  -0.917866  -0.917866  5.74373  5.74373  5.74373  5.74373  1.61094  1.61094  1.58603  1.62545  5.73642  5.73834  5.7516  5.75898 
2.89027 0.125664 2.74476  2.74476  2.74476  2.74476  -0.94115  -0.94115  5.79962  5.79962  5.79962  5.79962  1.58765  1.58765  1.56964  1.59599  5.79468  5.79739  5.80485  5.81122 
3.01593 0.125664 2.77865  2.77865  2.77865  2.77865  -0.955269  -0.955269  5.8335  5.8335  5.8335  5.8335  1.57354  1.57354  1.56232  1.57551  5.83101  5.83451  5.83619  5.84154 
-3.14159 0.251327 2.79  2.79  2.79  2.79  -0.96  -0.96  5.84486  5.84486  5.84486  5.84486  1.5688  1.5688  1.56425  1.56425  5.84486  5.84486  5.84941  5.84941 
-3.01593 0.251327 2.77865  2.77865  2.77865  2.77865  -0.955269  -0.955269  5.8335  5.8335  5.8335  5.8335  1.57354  1.57354  1.56237  1.57545  5.83099  5.83468  5.83601  5.84157 
-2.89027 0.251327 2.74476  2.74476  2.74476  2.74476  -0.94115  -0.94115  5.79962  5.79962  5.79962  5.79962  1.58765  1.58765  1.56977  1.59586  5.79463  5.79753  5.80466  5.81132 
-2.7646 0.251327 2.68888  2.68888  2.68888  2.68888  -0.917866  -0.917866  5.74373  5.74373  5.74373  5.74373  1.61094  1.61094  1.58626  1.62522  5.73634  5.7385  5.75134  5.75916 
-2.63894 0.251327 2.61188  2.61188  2.61188  2.61188  -0.885784  -0.885784  5.66674  5.66674  5.66674  5.66674  1.64302  1.64302  1.6115  1.66313  5.65701  5.65848  5.67691  5.68596 
-2.51327 0.251327 2.51498  2.51498  2.51498  2.51498  -0.84541  -0.84541  5.56984  5.56984  5.56984  5.56984  1.68339  1.68339  1.64501  1.70908  5.55787  5.55869  5.58259  5.59291 
-2.38761 0.251327 2.39971  2.39971  2.39971  2.39971  -0.797381  -0.797381  5.45457  5.45457  5.45457  5.45457  1.73142  1.73142  1.68617  1.7624  5.44047  5.44067  5.4699  5.48152 
-2.26195 0.251327 2.26789  2.26789  2.26789  2.26789  -0.742454  -0.742454  5.32275  5.32275  5.32275  5.32275  1.78635  1.78635  1.73425  1.8223  5.30623  5.30664  5.34067  5.35359 
-2.13628 0.251327 2.12159  2.12159  2.12159  2.12159  -0.681496  -0.681496  5.17645  5.17645  5.17645  5.17645  1.84731  1.84731  1.78841  1.88789  5.15747  5.15847  5.19697  5.21119 
-2.01062 0.251327 1.96312  1.96312  1.96312  1.96312  -0.615468  -0.615468  5.01798  5.01798  5.01798  5.01798  1.91334  1.91334  1.8477  1.95818  4.99668  4.99831  5.04112  5.0566 
-1.88496 0.251327 1.79498  1.79498  1.79498  1.79498  -0.54541  -0.54541  4.84984  4.84984  4.84984  4.84984  1.98339  1.98339  1.91109  2.03208  4.82637  4.82867  4.87564  4.8923 
-1.75929 0.251327 1.61983  1.61983  1.61983  1.61983  -0.472429  -0.472429  4.67468  4.67468  4.67468  4.67468  2.05638  2.05638  1.97747  2.10846  4.64919  4.65224  4.70319  4.72093 
-1.63363 0.251327 1.44042  1.44042  1.44042  1.44042  -0.397674  -0.397674  4.49527  4.49527  4.49527  4.49527  2.13113  2.13113  2.04571  2.1861  4.4679  4.47183  4.52657  4.54524 
-1.50796 0.251327 1.25958  1.25958  1.25958  1.25958  -0.322326  -0.322326  4.31444  4.31444  4.31444  4.31444  2.20648  2.20648  2.11459  2.26376  4.28532  4.29032  4.34866  4.36806 
-1.3823 0.251327 1.08017  1.08017  1.08017  1.08017  -0.247571  -0.247571  4.13503  4.13503  4.13503  4.13503  2.28123  2.28123  2.1829  2.34014  4.1043  4.11065  4.17235  4.19223 
-1.25664 0.251327 0.905016  0.905016  0.905016  0.905016  -0.17459  -0.17459  3.95987  3.95987  3.95987  3.95987  2.35422  2.35422  2.2494  2.41394  3.92767  3.93575  4.00057  4.02059 
-1.13097 0.251327 0.736878  0.736878  0.736878  0.736878  -0.104532  -0.104532  3.79173  3.79173  3.79173  3.79173  2.42427  2.42427  2.31285  2.48379  3.75817  3.76854  3.8362  3.85592 
-1.00531 0.251327 0.578409  0.578409  0.578409  0.578409  -0.0385039  -0.0385039  3.63326  3.63326  3.63326  3.63326  2.4903  2.4903  2.372  2.54831  3.59846  3.6119  3.68204  3.70094 
-0.879646 0.251327 0.432109  0.432109  0.432109  0.432109  0.0224544  0.0224544  3.48696  3.48696  3.48696  3.48696  2.55126  2.55126  2.42565  2.60602  3.45104  3.46865  3.54078  3.55824 
-0.753982 0.251327 0.300285  0.300285  0.300285  0.300285  0.0773812  0.0773812  3.35514  3.35514  3.35514  3.35514  2.60619  2.60619  2.47262  2.65532  3.31819  3.34157  3.41495  3.43028 
-0.628319 0.251327 0.185016  0.185016  0.185016  0.185016  0.12541  0.12541  3.23987  3.23987  3.23987  3.23987  2.65422  2.65422  2.51186  2.69447  3.20202  3.23328  3.30685  3.31943 
-0.502655 0.251327 0.0881184  0.0881184  0.0881184  0.0881184  0.165784  0.165784  3.14297  3.14297  3.14297  3.14297  2.69459  2.69459  2.54256  2.72189  3.10435  3.146  3.21832  3.22797 
-0.376991 0.251327 0.0111219  0.0111219  0.0111219  0.0111219  0.197866  0.197866  3.06598  3.06598  3.06598  3.06598  2.72667  2.72667  2.56442  2.73698  3.02673  3.08072  3.15054  3.15787 
-0.251327 0.251327 -0.0447598  -0.0447598  -0.0447598  -0.0447598  0.22115  0.22115  3.0101  3.0101  3.0101  3.0101  2.74995  2.74995  2.57797  2.74181  2.97041  3.03647  3.10365  3.10998 
-0.125664 0.251327 -0.0786452  -0.0786452  -0.0786452  -0.0786452  0.235269  0.235269  2.97621  2.97621  2.97621  2.97621  2.76407  2.76407  2.58452  2.74149  2.93633  3.01131  3.07683  3.08251 
0 0.251327 -0.09  -0.09  -0.09  -0.09  0.24  0.24  2.96486  2.96486  2.96486  2.96486  2.7688  2.7688  2.58561  2.74151  2.92503  3.00437  3.06882  3.07169 
0.125664 0.251327 -0.0786452  -0.0786452  -0.0786452  -0.0786452  0.235269  0.235269  2.97621  2.97621  2.97621  2.97621  2.76407  2.76407  2.58207  2.74416  2.93668  3.01535  3.07581  3.07893 
0.251327 0.251327 -0.0447598  -0.0447598  -0.0447598  -0.0447598  0.22115  0.22115  3.0101  3.0101  3.0101  3.0101  2.74995  2.74995  2.57348  2.74701  2.97104  3.04302  3.09822  3.10751 
0.376991 0.251327 0.0111219  0.0111219  0.0111219  0.0111219  0.197866  0.197866  3.06598  3.06598  3.06598  3.06598  2.72667  2.72667  2.55856  2.74415  3.02754  3.0869  3.14452  3.15558 
0.502655 0.251327 0.0881184  0.0881184  0.0881184  0.0881184  0.165784  0.165784  3.14297  3.14297  3.14297  3.14297  2.69459  2.69459  2.53604  2.73002  3.10524  3.15014  3.21569  3.22395 
0.628319 0.251327 0.185016  0.185016  0.185016  0.185016  0.12541  0.12541  3.23987  3.23987  3.23987  3.23987  2.65422  2.65422  2.50526  2.70261  3.20291  3.23562  3.30896  3.31257 
0.753982 0.251327 0.300285  0.300285  0.300285  0.300285  0.0773812  0.0773812  3.35514  3.35514  3.35514  3.35514  2.60619  2.60619  2.4663  2.6629  3.31903  3.34278  3.42045  3.42148 
0.879646 0.251327 0.432109  0.432109  0.432109  0.432109  0.0224544  0.0224544  3.48696  3.48696  3.48696  3.48696  2.55126  2.55126  2.41981  2.61283  3.45178  3.46924  3.54588  3.55084 
1.00531 0.251327 0.578409  0.578409  0.578409  0.578409  -0.0385039  -0.0385039  3.63326  3.63326  3.63326  3.63326  2.4903  2.4903  2.36673  2.55429  3.5991  3.61216  3.68667  3.6947 
1.13097 0.251327 0.736878  0.736878  0.736878  0.736878  -0.104532  -0.104532  3.79173  3.79173  3.79173  3.79173  2.42427  2.42427  2.30817  2.48898  3.7587  3.76864  3.84035  3.85063 
1.25664 0.251327 0.905016  0.905016  0.905016  0.905016  -0.17459  -0.17459  3.95987  3.95987  3.95987  3.95987  2.35422  2.35422  2.24531  2.4184  3.92808  3.93579  4.00425  4.01609 
1.3823 0.251327 1.08017  1.08017  1.08017  1.08017  -0.247571  -0.247571  4.13503  4.13503  4.13503  4.13503  2.28123  2.28123  2.17936  2.34395  4.10461  4.11067  4.17558  4.1884 
1.50796 0.251327 1.25958  1.25958  1.25958  1.25958  -0.322326  -0.322326  4.31444  4.31444  4.31444  4.31444  2.20648  2.20648  2.11156  2.26698  4.28553  4.29035  4.35148  4.36481 
1.63363 0.251327 1.44042  1.44042  1.44042  1.44042  -0.397674  -0.397674  4.49527  4.49527  4.49527  4.49527  2.13113  2.13113  2.04315  2.1888  4.46801  4.47188  4.52902  4.5425 
1.75929 0.251327 1.61983  1.61983  1.61983  1.61983  -0.472429  -0.472429  4.67468  4.67468  4.67468  4.67468  2.05638  2.05638  1.97534  2.11069  4.64922  4.65232  4.7053  4.71862 
1.88496 0.251327 1.79498  1.79498  1.79498  1.79498  -0.54541  -0.54541  4.84984  4.84984  4.84984  4.84984  1.98339  1.98339  1.90933  2.0339  4.82633  4.82878  4.87743  4.89038 
2.01062 0.251327 1.96312  1.96312  1.96312  1.96312  -0.615468  -0.615468  5.01798  5.01798  5.01798  5.01798  1.91334  1.91334  1.84629  1.95963  4.99657  4.99844  5.04264  5.05501 
2.13628 0.251327 2.12159  2.12159  2.12159  2.12159  -0.681496  -0.681496  5.17645  5.17645  5.17645  5.17645  1.84731  1.84731  1.7873  1.88903  5.15731  5.15862  5.19823  5.2099 
2.26195 0.251327 2.26789  2.26789  2.26789  2.26789  -0.742454  -0.742454  5.32275  5.32275  5.32275  5.32275  1.78635  1.78635  1.73341  1.82316  5.30603  5.3068  5.34171  5.35257 
2.38761 0.251327 2.39971  2.39971  2.39971  2.39971  -0.797381  -0.797381  5.45457  5.45457  5.45457  5.45457  1.73142  1.73142  1.68555  1.76303  5.44044  5.44064  5.47074  5.48073 
2.51327 0.251327 2.51498  2.51498  2.51498  2.51498  -0.84541  -0.84541  5.56984  5.56984  5.56984  5.56984  1.68339  1.68339  1.64458  1.70952  5.55803  5.55845  5.58325  5.59232 
2.63894 0.251327 2.61188  2.61188  2.61188  2.61188  -0.885784  -0.885784  5.66674  5.66674  5.66674  5.66674  1.64302  1.64302  1.61123  1.66341  5.65715  5.65824  5.67742  5.68554 
2.7646 0.251327 2.68888  2.68888  2.68888  2.68888  -0.917866  -0.917866  5.74373  5.74373  5.74373  5.74373  1.61094  1.61094  1.58611  1.62537  5.73645  5.73827  5.75172  5.75889 
2.89027 0.251327 2.74476  2.74476  2.74476  2.74476  -0.94115  -0.94115  5.79962  5.79962  5.79962  5.79962  1.58765  1.58765  1.5697  1.59593  5.79471  5.79732  5.80494  5.81117 
3.01593 0.251327 2.77865  2.77865  2.77865  2.77865  -0.955269  -0.955269  5.8335  5.8335  5.8335  5.8335  1.57354  1.57354  1.56235  1.57547  5.83103  5.83441  5.8363  5.84152 
-3.14159 0.376991 2.79  2.79  2.79  2.79  -0.96  -0.96  5.84486  5.84486  5.84486  5.84486  1.5688  1.5688  1.56425  1.56425  5.84486  5.84486  5.84941  5.84941 
-3.01593 0.376991 2.77865  2.77865  2.77865  2.77865  -0.955269  -0.955269  5.8335  5.8335  5.8335  5.8335  1.57354  1.57354  1.56244  1.57538  5.83099  5.83467  5.83603  5.84156 
-2.89027 0.376991 2.74476  2.74476  2.74476  2.74476  -0.94115  -0.94115  5.79962  5.79962  5.79962  5.79962  1.58765  1.58765  1.56992  1.59571  5.79462  5.79756  5.80464  5.81133 
-2.7646 0.376991 2.68888  2.68888  2.68888  2.68888  -0.917866  -0.917866  5.74373  5.74373  5.74373  5.74373  1.61094  1.61094  1.58649  1.62498  5.73631  5.73854  5.75128  5.7592 
-2.63894 0.376991 2.61188  2.61188  2.61188  2.61188  -0.885784  -0.885784  5.66674  5.66674  5.66674  5.66674  1.64302  1.64302  1.61183  1.66281  5.65697  5.65853  5.67682  5.68603 
-2.51327 0.376991 2.51498  2.51498  2.51498  2.51498  -0.84541  -0.84541  5.56984  5.56984  5.56984  5.56984  1.68339  1.68339  1.64544  1.70866  5.55783  5.55875  5.58247  5.59301 
-2.38761 0.376991 2.39971  2.39971  2.39971  2.39971  -0.797381  -0.797381  5.45457  5.45457  5.45457  5.45457  1.73142  1.73142  1.68671  1.76187  5.44043  5.44072  5.46974  5.48166 
-2.26195 0.376991 2.26789  2.26789  2.26789  2.26789  -0.742454  -0.742454  5.32275  5.32275  5.32275  5.32275  1.78635  1.78635  1.7349  1.82165  5.30628  5.3066  5.34047  5.35379 
-2.13628 0.376991 2.12159  2.12159  2.12159  2.12159  -0.681496  -0.681496  5.17645  5.17645  5.17645  5.17645  1.84731  1.84731  1.78919  1.88711  5.15751  5.15843  5.19672  5.21144 
-2.01062 0.376991 1.96312  1.96312  1.96312  1.96312  -0.615468  -0.615468  5.01798  5.01798  5.01798  5.01798  1.91334  1.91334  1.8486  1.95727  4.99672  4.99827  5.04081  5.05691 
-1.88496 0.376991 1.79498  1.79498  1.79498  1.79498  -0.54541  -0.54541  4.84984  4.84984  4.84984  4.84984  1.98339  1.98339  1.91213  2.03103  4.8264  4.82864  4.87526  4.89269 
-1.75929 0.376991 1.61983  1.61983  1.61983  1.61983  -0.472429  -0.472429  4.67468  4.67468  4.67468  4.67468  2.05638  2.05638  1.97867  2.10726  4.6492  4.65221  4.70274  4.72141 
-1.63363 0.376991 1.44042  1.44042  1.44042  1.44042  -0.397674  -0.397674  4.49527  4.49527  4.49527  4.49527  2.13113  2.13113  2.04706  2.18474  4.46789  4.4718  4.52604  4.54583 
-1.50796 0.376991 1.25958  1.25958  1.25958  1.25958  -0.322326  -0.322326  4.31444  4.31444  4.31444  4.31444  2.20648  2.20648  2.11611  2.26222  4.28529  4.2903  4.34803  4.36876 
-1.3823 0.376991 1.08017  1.08017  1.08017  1.08017  -0.247571  -0.247571  4.13503  4.13503  4.13503  4.13503  2.28123  2.28123  2.18459  2.33841  4.10425  4.11062  4.17162  4.19307 
-1.25664 0.376991 0.905016  0.905016  0.905016  0.905016  -0.17459  -0.17459  3.95987  3.95987  3.95987  3.95987  2.35422  2.35422  2.25127  2.41201  3.9276  3.93571  3.99973  4.0216 
-1.13097 0.376991 0.736878  0.736878  0.736878  0.736878  -0.104532  -0.104532  3.79173  3.79173  3.79173  3.79173  2.42427  2.42427  2.31489  2.48166  3.75809  3.76848  3.83523  3.85713 
-1.00531 0.376991 0.578409  0.578409  0.578409  0.578409  -0.0385039  -0.0385039  3.63326  3.63326  3.63326  3.63326  2.4903  2.4903  2.37424  2.54597  3.59836  3.61178  3.68094  3.70238 
-0.879646 0.376991 0.432109  0.432109  0.432109  0.432109  0.0224544  0.0224544  3.48696  3.48696  3.48696  3.48696  2.55126  2.55126  2.42806  2.60346  3.45092  3.46844  3.53955  3.55995 
-0.753982 0.376991 0.300285  0.300285  0.300285  0.300285  0.0773812  0.0773812  3.35514  3.35514  3.35514  3.35514  2.60619  2.60619  2.47518  2.65257  3.31807  3.34118  3.41361  3.43231 
-0.628319 0.376991 0.185016  0.185016  0.185016  0.185016  0.12541  0.12541  3.23987  3.23987  3.23987  3.23987  2.65422  2.65422  2.51451  2.69162  3.20191  3.23261  3.30544  3.32184 
-0.502655 0.376991 0.0881184  0.0881184  0.0881184  0.0881184  0.165784  0.165784  3.14297  3.14297  3.14297  3.14297  2.69459  2.69459  2.54519  2.71909  3.10426  3.14491  3.21692  3.23071 
-0.376991 0.376991 0.0111219  0.0111219  0.0111219  0.0111219  0.197866  0.197866  3.06598  3.06598  3.06598  3.06598  2.72667  2.72667  2.56689  2.73449  3.02669  3.07917  3.14927  3.16075 
-0.251327 0.376991 -0.0447598  -0.0447598  -0.0447598  -0.0447598  0.22115  0.22115  3.0101  3.0101  3.0101  3.0101  2.74995  2.74995  2.58007  2.73989  2.97045  3.03471  3.10268  3.11249 
-0.125664 0.376991 -0.0786452  -0.0786452  -0.0786452  -0.0786452  0.235269  0.235269  2.97621  2.97621  2.97621  2.97621  2.76407  2.76407  2.58609  2.74026  2.93645  3.00989  3.07631  3.08398 
0 0.376991 -0.09  -0.09  -0.09  -0.09  0.24  0.24  2.96486  2.96486  2.96486  2.96486  2.7688  2.7688  2.58657  2.74097  2.92525  3.00378  3.06883  3.07164 
0.125664 0.376991 -0.0786452  -0.0786452  -0.0786452  -0.0786452  0.235269  0.235269  2.97621  2.97621  2.97621  2.97621  2.76407  2.76407  2.58242  2.74426  2.93697  3.01585  3.07403  3.07946 
0.251327 0.376991 -0.0447598  -0.0447598  -0.0447598  -0.0447598  0.22115  0.22115  3.0101  3.0101  3.0101  3.0101  2.74995  2.74995  2.57335  2.74768  2.97138  3.0445  3.09492  3.10847 
0.376991 0.376991 0.0111219  0.0111219  0.0111219  0.0111219  0.197866  0.197866  3.06598  3.06598  3.06598  3.06598  2.72667  2.72667  2.55812  2.74522  3.02789  3.08842  3.14078  3.15683 
0.502655 0.376991 0.0881184  0.0881184  0.0881184  0.0881184  0.165784  0.165784  3.14297  3.14297  3.14297  3.14297  2.69459  2.69459  2.53544  2.73124  3.10558  3.15109  3.21238  3.22535 
0.628319 0.376991 0.185016  0.185016  0.185016  0.185016  0.12541  0.12541  3.23987  3.23987  3.23987  3.23987  2.65422  2.65422  2.50462  2.70377  3.20323  3.23609  3.3062  3.314 
0.753982 0.376991 0.300285  0.300285  0.300285  0.300285  0.0773812  0.0773812  3.35514  3.35514  3.35514  3.35514  2.60619  2.60619  2.46571  2.6639  3.31931  3.34298  3.41919  3.42184 
0.879646 0.376991 0.432109  0.432109  0.432109  0.432109  0.0224544  0.0224544  3.48696  3.48696  3.48696  3.48696  2.55126  2.55126  2.41931  2.61363  3.45203  3.46931  3.54719  3.54891 
1.00531 0.376991 0.578409  0.578409  0.578409  0.578409  -0.0385039  -0.0385039  3.63326  3.63326  3.63326  3.63326  2.4903  2.4903  2.36635  2.5549  3.59931  3.61217  3.68788  3.69306 
1.13097 0.376991 0.736878  0.736878  0.736878  0.736878  -0.104532  -0.104532  3.79173  3.79173  3.79173  3.79173  2.42427  2.42427  2.3079  2.48942  3.75887  3.76862  3.84144  3.84923 
1.25664 0.376991 0.905016  0.905016  0.905016  0.905016  -0.17459  -0.17459  3.95987  3.95987  3.95987  3.95987  2.35422  2.35422  2.24514  2.41868  3.92822  3.93576  4.00523  4.01488 
1.3823 0.376991 1.08017  1.08017  1.08017  1.08017  -0.247571  -0.247571  4.13503  4.13503  4.13503  4.13503  2.28123  2.28123  2.17929  2.3441  4.10472  4.11064  4.17646  4.18736 
1.50796 0.376991 1.25958  1.25958  1.25958  1.25958  -0.322326  -0.322326  4.31444  4.31444  4.31444  4.31444  2.20648  2.20648  2.11158  2.26703  4.2856  4.29034  4.35225  4.36392 
1.63363 0.376991 1.44042  1.44042  1.44042  1.44042  -0.397674  -0.397674  4.49527  4.49527  4.49527  4.49527  2.13113  2.13113  2.04323  2.18876  4.46806  4.47188  4.5297  4.54173 
1.75929 0.376991 1.61983  1.61983  1.61983  1.61983  -0.472429  -0.472429  4.67468  4.67468  4.67468  4.67468  2.05638  2.05638  1.97548  2.11059  4.64925  4.65233  4.70589  4.71797 
1.88496 0.376991 1.79498  1.79498  1.79498  1.79498  -0.54541  -0.54541  4.84984  4.84984  4.84984  4.84984  1.98339  1.98339  1.90951  2.03375  4.82633  4.82879  4.87794  4.88982 
2.01062 0.376991 1.96312  1.96312  1.96312  1.96312  -0.615468  -0.615468  5.01798  5.01798  5.01798  5.01798  1.91334  1.91334  1.8465  1.95944  4.99656  4.99847  5.04308  5.05455 
2.13628 0.376991 2.12159  2.12159  2.12159  2.12159  -0.681496  -0.681496  5.17645  5.17645  5.17645  5.17645  1.84731  1.84731  1.78753  1.88881  5.15728  5.15866  5.19861  5.20952 
2.26195 0.376991 2.26789  2.26789  2.26789  2.26789  -0.742454  -0.742454  5.32275  5.32275  5.32275  5.32275  1.78635  1.78635  1.73364  1.82294  5.30599  5.30684  5.34202  5.35225 
2.38761 0.376991 2.39971  2.39971  2.39971  2.39971  -0.797381  -0.797381  5.45457  5.45457  5.45457  5.45457  1.73142  1.73142  1.68578  1.7628  5.44039  5.44068  5.471  5.48047 
2.51327 0.376991 2.51498  2.51498  2.51498  2.51498  -0.84541  -0.84541  5.56984  5.56984  5.56984  5.56984  1.68339  1.68339  1.6448  1.70931  5.55807  5.55839  5.58346  5.59212 
2.63894 0.376991 2.61188  2.61188  2.61188  2.61188  -0.885784  -0.885784  5.66674  5.66674  5.66674  5.66674  1.64302  1.64302  1.61142  1.66322  5.65719  5.65817  5.67759  5.68539 
2.7646 0.376991 2.68888  2.68888  2.68888  2.68888  -0.917866  -0.917866  5.74373  5.74373  5.74373  5.74373  1.61094  1.61094  1.58626  1.62521  5.73649  5.7382  5.75185  5.75879 
2.89027 0.376991 2.74476  2.74476  2.74476  2.74476  -0.94115  -0.94115  5.79962  5.79962  5.79962  5.79962  1.58765  1.58765  1.56981  1.59581  5.79474  5.79725  5.80505  5.81111 
3.01593 0.376991 2.77865  2.77865  2.77865  2.77865  -0.955269  -0.955269  5.8335  5.8335  5.8335  5.8335  1.57354  1.57354  1.56241  1.57541  5.83104  5.8343  5.83643  5.84148 
-3.14159 0.502655 2.79  2.79  2.79  2.79  -0.96  -0.96  5.84486  5.84486  5.84486  5.84486  1.5688  1.5688  1.56425  1.56425  5.84486  5.84486  5.84941  5.84941 
-3.01593 0.502655 2.77865  2.77865  2.77865  2.77865  -0.955269  -0.955269  5.8335  5.8335  5.8335  5.8335  1.57354  1.57354  1.56253  1.57529  5.83099  5.83463  5.83608  5.84155 
-2.89027 0.502655 2.74476  2.74476  2.74476  2.74476  -0.94115  -0.94115  5.79962  5.79962  5.79962  5.79962  1.58765  1.58765  1.57011  1.59551  5.79461  5.79758  5.80463  5.81133 
-2.7646 0.502655 2.68888  2.68888  2.68888  2.68888  -0.917866  -0.917866  5.74373  5.74373  5.74373  5.74373  1.61094  1.61094  1.5868  1.62468  5.73629  5.73858  5.75125  5.75922 
-2.63894 0.502655 2.61188  2.61188  2.61188  2.61188  -0.885784  -0.885784  5.66674  5.66674  5.66674  5.66674  1.64302  1.64302  1.61225  1.66238  5.65695  5.65858  5.67676  5.68607 
-2.51327 0.502655 2.51498  2.51498  2.51498  2.51498  -0.84541  -0.84541  5.56984  5.56984  5.56984  5.56984  1.68339  1.68339  1.64599  1.70811  5.5578  5.5588  5.58237  5.59309 
-2.38761 0.502655 2.39971  2.39971  2.39971  2.39971  -0.797381  -0.797381  5.45457  5.45457  5.45457  5.45457  1.73142  1.73142  1.68739  1.76118  5.44039  5.44078  5.46961  5.48178 
-2.26195 0.502655 2.26789  2.26789  2.26789  2.26789  -0.742454  -0.742454  5.32275  5.32275  5.32275  5.32275  1.78635  1.78635  1.73573  1.82083  5.30634  5.30655  5.34029  5.35395 
-2.13628 0.502655 2.12159  2.12159  2.12159  2.12159  -0.681496  -0.681496  5.17645  5.17645  5.17645  5.17645  1.84731  1.84731  1.79015  1.88615  5.15756  5.15839  5.19649  5.21166 
-2.01062 0.502655 1.96312  1.96312  1.96312  1.96312  -0.615468  -0.615468  5.01798  5.01798  5.01798  5.01798  1.91334  1.91334  1.84973  1.95614  4.99676  4.99823  5.04053  5.0572 
-1.88496 0.502655 1.79498  1.79498  1.79498  1.79498  -0.54541  -0.54541  4.84984  4.84984  4.84984  4.84984  1.98339  1.98339  1.91341  2.02975  4.82643  4.8286  4.87491  4.89305 
-1.75929 0.502655 1.61983  1.61983  1.61983  1.61983  -0.472429  -0.472429  4.67468  4.67468  4.67468  4.67468  2.05638  2.05638  1.98012  2.1058  4.64922  4.65218  4.70232  4.72186 
-1.63363 0.502655 1.44042  1.44042  1.44042  1.44042  -0.397674  -0.397674  4.49527  4.49527  4.49527  4.49527  2.13113  2.13113  2.04868  2.1831  4.4679  4.47177  4.52554  4.54637 
-1.50796 0.502655 1.25958  1.25958  1.25958  1.25958  -0.322326  -0.322326  4.31444  4.31444  4.31444  4.31444  2.20648  2.20648  2.11791  2.26039  4.28528  4.29027  4.34743  4.36942 
-1.3823 0.502655 1.08017  1.08017  1.08017  1.08017  -0.247571  -0.247571  4.13503  4.13503  4.13503  4.13503  2.28123  2.28123  2.18658  2.33639  4.10422  4.11058  4.17092  4.19387 
-1.25664 0.502655 0.905016  0.905016  0.905016  0.905016  -0.17459  -0.17459  3.95987  3.95987  3.95987  3.95987  2.35422  2.35422  2.25346  2.40978  3.92755  3.93566  3.99892  4.02255 
-1.13097 0.502655 0.736878  0.736878  0.736878  0.736878  -0.104532  -0.104532  3.79173  3.79173  3.79173  3.79173  2.42427  2.42427  2.31728  2.47921  3.75802  3.76839  3.8343  3.85827 
-1.00531 0.502655 0.578409  0.578409  0.578409  0.578409  -0.0385039  -0.0385039  3.63326  3.63326  3.63326  3.63326  2.4903  2.4903  2.37682  2.5433  3.59828  3.61164  3.67987  3.70374 
-0.879646 0.502655 0.432109  0.432109  0.432109  0.432109  0.0224544  0.0224544  3.48696  3.48696  3.48696  3.48696  2.55126  2.55126  2.43083  2.60058  3.45084  3.4682  3.53835  3.56158 
-0.753982 0.502655 0.300285  0.300285  0.300285  0.300285  0.0773812  0.0773812  3.35514  3.35514  3.35514  3.35514  2.60619  2.60619  2.47811  2.6495  3.31799  3.34078  3.41229  3.43426 
-0.628319 0.502655 0.185016  0.185016  0.185016  0.185016  0.12541  0.12541  3.23987  3.23987  3.23987  3.23987  2.65422  2.65422  2.51754  2.68845  3.20184  3.23192  3.30403  3.32412 
-0.502655 0.502655 0.0881184  0.0881184  0.0881184  0.0881184  0.165784  0.165784  3.14297  3.14297  3.14297  3.14297  2.69459  2.69459  2.54821  2.716  3.10423  3.14381  3.21551  3.23331 
-0.376991 0.502655 0.0111219  0.0111219  0.0111219  0.0111219  0.197866  0.197866  3.06598  3.06598  3.06598  3.06598  2.72667  2.72667  2.56974  2.73174  3.02672  3.07761  3.148  3.16344 
-0.251327 0.502655 -0.0447598  -0.0447598  -0.0447598  -0.0447598  0.22115  0.22115  3.0101  3.0101  3.0101  3.0101  2.74995  2.74995  2.58256  2.73773  2.97056  3.03292  3.10171  3.11481 
-0.125664 0.502655 -0.0786452  -0.0786452  -0.0786452  -0.0786452  0.235269  0.235269  2.97621  2.97621  2.97621  2.97621  2.76407  2.76407  2.58805  2.73882  2.93667  3.00834  3.07578  3.08533 
0 0.502655 -0.09  -0.09  -0.09  -0.09  0.24  0.24  2.96486  2.96486  2.96486  2.96486  2.7688  2.7688  2.5879  2.74022  2.92555  3.00294  3.06883  3.07158 
0.125664 0.502655 -0.0786452  -0.0786452  -0.0786452  -0.0786452  0.235269  0.235269  2.97621  2.97621  2.97621  2.97621  2.76407  2.76407  2.58317  2.74413  2.93734  3.0161  3.07226  3.07998 
0.251327 0.502655 -0.0447598  -0.0447598  -0.0447598  -0.0447598  0.22115  0.22115  3.0101  3.0101  3.0101  3.0101  2.74995  2.74995  2.57362  2.74807  2.97179  3.04587  3.09151  3.10942 
0.376991 0.502655 0.0111219  0.0111219  0.0111219  0.0111219  0.197866  0.197866  3.06598  3.06598  3.06598  3.06598  2.72667  2.72667  2.55808  2.74597  3.0283  3.08993  3.1369  3.15808 
0.502655 0.502655 0.0881184  0.0881184  0.0881184  0.0881184  0.165784  0.165784  3.14297  3.14297  3.14297  3.14297  2.69459  2.69459  2.53525  2.73211  3.10597  3.15199  3.20902  3.22674 
0.628319 0.502655 0.185016  0.185016  0.185016  0.185016  0.12541  0.12541  3.23987  3.23987  3.23987  3.23987  2.65422  2.65422  2.5044  2.70457  3.20358  3.2365  3.30343  3.31544 
0.753982 0.502655 0.300285  0.300285  0.300285  0.300285  0.0773812  0.0773812  3.35514  3.35514  3.35514  3.35514  2.60619  2.60619  2.46553  2.66452  3.31962  3.34313  3.41689  3.42324 
0.879646 0.502655 0.432109  0.432109  0.432109  0.432109  0.0224544  0.0224544  3.48696  3.48696  3.48696  3.48696  2.55126  2.55126  2.41922  2.61405  3.4523  3.46933  3.54697  3.54851 
1.00531 0.502655 0.578409  0.578409  0.578409  0.578409  -0.0385039  -0.0385039  3.63326  3.63326  3.63326  3.63326  2.4903  2.4903  2.36634  2.55514  3.59954  3.61214  3.68909  3.6914 
1.13097 0.502655 0.736878  0.736878  0.736878  0.736878  -0.104532  -0.104532  3.79173  3.79173  3.79173  3.79173  2.42427  2.42427  2.30799  2.4895  3.75906  3.76858  3.84255  3.8478 
1.25664 0.502655 0.905016  0.905016  0.905016  0.905016  -0.17459  -0.17459  3.95987  3.95987  3.95987  3.95987  2.35422  2.35422  2.24533  2.41863  3.92837  3.93571  4.00623  4.01365 
1.3823 0.502655 1.08017  1.08017  1.08017  1.08017  -0.247571  -0.247571  4.13503  4.13503  4.13503  4.13503  2.28123  2.28123  2.17955  2.34394  4.10483  4.11061  4.17735  4.1863 
1.50796 0.502655 1.25958  1.25958  1.25958  1.25958  -0.322326  -0.322326  4.31444  4.31444  4.31444  4.31444  2.20648  2.20648  2.1119  2.26677  4.28569  4.29031  4.35304  4.363 
1.63363 0.502655 1.44042  1.44042  1.44042  1.44042  -0.397674  -0.397674  4.49527  4.49527  4.49527  4.49527  2.13113  2.13113  2.0436  2.18844  4.46812  4.47187  4.53039  4.54094 
1.75929 0.502655 1.61983  1.61983  1.61983  1.61983  -0.472429  -0.472429  4.67468  4.67468  4.67468  4.67468  2.05638  2.05638  1.97588  2.11022  4.64928  4.65233  4.7065  4.71729 
1.88496 0.502655 1.79498  1.79498  1.79498  1.79498  -0.54541  -0.54541  4.84984  4.84984  4.84984  4.84984  1.98339  1.98339  1.90994  2.03335  4.82634  4.82881  4.87848  4.88924 
2.01062 0.502655 1.96312  1.96312  1.96312  1.96312  -0.615468  -0.615468  5.01798  5.01798  5.01798  5.01798  1.91334  1.91334  1.84693  1.95903  4.99655  4.99849  5.04353  5.05405 
2.13628 0.502655 2.12159  2.12159  2.12159  2.12159  -0.681496  -0.681496  5.17645  5.17645  5.17645  5.17645  1.84731  1.84731  1.78796  1.8884  5.15725  5.15869  5.199  5.20911 
2.26195 0.502655 2.26789  2.26789  2.26789  2.26789  -0.742454  -0.742454  5.32275  5.32275  5.32275  5.32275  1.78635  1.78635  1.73405  1.82254  5.30595  5.30688  5.34235  5.35192 
2.38761 0.502655 2.39971  2.39971  2.39971  2.39971  -0.797381  -0.797381  5.45457  5.45457  5.45457  5.45457  1.73142  1.73142  1.68616  1.76243  5.44034  5.44072  5.47128  5.4802 
2.51327 0.502655 2.51498  2.51498  2.51498  2.51498  -0.84541  -0.84541  5.56984  5.56984  5.56984  5.56984  1.68339  1.68339  1.64514  1.70897  5.55812  5.55833  5.58369  5.59191 
2.63894 0.502655 2.61188  2.61188  2.61188  2.61188  -0.885784  -0.885784  5.66674  5.66674  5.66674  5.66674  1.64302  1.64302  1.61171  1.66293  5.65724  5.65811  5.67777  5.68523 
2.7646 0.502655 2.68888  2.68888  2.68888  2.68888  -0.917866  -0.917866  5.74373  5.74373  5.74373  5.74373  1.61094  1.61094  1.5865  1.62498  5.73653  5.73813  5.752  5.75867 
2.89027 0.502655 2.74476  2.74476  2.74476  2.74476  -0.94115  -0.94115  5.79962  5.79962  5.79962  5.79962  1.58765  1.58765  1.56998  1.59565  5.79477  5.79717  5.80517  5.81103 
3.01593 0.502655 2.77865  2.77865  2.77865  2.77865  -0.955269  -0.955269  5.8335  5.8335  5.8335  5.8335  1.57354  1.57354  1.5625  1.57532  5.83106  5.83417  5.83657  5.84145 
-3.14159 0.628319 2.79  2.79  2.79  2.79  -0.96  -0.96  5.84486  5.84486  5.84486  5.84486  1.5688  1.5688  1.56425  1.56425  5.84486  5.84486  5.84941  5.84941 
-3.01593 0.628319 2.77865  2.77865  2.77865  2.77865  -0.955269  -0.955269  5.8335  5.8335  5.8335  5.8335  1.57354  1.57354  1.56265  1.57517  5.831  5.83455  5.83617  5.84153 
-2.89027 0.628319 2.74476  2.74476  2.74476  2.74476  -0.94115  -0.94115  5.79962  5.79962  5.79962  5.79962  1.58765  1.58765  1.57036  1.59527  5.7946  5.79758  5.80464  5.81132 
-2.7646 0.628319 2.68888  2.68888  2.68888  2.68888  -0.917866  -0.917866  5.74373  5.74373  5.74373  5.74373  1.61094  1.61094  1.58718  1.62429  5.73628  5.73861  5.75123  5.75922 
-2.63894 0.628319 2.61188  2.61188  2.61188  2.61188  -0.885784  -0.885784  5.66674  5.66674  5.66674  5.66674  1.64302  1.64302  1.61278  1.66186  5.65692  5.65862  5.67672  5.6861 
-2.51327 0.628319 2.51498  2.51498  2.51498  2.51498  -0.84541  -0.84541  5.56984  5.56984  5.56984  5.56984  1.68339  1.68339  1.64666  1.70743  5.55776  5.55885  5.5823  5.59315 
-2.38761 0.628319 2.39971  2.39971  2.39971  2.39971  -0.797381  -0.797381  5.45457  5.45457  5.45457  5.45457  1.73142  1.73142  1.68822  1.76035  5.44035  5.44084  5.4695  5.48187 
-2.26195 0.628319 2.26789  2.26789  2.26789  2.26789  -0.742454  -0.742454  5.32275  5.32275  5.32275  5.32275  1.78635  1.78635  1.73672  1.81984  5.3064  5.30651  5.34013  5.35409 
-2.13628 0.628319 2.12159  2.12159  2.12159  2.12159  -0.681496  -0.681496  5.17645  5.17645  5.17645  5.17645  1.84731  1.84731  1.79131  1.88499  5.15762  5.15835  5.19629  5.21185 
-2.01062 0.628319 1.96312  1.96312  1.96312  1.96312  -0.615468  -0.615468  5.01798  5.01798  5.01798  5.01798  1.91334  1.91334  1.85106  1.95481  4.99681  4.99819  5.04027  5.05744 
-1.88496 0.628319 1.79498  1.79498  1.79498  1.79498  -0.54541  -0.54541  4.84984  4.84984  4.84984  4.84984  1.98339  1.98339  1.91493  2.02823  4.82647  4.82856  4.8746  4.89337 
-1.75929 0.628319 1.61983  1.61983  1.61983  1.61983  -0.472429  -0.472429  4.67468  4.67468  4.67468  4.67468  2.05638  2.05638  1.98182  2.1041  4.64925  4.65214  4.70193  4.72226 
-1.63363 0.628319 1.44042  1.44042  1.44042  1.44042  -0.397674  -0.397674  4.49527  4.49527  4.49527  4.49527  2.13113  2.13113  2.05057  2.1812  4.46791  4.47173  4.52507  4.54687 
-1.50796 0.628319 1.25958  1.25958  1.25958  1.25958  -0.322326  -0.322326  4.31444  4.31444  4.31444  4.31444  2.20648  2.20648  2.12  2.25829  4.28528  4.29023  4.34688  4.37003 
-1.3823 0.628319 1.08017  1.08017  1.08017  1.08017  -0.247571  -0.247571  4.13503  4.13503  4.13503  4.13503  2.28123  2.28123  2.18888  2.33408  4.10421  4.11054  4.17026  4.19461 
-1.25664 0.628319 0.905016  0.905016  0.905016  0.905016  -0.17459  -0.17459  3.95987  3.95987  3.95987  3.95987  2.35422  2.35422  2.25596  2.40725  3.92752  3.93559  3.99814  4.02344 
-1.13097 0.628319 0.736878  0.736878  0.736878  0.736878  -0.104532  -0.104532  3.79173  3.79173  3.79173  3.79173  2.42427  2.42427  2.32  2.47646  3.75798  3.7683  3.8334  3.85935 
-1.00531 0.628319 0.578409  0.578409  0.578409  0.578409  -0.0385039  -0.0385039  3.63326  3.63326  3.63326  3.63326  2.4903  2.4903  2.37975  2.54031  3.59823  3.61149  3.67884  3.70504 
-0.879646 0.628319 0.432109  0.432109  0.432109  0.432109  0.0224544  0.0224544  3.48696  3.48696  3.48696  3.48696  2.55126  2.55126  2.43396  2.59738  3.45079  3.46794  3.53717  3.56313 
-0.753982 0.628319 0.300285  0.300285  0.300285  0.300285  0.0773812  0.0773812  3.35514  3.35514  3.35514  3.35514  2.60619  2.60619  2.48141  2.64613  3.31795  3.34034  3.41099  3.43611 
-0.628319 0.628319 0.185016  0.185016  0.185016  0.185016  0.12541  0.12541  3.23987  3.23987  3.23987  3.23987  2.65422  2.65422  2.52094  2.685  3.20183  3.23122  3.30264  3.32629 
-0.502655 0.628319 0.0881184  0.0881184  0.0881184  0.0881184  0.165784  0.165784  3.14297  3.14297  3.14297  3.14297  2.69459  2.69459  2.55161  2.71264  3.10427  3.1427  3.21412  3.23574 
-0.376991 0.628319 0.0111219  0.0111219  0.0111219  0.0111219  0.197866  0.197866  3.06598  3.06598  3.06598  3.06598  2.72667  2.72667  2.57297  2.72874  3.02683  3.07605  3.14672  3.16594 
-0.251327 0.628319 -0.0447598  -0.0447598  -0.0447598  -0.0447598  0.22115  0.22115  3.0101  3.0101  3.0101  3.0101  2.74995  2.74995  2.58542  2.73534  2.97076  3.03109  3.10073  3.11694 
-0.125664 0.628319 -0.0786452  -0.0786452  -0.0786452  -0.0786452  0.235269  0.235269  2.97621  2.97621  2.97621  2.97621  2.76407  2.76407  2.59037  2.73716  2.93697  3.00667  3.07525  3.08657 
0 0.628319 -0.09  -0.09  -0.09  -0.09  0.24  0.24  2.96486  2.96486  2.96486  2.96486  2.7688  2.7688  2.5896  2.73925  2.92595  3.00188  3.06884  3.07151 
0.125664 0.628319 -0.0786452  -0.0786452  -0.0786452  -0.0786452  0.235269  0.235269  2.97621  2.97621  2.97621  2.97621  2.76407  2.76407  2.58429  2.74377  2.93779  3.01609  3.07054  3.08051 
0.251327 0.628319 -0.0447598  -0.0447598  -0.0447598  -0.0447598  0.22115  0.22115  3.0101  3.0101  3.0101  3.0101  2.74995  2.74995  2.57428  2.7482  2.97226  3.04713  3.08804  3.11037 
0.376991 0.628319 0.0111219  0.0111219  0.0111219  0.0111219  0.197866  0.197866  3.06598  3.06598  3.06598  3.06598  2.72667  2.72667  2.55844  2.74641  3.02876  3.09143  3.13289  3.15932 
0.502655 0.628319 0.0881184  0.0881184  0.0881184  0.0881184  0.165784  0.165784  3.14297  3.14297  3.14297  3.14297  2.69459  2.69459  2.53546  2.73263  3.1064  3.15282  3.20563  3.22814 
0.628319 0.628319 0.185016  0.185016  0.185016  0.185016  0.12541  0.12541  3.23987  3.23987  3.23987  3.23987  2.65422  2.65422  2.50458  2.70499  3.20396  3.23683  3.30067  3.31687 
0.753982 0.628319 0.300285  0.300285  0.300285  0.300285  0.0773812  0.0773812  3.35514  3.35514  3.35514  3.35514  2.60619  2.60619  2.46575  2.66477  3.31996  3.34322  3.41459  3.42464 
0.879646 0.628319 0.432109  0.432109  0.432109  0.432109  0.0224544  0.0224544  3.48696  3.48696  3.48696  3.48696  2.55126  2.55126  2.41951  2.61411  3.45259  3.46932  3.54503  3.54983 
1.00531 0.628319 0.578409  0.578409  0.578409  0.578409  -0.0385039  -0.0385039  3.63326  3.63326  3.63326  3.63326  2.4903  2.4903  2.36672  2.55502  3.59978  3.61208  3.68974  3.69032 
1.13097 0.628319 0.736878  0.736878  0.736878  0.736878  -0.104532  -0.104532  3.79173  3.79173  3.79173  3.79173  2.42427  2.42427  2.30845  2.48922  3.75926  3.76851  3.84367  3.84636 
1.25664 0.628319 0.905016  0.905016  0.905016  0.905016  -0.17459  -0.17459  3.95987  3.95987  3.95987  3.95987  2.35422  2.35422  2.24585  2.41823  3.92853  3.93565  4.00724  4.0124 
1.3823 0.628319 1.08017  1.08017  1.08017  1.08017  -0.247571  -0.247571  4.13503  4.13503  4.13503  4.13503  2.28123  2.28123  2.18013  2.34345  4.10496  4.11056  4.17826  4.18521 
1.50796 0.628319 1.25958  1.25958  1.25958  1.25958  -0.322326  -0.322326  4.31444  4.31444  4.31444  4.31444  2.20648  2.20648  2.11252  2.26622  4.28578  4.29028  4.35385  4.36205 
1.63363 0.628319 1.44042  1.44042  1.44042  1.44042  -0.397674  -0.397674  4.49527  4.49527  4.49527  4.49527  2.13113  2.13113  2.04426  2.18784  4.46818  4.47185  4.53111  4.54012 
1.75929 0.628319 1.61983  1.61983  1.61983  1.61983  -0.472429  -0.472429  4.67468  4.67468  4.67468  4.67468  2.05638  2.05638  1.97655  2.10959  4.64932  4.65233  4.70713  4.71658 
1.88496 0.628319 1.79498  1.79498  1.79498  1.79498  -0.54541  -0.54541  4.84984  4.84984  4.84984  4.84984  1.98339  1.98339  1.91061  2.03271  4.82636  4.82882  4.87903  4.88863 
2.01062 0.628319 1.96312  1.96312  1.96312  1.96312  -0.615468  -0.615468  5.01798  5.01798  5.01798  5.01798  1.91334  1.91334  1.84758  1.95839  4.99655  4.99851  5.04401  5.05354 
2.13628 0.628319 2.12159  2.12159  2.12159  2.12159  -0.681496  -0.681496  5.17645  5.17645  5.17645  5.17645  1.84731  1.84731  1.78858  1.88779  5.15723  5.15872  5.19941  5.20867 
2.26195 0.628319 2.26789  2.26789  2.26789  2.26789  -0.742454  -0.742454  5.32275  5.32275  5.32275  5.32275  1.78635  1.78635  1.73464  1.82196  5.30591  5.30692  5.3427  5.35156 
2.38761 0.628319 2.39971  2.39971  2.39971  2.39971  -0.797381  -0.797381  5.45457  5.45457  5.45457  5.45457  1.73142  1.73142  1.6867  1.7619  5.44029  5.44076  5.47157  5.47991 
2.51327 0.628319 2.51498  2.51498  2.51498  2.51498  -0.84541  -0.84541  5.56984  5.56984  5.56984  5.56984  1.68339  1.68339  1.64561  1.7085  5.55816  5.55827  5.58393  5.59167 
2.63894 0.628319 2.61188  2.61188  2.61188  2.61188  -0.885784  -0.885784  5.66674  5.66674  5.66674  5.66674  1.64302  1.64302  1.61211  1.66254  5.65728  5.65804  5.67797  5.68505 
2.7646 0.628319 2.68888  2.68888  2.68888  2.68888  -0.917866  -0.917866  5.74373  5.74373  5.74373  5.74373  1.61094  1.61094  1.58681  1.62467  5.73657  5.73806  5.75216  5.75854 
2.89027 0.628319 2.74476  2.74476  2.74476  2.74476  -0.94115  -0.94115  5.79962  5.79962  5.79962  5.79962  1.58765  1.58765  1.57019  1.59544  5.79481  5.79708  5.8053  5.81095 
3.01593 0.628319 2.77865  2.77865  2.77865  2.77865  -0.955269  -0.955269  5.8335  5.8335  5.8335  5.8335  1.57354  1.57354  1.56261  1.57521  5.83109  5.83405  5.83671  5.8414 
-3.14159 0.753982 2.79  2.79  2.79  2.79  -0.96  -0.96  5.84486  5.84486  5.84486  5.84486  1.5688  1.5688  1.56425  1.56425  5.84486  5.84486  5.84941  5.84941 
-3.01593 0.753982 2.77865  2.77865  2.77865  2.77865  -0.955269  -0.955269  5.8335  5.8335  5.8335  5.8335  1.57354  1.57354  1.5628  1.57503  5.83101  5.83446  5.83628  5.84151 
-2.89027 0.753982 2.74476  2.74476  2.74476  2.74476  -0.94115  -0.94115  5.79962  5.79962  5.79962  5.79962  1.58765  1.58765  1.57066  1.59497  5.7946  5.79757  5.80467  5.8113 
-2.7646 0.753982 2.68888  2.68888  2.68888  2.68888  -0.917866  -0.917866  5.74373  5.74373  5.74373  5.74373  1.61094  1.61094  1.58764  1.62384  5.73626  5.73863  5.75123  5.75921 
-2.63894 0.753982 2.61188  2.61188  2.61188  2.61188  -0.885784  -0.885784  5.66674  5.66674  5.66674  5.66674  1.64302  1.64302  1.6134  1.66124  5.65689  5.65866  5.67669  5.68611 
-2.51327 0.753982 2.51498  2.51498  2.51498  2.51498  -0.84541  -0.84541  5.56984  5.56984  5.56984  5.56984  1.68339  1.68339  1.64745  1.70664  5.55773  5.5589  5.58224  5.59318 
-2.38761 0.753982 2.39971  2.39971  2.39971  2.39971  -0.797381  -0.797381  5.45457  5.45457  5.45457  5.45457  1.73142  1.73142  1.68919  1.75938  5.44031  5.44089  5.46941  5.48194 
-2.26195 0.753982 2.26789  2.26789  2.26789  2.26789  -0.742454  -0.742454  5.32275  5.32275  5.32275  5.32275  1.78635  1.78635  1.73787  1.81868  5.30645  5.30647  5.34001  5.35419 
-2.13628 0.753982 2.12159  2.12159  2.12159  2.12159  -0.681496  -0.681496  5.17645  5.17645  5.17645  5.17645  1.84731  1.84731  1.79266  1.88365  5.15767  5.15831  5.19612  5.212 
-2.01062 0.753982 1.96312  1.96312  1.96312  1.96312  -0.615468  -0.615468  5.01798  5.01798  5.01798  5.01798  1.91334  1.91334  1.8526  1.95328  4.99686  4.99815  5.04005  5.05765 
-1.88496 0.753982 1.79498  1.79498  1.79498  1.79498  -0.54541  -0.54541  4.84984  4.84984  4.84984  4.84984  1.98339  1.98339  1.91667  2.0265  4.82651  4.82852  4.87432  4.89364 
-1.75929 0.753982 1.61983  1.61983  1.61983  1.61983  -0.472429  -0.472429  4.67468  4.67468  4.67468  4.67468  2.05638  2.05638  1.98376  2.10216  4.64928  4.6521  4.70158  4.72261 
-1.63363 0.753982 1.44042  1.44042  1.44042  1.44042  -0.397674  -0.397674  4.49527  4.49527  4.49527  4.49527  2.13113  2.13113  2.05273  2.17905  4.46793  4.47169  4.52464  4.54731 
-1.50796 0.753982 1.25958  1.25958  1.25958  1.25958  -0.322326  -0.322326  4.31444  4.31444  4.31444  4.31444  2.20648  2.20648  2.12237  2.25592  4.28529  4.29018  4.34636  4.37059 
-1.3823 0.753982 1.08017  1.08017  1.08017  1.08017  -0.247571  -0.247571  4.13503  4.13503  4.13503  4.13503  2.28123  2.28123  2.19147  2.33149  4.10421  4.11048  4.16964  4.19529 
-1.25664 0.753982 0.905016  0.905016  0.905016  0.905016  -0.17459  -0.17459  3.95987  3.95987  3.95987  3.95987  2.35422  2.35422  2.25878  2.40443  3.92751  3.93552  3.99741  4.02428 
-1.13097 0.753982 0.736878  0.736878  0.736878  0.736878  -0.104532  -0.104532  3.79173  3.79173  3.79173  3.79173  2.42427  2.42427  2.32304  2.4734  3.75796  3.76818  3.83253  3.86036 
-1.00531 0.753982 0.578409  0.578409  0.578409  0.578409  -0.0385039  -0.0385039  3.63326  3.63326  3.63326  3.63326  2.4903  2.4903  2.38301  2.53703  3.59821  3.61132  3.67783  3.70626 
-0.879646 0.753982 0.432109  0.432109  0.432109  0.432109  0.0224544  0.0224544  3.48696  3.48696  3.48696  3.48696  2.55126  2.55126  2.43743  2.59388  3.45077  3.46767  3.53603  3.56459 
-0.753982 0.753982 0.300285  0.300285  0.300285  0.300285  0.0773812  0.0773812  3.35514  3.35514  3.35514  3.35514  2.60619  2.60619  2.48506  2.64246  3.31796  3.3399  3.40971  3.43785 
-0.628319 0.753982 0.185016  0.185016  0.185016  0.185016  0.12541  0.12541  3.23987  3.23987  3.23987  3.23987  2.65422  2.65422  2.52471  2.68126  3.20187  3.23049  3.30126  3.32832 
-0.502655 0.753982 0.0881184  0.0881184  0.0881184  0.0881184  0.165784  0.165784  3.14297  3.14297  3.14297  3.14297  2.69459  2.69459  2.55538  2.70901  3.10437  3.14159  3.21272  3.23801 
-0.376991 0.753982 0.0111219  0.0111219  0.0111219  0.0111219  0.197866  0.197866  3.06598  3.06598  3.06598  3.06598  2.72667  2.72667  2.57656  2.72549  3.02701  3.07449  3.14545  3.16824 
-0.251327 0.753982 -0.0447598  -0.0447598  -0.0447598  -0.0447598  0.22115  0.22115  3.0101  3.0101  3.0101  3.0101  2.74995  2.74995  2.58865  2.73272  2.97106  3.02924  3.09975  3.11888 
-0.125664 0.753982 -0.0786452  -0.0786452  -0.0786452  -0.0786452  0.235269  0.235269  2.97621  2.97621  2.97621  2.97621  2.76407  2.76407  2.59304  2.73528  2.93737  3.00489  3.07473  3.08768 
0 0.753982 -0.09  -0.09  -0.09  -0.09  0.24  0.24  2.96486  2.96486  2.96486  2.96486  2.7688  2.7688  2.59166  2.73806  2.92643  3.00061  3.06885  3.07142 
0.125664 0.753982 -0.0786452  -0.0786452  -0.0786452  -0.0786452  0.235269  0.235269  2.97621  2.97621  2.97621  2.97621  2.76407  2.76407  2.58578  2.74317  2.93833  3.01577  3.06891  3.08104 
0.251327 0.753982 -0.0447598  -0.0447598  -0.0447598  -0.0447598  0.22115  0.22115  3.0101  3.0101  3.0101  3.0101  2.74995  2.74995  2.57533  2.74806  2.9728  3.04822  3.08456  3.11132 
0.376991 0.753982 0.0111219  0.0111219  0.0111219  0.0111219  0.197866  0.197866  3.06598  3.06598  3.06598  3.06598  2.72667  2.72667  2.55921  2.74653  3.02927  3.0929  3.12879  3.16055 
0.502655 0.753982 0.0881184  0.0881184  0.0881184  0.0881184  0.165784  0.165784  3.14297  3.14297  3.14297  3.14297  2.69459  2.69459  2.53609  2.73279  3.10686  3.15355  3.20226  3.22952 
0.628319 0.753982 0.185016  0.185016  0.185016  0.185016  0.12541  0.12541  3.23987  3.23987  3.23987  3.23987  2.65422  2.65422  2.50517  2.70504  3.20438  3.23708  3.29795  3.3183 
0.753982 0.753982 0.300285  0.300285  0.300285  0.300285  0.0773812  0.0773812  3.35514  3.35514  3.35514  3.35514  2.60619  2.60619  2.46637  2.66463  3.32032  3.34325  3.41233  3.42604 
0.879646 0.753982 0.432109  0.432109  0.432109  0.432109  0.0224544  0.0224544  3.48696  3.48696  3.48696  3.48696  2.55126  2.55126  2.42018  2.61378  3.45289  3.46926  3.54311  3.55116 
1.00531 0.753982 0.578409  0.578409  0.578409  0.578409  -0.0385039  -0.0385039  3.63326  3.63326  3.63326  3.63326  2.4903  2.4903  2.36747  2.55453  3.60004  3.61199  3.68808  3.69156 
1.13097 0.753982 0.736878  0.736878  0.736878  0.736878  -0.104532  -0.104532  3.79173  3.79173  3.79173  3.79173  2.42427  2.42427  2.30926  2.4886  3.75947  3.76843  3.84481  3.84492 
1.25664 0.753982 0.905016  0.905016  0.905016  0.905016  -0.17459  -0.17459  3.95987  3.95987  3.95987  3.95987  2.35422  2.35422  2.24672  2.4175  3.9287  3.93558  4.00827  4.01114 
1.3823 0.753982 1.08017  1.08017  1.08017  1.08017  -0.247571  -0.247571  4.13503  4.13503  4.13503  4.13503  2.28123  2.28123  2.18104  2.34264  4.10509  4.1105  4.17919  4.18411 
1.50796 0.753982 1.25958  1.25958  1.25958  1.25958  -0.322326  -0.322326  4.31444  4.31444  4.31444  4.31444  2.20648  2.20648  2.11346  2.26536  4.28588  4.29024  4.35468  4.36109 
1.63363 0.753982 1.44042  1.44042  1.44042  1.44042  -0.397674  -0.397674  4.49527  4.49527  4.49527  4.49527  2.13113  2.13113  2.0452  2.18695  4.46825  4.47182  4.53185  4.53928 
1.75929 0.753982 1.61983  1.61983  1.61983  1.61983  -0.472429  -0.472429  4.67468  4.67468  4.67468  4.67468  2.05638  2.05638  1.97748  2.10869  4.64936  4.65232  4.70778  4.71585 
1.88496 0.753982 1.79498  1.79498  1.79498  1.79498  -0.54541  -0.54541  4.84984  4.84984  4.84984  4.84984  1.98339  1.98339  1.91152  2.03182  4.82638  4.82882  4.8796  4.88801 
2.01062 0.753982 1.96312  1.96312  1.96312  1.96312  -0.615468  -0.615468  5.01798  5.01798  5.01798  5.01798  1.91334  1.91334  1.84846  1.95754  4.99655  4.99853  5.04451  5.05301 
2.13628 0.753982 2.12159  2.12159  2.12159  2.12159  -0.681496  -0.681496  5.17645  5.17645  5.17645  5.17645  1.84731  1.84731  1.7894  1.88698  5.15721  5.15875  5.19983  5.20822 
2.26195 0.753982 2.26789  2.26789  2.26789  2.26789  -0.742454  -0.742454  5.32275  5.32275  5.32275  5.32275  1.78635  1.78635  1.73539  1.82121  5.30588  5.30695  5.34306  5.35118 
2.38761 0.753982 2.39971  2.39971  2.39971  2.39971  -0.797381  -0.797381  5.45457  5.45457  5.45457  5.45457  1.73142  1.73142  1.68738  1.76123  5.44024  5.44081  5.47187  5.4796 
2.51327 0.753982 2.51498  2.51498  2.51498  2.51498  -0.84541  -0.84541  5.56984  5.56984  5.56984  5.56984  1.68339  1.68339  1.6462  1.70791  5.55821  5.55821  5.58419  5.59143 
2.63894 0.753982 2.61188  2.61188  2.61188  2.61188  -0.885784  -0.885784  5.66674  5.66674  5.66674  5.66674  1.64302  1.64302  1.6126  1.66205  5.65733  5.65797  5.67818  5.68486 
2.7646 0.753982 2.68888  2.68888  2.68888  2.68888  -0.917866  -0.917866  5.74373  5.74373  5.74373  5.74373  1.61094  1.61094  1.58719  1.62429  5.73662  5.73798  5.75233  5.7584 
2.89027 0.753982 2.74476  2.74476  2.74476  2.74476  -0.94115  -0.94115  5.79962  5.79962  5.79962  5.79962  1.58765  1.58765  1.57046  1.59517  5.79485  5.79699  5.80545  5.81085 
3.01593 0.753982 2.77865  2.77865  2.77865  2.77865  -0.955269  -0.955269  5.8335  5.8335  5.8335  5.8335  1.57354  1.57354  1.56275  1.57508  5.83112  5.83392  5.83686  5.84135 
-3.14159 0.879646 2.79  2.79  2.79  2.79  -0.96  -0.96  5.84486  5.84486  5.84486  5.84486  1.5688  1.5688  1.56425  1.56425  5.84486  5.84486  5.84941  5.84941 
-3.01593 0.879646 2.77865  2.77865  2.77865  2.77865  -0.955269  -0.955269  5.8335  5.8335  5.8335  5.8335  1.57354  1.57354  1.56296  1.57486  5.83102  5.83435  5.8364  5.84148 
-2.89027 0.879646 2.74476  2.74476  2.74476  2.74476  -0.94115  -0.94115  5.79962  5.79962  5.79962  5.79962  1.58765  1.58765  1.571  1.59463  5.7946  5.79756  5.80472  5.81126 
-2.7646 0.879646 2.68888  2.68888  2.68888  2.68888  -0.917866  -0.917866  5.74373  5.74373  5.74373  5.74373  1.61094  1.61094  1.58817  1.62331  5.73625  5.73864  5.75125  5.75919 
-2.63894 0.879646 2.61188  2.61188  2.61188  2.61188  -0.885784  -0.885784  5.66674  5.66674  5.66674  5.66674  1.64302  1.64302  1.61412  1.66052  5.65687  5.65869  5.67669  5.6861 
-2.51327 0.879646 2.51498  2.51498  2.51498  2.51498  -0.84541  -0.84541  5.56984  5.56984  5.56984  5.56984  1.68339  1.68339  1.64837  1.70573  5.5577  5.55895  5.58221  5.5932 
-2.38761 0.879646 2.39971  2.39971  2.39971  2.39971  -0.797381  -0.797381  5.45457  5.45457  5.45457  5.45457  1.73142  1.73142  1.6903  1.75828  5.44027  5.44094  5.46935  5.48199 
-2.26195 0.879646 2.26789  2.26789  2.26789  2.26789  -0.742454  -0.742454  5.32275  5.32275  5.32275  5.32275  1.78635  1.78635  1.73919  1.81737  5.30643  5.30651  5.33991  5.35427 
-2.13628 0.879646 2.12159  2.12159  2.12159  2.12159  -0.681496  -0.681496  5.17645  5.17645  5.17645  5.17645  1.84731  1.84731  1.79418  1.88213  5.15773  5.15826  5.19598  5.21212 
-2.01062 0.879646 1.96312  1.96312  1.96312  1.96312  -0.615468  -0.615468  5.01798  5.01798  5.01798  5.01798  1.91334  1.91334  1.85434  1.95154  4.99691  4.9981  5.03986  5.05783 
-1.88496 0.879646 1.79498  1.79498  1.79498  1.79498  -0.54541  -0.54541  4.84984  4.84984  4.84984  4.84984  1.98339  1.98339  1.91862  2.02455  4.82656  4.82847  4.87407  4.89388 
-1.75929 0.879646 1.61983  1.61983  1.61983  1.61983  -0.472429  -0.472429  4.67468  4.67468  4.67468  4.67468  2.05638  2.05638  1.98594  2.09998  4.64932  4.65205  4.70127  4.72292 
-1.63363 0.879646 1.44042  1.44042  1.44042  1.44042  -0.397674  -0.397674  4.49527  4.49527  4.49527  4.49527  2.13113  2.13113  2.05513  2.17665  4.46797  4.47164  4.52425  4.54771 
-1.50796 0.879646 1.25958  1.25958  1.25958  1.25958  -0.322326  -0.322326  4.31444  4.31444  4.31444  4.31444  2.20648  2.20648  2.12501  2.25329  4.28532  4.29013  4.34588  4.37108 
-1.3823 0.879646 1.08017  1.08017  1.08017  1.08017  -0.247571  -0.247571  4.13503  4.13503  4.13503  4.13503  2.28123  2.28123  2.19434  2.32862  4.10422  4.11042  4.16906  4.19591 
-1.25664 0.879646 0.905016  0.905016  0.905016  0.905016  -0.17459  -0.17459  3.95987  3.95987  3.95987  3.95987  2.35422  2.35422  2.26188  2.40133  3.92752  3.93543  3.99671  4.02504 
-1.13097 0.879646 0.736878  0.736878  0.736878  0.736878  -0.104532  -0.104532  3.79173  3.79173  3.79173  3.79173  2.42427  2.42427  2.32639  2.47006  3.75797  3.76806  3.83171  3.86129 
-1.00531 0.879646 0.578409  0.578409  0.578409  0.578409  -0.0385039  -0.0385039  3.63326  3.63326  3.63326  3.63326  2.4903  2.4903  2.38659  2.53346  3.59822  3.61113  3.67687  3.70739 
-0.879646 0.879646 0.432109  0.432109  0.432109  0.432109  0.0224544  0.0224544  3.48696  3.48696  3.48696  3.48696  2.55126  2.55126  2.44124  2.5901  3.4508  3.46737  3.53491  3.56596 
-0.753982 0.879646 0.300285  0.300285  0.300285  0.300285  0.0773812  0.0773812  3.35514  3.35514  3.35514  3.35514  2.60619  2.60619  2.48905  2.63852  3.31801  3.33943  3.40845  3.43948 
-0.628319 0.879646 0.185016  0.185016  0.185016  0.185016  0.12541  0.12541  3.23987  3.23987  3.23987  3.23987  2.65422  2.65422  2.52882  2.67725  3.20197  3.22976  3.2999  3.33021 
-0.502655 0.879646 0.0881184  0.0881184  0.0881184  0.0881184  0.165784  0.165784  3.14297  3.14297  3.14297  3.14297  2.69459  2.69459  2.55949  2.70513  3.10454  3.14047  3.21133  3.2401 
-0.376991 0.879646 0.0111219  0.0111219  0.0111219  0.0111219  0.197866  0.197866  3.06598  3.06598  3.06598  3.06598  2.72667  2.72667  2.58051  2.722  3.02729  3.07294  3.14417  3.17034 
-0.251327 0.879646 -0.0447598  -0.0447598  -0.0447598  -0.0447598  0.22115  0.22115  3.0101  3.0101  3.0101  3.0101  2.74995  2.74995  2.59221  2.72988  2.97144  3.02736  3.09877  3.12063 
-0.125664 0.879646 -0.0786452  -0.0786452  -0.0786452  -0.0786452  0.235269  0.235269  2.97621  2.97621  2.97621  2.97621  2.76407  2.76407  2.59606  2.73318  2.93786  3.00301  3.0742  3.08867 
0 0.879646 -0.09  -0.09  -0.09  -0.09  0.24  0.24  2.96486  2.96486  2.96486  2.96486  2.7688  2.7688  2.59407  2.73666  2.927  2.99912  3.06886  3.07132 
0.125664 0.879646 -0.0786452  -0.0786452  -0.0786452  -0.0786452  0.235269  0.235269  2.97621  2.97621  2.97621  2.97621  2.76407  2.76407  2.58763  2.74233  2.93893  3.01513  3.0674  3.08157 
0.251327 0.879646 -0.0447598  -0.0447598  -0.0447598  -0.0447598  0.22115  0.22115  3.0101  3.0101  3.0101  3.0101  2.74995  2.74995  2.57676  2.74764  2.9734  3.04909  3.08114  3.11227 
0.376991 0.879646 0.0111219  0.0111219  0.0111219  0.0111219  0.197866  0.197866  3.06598  3.06598  3.06598  3.06598  2.72667  2.72667  2.56036  2.74633  3.02983  3.09435  3.12461  3.16177 
0.502655 0.879646 0.0881184  0.0881184  0.0881184  0.0881184  0.165784  0.165784  3.14297  3.14297  3.14297  3.14297  2.69459  2.69459  2.53711  2.73259  3.10737  3.15417  3.19894  3.23089 
0.628319 0.879646 0.185016  0.185016  0.185016  0.185016  0.12541  0.12541  3.23987  3.23987  3.23987  3.23987  2.65422  2.65422  2.50615  2.7047  3.20482  3.23723  3.2953  3.31972 
0.753982 0.879646 0.300285  0.300285  0.300285  0.300285  0.0773812  0.0773812  3.35514  3.35514  3.35514  3.35514  2.60619  2.60619  2.46738  2.6641  3.3207  3.3432  3.41012  3.42744 
0.879646 0.879646 0.432109  0.432109  0.432109  0.432109  0.0224544  0.0224544  3.48696  3.48696  3.48696  3.48696  2.55126  2.55126  2.42124  2.61307  3.45321  3.46915  3.54122  3.55249 
1.00531 0.879646 0.578409  0.578409  0.578409  0.578409  -0.0385039  -0.0385039  3.63326  3.63326  3.63326  3.63326  2.4903  2.4903  2.36858  2.55367  3.60031  3.61187  3.68644  3.69279 
1.13097 0.879646 0.736878  0.736878  0.736878  0.736878  -0.104532  -0.104532  3.79173  3.79173  3.79173  3.79173  2.42427  2.42427  2.31043  2.48762  3.75969  3.76831  3.84349  3.84595 
1.25664 0.879646 0.905016  0.905016  0.905016  0.905016  -0.17459  -0.17459  3.95987  3.95987  3.95987  3.95987  2.35422  2.35422  2.24792  2.41643  3.92888  3.93548  4.00931  4.00988 
1.3823 0.879646 1.08017  1.08017  1.08017  1.08017  -0.247571  -0.247571  4.13503  4.13503  4.13503  4.13503  2.28123  2.28123  2.18227  2.34151  4.10523  4.11043  4.18013  4.183 
1.50796 0.879646 1.25958  1.25958  1.25958  1.25958  -0.322326  -0.322326  4.31444  4.31444  4.31444  4.31444  2.20648  2.20648  2.11469  2.2642  4.28599  4.29019  4.35553  4.36012 
1.63363 0.879646 1.44042  1.44042  1.44042  1.44042  -0.397674  -0.397674  4.49527  4.49527  4.49527  4.49527  2.13113  2.13113  2.04642  2.18578  4.46833  4.47179  4.5326  4.53843 
1.75929 0.879646 1.61983  1.61983  1.61983  1.61983  -0.472429  -0.472429  4.67468  4.67468  4.67468  4.67468  2.05638  2.05638  1.97868  2.10754  4.64941  4.6523  4.70845  4.71511 
1.88496 0.879646 1.79498  1.79498  1.79498  1.79498  -0.54541  -0.54541  4.84984  4.84984  4.84984  4.84984  1.98339  1.98339  1.91266  2.03071  4.8264  4.82883  4.88019  4.88737 
2.01062 0.879646 1.96312  1.96312  1.96312  1.96312  -0.615468  -0.615468  5.01798  5.01798  5.01798  5.01798  1.91334  1.91334  1.84954  1.95647  4.99655  4.99855  5.04502  5.05245 
2.13628 0.879646 2.12159  2.12159  2.12159  2.12159  -0.681496  -0.681496  5.17645  5.17645  5.17645  5.17645  1.84731  1.84731  1.79042  1.88598  5.1572  5.15878  5.20028  5.20775 
2.26195 0.879646 2.26789  2.26789  2.26789  2.26789  -0.742454  -0.742454  5.32275  5.32275  5.32275  5.32275  1.78635  1.78635  1.73632  1.8203  5.30585  5.30699  5.34344  5.35079 
2.38761 0.879646 2.39971  2.39971  2.39971  2.39971  -0.797381  -0.797381  5.45457  5.45457  5.45457  5.45457  1.73142  1.73142  1.6882  1.76041  5.44019  5.44085  5.4722  5.47928 
2.51327 0.879646 2.51498  2.51498  2.51498  2.51498  -0.84541  -0.84541  5.56984  5.56984  5.56984  5.56984  1.68339  1.68339  1.64691  1.7072  5.55815  5.55826  5.58446  5.59117 
2.63894 0.879646 2.61188  2.61188  2.61188  2.61188  -0.885784  -0.885784  5.66674  5.66674  5.66674  5.66674  1.64302  1.64302  1.61319  1.66146  5.65738  5.6579  5.6784  5.68466 
2.7646 0.879646 2.68888  2.68888  2.68888  2.68888  -0.917866  -0.917866  5.74373  5.74373  5.74373  5.74373  1.61094  1.61094  1.58765  1.62384  5.73667  5.7379  5.75251  5.75825 
2.89027 0.879646 2.74476  2.74476  2.74476  2.74476  -0.94115  -0.94115  5.79962  5.79962  5.79962  5.79962  1.58765  1.58765  1.57077  1.59486  5.79489  5.7969  5.8056  5.81075 
3.01593 0.879646 2.77865  2.77865  2.77865  2.77865  -0.955269  -0.955269  5.8335  5.8335  5.8335  5.8335  1.57354  1.57354  1.56291  1.57492  5.83115  5.8338  5.83702  5.84129 
-3.14159 1.00531 2.79  2.79  2.79  2.79  -0.96  -0.96  5.84486  5.84486  5.84486  5.84486  1.5688  1.5688  1.56425  1.56425  5.84486  5.84486  5.84941  5.84941 
-3.01593 1.00531 2.77865  2.77865  2.77865  2.77865  -0.955269  -0.955269  5.8335  5.8335  5.8335  5.8335  1.57354  1.57354  1.56316  1.57467  5.83104  5.83424  5.83654  5.84144 
-2.89027 1.00531 2.74476  2.74476  2.74476  2.74476  -0.94115  -0.94115  5.79962  5.79962  5.79962  5.79962  1.58765  1.58765  1.57139  1.59424  5.79461  5.79753  5.80478  5.81122 
-2.7646 1.00531 2.68888  2.68888  2.68888  2.68888  -0.917866  -0.917866  5.74373  5.74373  5.74373  5.74373  1.61094  1.61094  1.58877  1.62272  5.73624  5.73865  5.75129  5.75915 
-2.63894 1.00531 2.61188  2.61188  2.61188  2.61188  -0.885784  -0.885784  5.66674  5.66674  5.66674  5.66674  1.64302  1.64302  1.61492  1.65972  5.65685  5.65872  5.6767  5.68607 
-2.51327 1.00531 2.51498  2.51498  2.51498  2.51498  -0.84541  -0.84541  5.56984  5.56984  5.56984  5.56984  1.68339  1.68339  1.64939  1.70471  5.55767  5.55899  5.5822  5.59319 
-2.38761 1.00531 2.39971  2.39971  2.39971  2.39971  -0.797381  -0.797381  5.45457  5.45457  5.45457  5.45457  1.73142  1.73142  1.69155  1.75704  5.44024  5.441  5.46931  5.482 
-2.26195 1.00531 2.26789  2.26789  2.26789  2.26789  -0.742454  -0.742454  5.32275  5.32275  5.32275  5.32275  1.78635  1.78635  1.74066  1.81591  5.30639  5.30657  5.33984  5.35432 
-2.13628 1.00531 2.12159  2.12159  2.12159  2.12159  -0.681496  -0.681496  5.17645  5.17645  5.17645  5.17645  1.84731  1.84731  1.79588  1.88043  5.15779  5.15822  5.19586  5.21221 
-2.01062 1.00531 1.96312  1.96312  1.96312  1.96312  -0.615468  -0.615468  5.01798  5.01798  5.01798  5.01798  1.91334  1.91334  1.85627  1.94962  4.99697  4.99806  5.0397  5.05796 
-1.88496 1.00531 1.79498  1.79498  1.79498  1.79498  -0.54541  -0.54541  4.84984  4.84984  4.84984  4.84984  1.98339  1.98339  1.92079  2.02239  4.82662  4.82842  4.87386  4.89407 
-1.75929 1.00531 1.61983  1.61983  1.61983  1.61983  -0.472429  -0.472429  4.67468  4.67468  4.67468  4.67468  2.05638  2.05638  1.98835  2.09759  4.64938  4.652  4.70099  4.72318 
-1.63363 1.00531 1.44042  1.44042  1.44042  1.44042  -0.397674  -0.397674  4.49527  4.49527  4.49527  4.49527  2.13113  2.13113  2.05778  2.17402  4.46801  4.47159  4.5239  4.54805 
-1.50796 1.00531 1.25958  1.25958  1.25958  1.25958  -0.322326  -0.322326  4.31444  4.31444  4.31444  4.31444  2.20648  2.20648  2.1279  2.25042  4.28535  4.29007  4.34544  4.37153 
-1.3823 1.00531 1.08017  1.08017  1.08017  1.08017  -0.247571  -0.247571  4.13503  4.13503  4.13503  4.13503  2.28123  2.28123  2.19748  2.3255  4.10426  4.11034  4.16852  4.19646 
-1.25664 1.00531 0.905016  0.905016  0.905016  0.905016  -0.17459  -0.17459  3.95987  3.95987  3.95987  3.95987  2.35422  2.35422  2.26528  2.39796  3.92755  3.93534  3.99606  4.02573 
-1.13097 1.00531 0.736878  0.736878  0.736878  0.736878  -0.104532  -0.104532  3.79173  3.79173  3.79173  3.79173  2.42427  2.42427  2.33003  2.46645  3.758  3.76793  3.83092  3.86215 
-1.00531 1.00531 0.578409  0.578409  0.578409  0.578409  -0.0385039  -0.0385039  3.63326  3.63326  3.63326  3.63326  2.4903  2.4903  2.39048  2.52962  3.59826  3.61093  3.67594  3.70844 
-0.879646 1.00531 0.432109  0.432109  0.432109  0.432109  0.0224544  0.0224544  3.48696  3.48696  3.48696  3.48696  2.55126  2.55126  2.44535  2.58605  3.45086  3.46706  3.53383  3.56723 
-0.753982 1.00531 0.300285  0.300285  0.300285  0.300285  0.0773812  0.0773812  3.35514  3.35514  3.35514  3.35514  2.60619  2.60619  2.49336  2.63431  3.31811  3.33895  3.40722  3.44098 
-0.628319 1.00531 0.185016  0.185016  0.185016  0.185016  0.12541  0.12541  3.23987  3.23987  3.23987  3.23987  2.65422  2.65422  2.53326  2.673  3.20214  3.22901  3.29855  3.33196 
-0.502655 1.00531 0.0881184  0.0881184  0.0881184  0.0881184  0.165784  0.165784  3.14297  3.14297  3.14297  3.14297  2.69459  2.69459  2.56395  2.70101  3.10479  3.13935  3.20995  3.24203 
-0.376991 1.00531 0.0111219  0.0111219  0.0111219  0.0111219  0.197866  0.197866  3.06598  3.06598  3.06598  3.06598  2.72667  2.72667  2.58479  2.71828  3.02765  3.07139  3.14289  3.17225 
-0.251327 1.00531 -0.0447598  -0.0447598  -0.0447598  -0.0447598  0.22115  0.22115  3.0101  3.0101  3.0101  3.0101  2.74995  2.74995  2.59611  2.72681  2.97192  3.02547  3.09778  3.1222 
-0.125664 1.00531 -0.0786452  -0.0786452  -0.0786452  -0.0786452  0.235269  0.235269  2.97621  2.97621  2.97621  2.97621  2.76407  2.76407  2.59941  2.73086  2.93846  3.00104  3.07368  3.08954 
0 1.00531 -0.09  -0.09  -0.09  -0.09  0.24  0.24  2.96486  2.96486  2.96486  2.96486  2.7688  2.7688  2.59681  2.73503  2.92767  2.99743  3.06888  3.07121 
0.125664 1.00531 -0.0786452  -0.0786452  -0.0786452  -0.0786452  0.235269  0.235269  2.97621  2.97621  2.97621  2.97621  2.76407  2.76407  2.58983  2.74125  2.93962  3.01415  3.06605  3.08209 
0.251327 1.00531 -0.0447598  -0.0447598  -0.0447598  -0.0447598  0.22115  0.22115  3.0101  3.0101  3.0101  3.0101  2.74995  2.74995  2.57855  2.74693  2.97406  3.04965  3.0779  3.1132 
0.376991 1.00531 0.0111219  0.0111219  0.0111219  0.0111219  0.197866  0.197866  3.06598  3.06598  3.06598  3.06598  2.72667  2.72667  2.5619  2.74578  3.03044  3.09576  3.12038  3.16299 
0.502655 1.00531 0.0881184  0.0881184  0.0881184  0.0881184  0.165784  0.165784  3.14297  3.14297  3.14297  3.14297  2.69459  2.69459  2.53852  2.73202  3.10791  3.15464  3.19574  3.23225 
0.628319 1.00531 0.185016  0.185016  0.185016  0.185016  0.12541  0.12541  3.23987  3.23987  3.23987  3.23987  2.65422  2.65422  2.50753  2.70397  3.20529  3.23726  3.29274  3.32113 
0.753982 1.00531 0.300285  0.300285  0.300285  0.300285  0.0773812  0.0773812  3.35514  3.35514  3.35514  3.35514  2.60619  2.60619  2.46877  2.66318  3.3211  3.34308  3.40797  3.42882 
0.879646 1.00531 0.432109  0.432109  0.432109  0.432109  0.0224544  0.0224544  3.48696  3.48696  3.48696  3.48696  2.55126  2.55126  2.42268  2.61198  3.45355  3.46899  3.53937  3.55381 
1.00531 1.00531 0.578409  0.578409  0.578409  0.578409  -0.0385039  -0.0385039  3.63326  3.63326  3.63326  3.63326  2.4903  2.4903  2.37006  2.55244  3.60058  3.61172  3.68482  3.69403 
1.13097 1.00531 0.736878  0.736878  0.736878  0.736878  -0.104532  -0.104532  3.79173  3.79173  3.79173  3.79173  2.42427  2.42427  2.31194  2.48628  3.75992  3.76818  3.84207  3.84709 
1.25664 1.00531 0.905016  0.905016  0.905016  0.905016  -0.17459  -0.17459  3.95987  3.95987  3.95987  3.95987  2.35422  2.35422  2.24946  2.41503  3.92906  3.93537  4.00863  4.01036 
1.3823 1.00531 1.08017  1.08017  1.08017  1.08017  -0.247571  -0.247571  4.13503  4.13503  4.13503  4.13503  2.28123  2.28123  2.18381  2.34007  4.10537  4.11034  4.18108  4.1819 
1.50796 1.00531 1.25958  1.25958  1.25958  1.25958  -0.322326  -0.322326  4.31444  4.31444  4.31444  4.31444  2.20648  2.20648  2.11622  2.26274  4.2861  4.29012  4.35638  4.35914 
1.63363 1.00531 1.44042  1.44042  1.44042  1.44042  -0.397674  -0.397674  4.49527  4.49527  4.49527  4.49527  2.13113  2.13113  2.04791  2.18434  4.46841  4.47175  4.53337  4.53757 
1.75929 1.00531 1.61983  1.61983  1.61983  1.61983  -0.472429  -0.472429  4.67468  4.67468  4.67468  4.67468  2.05638  2.05638  1.98012  2.10613  4.64946  4.65228  4.70913  4.71436 
1.88496 1.00531 1.79498  1.79498  1.79498  1.79498  -0.54541  -0.54541  4.84984  4.84984  4.84984  4.84984  1.98339  1.98339  1.91405  2.02935  4.82643  4.82882  4.88079  4.88671 
2.01062 1.00531 1.96312  1.96312  1.96312  1.96312  -0.615468  -0.615468  5.01798  5.01798  5.01798  5.01798  1.91334  1.91334  1.85084  1.95519  4.99656  4.99856  5.04555  5.05189 
2.13628 1.00531 2.12159  2.12159  2.12159  2.12159  -0.681496  -0.681496  5.17645  5.17645  5.17645  5.17645  1.84731  1.84731  1.79162  1.88479  5.15719  5.1588  5.20073  5.20727 
2.26195 1.00531 2.26789  2.26789  2.26789  2.26789  -0.742454  -0.742454  5.32275  5.32275  5.32275  5.32275  1.78635  1.78635  1.73741  1.81922  5.30582  5.30702  5.34383  5.35038 
2.38761 1.00531 2.39971  2.39971  2.39971  2.39971  -0.797381  -0.797381  5.45457  5.45457  5.45457  5.45457  1.73142  1.73142  1.68917  1.75945  5.44015  5.44089  5.47253  5.47894 
2.51327 1.00531 2.51498  2.51498  2.51498  2.51498  -0.84541  -0.84541  5.56984  5.56984  5.56984  5.56984  1.68339  1.68339  1.64775  1.70638  5.5581  5.5583  5.58474  5.59089 
2.63894 1.00531 2.61188  2.61188  2.61188  2.61188  -0.885784  -0.885784  5.66674  5.66674  5.66674  5.66674  1.64302  1.64302  1.61388  1.66078  5.65743  5.65783  5.67864  5.68444 
2.7646 1.00531 2.68888  2.68888  2.68888  2.68888  -0.917866  -0.917866  5.74373  5.74373  5.74373  5.74373  1.61094  1.61094  1.58818  1.62331  5.73672  5.73782  5.75271  5.75809 
2.89027 1.00531 2.74476  2.74476  2.74476  2.74476  -0.94115  -0.94115  5.79962  5.79962  5.79962  5.79962  1.58765  1.58765  1.57113  1.5945  5.79494  5.79681  5.80577  5.81063 
3.01593 1.00531 2.77865  2.77865  2.77865  2.77865  -0.955269  -0.955269  5.8335  5.8335  5.8335  5.8335  1.57354  1.57354  1.56309  1.57473  5.83118  5.83367  5.83717  5.84123 
-3.14159 1.13097 2.79  2.79  2.79  2.79  -0.96  -0.96  5.84486  5.84486  5.84486  5.84486  1.5688  1.5688  1.56425  1.56425  5.84486  5.84486  5.84941  5.84941 
-3.01593 1.13097 2.77865  2.77865  2.77865  2.77865  -0.955269  -0.955269  5.8335  5.8335  5.8335  5.8335  1.57354  1.57354  1.56337  1.57445  5.83106  5.83412  5.83669  5.84139 
-2.89027 1.13097 2.74476  2.74476  2.74476  2.74476  -0.94115  -0.94115  5.79962  5.79962  5.79962  5.79962  1.58765  1.58765  1.57183  1.5938  5.79462  5.79749  5.80487  5.81117 
-2.7646 1.13097 2.68888  2.68888  2.68888  2.68888  -0.917866  -0.917866  5.74373  5.74373  5.74373  5.74373  1.61094  1.61094  1.58943  1.62205  5.73624  5.73864  5.75135  5.7591 
-2.63894 1.13097 2.61188  2.61188  2.61188  2.61188  -0.885784  -0.885784  5.66674  5.66674  5.66674  5.66674  1.64302  1.64302  1.61582  1.65882  5.65684  5.65874  5.67674  5.68603 
-2.51327 1.13097 2.51498  2.51498  2.51498  2.51498  -0.84541  -0.84541  5.56984  5.56984  5.56984  5.56984  1.68339  1.68339  1.65052  1.70358  5.55764  5.55903  5.58221  5.59316 
-2.38761 1.13097 2.39971  2.39971  2.39971  2.39971  -0.797381  -0.797381  5.45457  5.45457  5.45457  5.45457  1.73142  1.73142  1.69292  1.75567  5.4402  5.44105  5.4693  5.482 
-2.26195 1.13097 2.26789  2.26789  2.26789  2.26789  -0.742454  -0.742454  5.32275  5.32275  5.32275  5.32275  1.78635  1.78635  1.74228  1.81429  5.30635  5.30663  5.33979  5.35434 
-2.13628 1.13097 2.12159  2.12159  2.12159  2.12159  -0.681496  -0.681496  5.17645  5.17645  5.17645  5.17645  1.84731  1.84731  1.79775  1.87857  5.15785  5.15817  5.19578  5.21226 
-2.01062 1.13097 1.96312  1.96312  1.96312  1.96312  -0.615468  -0.615468  5.01798  5.01798  5.01798  5.01798  1.91334  1.91334  1.85839  1.94751  4.99704  4.99801  5.03958  5.05806 
-1.88496 1.13097 1.79498  1.79498  1.79498  1.79498  -0.54541  -0.54541  4.84984  4.84984  4.84984  4.84984  1.98339  1.98339  1.92316  2.02003  4.82668  4.82837  4.87368  4.89422 
-1.75929 1.13097 1.61983  1.61983  1.61983  1.61983  -0.472429  -0.472429  4.67468  4.67468  4.67468  4.67468  2.05638  2.05638  1.99097  2.09498  4.64943  4.65195  4.70075  4.7234 
-1.63363 1.13097 1.44042  1.44042  1.44042  1.44042  -0.397674  -0.397674  4.49527  4.49527  4.49527  4.49527  2.13113  2.13113  2.06067  2.17116  4.46807  4.47153  4.52359  4.54834 
-1.50796 1.13097 1.25958  1.25958  1.25958  1.25958  -0.322326  -0.322326  4.31444  4.31444  4.31444  4.31444  2.20648  2.20648  2.13104  2.2473  4.2854  4.29  4.34505  4.37191 
-1.3823 1.13097 1.08017  1.08017  1.08017  1.08017  -0.247571  -0.247571  4.13503  4.13503  4.13503  4.13503  2.28123  2.28123  2.20088  2.32214  4.1043  4.11026  4.16803  4.19695 
-1.25664 1.13097 0.905016  0.905016  0.905016  0.905016  -0.17459  -0.17459  3.95987  3.95987  3.95987  3.95987  2.35422  2.35422  2.26894  2.39434  3.9276  3.93523  3.99545  4.02635 
-1.13097 1.13097 0.736878  0.736878  0.736878  0.736878  -0.104532  -0.104532  3.79173  3.79173  3.79173  3.79173  2.42427  2.42427  2.33395  2.46259  3.75806  3.76778  3.83018  3.86292 
-1.00531 1.13097 0.578409  0.578409  0.578409  0.578409  -0.0385039  -0.0385039  3.63326  3.63326  3.63326  3.63326  2.4903  2.4903  2.39466  2.52552  3.59834  3.61071  3.67505  3.70939 
-0.879646 1.13097 0.432109  0.432109  0.432109  0.432109  0.0224544  0.0224544  3.48696  3.48696  3.48696  3.48696  2.55126  2.55126  2.44976  2.58174  3.45096  3.46674  3.53278  3.56839 
-0.753982 1.13097 0.300285  0.300285  0.300285  0.300285  0.0773812  0.0773812  3.35514  3.35514  3.35514  3.35514  2.60619  2.60619  2.49798  2.62985  3.31826  3.33845  3.40602  3.44237 
-0.628319 1.13097 0.185016  0.185016  0.185016  0.185016  0.12541  0.12541  3.23987  3.23987  3.23987  3.23987  2.65422  2.65422  2.53801  2.6685  3.20236  3.22825  3.29722  3.33356 
-0.502655 1.13097 0.0881184  0.0881184  0.0881184  0.0881184  0.165784  0.165784  3.14297  3.14297  3.14297  3.14297  2.69459  2.69459  2.56871  2.69667  3.10512  3.13823  3.20857  3.24378 
-0.376991 1.13097 0.0111219  0.0111219  0.0111219  0.0111219  0.197866  0.197866  3.06598  3.06598  3.06598  3.06598  2.72667  2.72667  2.58939  2.71435  3.0281  3.06984  3.14161  3.17396 
-0.251327 1.13097 -0.0447598  -0.0447598  -0.0447598  -0.0447598  0.22115  0.22115  3.0101  3.0101  3.0101  3.0101  2.74995  2.74995  2.60033  2.72353  2.97251  3.02356  3.09679  3.12358 
-0.125664 1.13097 -0.0786452  -0.0786452  -0.0786452  -0.0786452  0.235269  0.235269  2.97621  2.97621  2.97621  2.97621  2.76407  2.76407  2.60307  2.72833  2.93915  2.999  3.07315  3.09029 
0 1.13097 -0.09  -0.09  -0.09  -0.09  0.24  0.24  2.96486  2.96486  2.96486  2.96486  2.7688  2.7688  2.59988  2.73318  2.92843  2.99556  3.06889  3.0711 
0.125664 1.13097 -0.0786452  -0.0786452  -0.0786452  -0.0786452  0.235269  0.235269  2.97621  2.97621  2.97621  2.97621  2.76407  2.76407  2.59236  2.73992  2.94039  3.01283  3.06487  3.08262 
0.251327 1.13097 -0.0447598  -0.0447598  -0.0447598  -0.0447598  0.22115  0.22115  3.0101  3.0101  3.0101  3.0101  2.74995  2.74995  2.5807  2.74593  2.97479  3.04976  3.07498  3.11414 
0.376991 1.13097 0.0111219  0.0111219  0.0111219  0.0111219  0.197866  0.197866  3.06598  3.06598  3.06598  3.06598  2.72667  2.72667  2.56381  2.7449  3.0311  3.09709  3.11615  3.16419 
0.502655 1.13097 0.0881184  0.0881184  0.0881184  0.0881184  0.165784  0.165784  3.14297  3.14297  3.14297  3.14297  2.69459  2.69459  2.54031  2.73107  3.10849  3.1549  3.1927  3.2336 
0.628319 1.13097 0.185016  0.185016  0.185016  0.185016  0.12541  0.12541  3.23987  3.23987  3.23987  3.23987  2.65422  2.65422  2.50929  2.70285  3.20578  3.23716  3.29031  3.32252 
0.753982 1.13097 0.300285  0.300285  0.300285  0.300285  0.0773812  0.0773812  3.35514  3.35514  3.35514  3.35514  2.60619  2.60619  2.47055  2.66188  3.32152  3.34288  3.40591  3.4302 
0.879646 1.13097 0.432109  0.432109  0.432109  0.432109  0.0224544  0.0224544  3.48696  3.48696  3.48696  3.48696  2.55126  2.55126  2.42449  2.61052  3.4539  3.46877  3.53757  3.55513 
1.00531 1.13097 0.578409  0.578409  0.578409  0.578409  -0.0385039  -0.0385039  3.63326  3.63326  3.63326  3.63326  2.4903  2.4903  2.3719  2.55085  3.60087  3.61152  3.68324  3.69527 
1.13097 1.13097 0.736878  0.736878  0.736878  0.736878  -0.104532  -0.104532  3.79173  3.79173  3.79173  3.79173  2.42427  2.42427  2.3138  2.48461  3.76015  3.76802  3.84067  3.84824 
1.25664 1.13097 0.905016  0.905016  0.905016  0.905016  -0.17459  -0.17459  3.95987  3.95987  3.95987  3.95987  2.35422  2.35422  2.25132  2.4133  3.92925  3.93524  4.00738  4.01141 
1.3823 1.13097 1.08017  1.08017  1.08017  1.08017  -0.247571  -0.247571  4.13503  4.13503  4.13503  4.13503  2.28123  2.28123  2.18566  2.33832  4.10552  4.11024  4.18079  4.18203 
1.50796 1.13097 1.25958  1.25958  1.25958  1.25958  -0.322326  -0.322326  4.31444  4.31444  4.31444  4.31444  2.20648  2.20648  2.11803  2.261  4.28621  4.29005  4.35725  4.35816 
1.63363 1.13097 1.44042  1.44042  1.44042  1.44042  -0.397674  -0.397674  4.49527  4.49527  4.49527  4.49527  2.13113  2.13113  2.04968  2.18263  4.46849  4.47171  4.53415  4.5367 
1.75929 1.13097 1.61983  1.61983  1.61983  1.61983  -0.472429  -0.472429  4.67468  4.67468  4.67468  4.67468  2.05638  2.05638  1.98182  2.10448  4.64952  4.65226  4.70982  4.71359 
1.88496 1.13097 1.79498  1.79498  1.79498  1.79498  -0.54541  -0.54541  4.84984  4.84984  4.84984  4.84984  1.98339  1.98339  1.91565  2.02777  4.82647  4.82882  4.8814  4.88604 
2.01062 1.13097 1.96312  1.96312  1.96312  1.96312  -0.615468  -0.615468  5.01798  5.01798  5.01798  5.01798  1.91334  1.91334  1.85235  1.95371  4.99657  4.99857  5.04608  5.0513 
2.13628 1.13097 2.12159  2.12159  2.12159  2.12159  -0.681496  -0.681496  5.17645  5.17645  5.17645  5.17645  1.84731  1.84731  1.79301  1.88342  5.15718  5.15882  5.2012  5.20677 
2.26195 1.13097 2.26789  2.26789  2.26789  2.26789  -0.742454  -0.742454  5.32275  5.32275  5.32275  5.32275  1.78635  1.78635  1.73867  1.81797  5.3058  5.30706  5.34424  5.34995 
2.38761 1.13097 2.39971  2.39971  2.39971  2.39971  -0.797381  -0.797381  5.45457  5.45457  5.45457  5.45457  1.73142  1.73142  1.69028  1.75835  5.44011  5.44093  5.47287  5.47858 
2.51327 1.13097 2.51498  2.51498  2.51498  2.51498  -0.84541  -0.84541  5.56984  5.56984  5.56984  5.56984  1.68339  1.68339  1.6487  1.70543  5.55804  5.55835  5.58503  5.5906 
2.63894 1.13097 2.61188  2.61188  2.61188  2.61188  -0.885784  -0.885784  5.66674  5.66674  5.66674  5.66674  1.64302  1.64302  1.61465  1.66  5.65748  5.65776  5.67888  5.68421 
2.7646 1.13097 2.68888  2.68888  2.68888  2.68888  -0.917866  -0.917866  5.74373  5.74373  5.74373  5.74373  1.61094  1.61094  1.58877  1.62271  5.73677  5.73774  5.75291  5.75791 
2.89027 1.13097 2.74476  2.74476  2.74476  2.74476  -0.94115  -0.94115  5.79962  5.79962  5.79962  5.79962  1.58765  1.58765  1.57154  1.59409  5.79498  5.79671  5.80594  5.81051 
3.01593 1.13097 2.77865  2.77865  2.77865  2.77865  -0.955269  -0.955269  5.8335  5.8335  5.8335  5.8335  1.57354  1.57354  1.5633  1.57452  5.83122  5.83354  5.83733  5.84115 
-3.14159 1.25664 2.79  2.79  2.79  2.79  -0.96  -0.96  5.84486  5.84486  5.84486  5.84486  1.5688  1.5688  1.56425  1.56425  5.84486  5.84486  5.84941  5.84941 
-3.01593 1.25664 2.77865  2.77865  2.77865  2.77865  -0.955269  -0.955269  5.8335  5.8335  5.8335  5.8335  1.57354  1.57354  1.56361  1.57421  5.83108  5.83399  5.83684  5.84134 
-2.89027 1.25664 2.74476  2.74476  2.74476  2.74476  -0.94115  -0.94115  5.79962  5.79962  5.79962  5.79962  1.58765  1.58765  1.57231  1.59332  5.79463  5.79744  5.80497  5.8111 
-2.7646 1.25664 2.68888  2.68888  2.68888  2.68888  -0.917866  -0.917866  5.74373  5.74373  5.74373  5.74373  1.61094  1.61094  1.59016  1.62133  5.73624  5.73863  5.75142  5.75903 
-2.63894 1.25664 2.61188  2.61188  2.61188  2.61188  -0.885784  -0.885784  5.66674  5.66674  5.66674  5.66674  1.64302  1.64302  1.6168  1.65784  5.65682  5.65876  5.67679  5.68597 
-2.51327 1.25664 2.51498  2.51498  2.51498  2.51498  -0.84541  -0.84541  5.56984  5.56984  5.56984  5.56984  1.68339  1.68339  1.65176  1.70235  5.55762  5.55906  5.58225  5.59311 
-2.38761 1.25664 2.39971  2.39971  2.39971  2.39971  -0.797381  -0.797381  5.45457  5.45457  5.45457  5.45457  1.73142  1.73142  1.69442  1.75417  5.44017  5.4411  5.46931  5.48196 
-2.26195 1.25664 2.26789  2.26789  2.26789  2.26789  -0.742454  -0.742454  5.32275  5.32275  5.32275  5.32275  1.78635  1.78635  1.74404  1.81254  5.30631  5.30669  5.33978  5.35433 
-2.13628 1.25664 2.12159  2.12159  2.12159  2.12159  -0.681496  -0.681496  5.17645  5.17645  5.17645  5.17645  1.84731  1.84731  1.79978  1.87656  5.15792  5.15813  5.19573  5.21229 
-2.01062 1.25664 1.96312  1.96312  1.96312  1.96312  -0.615468  -0.615468  5.01798  5.01798  5.01798  5.01798  1.91334  1.91334  1.86068  1.94523  4.9971  4.99796  5.03949  5.05812 
-1.88496 1.25664 1.79498  1.79498  1.79498  1.79498  -0.54541  -0.54541  4.84984  4.84984  4.84984  4.84984  1.98339  1.98339  1.92573  2.01749  4.82675  4.82832  4.87354  4.89433 
-1.75929 1.25664 1.61983  1.61983  1.61983  1.61983  -0.472429  -0.472429  4.67468  4.67468  4.67468  4.67468  2.05638  2.05638  1.99381  2.09217  4.6495  4.65189  4.70056  4.72356 
-1.63363 1.25664 1.44042  1.44042  1.44042  1.44042  -0.397674  -0.397674  4.49527  4.49527  4.49527  4.49527  2.13113  2.13113  2.06377  2.16808  4.46813  4.47147  4.52332  4.54858 
-1.50796 1.25664 1.25958  1.25958  1.25958  1.25958  -0.322326  -0.322326  4.31444  4.31444  4.31444  4.31444  2.20648  2.20648  2.13442  2.24396  4.28547  4.28993  4.3447  4.37223 
-1.3823 1.25664 1.08017  1.08017  1.08017  1.08017  -0.247571  -0.247571  4.13503  4.13503  4.13503  4.13503  2.28123  2.28123  2.20453  2.31853  4.10437  4.11018  4.16758  4.19738 
-1.25664 1.25664 0.905016  0.905016  0.905016  0.905016  -0.17459  -0.17459  3.95987  3.95987  3.95987  3.95987  2.35422  2.35422  2.27286  2.39048  3.92767  3.93512  3.99489  4.0269 
-1.13097 1.25664 0.736878  0.736878  0.736878  0.736878  -0.104532  -0.104532  3.79173  3.79173  3.79173  3.79173  2.42427  2.42427  2.33814  2.45848  3.75814  3.76762  3.82949  3.86361 
-1.00531 1.25664 0.578409  0.578409  0.578409  0.578409  -0.0385039  -0.0385039  3.63326  3.63326  3.63326  3.63326  2.4903  2.4903  2.3991  2.52117  3.59845  3.61048  3.67421  3.71025 
-0.879646 1.25664 0.432109  0.432109  0.432109  0.432109  0.0224544  0.0224544  3.48696  3.48696  3.48696  3.48696  2.55126  2.55126  2.45446  2.57719  3.45111  3.4664  3.53178  3.56944 
-0.753982 1.25664 0.300285  0.300285  0.300285  0.300285  0.0773812  0.0773812  3.35514  3.35514  3.35514  3.35514  2.60619  2.60619  2.50289  2.62516  3.31847  3.33795  3.40484  3.44363 
-0.628319 1.25664 0.185016  0.185016  0.185016  0.185016  0.12541  0.12541  3.23987  3.23987  3.23987  3.23987  2.65422  2.65422  2.54306  2.66378  3.20266  3.22749  3.29591  3.33502 
-0.502655 1.25664 0.0881184  0.0881184  0.0881184  0.0881184  0.165784  0.165784  3.14297  3.14297  3.14297  3.14297  2.69459  2.69459  2.57378  2.69211  3.10553  3.13711  3.2072  3.24535 
-0.376991 1.25664 0.0111219  0.0111219  0.0111219  0.0111219  0.197866  0.197866  3.06598  3.06598  3.06598  3.06598  2.72667  2.72667  2.59428  2.71021  3.02865  3.0683  3.14033  3.17549 
-0.251327 1.25664 -0.0447598  -0.0447598  -0.0447598  -0.0447598  0.22115  0.22115  3.0101  3.0101  3.0101  3.0101  2.74995  2.74995  2.60483  2.72004  2.9732  3.02164  3.0958  3.12479 
-0.125664 1.25664 -0.0786452  -0.0786452  -0.0786452  -0.0786452  0.235269  0.235269  2.97621  2.97621  2.97621  2.97621  2.76407  2.76407  2.60703  2.72558  2.93996  2.99689  3.07262  3.09092 
0 1.25664 -0.09  -0.09  -0.09  -0.09  0.24  0.24  2.96486  2.96486  2.96486  2.96486  2.7688  2.7688  2.60324  2.7311  2.92929  2.99352  3.06891  3.07098 
0.125664 1.25664 -0.0786452  -0.0786452  -0.0786452  -0.0786452  0.235269  0.235269  2.97621  2.97621  2.97621  2.97621  2.76407  2.76407  2.59522  2.73834  2.94123  3.01116  3.06389  3.08315 
0.251327 1.25664 -0.0447598  -0.0447598  -0.0447598  -0.0447598  0.22115  0.22115  3.0101  3.0101  3.0101  3.0101  2.74995  2.74995  2.58319  2.74463  2.97558  3.04925  3.07258  3.11506 
0.376991 1.25664 0.0111219  0.0111219  0.0111219  0.0111219  0.197866  0.197866  3.06598  3.06598  3.06598  3.06598  2.72667  2.72667  2.56608  2.74368  3.0318  3.09828  3.11202  3.16538 
0.502655 1.25664 0.0881184  0.0881184  0.0881184  0.0881184  0.165784  0.165784  3.14297  3.14297  3.14297  3.14297  2.69459  2.69459  2.54248  2.72974  3.10909  3.15491  3.18991  3.23493 
0.628319 1.25664 0.185016  0.185016  0.185016  0.185016  0.12541  0.12541  3.23987  3.23987  3.23987  3.23987  2.65422  2.65422  2.51143  2.70134  3.2063  3.2369  3.28804  3.3239 
0.753982 1.25664 0.300285  0.300285  0.300285  0.300285  0.0773812  0.0773812  3.35514  3.35514  3.35514  3.35514  2.60619  2.60619  2.47269  2.66019  3.32195  3.34259  3.40396  3.43156 
0.879646 1.25664 0.432109  0.432109  0.432109  0.432109  0.0224544  0.0224544  3.48696  3.48696  3.48696  3.48696  2.55126  2.55126  2.42665  2.60868  3.45426  3.4685  3.53585  3.55643 
1.00531 1.25664 0.578409  0.578409  0.578409  0.578409  -0.0385039  -0.0385039  3.63326  3.63326  3.63326  3.63326  2.4903  2.4903  2.37409  2.5489  3.60117  3.6113  3.68171  3.6965 
1.13097 1.25664 0.736878  0.736878  0.736878  0.736878  -0.104532  -0.104532  3.79173  3.79173  3.79173  3.79173  2.42427  2.42427  2.31599  2.48259  3.7604  3.76783  3.83929  3.84938 
1.25664 1.25664 0.905016  0.905016  0.905016  0.905016  -0.17459  -0.17459  3.95987  3.95987  3.95987  3.95987  2.35422  2.35422  2.2535  2.41125  3.92945  3.9351  4.00616  4.01246 
1.3823 1.25664 1.08017  1.08017  1.08017  1.08017  -0.247571  -0.247571  4.13503  4.13503  4.13503  4.13503  2.28123  2.28123  2.18781  2.33627  4.10568  4.11013  4.17969  4.18299 
1.50796 1.25664 1.25958  1.25958  1.25958  1.25958  -0.322326  -0.322326  4.31444  4.31444  4.31444  4.31444  2.20648  2.20648  2.12013  2.25897  4.28633  4.28997  4.35718  4.35812 
1.63363 1.25664 1.44042  1.44042  1.44042  1.44042  -0.397674  -0.397674  4.49527  4.49527  4.49527  4.49527  2.13113  2.13113  2.05171  2.18066  4.46858  4.47165  4.53493  4.53583 
1.75929 1.25664 1.61983  1.61983  1.61983  1.61983  -0.472429  -0.472429  4.67468  4.67468  4.67468  4.67468  2.05638  2.05638  1.98376  2.10258  4.64958  4.65223  4.71052  4.71282 
1.88496 1.25664 1.79498  1.79498  1.79498  1.79498  -0.54541  -0.54541  4.84984  4.84984  4.84984  4.84984  1.98339  1.98339  1.91748  2.02597  4.82651  4.8288  4.88202  4.88536 
2.01062 1.25664 1.96312  1.96312  1.96312  1.96312  -0.615468  -0.615468  5.01798  5.01798  5.01798  5.01798  1.91334  1.91334  1.85406  1.95203  4.99659  4.99857  5.04663  5.05071 
2.13628 1.25664 2.12159  2.12159  2.12159  2.12159  -0.681496  -0.681496  5.17645  5.17645  5.17645  5.17645  1.84731  1.84731  1.79457  1.88187  5.15718  5.15884  5.20168  5.20626 
2.26195 1.25664 2.26789  2.26789  2.26789  2.26789  -0.742454  -0.742454  5.32275  5.32275  5.32275  5.32275  1.78635  1.78635  1.74008  1.81657  5.30578  5.30709  5.34465  5.34952 
2.38761 1.25664 2.39971  2.39971  2.39971  2.39971  -0.797381  -0.797381  5.45457  5.45457  5.45457  5.45457  1.73142  1.73142  1.69152  1.75711  5.44007  5.44097  5.47323  5.47822 
2.51327 1.25664 2.51498  2.51498  2.51498  2.51498  -0.84541  -0.84541  5.56984  5.56984  5.56984  5.56984  1.68339  1.68339  1.64976  1.70438  5.55799  5.5584  5.58533  5.5903 
2.63894 1.25664 2.61188  2.61188  2.61188  2.61188  -0.885784  -0.885784  5.66674  5.66674  5.66674  5.66674  1.64302  1.64302  1.61552  1.65914  5.65753  5.6577  5.67913  5.68397 
2.7646 1.25664 2.68888  2.68888  2.68888  2.68888  -0.917866  -0.917866  5.74373  5.74373  5.74373  5.74373  1.61094  1.61094  1.58944  1.62205  5.73682  5.73765  5.75312  5.75772 
2.89027 1.25664 2.74476  2.74476  2.74476  2.74476  -0.94115  -0.94115  5.79962  5.79962  5.79962  5.79962  1.58765  1.58765  1.57199  1.59364  5.79504  5.79661  5.80612  5.81037 
3.01593 1.25664 2.77865  2.77865  2.77865  2.77865  -0.955269  -0.955269  5.8335  5.8335  5.8335  5.8335  1.57354  1.57354  1.56353  1.57429  5.83126  5.83342  5.8375  5.84108 
-3.14159 1.3823 2.79  2.79  2.79  2.79  -0.96  -0.96  5.84486  5.84486  5.84486  5.84486  1.5688  1.5688  1.56425  1.56425  5.84486  5.84486  5.84941  5.84941 
-3.01593 1.3823 2.77865  2.77865  2.77865  2.77865  -0.955269  -0.955269  5.8335  5.8335  5.8335  5.8335  1.57354  1.57354  1.56387  1.57396  5.83111  5.83387  5.837  5.84127 
-2.89027 1.3823 2.74476  2.74476  2.74476  2.74476  -0.94115  -0.94115  5.79962  5.79962  5.79962  5.79962  1.58765  1.58765  1.57283  1.5928  5.79465  5.79739  5.80508  5.81103 
-2.7646 1.3823 2.68888  2.68888  2.68888  2.68888  -0.917866  -0.917866  5.74373  5.74373  5.74373  5.74373  1.61094  1.61094  1.59095  1.62054  5.73624  5.73862  5.75152  5.75895 
-2.63894 1.3823 2.61188  2.61188  2.61188  2.61188  -0.885784  -0.885784  5.66674  5.66674  5.66674  5.66674  1.64302  1.64302  1.61787  1.65678  5.65681  5.65877  5.67687  5.6859 
-2.51327 1.3823 2.51498  2.51498  2.51498  2.51498  -0.84541  -0.84541  5.56984  5.56984  5.56984  5.56984  1.68339  1.68339  1.6531  1.70101  5.55759  5.55909  5.58231  5.59304 
-2.38761 1.3823 2.39971  2.39971  2.39971  2.39971  -0.797381  -0.797381  5.45457  5.45457  5.45457  5.45457  1.73142  1.73142  1.69604  1.75256  5.44013  5.44114  5.46935  5.48191 
-2.26195 1.3823 2.26789  2.26789  2.26789  2.26789  -0.742454  -0.742454  5.32275  5.32275  5.32275  5.32275  1.78635  1.78635  1.74594  1.81065  5.30627  5.30674  5.33979  5.3543 
-2.13628 1.3823 2.12159  2.12159  2.12159  2.12159  -0.681496  -0.681496  5.17645  5.17645  5.17645  5.17645  1.84731  1.84731  1.80196  1.87439  5.15798  5.15808  5.19572  5.21227 
-2.01062 1.3823 1.96312  1.96312  1.96312  1.96312  -0.615468  -0.615468  5.01798  5.01798  5.01798  5.01798  1.91334  1.91334  1.86315  1.94278  4.99717  4.99791  5.03943  5.05814 
-1.88496 1.3823 1.79498  1.79498  1.79498  1.79498  -0.54541  -0.54541  4.84984  4.84984  4.84984  4.84984  1.98339  1.98339  1.92847  2.01476  4.82682  4.82827  4.87344  4.89439 
-1.75929 1.3823 1.61983  1.61983  1.61983  1.61983  -0.472429  -0.472429  4.67468  4.67468  4.67468  4.67468  2.05638  2.05638  1.99683  2.08917  4.64957  4.65184  4.7004  4.72368 
-1.63363 1.3823 1.44042  1.44042  1.44042  1.44042  -0.397674  -0.397674  4.49527  4.49527  4.49527  4.49527  2.13113  2.13113  2.06708  2.1648  4.4682  4.47141  4.5231  4.54876 
-1.50796 1.3823 1.25958  1.25958  1.25958  1.25958  -0.322326  -0.322326  4.31444  4.31444  4.31444  4.31444  2.20648  2.20648  2.13801  2.24041  4.28555  4.28985  4.34439  4.37249 
-1.3823 1.3823 1.08017  1.08017  1.08017  1.08017  -0.247571  -0.247571  4.13503  4.13503  4.13503  4.13503  2.28123  2.28123  2.20841  2.31471  4.10445  4.11008  4.16718  4.19773 
-1.25664 1.3823 0.905016  0.905016  0.905016  0.905016  -0.17459  -0.17459  3.95987  3.95987  3.95987  3.95987  2.35422  2.35422  2.27701  2.3864  3.92777  3.935  3.99438  4.02737 
-1.13097 1.3823 0.736878  0.736878  0.736878  0.736878  -0.104532  -0.104532  3.79173  3.79173  3.79173  3.79173  2.42427  2.42427  2.34257  2.45414  3.75826  3.76746  3.82884  3.86421 
-1.00531 1.3823 0.578409  0.578409  0.578409  0.578409  -0.0385039  -0.0385039  3.63326  3.63326  3.63326  3.63326  2.4903  2.4903  2.40381  2.5166  3.59859  3.61025  3.67341  3.71101 
-0.879646 1.3823 0.432109  0.432109  0.432109  0.432109  0.0224544  0.0224544  3.48696  3.48696  3.48696  3.48696  2.55126  2.55126  2.45942  2.57242  3.4513  3.46606  3.53081  3.57038 
-0.753982 1.3823 0.300285  0.300285  0.300285  0.300285  0.0773812  0.0773812  3.35514  3.35514  3.35514  3.35514  2.60619  2.60619  2.50806  2.62025  3.31874  3.33743  3.4037  3.44476 
-0.628319 1.3823 0.185016  0.185016  0.185016  0.185016  0.12541  0.12541  3.23987  3.23987  3.23987  3.23987  2.65422  2.65422  2.54838  2.65885  3.20302  3.22673  3.29462  3.33632 
-0.502655 1.3823 0.0881184  0.0881184  0.0881184  0.0881184  0.165784  0.165784  3.14297  3.14297  3.14297  3.14297  2.69459  2.69459  2.57912  2.68734  3.10603  3.136  3.20583  3.24675 
-0.376991 1.3823 0.0111219  0.0111219  0.0111219  0.0111219  0.197866  0.197866  3.06598  3.06598  3.06598  3.06598  2.72667  2.72667  2.59945  2.70586  3.0293  3.06676  3.13905  3.17682 
-0.251327 1.3823 -0.0447598  -0.0447598  -0.0447598  -0.0447598  0.22115  0.22115  3.0101  3.0101  3.0101  3.0101  2.74995  2.74995  2.60961  2.71634  2.974  3.01971  3.0948  3.12583 
-0.125664 1.3823 -0.0786452  -0.0786452  -0.0786452  -0.0786452  0.235269  0.235269  2.97621  2.97621  2.97621  2.97621  2.76407  2.76407  2.61125  2.72262  2.94087  2.99471  3.07209  3.09144 
0 1.3823 -0.09  -0.09  -0.09  -0.09  0.24  0.24  2.96486  2.96486  2.96486  2.96486  2.7688  2.7688  2.60689  2.72879  2.93024  2.99132  3.06893  3.07086 
0.125664 1.3823 -0.0786452  -0.0786452  -0.0786452  -0.0786452  0.235269  0.235269  2.97621  2.97621  2.97621  2.97621  2.76407  2.76407  2.59838  2.7365  2.94216  3.00918  3.0631  3.08368 
0.251327 1.3823 -0.0447598  -0.0447598  -0.0447598  -0.0447598  0.22115  0.22115  3.0101  3.0101  3.0101  3.0101  2.74995  2.74995  2.58601  2.74304  2.97642  3.04797  3.07087  3.11598 
0.376991 1.3823 0.0111219  0.0111219  0.0111219  0.0111219  0.197866  0.197866  3.06598  3.06598  3.06598  3.06598  2.72667  2.72667  2.5687  2.74211  3.03254  3.09908  3.10827  3.16656 
0.502655 1.3823 0.0881184  0.0881184  0.0881184  0.0881184  0.165784  0.165784  3.14297  3.14297  3.14297  3.14297  2.69459  2.69459  2.545  2.72803  3.10973  3.15461  3.18745  3.23625 
0.628319 1.3823 0.185016  0.185016  0.185016  0.185016  0.12541  0.12541  3.23987  3.23987  3.23987  3.23987  2.65422  2.65422  2.51393  2.69944  3.20684  3.23649  3.28596  3.32525 
0.753982 1.3823 0.300285  0.300285  0.300285  0.300285  0.0773812  0.0773812  3.35514  3.35514  3.35514  3.35514  2.60619  2.60619  2.4752  2.65811  3.3224  3.3422  3.40212  3.4329 
0.879646 1.3823 0.432109  0.432109  0.432109  0.432109  0.0224544  0.0224544  3.48696  3.48696  3.48696  3.48696  2.55126  2.55126  2.42917  2.60647  3.45463  3.46818  3.53421  3.55772 
1.00531 1.3823 0.578409  0.578409  0.578409  0.578409  -0.0385039  -0.0385039  3.63326  3.63326  3.63326  3.63326  2.4903  2.4903  2.37661  2.5466  3.60148  3.61103  3.68023  3.69772 
1.13097 1.3823 0.736878  0.736878  0.736878  0.736878  -0.104532  -0.104532  3.79173  3.79173  3.79173  3.79173  2.42427  2.42427  2.31851  2.48023  3.76065  3.76762  3.83796  3.85051 
1.25664 1.3823 0.905016  0.905016  0.905016  0.905016  -0.17459  -0.17459  3.95987  3.95987  3.95987  3.95987  2.35422  2.35422  2.25599  2.40888  3.92965  3.93493  4.00495  4.01351 
1.3823 1.3823 1.08017  1.08017  1.08017  1.08017  -0.247571  -0.247571  4.13503  4.13503  4.13503  4.13503  2.28123  2.28123  2.19025  2.33392  4.10584  4.11001  4.17861  4.18395 
1.50796 1.3823 1.25958  1.25958  1.25958  1.25958  -0.322326  -0.322326  4.31444  4.31444  4.31444  4.31444  2.20648  2.20648  2.1225  2.25667  4.28646  4.28988  4.3562  4.35899 
1.63363 1.3823 1.44042  1.44042  1.44042  1.44042  -0.397674  -0.397674  4.49527  4.49527  4.49527  4.49527  2.13113  2.13113  2.05399  2.17843  4.46868  4.47159  4.53496  4.53572 
1.75929 1.3823 1.61983  1.61983  1.61983  1.61983  -0.472429  -0.472429  4.67468  4.67468  4.67468  4.67468  2.05638  2.05638  1.98593  2.10045  4.64965  4.65219  4.71123  4.71205 
1.88496 1.3823 1.79498  1.79498  1.79498  1.79498  -0.54541  -0.54541  4.84984  4.84984  4.84984  4.84984  1.98339  1.98339  1.91953  2.02396  4.82655  4.82879  4.88265  4.88468 
2.01062 1.3823 1.96312  1.96312  1.96312  1.96312  -0.615468  -0.615468  5.01798  5.01798  5.01798  5.01798  1.91334  1.91334  1.85595  1.95015  4.99661  4.99857  5.04719  5.05011 
2.13628 1.3823 2.12159  2.12159  2.12159  2.12159  -0.681496  -0.681496  5.17645  5.17645  5.17645  5.17645  1.84731  1.84731  1.79631  1.88015  5.15718  5.15886  5.20217  5.20574 
2.26195 1.3823 2.26789  2.26789  2.26789  2.26789  -0.742454  -0.742454  5.32275  5.32275  5.32275  5.32275  1.78635  1.78635  1.74164  1.81502  5.30576  5.30712  5.34508  5.34907 
2.38761 1.3823 2.39971  2.39971  2.39971  2.39971  -0.797381  -0.797381  5.45457  5.45457  5.45457  5.45457  1.73142  1.73142  1.6929  1.75575  5.44004  5.44101  5.47359  5.47784 
2.51327 1.3823 2.51498  2.51498  2.51498  2.51498  -0.84541  -0.84541  5.56984  5.56984  5.56984  5.56984  1.68339  1.68339  1.65093  1.70321  5.55794  5.55845  5.58564  5.58999 
2.63894 1.3823 2.61188  2.61188  2.61188  2.61188  -0.885784  -0.885784  5.66674  5.66674  5.66674  5.66674  1.64302  1.64302  1.61648  1.65819  5.65759  5.65763  5.67939  5.68372 
2.7646 1.3823 2.68888  2.68888  2.68888  2.68888  -0.917866  -0.917866  5.74373  5.74373  5.74373  5.74373  1.61094  1.61094  1.59017  1.62132  5.73688  5.73757  5.75334  5.75753 
2.89027 1.3823 2.74476  2.74476  2.74476  2.74476  -0.94115  -0.94115  5.79962  5.79962  5.79962  5.79962  1.58765  1.58765  1.57249  1.59315  5.79509  5.79651  5.8063  5.81023 
3.01593 1.3823 2.77865  2.77865  2.77865  2.77865  -0.955269  -0.955269  5.8335  5.8335  5.8335  5.8335  1.57354  1.57354  1.56378  1.57404  5.83131  5.83329  5.83766  5.84099 
-3.14159 1.50796 2.79  2.79  2.79  2.79  -0.96  -0.96  5.84486  5.84486  5.84486  5.84486  1.5688  1.5688  1.56425  1.56425  5.84486  5.84486  5.84941  5.84941 
-3.01593 1.50796 2.77865  2.77865  2.77865  2.77865  -0.955269  -0.955269  5.8335  5.8335  5.8335  5.8335  1.57354  1.57354  1.56414  1.57368  5.83114  5.83375  5.83716  5.84121 
-2.89027 1.50796 2.74476  2.74476  2.74476  2.74476  -0.94115  -0.94115  5.79962  5.79962  5.79962  5.79962  1.58765  1.58765  1.57339  1.59224  5.79467  5.79732  5.80521  5.81094 
-2.7646 1.50796 2.68888  2.68888  2.68888  2.68888  -0.917866  -0.917866  5.74373  5.74373  5.74373  5.74373  1.61094  1.61094  1.5918  1.61969  5.73625  5.73859  5.75162  5.75886 
-2.63894 1.50796 2.61188  2.61188  2.61188  2.61188  -0.885784  -0.885784  5.66674  5.66674  5.66674  5.66674  1.64302  1.64302  1.61901  1.65565  5.6568  5.65877  5.67696  5.6858 
-2.51327 1.50796 2.51498  2.51498  2.51498  2.51498  -0.84541  -0.84541  5.56984  5.56984  5.56984  5.56984  1.68339  1.68339  1.65454  1.69958  5.55757  5.55912  5.58239  5.59295 
-2.38761 1.50796 2.39971  2.39971  2.39971  2.39971  -0.797381  -0.797381  5.45457  5.45457  5.45457  5.45457  1.73142  1.73142  1.69777  1.75084  5.4401  5.44118  5.46941  5.48183 
-2.26195 1.50796 2.26789  2.26789  2.26789  2.26789  -0.742454  -0.742454  5.32275  5.32275  5.32275  5.32275  1.78635  1.78635  1.74797  1.80863  5.30623  5.3068  5.33983  5.35423 
-2.13628 1.50796 2.12159  2.12159  2.12159  2.12159  -0.681496  -0.681496  5.17645  5.17645  5.17645  5.17645  1.84731  1.84731  1.80428  1.87208  5.15804  5.15805  5.19573  5.21223 
-2.01062 1.50796 1.96312  1.96312  1.96312  1.96312  -0.615468  -0.615468  5.01798  5.01798  5.01798  5.01798  1.91334  1.91334  1.86577  1.94018  4.99724  4.99786  5.03941  5.05812 
-1.88496 1.50796 1.79498  1.79498  1.79498  1.79498  -0.54541  -0.54541  4.84984  4.84984  4.84984  4.84984  1.98339  1.98339  1.93139  2.01187  4.82689  4.82821  4.87338  4.89441 
-1.75929 1.50796 1.61983  1.61983  1.61983  1.61983  -0.472429  -0.472429  4.67468  4.67468  4.67468  4.67468  2.05638  2.05638  2.00005  2.08599  4.64965  4.65177  4.70028  4.72374 
-1.63363 1.50796 1.44042  1.44042  1.44042  1.44042  -0.397674  -0.397674  4.49527  4.49527  4.49527  4.49527  2.13113  2.13113  2.07059  2.16134  4.46829  4.47134  4.52292  4.54889 
-1.50796 1.50796 1.25958  1.25958  1.25958  1.25958  -0.322326  -0.322326  4.31444  4.31444  4.31444  4.31444  2.20648  2.20648  2.14181  2.23666  4.28564  4.28977  4.34413  4.37268 
-1.3823 1.50796 1.08017  1.08017  1.08017  1.08017  -0.247571  -0.247571  4.13503  4.13503  4.13503  4.13503  2.28123  2.28123  2.2125  2.31069  4.10455  4.10998  4.16683  4.19802 
-1.25664 1.50796 0.905016  0.905016  0.905016  0.905016  -0.17459  -0.17459  3.95987  3.95987  3.95987  3.95987  2.35422  2.35422  2.28139  2.38211  3.92788  3.93487  3.99391  4.02775 
-1.13097 1.50796 0.736878  0.736878  0.736878  0.736878  -0.104532  -0.104532  3.79173  3.79173  3.79173  3.79173  2.42427  2.42427  2.34724  2.44959  3.7584  3.76728  3.82825  3.86473 
-1.00531 1.50796 0.578409  0.578409  0.578409  0.578409  -0.0385039  -0.0385039  3.63326  3.63326  3.63326  3.63326  2.4903  2.4903  2.40875  2.51182  3.59877  3.61  3.67266  3.71167 
-0.879646 1.50796 0.432109  0.432109  0.432109  0.432109  0.0224544  0.0224544  3.48696  3.48696  3.48696  3.48696  2.55126  2.55126  2.46461  2.56744  3.45154  3.4657  3.52988  3.5712 
-0.753982 1.50796 0.300285  0.300285  0.300285  0.300285  0.0773812  0.0773812  3.35514  3.35514  3.35514  3.35514  2.60619  2.60619  2.51348  2.61514  3.31906  3.3369  3.4026  3.44575 
-0.628319 1.50796 0.185016  0.185016  0.185016  0.185016  0.12541  0.12541  3.23987  3.23987  3.23987  3.23987  2.65422  2.65422  2.55395  2.65373  3.20346  3.22595  3.29335  3.33747 
-0.502655 1.50796 0.0881184  0.0881184  0.0881184  0.0881184  0.165784  0.165784  3.14297  3.14297  3.14297  3.14297  2.69459  2.69459  2.58471  2.6824  3.10662  3.13489  3.20448  3.24798 
-0.376991 1.50796 0.0111219  0.0111219  0.0111219  0.0111219  0.197866  0.197866  3.06598  3.06598  3.06598  3.06598  2.72667  2.72667  2.60488  2.70133  3.03006  3.06524  3.13776  3.17798 
-0.251327 1.50796 -0.0447598  -0.0447598  -0.0447598  -0.0447598  0.22115  0.22115  3.0101  3.0101  3.0101  3.0101  2.74995  2.74995  2.61464  2.71245  2.97493  3.01778  3.09379  3.12671 
-0.125664 1.50796 -0.0786452  -0.0786452  -0.0786452  -0.0786452  0.235269  0.235269  2.97621  2.97621  2.97621  2.97621  2.76407  2.76407  2.61573  2.71946  2.9419  2.99249  3.07156  3.09185 
0 1.50796 -0.09  -0.09  -0.09  -0.09  0.24  0.24  2.96486  2.96486  2.96486  2.96486  2.7688  2.7688  2.6108  2.72626  2.93129  2.98899  3.06895  3.07074 
0.125664 1.50796 -0.0786452  -0.0786452  -0.0786452  -0.0786452  0.235269  0.235269  2.97621  2.97621  2.97621  2.97621  2.76407  2.76407  2.60183  2.73441  2.94316  3.00689  3.0625  3.0842 
0.251327 1.50796 -0.0447598  -0.0447598  -0.0447598  -0.0447598  0.22115  0.22115  3.0101  3.0101  3.0101  3.0101  2.74995  2.74995  2.58914  2.74114  2.97733  3.04589  3.06989  3.11689 
0.376991 1.50796 0.0111219  0.0111219  0.0111219  0.0111219  0.197866  0.197866  3.06598  3.06598  3.06598  3.06598  2.72667  2.72667  2.57165  2.74018  3.03333  3.09864  3.10573  3.16772 
0.502655 1.50796 0.0881184  0.0881184  0.0881184  0.0881184  0.165784  0.165784  3.14297  3.14297  3.14297  3.14297  2.69459  2.69459  2.54787  2.72594  3.1104  3.15393  3.18539  3.23754 
0.628319 1.50796 0.185016  0.185016  0.185016  0.185016  0.12541  0.12541  3.23987  3.23987  3.23987  3.23987  2.65422  2.65422  2.51677  2.69716  3.2074  3.23589  3.2841  3.32659 
0.753982 1.50796 0.300285  0.300285  0.300285  0.300285  0.0773812  0.0773812  3.35514  3.35514  3.35514  3.35514  2.60619  2.60619  2.47805  2.65566  3.32286  3.34171  3.40042  3.43422 
0.879646 1.50796 0.432109  0.432109  0.432109  0.432109  0.0224544  0.0224544  3.48696  3.48696  3.48696  3.48696  2.55126  2.55126  2.43203  2.60389  3.45501  3.46779  3.53266  3.559 
1.00531 1.50796 0.578409  0.578409  0.578409  0.578409  -0.0385039  -0.0385039  3.63326  3.63326  3.63326  3.63326  2.4903  2.4903  2.37946  2.54395  3.60179  3.61072  3.67882  3.69892 
1.13097 1.50796 0.736878  0.736878  0.736878  0.736878  -0.104532  -0.104532  3.79173  3.79173  3.79173  3.79173  2.42427  2.42427  2.32134  2.47755  3.7609  3.76738  3.83667  3.85164 
1.25664 1.50796 0.905016  0.905016  0.905016  0.905016  -0.17459  -0.17459  3.95987  3.95987  3.95987  3.95987  2.35422  2.35422  2.25878  2.4062  3.92986  3.93475  4.00378  4.01455 
1.3823 1.50796 1.08017  1.08017  1.08017  1.08017  -0.247571  -0.247571  4.13503  4.13503  4.13503  4.13503  2.28123  2.28123  2.19297  2.33128  4.106  4.10987  4.17754  4.18491 
1.50796 1.50796 1.25958  1.25958  1.25958  1.25958  -0.322326  -0.322326  4.31444  4.31444  4.31444  4.31444  2.20648  2.20648  2.12513  2.2541  4.28659  4.28978  4.35524  4.35987 
1.63363 1.50796 1.44042  1.44042  1.44042  1.44042  -0.397674  -0.397674  4.49527  4.49527  4.49527  4.49527  2.13113  2.13113  2.05651  2.17595  4.46878  4.47152  4.53409  4.53651 
1.75929 1.50796 1.61983  1.61983  1.61983  1.61983  -0.472429  -0.472429  4.67468  4.67468  4.67468  4.67468  2.05638  2.05638  1.98832  2.09809  4.64972  4.65214  4.71127  4.71194 
1.88496 1.50796 1.79498  1.79498  1.79498  1.79498  -0.54541  -0.54541  4.84984  4.84984  4.84984  4.84984  1.98339  1.98339  1.92178  2.02174  4.82659  4.82877  4.88329  4.88399 
2.01062 1.50796 1.96312  1.96312  1.96312  1.96312  -0.615468  -0.615468  5.01798  5.01798  5.01798  5.01798  1.91334  1.91334  1.85804  1.94809  4.99663  4.99857  5.04775  5.04951 
2.13628 1.50796 2.12159  2.12159  2.12159  2.12159  -0.681496  -0.681496  5.17645  5.17645  5.17645  5.17645  1.84731  1.84731  1.79822  1.87826  5.15718  5.15887  5.20266  5.20521 
2.26195 1.50796 2.26789  2.26789  2.26789  2.26789  -0.742454  -0.742454  5.32275  5.32275  5.32275  5.32275  1.78635  1.78635  1.74335  1.81333  5.30574  5.30714  5.34551  5.34862 
2.38761 1.50796 2.39971  2.39971  2.39971  2.39971  -0.797381  -0.797381  5.45457  5.45457  5.45457  5.45457  1.73142  1.73142  1.69439  1.75426  5.44001  5.44105  5.47396  5.47745 
2.51327 1.50796 2.51498  2.51498  2.51498  2.51498  -0.84541  -0.84541  5.56984  5.56984  5.56984  5.56984  1.68339  1.68339  1.6522  1.70194  5.55789  5.5585  5.58595  5.58966 
2.63894 1.50796 2.61188  2.61188  2.61188  2.61188  -0.885784  -0.885784  5.66674  5.66674  5.66674  5.66674  1.64302  1.64302  1.61751  1.65715  5.65757  5.65764  5.67966  5.68346 
2.7646 1.50796 2.68888  2.68888  2.68888  2.68888  -0.917866  -0.917866  5.74373  5.74373  5.74373  5.74373  1.61094  1.61094  1.59096  1.62053  5.73694  5.73749  5.75356  5.75732 
2.89027 1.50796 2.74476  2.74476  2.74476  2.74476  -0.94115  -0.94115  5.79962  5.79962  5.79962  5.79962  1.58765  1.58765  1.57302  1.59261  5.79515  5.79641  5.80649  5.81008 
3.01593 1.50796 2.77865  2.77865  2.77865  2.77865  -0.955269  -0.955269  5.8335  5.8335  5.8335  5.8335  1.57354  1.57354  1.56405  1.57377  5.83136  5.83317  5.83782  5.8409 
-3.14159 1.63363 2.79  2.79  2.79  2.79  -0.96  -0.96  5.84486  5.84486  5.84486  5.84486  1.5688  1.5688  1.56425  1.56425  5.84486  5.84486  5.84941  5.84941 
-3.01593 1.63363 2.77865  2.77865  2.77865  2.77865  -0.955269  -0.955269  5.8335  5.8335  5.8335  5.8335  1.57354  1.57354  1.56444  1.57338  5.83118  5.83362  5.83732  5.84114 
-2.89027 1.63363 2.74476  2.74476  2.74476  2.74476  -0.94115  -0.94115  5.79962  5.79962  5.79962  5.79962  1.58765  1.58765  1.57399  1.59164  5.79469  5.79725  5.80535  5.81085 
-2.7646 1.63363 2.68888  2.68888  2.68888  2.68888  -0.917866  -0.917866  5.74373  5.74373  5.74373  5.74373  1.61094  1.61094  1.5927  1.61879  5.73625  5.73856  5.75175  5.75876 
-2.63894 1.63363 2.61188  2.61188  2.61188  2.61188  -0.885784  -0.885784  5.66674  5.66674  5.66674  5.66674  1.64302  1.64302  1.62022  1.65444  5.65679  5.65877  5.67708  5.68569 
-2.51327 1.63363 2.51498  2.51498  2.51498  2.51498  -0.84541  -0.84541  5.56984  5.56984  5.56984  5.56984  1.68339  1.68339  1.65606  1.69806  5.55755  5.55914  5.58249  5.59284 
-2.38761 1.63363 2.39971  2.39971  2.39971  2.39971  -0.797381  -0.797381  5.45457  5.45457  5.45457  5.45457  1.73142  1.73142  1.6996  1.74901  5.44007  5.44122  5.4695  5.48172 
-2.26195 1.63363 2.26789  2.26789  2.26789  2.26789  -0.742454  -0.742454  5.32275  5.32275  5.32275  5.32275  1.78635  1.78635  1.75012  1.8065  5.30619  5.30685  5.3399  5.35413 
-2.13628 1.63363 2.12159  2.12159  2.12159  2.12159  -0.681496  -0.681496  5.17645  5.17645  5.17645  5.17645  1.84731  1.84731  1.80674  1.86963  5.15799  5.15811  5.19578  5.21215 
-2.01062 1.63363 1.96312  1.96312  1.96312  1.96312  -0.615468  -0.615468  5.01798  5.01798  5.01798  5.01798  1.91334  1.91334  1.86854  1.93743  4.99732  4.99781  5.03943  5.05807 
-1.88496 1.63363 1.79498  1.79498  1.79498  1.79498  -0.54541  -0.54541  4.84984  4.84984  4.84984  4.84984  1.98339  1.98339  1.93447  2.00882  4.82697  4.82815  4.87335  4.89439 
-1.75929 1.63363 1.61983  1.61983  1.61983  1.61983  -0.472429  -0.472429  4.67468  4.67468  4.67468  4.67468  2.05638  2.05638  2.00343  2.08264  4.64974  4.65171  4.70021  4.72376 
-1.63363 1.63363 1.44042  1.44042  1.44042  1.44042  -0.397674  -0.397674  4.49527  4.49527  4.49527  4.49527  2.13113  2.13113  2.07428  2.15769  4.46838  4.47127  4.52279  4.54895 
-1.50796 1.63363 1.25958  1.25958  1.25958  1.25958  -0.322326  -0.322326  4.31444  4.31444  4.31444  4.31444  2.20648  2.20648  2.1458  2.23273  4.28574  4.28969  4.34393  4.37282 
-1.3823 1.63363 1.08017  1.08017  1.08017  1.08017  -0.247571  -0.247571  4.13503  4.13503  4.13503  4.13503  2.28123  2.28123  2.21679  2.30647  4.10467  4.10988  4.16653  4.19823 
-1.25664 1.63363 0.905016  0.905016  0.905016  0.905016  -0.17459  -0.17459  3.95987  3.95987  3.95987  3.95987  2.35422  2.35422  2.28598  2.37762  3.92802  3.93473  3.9935  4.02807 
-1.13097 1.63363 0.736878  0.736878  0.736878  0.736878  -0.104532  -0.104532  3.79173  3.79173  3.79173  3.79173  2.42427  2.42427  2.35211  2.44485  3.75857  3.76709  3.8277  3.86515 
-1.00531 1.63363 0.578409  0.578409  0.578409  0.578409  -0.0385039  -0.0385039  3.63326  3.63326  3.63326  3.63326  2.4903  2.4903  2.4139  2.50684  3.59899  3.60974  3.67195  3.71223 
-0.879646 1.63363 0.432109  0.432109  0.432109  0.432109  0.0224544  0.0224544  3.48696  3.48696  3.48696  3.48696  2.55126  2.55126  2.47003  2.56228  3.45183  3.46533  3.529  3.57191 
-0.753982 1.63363 0.300285  0.300285  0.300285  0.300285  0.0773812  0.0773812  3.35514  3.35514  3.35514  3.35514  2.60619  2.60619  2.51912  2.60986  3.31944  3.33637  3.40153  3.44662 
-0.628319 1.63363 0.185016  0.185016  0.185016  0.185016  0.12541  0.12541  3.23987  3.23987  3.23987  3.23987  2.65422  2.65422  2.55975  2.64844  3.20398  3.22518  3.29211  3.33847 
-0.502655 1.63363 0.0881184  0.0881184  0.0881184  0.0881184  0.165784  0.165784  3.14297  3.14297  3.14297  3.14297  2.69459  2.69459  2.59053  2.67728  3.1073  3.13378  3.20313  3.24904 
-0.376991 1.63363 0.0111219  0.0111219  0.0111219  0.0111219  0.197866  0.197866  3.06598  3.06598  3.06598  3.06598  2.72667  2.72667  2.61053  2.69663  3.03094  3.06373  3.13647  3.17896 
-0.251327 1.63363 -0.0447598  -0.0447598  -0.0447598  -0.0447598  0.22115  0.22115  3.0101  3.0101  3.0101  3.0101  2.74995  2.74995  2.61989  2.70837  2.97597  3.01584  3.09278  3.12743 
-0.125664 1.63363 -0.0786452  -0.0786452  -0.0786452  -0.0786452  0.235269  0.235269  2.97621  2.97621  2.97621  2.97621  2.76407  2.76407  2.62044  2.71608  2.94304  2.99023  3.07103  3.09216 
0 1.63363 -0.09  -0.09  -0.09  -0.09  0.24  0.24  2.96486  2.96486  2.96486  2.96486  2.7688  2.7688  2.61495  2.72351  2.93245  2.98653  3.06897  3.07062 
0.125664 1.63363 -0.0786452  -0.0786452  -0.0786452  -0.0786452  0.235269  0.235269  2.97621  2.97621  2.97621  2.97621  2.76407  2.76407  2.60554  2.73205  2.94424  3.00434  3.06209  3.08473 
0.251327 1.63363 -0.0447598  -0.0447598  -0.0447598  -0.0447598  0.22115  0.22115  3.0101  3.0101  3.0101  3.0101  2.74995  2.74995  2.59256  2.73894  2.97829  3.04313  3.06957  3.1178 
0.376991 1.63363 0.0111219  0.0111219  0.0111219  0.0111219  0.197866  0.197866  3.06598  3.06598  3.06598  3.06598  2.72667  2.72667  2.57492  2.73791  3.03416  3.09607  3.10534  3.16886 
0.502655 1.63363 0.0881184  0.0881184  0.0881184  0.0881184  0.165784  0.165784  3.14297  3.14297  3.14297  3.14297  2.69459  2.69459  2.55108  2.72348  3.1111  3.15283  3.18379  3.2388 
0.628319 1.63363 0.185016  0.185016  0.185016  0.185016  0.12541  0.12541  3.23987  3.23987  3.23987  3.23987  2.65422  2.65422  2.51996  2.69449  3.20798  3.23511  3.28248  3.3279 
0.753982 1.63363 0.300285  0.300285  0.300285  0.300285  0.0773812  0.0773812  3.35514  3.35514  3.35514  3.35514  2.60619  2.60619  2.48123  2.65284  3.32334  3.34113  3.39888  3.43552 
0.879646 1.63363 0.432109  0.432109  0.432109  0.432109  0.0224544  0.0224544  3.48696  3.48696  3.48696  3.48696  2.55126  2.55126  2.43521  2.60096  3.4554  3.46734  3.53121  3.56025 
1.00531 1.63363 0.578409  0.578409  0.578409  0.578409  -0.0385039  -0.0385039  3.63326  3.63326  3.63326  3.63326  2.4903  2.4903  2.38263  2.54097  3.60211  3.61038  3.67747  3.70011 
1.13097 1.63363 0.736878  0.736878  0.736878  0.736878  -0.104532  -0.104532  3.79173  3.79173  3.79173  3.79173  2.42427  2.42427  2.32447  2.47456  3.76116  3.76711  3.83543  3.85275 
1.25664 1.63363 0.905016  0.905016  0.905016  0.905016  -0.17459  -0.17459  3.95987  3.95987  3.95987  3.95987  2.35422  2.35422  2.26185  2.40323  3.93007  3.93454  4.00264  4.01559 
1.3823 1.63363 1.08017  1.08017  1.08017  1.08017  -0.247571  -0.247571  4.13503  4.13503  4.13503  4.13503  2.28123  2.28123  2.19596  2.32837  4.10617  4.10971  4.1765  4.18586 
1.50796 1.63363 1.25958  1.25958  1.25958  1.25958  -0.322326  -0.322326  4.31444  4.31444  4.31444  4.31444  2.20648  2.20648  2.12802  2.25127  4.28672  4.28967  4.3543  4.36074 
1.63363 1.63363 1.44042  1.44042  1.44042  1.44042  -0.397674  -0.397674  4.49527  4.49527  4.49527  4.49527  2.13113  2.13113  2.05927  2.17324  4.46888  4.47144  4.53324  4.5373 
1.75929 1.63363 1.61983  1.61983  1.61983  1.61983  -0.472429  -0.472429  4.67468  4.67468  4.67468  4.67468  2.05638  2.05638  1.99093  2.09551  4.64979  4.65209  4.7105  4.71266 
1.88496 1.63363 1.79498  1.79498  1.79498  1.79498  -0.54541  -0.54541  4.84984  4.84984  4.84984  4.84984  1.98339  1.98339  1.92422  2.01932  4.82664  4.82874  4.8833  4.88393 
2.01062 1.63363 1.96312  1.96312  1.96312  1.96312  -0.615468  -0.615468  5.01798  5.01798  5.01798  5.01798  1.91334  1.91334  1.8603  1.94584  4.99666  4.99856  5.04832  5.0489 
2.13628 1.63363 2.12159  2.12159  2.12159  2.12159  -0.681496  -0.681496  5.17645  5.17645  5.17645  5.17645  1.84731  1.84731  1.80028  1.87621  5.15719  5.15888  5.20316  5.20468 
2.26195 1.63363 2.26789  2.26789  2.26789  2.26789  -0.742454  -0.742454  5.32275  5.32275  5.32275  5.32275  1.78635  1.78635  1.74519  1.81149  5.30573  5.30717  5.34594  5.34816 
2.38761 1.63363 2.39971  2.39971  2.39971  2.39971  -0.797381  -0.797381  5.45457  5.45457  5.45457  5.45457  1.73142  1.73142  1.696  1.75265  5.43998  5.44109  5.47434  5.47706 
2.51327 1.63363 2.51498  2.51498  2.51498  2.51498  -0.84541  -0.84541  5.56984  5.56984  5.56984  5.56984  1.68339  1.68339  1.65357  1.70058  5.55784  5.55855  5.58628  5.58933 
2.63894 1.63363 2.61188  2.61188  2.61188  2.61188  -0.885784  -0.885784  5.66674  5.66674  5.66674  5.66674  1.64302  1.64302  1.61863  1.65604  5.6575  5.6577  5.67993  5.68319 
2.7646 1.63363 2.68888  2.68888  2.68888  2.68888  -0.917866  -0.917866  5.74373  5.74373  5.74373  5.74373  1.61094  1.61094  1.59181  1.61969  5.737  5.73741  5.7538  5.75711 
2.89027 1.63363 2.74476  2.74476  2.74476  2.74476  -0.94115  -0.94115  5.79962  5.79962  5.79962  5.79962  1.58765  1.58765  1.5736  1.59204  5.79521  5.79631  5.80669  5.80993 
3.01593 1.63363 2.77865  2.77865  2.77865  2.77865  -0.955269  -0.955269  5.8335  5.8335  5.8335  5.8335  1.57354  1.57354  1.56434  1.57348  5.83141  5.83305  5.83798  5.8408 
-3.14159 1.75929 2.79  2.79  2.79  2.79  -0.96  -0.96  5.84486  5.84486  5.84486  5.84486  1.5688  1.5688  1.56425  1.56425  5.84486  5.84486  5.84941  5.84941 
-3.01593 1.75929 2.77865  2.77865  2.77865  2.77865  -0.955269  -0.955269  5.8335  5.8335  5.8335  5.8335  1.57354  1.57354  1.56475  1.57307  5.83122  5.8335  5.83748  5.84106 
-2.89027 1.75929 2.74476  2.74476  2.74476  2.74476  -0.94115  -0.94115  5.79962  5.79962  5.79962  5.79962  1.58765  1.58765  1.57462  1.59101  5.79472  5.79717  5.8055  5.81074 
-2.7646 1.75929 2.68888  2.68888  2.68888  2.68888  -0.917866  -0.917866  5.74373  5.74373  5.74373  5.74373  1.61094  1.61094  1.59366  1.61784  5.73627  5.73853  5.75189  5.75864 
-2.63894 1.75929 2.61188  2.61188  2.61188  2.61188  -0.885784  -0.885784  5.66674  5.66674  5.66674  5.66674  1.64302  1.64302  1.6215  1.65316  5.65679  5.65876  5.67721  5.68557 
-2.51327 1.75929 2.51498  2.51498  2.51498  2.51498  -0.84541  -0.84541  5.56984  5.56984  5.56984  5.56984  1.68339  1.68339  1.65767  1.69646  5.55754  5.55916  5.58262  5.59271 
-2.38761 1.75929 2.39971  2.39971  2.39971  2.39971  -0.797381  -0.797381  5.45457  5.45457  5.45457  5.45457  1.73142  1.73142  1.70154  1.74709  5.44004  5.44126  5.46961  5.48159 
-2.26195 1.75929 2.26789  2.26789  2.26789  2.26789  -0.742454  -0.742454  5.32275  5.32275  5.32275  5.32275  1.78635  1.78635  1.75237  1.80425  5.30615  5.3069  5.34  5.35401 
-2.13628 1.75929 2.12159  2.12159  2.12159  2.12159  -0.681496  -0.681496  5.17645  5.17645  5.17645  5.17645  1.84731  1.84731  1.80932  1.86707  5.15795  5.15817  5.19585  5.21204 
-2.01062 1.75929 1.96312  1.96312  1.96312  1.96312  -0.615468  -0.615468  5.01798  5.01798  5.01798  5.01798  1.91334  1.91334  1.87144  1.93455  4.99739  4.99775  5.03948  5.05798 
-1.88496 1.75929 1.79498  1.79498  1.79498  1.79498  -0.54541  -0.54541  4.84984  4.84984  4.84984  4.84984  1.98339  1.98339  1.93769  2.00562  4.82706  4.8281  4.87337  4.89432 
-1.75929 1.75929 1.61983  1.61983  1.61983  1.61983  -0.472429  -0.472429  4.67468  4.67468  4.67468  4.67468  2.05638  2.05638  2.00697  2.07913  4.64983  4.65164  4.70018  4.72373 
-1.63363 1.75929 1.44042  1.44042  1.44042  1.44042  -0.397674  -0.397674  4.49527  4.49527  4.49527  4.49527  2.13113  2.13113  2.07813  2.15388  4.46849  4.47119  4.5227  4.54897 
-1.50796 1.75929 1.25958  1.25958  1.25958  1.25958  -0.322326  -0.322326  4.31444  4.31444  4.31444  4.31444  2.20648  2.20648  2.14997  2.22863  4.28586  4.2896  4.34377  4.37289 
-1.3823 1.75929 1.08017  1.08017  1.08017  1.08017  -0.247571  -0.247571  4.13503  4.13503  4.13503  4.13503  2.28123  2.28123  2.22126  2.30209  4.10481  4.10976  4.16629  4.19837 
-1.25664 1.75929 0.905016  0.905016  0.905016  0.905016  -0.17459  -0.17459  3.95987  3.95987  3.95987  3.95987  2.35422  2.35422  2.29075  2.37296  3.92818  3.93458  3.99315  4.0283 
-1.13097 1.75929 0.736878  0.736878  0.736878  0.736878  -0.104532  -0.104532  3.79173  3.79173  3.79173  3.79173  2.42427  2.42427  2.35718  2.43993  3.75876  3.7669  3.82721  3.86549 
-1.00531 1.75929 0.578409  0.578409  0.578409  0.578409  -0.0385039  -0.0385039  3.63326  3.63326  3.63326  3.63326  2.4903  2.4903  2.41925  2.5017  3.59924  3.60947  3.67131  3.71269 
-0.879646 1.75929 0.432109  0.432109  0.432109  0.432109  0.0224544  0.0224544  3.48696  3.48696  3.48696  3.48696  2.55126  2.55126  2.47565  2.55694  3.45216  3.46495  3.52817  3.57251 
-0.753982 1.75929 0.300285  0.300285  0.300285  0.300285  0.0773812  0.0773812  3.35514  3.35514  3.35514  3.35514  2.60619  2.60619  2.52497  2.6044  3.31989  3.33583  3.40049  3.44735 
-0.628319 1.75929 0.185016  0.185016  0.185016  0.185016  0.12541  0.12541  3.23987  3.23987  3.23987  3.23987  2.65422  2.65422  2.56575  2.64298  3.20458  3.22441  3.29089  3.33931 
-0.502655 1.75929 0.0881184  0.0881184  0.0881184  0.0881184  0.165784  0.165784  3.14297  3.14297  3.14297  3.14297  2.69459  2.69459  2.59656  2.67201  3.10809  3.13269  3.2018  3.24993 
-0.376991 1.75929 0.0111219  0.0111219  0.0111219  0.0111219  0.197866  0.197866  3.06598  3.06598  3.06598  3.06598  2.72667  2.72667  2.61638  2.69176  3.03194  3.06222  3.13518  3.17978 
-0.251327 1.75929 -0.0447598  -0.0447598  -0.0447598  -0.0447598  0.22115  0.22115  3.0101  3.0101  3.0101  3.0101  2.74995  2.74995  2.62534  2.70412  2.97715  3.01392  3.09177  3.128 
-0.125664 1.75929 -0.0786452  -0.0786452  -0.0786452  -0.0786452  0.235269  0.235269  2.97621  2.97621  2.97621  2.97621  2.76407  2.76407  2.62534  2.71251  2.94431  2.98794  3.0705  3.09238 
0 1.75929 -0.09  -0.09  -0.09  -0.09  0.24  0.24  2.96486  2.96486  2.96486  2.96486  2.7688  2.7688  2.61932  2.72052  2.9337  2.98398  3.069  3.0705 
0.125664 1.75929 -0.0786452  -0.0786452  -0.0786452  -0.0786452  0.235269  0.235269  2.97621  2.97621  2.97621  2.97621  2.76407  2.76407  2.6095  2.72944  2.9454  3.00157  3.06183  3.08525 
0.251327 1.75929 -0.0447598  -0.0447598  -0.0447598  -0.0447598  0.22115  0.22115  3.0101  3.0101  3.0101  3.0101  2.74995  2.74995  2.59627  2.73643  2.97931  3.03987  3.06974  3.11868 
0.376991 1.75929 0.0111219  0.0111219  0.0111219  0.0111219  0.197866  0.197866  3.06598  3.06598  3.06598  3.06598  2.72667  2.72667  2.57849  2.73528  3.03503  3.09236  3.10612  3.16998 
0.502655 1.75929 0.0881184  0.0881184  0.0881184  0.0881184  0.165784  0.165784  3.14297  3.14297  3.14297  3.14297  2.69459  2.69459  2.55459  2.72063  3.11182  3.15132  3.18267  3.24004 
0.628319 1.75929 0.185016  0.185016  0.185016  0.185016  0.12541  0.12541  3.23987  3.23987  3.23987  3.23987  2.65422  2.65422  2.52346  2.69145  3.20857  3.23415  3.28111  3.32917 
0.753982 1.75929 0.300285  0.300285  0.300285  0.300285  0.0773812  0.0773812  3.35514  3.35514  3.35514  3.35514  2.60619  2.60619  2.48474  2.64965  3.32383  3.34045  3.39749  3.43678 
0.879646 1.75929 0.432109  0.432109  0.432109  0.432109  0.0224544  0.0224544  3.48696  3.48696  3.48696  3.48696  2.55126  2.55126  2.43871  2.59769  3.4558  3.46684  3.52987  3.56147 
1.00531 1.75929 0.578409  0.578409  0.578409  0.578409  -0.0385039  -0.0385039  3.63326  3.63326  3.63326  3.63326  2.4903  2.4903  2.3861  2.53766  3.60243  3.61  3.67621  3.70127 
1.13097 1.75929 0.736878  0.736878  0.736878  0.736878  -0.104532  -0.104532  3.79173  3.79173  3.79173  3.79173  2.42427  2.42427  2.32789  2.47126  3.76142  3.76682  3.83424  3.85385 
1.25664 1.75929 0.905016  0.905016  0.905016  0.905016  -0.17459  -0.17459  3.95987  3.95987  3.95987  3.95987  2.35422  2.35422  2.26519  2.39998  3.93028  3.93432  4.00154  4.01661 
1.3823 1.75929 1.08017  1.08017  1.08017  1.08017  -0.247571  -0.247571  4.13503  4.13503  4.13503  4.13503  2.28123  2.28123  2.1992  2.32519  4.10634  4.10955  4.17549  4.18681 
1.50796 1.75929 1.25958  1.25958  1.25958  1.25958  -0.322326  -0.322326  4.31444  4.31444  4.31444  4.31444  2.20648  2.20648  2.13114  2.2482  4.28685  4.28954  4.35337  4.3616 
1.63363 1.75929 1.44042  1.44042  1.44042  1.44042  -0.397674  -0.397674  4.49527  4.49527  4.49527  4.49527  2.13113  2.13113  2.06225  2.17029  4.46898  4.47135  4.53239  4.53809 
1.75929 1.75929 1.61983  1.61983  1.61983  1.61983  -0.472429  -0.472429  4.67468  4.67468  4.67468  4.67468  2.05638  2.05638  1.99375  2.09272  4.64987  4.65204  4.70974  4.71337 
1.88496 1.75929 1.79498  1.79498  1.79498  1.79498  -0.54541  -0.54541  4.84984  4.84984  4.84984  4.84984  1.98339  1.98339  1.92685  2.01671  4.82669  4.82871  4.88262  4.88457 
2.01062 1.75929 1.96312  1.96312  1.96312  1.96312  -0.615468  -0.615468  5.01798  5.01798  5.01798  5.01798  1.91334  1.91334  1.86273  1.94343  4.99669  4.99855  5.04829  5.04889 
2.13628 1.75929 2.12159  2.12159  2.12159  2.12159  -0.681496  -0.681496  5.17645  5.17645  5.17645  5.17645  1.84731  1.84731  1.80249  1.87402  5.1572  5.15889  5.20367  5.20414 
2.26195 1.75929 2.26789  2.26789  2.26789  2.26789  -0.742454  -0.742454  5.32275  5.32275  5.32275  5.32275  1.78635  1.78635  1.74717  1.80953  5.30572  5.30719  5.34638  5.34769 
2.38761 1.75929 2.39971  2.39971  2.39971  2.39971  -0.797381  -0.797381  5.45457  5.45457  5.45457  5.45457  1.73142  1.73142  1.69773  1.75094  5.43995  5.44113  5.47472  5.47666 
2.51327 1.75929 2.51498  2.51498  2.51498  2.51498  -0.84541  -0.84541  5.56984  5.56984  5.56984  5.56984  1.68339  1.68339  1.65503  1.69912  5.5578  5.55859  5.58661  5.589 
2.63894 1.75929 2.61188  2.61188  2.61188  2.61188  -0.885784  -0.885784  5.66674  5.66674  5.66674  5.66674  1.64302  1.64302  1.61982  1.65485  5.65744  5.65776  5.68021  5.68291 
2.7646 1.75929 2.68888  2.68888  2.68888  2.68888  -0.917866  -0.917866  5.74373  5.74373  5.74373  5.74373  1.61094  1.61094  1.59271  1.61878  5.73706  5.73733  5.75403  5.75689 
2.89027 1.75929 2.74476  2.74476  2.74476  2.74476  -0.94115  -0.94115  5.79962  5.79962  5.79962  5.79962  1.58765  1.58765  1.57421  1.59143  5.79528  5.79621  5.80689  5.80976 
3.01593 1.75929 2.77865  2.77865  2.77865  2.77865  -0.955269  -0.955269  5.8335  5.8335  5.8335  5.8335  1.57354  1.57354  1.56465  1.57317  5.83147  5.83294  5.83815  5.8407 
-3.14159 1.88496 2.79  2.79  2.79  2.79  -0.96  -0.96  5.84486  5.84486  5.84486  5.84486  1.5688  1.5688  1.56425  1.56425  5.84486  5.84486  5.84941  5.84941 
-3.01593 1.88496 2.77865  2.77865  2.77865  2.77865  -0.955269  -0.955269  5.8335  5.8335  5.8335  5.8335  1.57354  1.57354  1.56509  1.57274  5.83126  5.83338  5.83765  5.84097 
-2.89027 1.88496 2.74476  2.74476  2.74476  2.74476  -0.94115  -0.94115  5.79962  5.79962  5.79962  5.79962  1.58765  1.58765  1.57529  1.59035  5.79475  5.79709  5.80566  5.81063 
-2.7646 1.88496 2.68888  2.68888  2.68888  2.68888  -0.917866  -0.917866  5.74373  5.74373  5.74373  5.74373  1.61094  1.61094  1.59466  1.61683  5.73628  5.73848  5.75205  5.75851 
-2.63894 1.88496 2.61188  2.61188  2.61188  2.61188  -0.885784  -0.885784  5.66674  5.66674  5.66674  5.66674  1.64302  1.64302  1.62284  1.65182  5.65679  5.65875  5.67736  5.68542 
-2.51327 1.88496 2.51498  2.51498  2.51498  2.51498  -0.84541  -0.84541  5.56984  5.56984  5.56984  5.56984  1.68339  1.68339  1.65935  1.69479  5.55752  5.55917  5.58276  5.59256 
-2.38761 1.88496 2.39971  2.39971  2.39971  2.39971  -0.797381  -0.797381  5.45457  5.45457  5.45457  5.45457  1.73142  1.73142  1.70356  1.74507  5.44002  5.44129  5.46975  5.48144 
-2.26195 1.88496 2.26789  2.26789  2.26789  2.26789  -0.742454  -0.742454  5.32275  5.32275  5.32275  5.32275  1.78635  1.78635  1.75473  1.8019  5.30611  5.30695  5.34013  5.35386 
-2.13628 1.88496 2.12159  2.12159  2.12159  2.12159  -0.681496  -0.681496  5.17645  5.17645  5.17645  5.17645  1.84731  1.84731  1.81202  1.86439  5.1579  5.15824  5.19596  5.2119 
-2.01062 1.88496 1.96312  1.96312  1.96312  1.96312  -0.615468  -0.615468  5.01798  5.01798  5.01798  5.01798  1.91334  1.91334  1.87447  1.93154  4.99746  4.9977  5.03956  5.05785 
-1.88496 1.88496 1.79498  1.79498  1.79498  1.79498  -0.54541  -0.54541  4.84984  4.84984  4.84984  4.84984  1.98339  1.98339  1.94105  2.00229  4.82714  4.82804  4.87342  4.89421 
-1.75929 1.88496 1.61983  1.61983  1.61983  1.61983  -0.472429  -0.472429  4.67468  4.67468  4.67468  4.67468  2.05638  2.05638  2.01066  2.07548  4.64993  4.65157  4.7002  4.72365 
-1.63363 1.88496 1.44042  1.44042  1.44042  1.44042  -0.397674  -0.397674  4.49527  4.49527  4.49527  4.49527  2.13113  2.13113  2.08214  2.14993  4.4686  4.47111  4.52266  4.54893 
-1.50796 1.88496 1.25958  1.25958  1.25958  1.25958  -0.322326  -0.322326  4.31444  4.31444  4.31444  4.31444  2.20648  2.20648  2.15429  2.22437  4.28598  4.2895  4.34366  4.3729 
-1.3823 1.88496 1.08017  1.08017  1.08017  1.08017  -0.247571  -0.247571  4.13503  4.13503  4.13503  4.13503  2.28123  2.28123  2.22589  2.29754  4.10496  4.10965  4.16609  4.19845 
-1.25664 1.88496 0.905016  0.905016  0.905016  0.905016  -0.17459  -0.17459  3.95987  3.95987  3.95987  3.95987  2.35422  2.35422  2.29569  2.36814  3.92836  3.93443  3.99285  4.02845 
-1.13097 1.88496 0.736878  0.736878  0.736878  0.736878  -0.104532  -0.104532  3.79173  3.79173  3.79173  3.79173  2.42427  2.42427  2.36241  2.43486  3.75899  3.7667  3.82678  3.86573 
-1.00531 1.88496 0.578409  0.578409  0.578409  0.578409  -0.0385039  -0.0385039  3.63326  3.63326  3.63326  3.63326  2.4903  2.4903  2.42477  2.4964  3.59953  3.6092  3.67071  3.71305 
-0.879646 1.88496 0.432109  0.432109  0.432109  0.432109  0.0224544  0.0224544  3.48696  3.48696  3.48696  3.48696  2.55126  2.55126  2.48144  2.55146  3.45254  3.46457  3.52739  3.57299 
-0.753982 1.88496 0.300285  0.300285  0.300285  0.300285  0.0773812  0.0773812  3.35514  3.35514  3.35514  3.35514  2.60619  2.60619  2.53098  2.59881  3.3204  3.33529  3.3995  3.44795 
-0.628319 1.88496 0.185016  0.185016  0.185016  0.185016  0.12541  0.12541  3.23987  3.23987  3.23987  3.23987  2.65422  2.65422  2.57192  2.63739  3.20526  3.22363  3.28969  3.34002 
-0.502655 1.88496 0.0881184  0.0881184  0.0881184  0.0881184  0.165784  0.165784  3.14297  3.14297  3.14297  3.14297  2.69459  2.69459  2.60276  2.66659  3.10899  3.13159  3.20047  3.25067 
-0.376991 1.88496 0.0111219  0.0111219  0.0111219  0.0111219  0.197866  0.197866  3.06598  3.06598  3.06598  3.06598  2.72667  2.72667  2.6224  2.68674  3.03306  3.06074  3.13388  3.18043 
-0.251327 1.88496 -0.0447598  -0.0447598  -0.0447598  -0.0447598  0.22115  0.22115  3.0101  3.0101  3.0101  3.0101  2.74995  2.74995  2.63096  2.69969  2.97846  3.012  3.09075  3.12843 
-0.125664 1.88496 -0.0786452  -0.0786452  -0.0786452  -0.0786452  0.235269  0.235269  2.97621  2.97621  2.97621  2.97621  2.76407  2.76407  2.63043  2.70875  2.94571  2.98563  3.06997  3.09251 
0 1.88496 -0.09  -0.09  -0.09  -0.09  0.24  0.24  2.96486  2.96486  2.96486  2.96486  2.7688  2.7688  2.62389  2.71731  2.93506  2.98135  3.06903  3.07039 
0.125664 1.88496 -0.0786452  -0.0786452  -0.0786452  -0.0786452  0.235269  0.235269  2.97621  2.97621  2.97621  2.97621  2.76407  2.76407  2.61369  2.72656  2.94665  2.99861  3.06172  3.08577 
0.251327 1.88496 -0.0447598  -0.0447598  -0.0447598  -0.0447598  0.22115  0.22115  3.0101  3.0101  3.0101  3.0101  2.74995  2.74995  2.60022  2.73361  2.98039  3.03628  3.07023  3.11956 
0.376991 1.88496 0.0111219  0.0111219  0.0111219  0.0111219  0.197866  0.197866  3.06598  3.06598  3.06598  3.06598  2.72667  2.72667  2.58234  2.7323  3.03593  3.08834  3.10727  3.17107 
0.502655 1.88496 0.0881184  0.0881184  0.0881184  0.0881184  0.165784  0.165784  3.14297  3.14297  3.14297  3.14297  2.69459  2.69459  2.55841  2.71742  3.11257  3.14943  3.182  3.24124 
0.628319 1.88496 0.185016  0.185016  0.185016  0.185016  0.12541  0.12541  3.23987  3.23987  3.23987  3.23987  2.65422  2.65422  2.52728  2.68804  3.20919  3.23301  3.28  3.33041 
0.753982 1.88496 0.300285  0.300285  0.300285  0.300285  0.0773812  0.0773812  3.35514  3.35514  3.35514  3.35514  2.60619  2.60619  2.48855  2.64611  3.32433  3.33967  3.39627  3.43801 
0.879646 1.88496 0.432109  0.432109  0.432109  0.432109  0.0224544  0.0224544  3.48696  3.48696  3.48696  3.48696  2.55126  2.55126  2.4425  2.59408  3.45621  3.46628  3.52865  3.56266 
1.00531 1.88496 0.578409  0.578409  0.578409  0.578409  -0.0385039  -0.0385039  3.63326  3.63326  3.63326  3.63326  2.4903  2.4903  2.38985  2.53403  3.60276  3.60958  3.67502  3.70241 
1.13097 1.88496 0.736878  0.736878  0.736878  0.736878  -0.104532  -0.104532  3.79173  3.79173  3.79173  3.79173  2.42427  2.42427  2.33158  2.46766  3.76169  3.76651  3.83312  3.85492 
1.25664 1.88496 0.905016  0.905016  0.905016  0.905016  -0.17459  -0.17459  3.95987  3.95987  3.95987  3.95987  2.35422  2.35422  2.2688  2.39645  3.93049  3.93409  4.00049  4.01761 
1.3823 1.88496 1.08017  1.08017  1.08017  1.08017  -0.247571  -0.247571  4.13503  4.13503  4.13503  4.13503  2.28123  2.28123  2.20269  2.32175  4.10651  4.10937  4.17451  4.18774 
1.50796 1.88496 1.25958  1.25958  1.25958  1.25958  -0.322326  -0.322326  4.31444  4.31444  4.31444  4.31444  2.20648  2.20648  2.13449  2.24489  4.28699  4.28941  4.35247  4.36246 
1.63363 1.88496 1.44042  1.44042  1.44042  1.44042  -0.397674  -0.397674  4.49527  4.49527  4.49527  4.49527  2.13113  2.13113  2.06544  2.16714  4.46908  4.47126  4.53157  4.53887 
1.75929 1.88496 1.61983  1.61983  1.61983  1.61983  -0.472429  -0.472429  4.67468  4.67468  4.67468  4.67468  2.05638  2.05638  1.99676  2.08974  4.64995  4.65198  4.70899  4.71408 
1.88496 1.88496 1.79498  1.79498  1.79498  1.79498  -0.54541  -0.54541  4.84984  4.84984  4.84984  4.84984  1.98339  1.98339  1.92966  2.01392  4.82675  4.82867  4.88194  4.88521 
2.01062 1.88496 1.96312  1.96312  1.96312  1.96312  -0.615468  -0.615468  5.01798  5.01798  5.01798  5.01798  1.91334  1.91334  1.86532  1.94086  4.99672  4.99854  5.04769  5.04946 
2.13628 1.88496 2.12159  2.12159  2.12159  2.12159  -0.681496  -0.681496  5.17645  5.17645  5.17645  5.17645  1.84731  1.84731  1.80484  1.87168  5.15721  5.1589  5.2036  5.20417 
2.26195 1.88496 2.26789  2.26789  2.26789  2.26789  -0.742454  -0.742454  5.32275  5.32275  5.32275  5.32275  1.78635  1.78635  1.74926  1.80744  5.30572  5.30721  5.34683  5.34722 
2.38761 1.88496 2.39971  2.39971  2.39971  2.39971  -0.797381  -0.797381  5.45457  5.45457  5.45457  5.45457  1.73142  1.73142  1.69956  1.74911  5.43993  5.44116  5.47511  5.47626 
2.51327 1.88496 2.51498  2.51498  2.51498  2.51498  -0.84541  -0.84541  5.56984  5.56984  5.56984  5.56984  1.68339  1.68339  1.65658  1.69758  5.55776  5.55864  5.58694  5.58865 
2.63894 1.88496 2.61188  2.61188  2.61188  2.61188  -0.885784  -0.885784  5.66674  5.66674  5.66674  5.66674  1.64302  1.64302  1.62108  1.6536  5.65738  5.65781  5.6805  5.68262 
2.7646 1.88496 2.68888  2.68888  2.68888  2.68888  -0.917866  -0.917866  5.74373  5.74373  5.74373  5.74373  1.61094  1.61094  1.59367  1.61783  5.73713  5.73725  5.75427  5.75666 
2.89027 1.88496 2.74476  2.74476  2.74476  2.74476  -0.94115  -0.94115  5.79962  5.79962  5.79962  5.79962  1.58765  1.58765  1.57485  1.59079  5.79535  5.79611  5.80709  5.80959 
3.01593 1.88496 2.77865  2.77865  2.77865  2.77865  -0.955269  -0.955269  5.8335  5.8335  5.8335  5.8335  1.57354  1.57354  1.56498  1.57285  5.83152  5.83283  5.83831  5.84059 
-3.14159 2.01062 2.79  2.79  2.79  2.79  -0.96  -0.96  5.84486  5.84486  5.84486  5.84486  1.5688  1.5688  1.56425  1.56425  5.84486  5.84486  5.84941  5.84941 
-3.01593 2.01062 2.77865  2.77865  2.77865  2.77865  -0.955269  -0.955269  5.8335  5.8335  5.8335  5.8335  1.57354  1.57354  1.56543  1.57239  5.8313  5.83326  5.83781  5.84088 
-2.89027 2.01062 2.74476  2.74476  2.74476  2.74476  -0.94115  -0.94115  5.79962  5.79962  5.79962  5.79962  1.58765  1.58765  1.57598  1.58965  5.79479  5.79701  5.80584  5.81051 
-2.7646 2.01062 2.68888  2.68888  2.68888  2.68888  -0.917866  -0.917866  5.74373  5.74373  5.74373  5.74373  1.61094  1.61094  1.5957  1.61579  5.7363  5.73844  5.75222  5.75837 
-2.63894 2.01062 2.61188  2.61188  2.61188  2.61188  -0.885784  -0.885784  5.66674  5.66674  5.66674  5.66674  1.64302  1.64302  1.62424  1.65043  5.65679  5.65873  5.67753  5.68527 
-2.51327 2.01062 2.51498  2.51498  2.51498  2.51498  -0.84541  -0.84541  5.56984  5.56984  5.56984  5.56984  1.68339  1.68339  1.6611  1.69304  5.55751  5.55918  5.58293  5.5924 
-2.38761 2.01062 2.39971  2.39971  2.39971  2.39971  -0.797381  -0.797381  5.45457  5.45457  5.45457  5.45457  1.73142  1.73142  1.70566  1.74297  5.43999  5.44132  5.46991  5.48127 
-2.26195 2.01062 2.26789  2.26789  2.26789  2.26789  -0.742454  -0.742454  5.32275  5.32275  5.32275  5.32275  1.78635  1.78635  1.75719  1.79946  5.30608  5.307  5.34028  5.35368 
-2.13628 2.01062 2.12159  2.12159  2.12159  2.12159  -0.681496  -0.681496  5.17645  5.17645  5.17645  5.17645  1.84731  1.84731  1.81482  1.8616  5.15785  5.1583  5.19611  5.21172 
-2.01062 2.01062 1.96312  1.96312  1.96312  1.96312  -0.615468  -0.615468  5.01798  5.01798  5.01798  5.01798  1.91334  1.91334  1.87761  1.92842  4.99754  4.99765  5.03969  5.05768 
-1.88496 2.01062 1.79498  1.79498  1.79498  1.79498  -0.54541  -0.54541  4.84984  4.84984  4.84984  4.84984  1.98339  1.98339  1.94453  1.99883  4.82723  4.82797  4.87352  4.89406 
-1.75929 2.01062 1.61983  1.61983  1.61983  1.61983  -0.472429  -0.472429  4.67468  4.67468  4.67468  4.67468  2.05638  2.05638  2.01447  2.07171  4.65003  4.6515  4.70025  4.72352 
-1.63363 2.01062 1.44042  1.44042  1.44042  1.44042  -0.397674  -0.397674  4.49527  4.49527  4.49527  4.49527  2.13113  2.13113  2.08628  2.14584  4.46872  4.47102  4.52267  4.54883 
-1.50796 2.01062 1.25958  1.25958  1.25958  1.25958  -0.322326  -0.322326  4.31444  4.31444  4.31444  4.31444  2.20648  2.20648  2.15875  2.21998  4.28612  4.2894  4.3436  4.37284 
-1.3823 2.01062 1.08017  1.08017  1.08017  1.08017  -0.247571  -0.247571  4.13503  4.13503  4.13503  4.13503  2.28123  2.28123  2.23067  2.29286  4.10512  4.10952  4.16595  4.19845 
-1.25664 2.01062 0.905016  0.905016  0.905016  0.905016  -0.17459  -0.17459  3.95987  3.95987  3.95987  3.95987  2.35422  2.35422  2.30077  2.36318  3.92856  3.93427  3.9926  4.02852 
-1.13097 2.01062 0.736878  0.736878  0.736878  0.736878  -0.104532  -0.104532  3.79173  3.79173  3.79173  3.79173  2.42427  2.42427  2.3678  2.42965  3.75924  3.76649  3.82641  3.86589 
-1.00531 2.01062 0.578409  0.578409  0.578409  0.578409  -0.0385039  -0.0385039  3.63326  3.63326  3.63326  3.63326  2.4903  2.4903  2.43045  2.49096  3.59986  3.60892  3.67018  3.7133 
-0.879646 2.01062 0.432109  0.432109  0.432109  0.432109  0.0224544  0.0224544  3.48696  3.48696  3.48696  3.48696  2.55126  2.55126  2.48737  2.54584  3.45297  3.46418  3.52666  3.57335 
-0.753982 2.01062 0.300285  0.300285  0.300285  0.300285  0.0773812  0.0773812  3.35514  3.35514  3.35514  3.35514  2.60619  2.60619  2.53715  2.59309  3.32097  3.33474  3.39856  3.44843 
-0.628319 2.01062 0.185016  0.185016  0.185016  0.185016  0.12541  0.12541  3.23987  3.23987  3.23987  3.23987  2.65422  2.65422  2.57824  2.63168  3.20603  3.22286  3.28853  3.34057 
-0.502655 2.01062 0.0881184  0.0881184  0.0881184  0.0881184  0.165784  0.165784  3.14297  3.14297  3.14297  3.14297  2.69459  2.69459  2.6091  2.66106  3.11  3.13051  3.19916  3.25125 
-0.376991 2.01062 0.0111219  0.0111219  0.0111219  0.0111219  0.197866  0.197866  3.06598  3.06598  3.06598  3.06598  2.72667  2.72667  2.62856  2.68159  3.03432  3.05927  3.13258  3.18093 
-0.251327 2.01062 -0.0447598  -0.0447598  -0.0447598  -0.0447598  0.22115  0.22115  3.0101  3.0101  3.0101  3.0101  2.74995  2.74995  2.63672  2.69511  2.97991  3.0101  3.08972  3.12874 
-0.125664 2.01062 -0.0786452  -0.0786452  -0.0786452  -0.0786452  0.235269  0.235269  2.97621  2.97621  2.97621  2.97621  2.76407  2.76407  2.63565  2.70479  2.94723  2.98331  3.06944  3.09257 
0 2.01062 -0.09  -0.09  -0.09  -0.09  0.24  0.24  2.96486  2.96486  2.96486  2.96486  2.7688  2.7688  2.62862  2.71389  2.93653  2.97865  3.06906  3.07028 
0.125664 2.01062 -0.0786452  -0.0786452  -0.0786452  -0.0786452  0.235269  0.235269  2.97621  2.97621  2.97621  2.97621  2.76407  2.76407  2.61807  2.72342  2.94797  2.99552  3.06173  3.08628 
0.251327 2.01062 -0.0447598  -0.0447598  -0.0447598  -0.0447598  0.22115  0.22115  3.0101  3.0101  3.0101  3.0101  2.74995  2.74995  2.60442  2.73048  2.98152  3.03251  3.07095  3.12042 
0.376991 2.01062 0.0111219  0.0111219  0.0111219  0.0111219  0.197866  0.197866  3.06598  3.06598  3.06598  3.06598  2.72667  2.72667  2.58645  2.72898  3.03688  3.08427  3.10854  3.17214 
0.502655 2.01062 0.0881184  0.0881184  0.0881184  0.0881184  0.165784  0.165784  3.14297  3.14297  3.14297  3.14297  2.69459  2.69459  2.56251  2.71384  3.11334  3.14724  3.18173  3.24241 
0.628319 2.01062 0.185016  0.185016  0.185016  0.185016  0.12541  0.12541  3.23987  3.23987  3.23987  3.23987  2.65422  2.65422  2.53138  2.68427  3.20981  3.23171  3.27913  3.33161 
0.753982 2.01062 0.300285  0.300285  0.300285  0.300285  0.0773812  0.0773812  3.35514  3.35514  3.35514  3.35514  2.60619  2.60619  2.49264  2.64223  3.32484  3.33881  3.39522  3.4392 
0.879646 2.01062 0.432109  0.432109  0.432109  0.432109  0.0224544  0.0224544  3.48696  3.48696  3.48696  3.48696  2.55126  2.55126  2.44657  2.59015  3.45662  3.46567  3.52755  3.56382 
1.00531 2.01062 0.578409  0.578409  0.578409  0.578409  -0.0385039  -0.0385039  3.63326  3.63326  3.63326  3.63326  2.4903  2.4903  2.39388  2.53011  3.60309  3.60913  3.67393  3.70351 
1.13097 2.01062 0.736878  0.736878  0.736878  0.736878  -0.104532  -0.104532  3.79173  3.79173  3.79173  3.79173  2.42427  2.42427  2.33553  2.46379  3.76196  3.76617  3.83207  3.85596 
1.25664 2.01062 0.905016  0.905016  0.905016  0.905016  -0.17459  -0.17459  3.95987  3.95987  3.95987  3.95987  2.35422  2.35422  2.27264  2.39266  3.93071  3.93383  3.99949  4.01859 
1.3823 2.01062 1.08017  1.08017  1.08017  1.08017  -0.247571  -0.247571  4.13503  4.13503  4.13503  4.13503  2.28123  2.28123  2.20641  2.31808  4.10668  4.10918  4.17357  4.18865 
1.50796 2.01062 1.25958  1.25958  1.25958  1.25958  -0.322326  -0.322326  4.31444  4.31444  4.31444  4.31444  2.20648  2.20648  2.13806  2.24136  4.28712  4.28927  4.35159  4.3633 
1.63363 2.01062 1.44042  1.44042  1.44042  1.44042  -0.397674  -0.397674  4.49527  4.49527  4.49527  4.49527  2.13113  2.13113  2.06883  2.16378  4.46919  4.47116  4.53076  4.53965 
1.75929 2.01062 1.61983  1.61983  1.61983  1.61983  -0.472429  -0.472429  4.67468  4.67468  4.67468  4.67468  2.05638  2.05638  1.99995  2.08657  4.65003  4.65191  4.70825  4.71478 
1.88496 2.01062 1.79498  1.79498  1.79498  1.79498  -0.54541  -0.54541  4.84984  4.84984  4.84984  4.84984  1.98339  1.98339  1.93264  2.01097  4.8268  4.82863  4.88127  4.88584 
2.01062 2.01062 1.96312  1.96312  1.96312  1.96312  -0.615468  -0.615468  5.01798  5.01798  5.01798  5.01798  1.91334  1.91334  1.86805  1.93814  4.99676  4.99852  5.04709  5.05003 
2.13628 2.01062 2.12159  2.12159  2.12159  2.12159  -0.681496  -0.681496  5.17645  5.17645  5.17645  5.17645  1.84731  1.84731  1.80732  1.86921  5.15723  5.1589  5.20307  5.20468 
2.26195 2.01062 2.26789  2.26789  2.26789  2.26789  -0.742454  -0.742454  5.32275  5.32275  5.32275  5.32275  1.78635  1.78635  1.75148  1.80524  5.30571  5.30723  5.34675  5.34727 
2.38761 2.01062 2.39971  2.39971  2.39971  2.39971  -0.797381  -0.797381  5.45457  5.45457  5.45457  5.45457  1.73142  1.73142  1.70149  1.74719  5.43991  5.4412  5.4755  5.47585 
2.51327 2.01062 2.51498  2.51498  2.51498  2.51498  -0.84541  -0.84541  5.56984  5.56984  5.56984  5.56984  1.68339  1.68339  1.65821  1.69595  5.55772  5.55869  5.58727  5.58831 
2.63894 2.01062 2.61188  2.61188  2.61188  2.61188  -0.885784  -0.885784  5.66674  5.66674  5.66674  5.66674  1.64302  1.64302  1.6224  1.65228  5.65733  5.65787  5.68078  5.68233 
2.7646 2.01062 2.68888  2.68888  2.68888  2.68888  -0.917866  -0.917866  5.74373  5.74373  5.74373  5.74373  1.61094  1.61094  1.59467  1.61683  5.73718  5.7372  5.75451  5.75643 
2.89027 2.01062 2.74476  2.74476  2.74476  2.74476  -0.94115  -0.94115  5.79962  5.79962  5.79962  5.79962  1.58765  1.58765  1.57553  1.59011  5.79542  5.79601  5.80729  5.80942 
3.01593 2.01062 2.77865  2.77865  2.77865  2.77865  -0.955269  -0.955269  5.8335  5.8335  5.8335  5.8335  1.57354  1.57354  1.56532  1.57251  5.83159  5.83272  5.83847  5.84048 
-3.14159 2.13628 2.79  2.79  2.79  2.79  -0.96  -0.96  5.84486  5.84486  5.84486  5.84486  1.5688  1.5688  1.56425  1.56425  5.84486  5.84486  5.84941  5.84941 
-3.01593 2.13628 2.77865  2.77865  2.77865  2.77865  -0.955269  -0.955269  5.8335  5.8335  5.8335  5.8335  1.57354  1.57354  1.56579  1.57203  5.83135  5.83314  5.83798  5.84078 
-2.89027 2.13628 2.74476  2.74476  2.74476  2.74476  -0.94115  -0.94115  5.79962  5.79962  5.79962  5.79962  1.58765  1.58765  1.57671  1.58893  5.79483  5.79692  5.80602  5.81038 
-2.7646 2.13628 2.68888  2.68888  2.68888  2.68888  -0.917866  -0.917866  5.74373  5.74373  5.74373  5.74373  1.61094  1.61094  1.59679  1.6147  5.73632  5.73838  5.7524  5.75821 
-2.63894 2.13628 2.61188  2.61188  2.61188  2.61188  -0.885784  -0.885784  5.66674  5.66674  5.66674  5.66674  1.64302  1.64302  1.62569  1.64898  5.6568  5.65871  5.67772  5.6851 
-2.51327 2.13628 2.51498  2.51498  2.51498  2.51498  -0.84541  -0.84541  5.56984  5.56984  5.56984  5.56984  1.68339  1.68339  1.66291  1.69123  5.5575  5.55918  5.58312  5.59221 
-2.38761 2.13628 2.39971  2.39971  2.39971  2.39971  -0.797381  -0.797381  5.45457  5.45457  5.45457  5.45457  1.73142  1.73142  1.70784  1.7408  5.43997  5.44134  5.4701  5.48107 
-2.26195 2.13628 2.26789  2.26789  2.26789  2.26789  -0.742454  -0.742454  5.32275  5.32275  5.32275  5.32275  1.78635  1.78635  1.75972  1.79693  5.30604  5.30704  5.34046  5.35348 
-2.13628 2.13628 2.12159  2.12159  2.12159  2.12159  -0.681496  -0.681496  5.17645  5.17645  5.17645  5.17645  1.84731  1.84731  1.81771  1.85872  5.15781  5.15836  5.19628  5.21152 
-2.01062 2.13628 1.96312  1.96312  1.96312  1.96312  -0.615468  -0.615468  5.01798  5.01798  5.01798  5.01798  1.91334  1.91334  1.88086  1.9252  4.99759  4.99762  5.03984  5.05748 
-1.88496 2.13628 1.79498  1.79498  1.79498  1.79498  -0.54541  -0.54541  4.84984  4.84984  4.84984  4.84984  1.98339  1.98339  1.94812  1.99528  4.82732  4.82791  4.87365  4.89387 
-1.75929 2.13628 1.61983  1.61983  1.61983  1.61983  -0.472429  -0.472429  4.67468  4.67468  4.67468  4.67468  2.05638  2.05638  2.0184  2.06782  4.65014  4.65143  4.70036  4.72334 
-1.63363 2.13628 1.44042  1.44042  1.44042  1.44042  -0.397674  -0.397674  4.49527  4.49527  4.49527  4.49527  2.13113  2.13113  2.09054  2.14163  4.46884  4.47094  4.52272  4.54868 
-1.50796 2.13628 1.25958  1.25958  1.25958  1.25958  -0.322326  -0.322326  4.31444  4.31444  4.31444  4.31444  2.20648  2.20648  2.16334  2.21547  4.28627  4.2893  4.3436  4.37273 
-1.3823 2.13628 1.08017  1.08017  1.08017  1.08017  -0.247571  -0.247571  4.13503  4.13503  4.13503  4.13503  2.28123  2.28123  2.23557  2.28805  4.1053  4.10939  4.16587  4.19838 
-1.25664 2.13628 0.905016  0.905016  0.905016  0.905016  -0.17459  -0.17459  3.95987  3.95987  3.95987  3.95987  2.35422  2.35422  2.30598  2.3581  3.92878  3.93411  3.99242  4.02851 
-1.13097 2.13628 0.736878  0.736878  0.736878  0.736878  -0.104532  -0.104532  3.79173  3.79173  3.79173  3.79173  2.42427  2.42427  2.37331  2.42432  3.75952  3.76627  3.8261  3.86596 
-1.00531 2.13628 0.578409  0.578409  0.578409  0.578409  -0.0385039  -0.0385039  3.63326  3.63326  3.63326  3.63326  2.4903  2.4903  2.43624  2.48541  3.60022  3.60863  3.66971  3.71346 
-0.879646 2.13628 0.432109  0.432109  0.432109  0.432109  0.0224544  0.0224544  3.48696  3.48696  3.48696  3.48696  2.55126  2.55126  2.49344  2.54011  3.45345  3.46378  3.52599  3.5736 
-0.753982 2.13628 0.300285  0.300285  0.300285  0.300285  0.0773812  0.0773812  3.35514  3.35514  3.35514  3.35514  2.60619  2.60619  2.54344  2.58726  3.32161  3.33418  3.39766  3.44877 
-0.628319 2.13628 0.185016  0.185016  0.185016  0.185016  0.12541  0.12541  3.23987  3.23987  3.23987  3.23987  2.65422  2.65422  2.58469  2.62587  3.20689  3.22208  3.2874  3.34099 
-0.502655 2.13628 0.0881184  0.0881184  0.0881184  0.0881184  0.165784  0.165784  3.14297  3.14297  3.14297  3.14297  2.69459  2.69459  2.61557  2.65542  3.11112  3.12944  3.19785  3.25168 
-0.376991 2.13628 0.0111219  0.0111219  0.0111219  0.0111219  0.197866  0.197866  3.06598  3.06598  3.06598  3.06598  2.72667  2.72667  2.63484  2.67632  3.03572  3.05781  3.13128  3.18128 
-0.251327 2.13628 -0.0447598  -0.0447598  -0.0447598  -0.0447598  0.22115  0.22115  3.0101  3.0101  3.0101  3.0101  2.74995  2.74995  2.6426  2.69038  2.98151  3.00821  3.08869  3.12892 
-0.125664 2.13628 -0.0786452  -0.0786452  -0.0786452  -0.0786452  0.235269  0.235269  2.97621  2.97621  2.97621  2.97621  2.76407  2.76407  2.641  2.70066  2.94889  2.98098  3.06891  3.09255 
0 2.13628 -0.09  -0.09  -0.09  -0.09  0.24  0.24  2.96486  2.96486  2.96486  2.96486  2.7688  2.7688  2.6335  2.71024  2.93811  2.97591  3.0691  3.07017 
0.125664 2.13628 -0.0786452  -0.0786452  -0.0786452  -0.0786452  0.235269  0.235269  2.97621  2.97621  2.97621  2.97621  2.76407  2.76407  2.62264  2.72002  2.94937  2.99233  3.06184  3.0868 
0.251327 2.13628 -0.0447598  -0.0447598  -0.0447598  -0.0447598  0.22115  0.22115  3.0101  3.0101  3.0101  3.0101  2.74995  2.74995  2.60882  2.72705  2.98271  3.02865  3.0718  3.12126 
0.376991 2.13628 0.0111219  0.0111219  0.0111219  0.0111219  0.197866  0.197866  3.06598  3.06598  3.06598  3.06598  2.72667  2.72667  2.59081  2.72531  3.03786  3.08023  3.10987  3.17317 
0.502655 2.13628 0.0881184  0.0881184  0.0881184  0.0881184  0.165784  0.165784  3.14297  3.14297  3.14297  3.14297  2.69459  2.69459  2.56687  2.70992  3.11414  3.14483  3.18179  3.24354 
0.628319 2.13628 0.185016  0.185016  0.185016  0.185016  0.12541  0.12541  3.23987  3.23987  3.23987  3.23987  2.65422  2.65422  2.53575  2.68015  3.21046  3.23027  3.27852  3.33277 
0.753982 2.13628 0.300285  0.300285  0.300285  0.300285  0.0773812  0.0773812  3.35514  3.35514  3.35514  3.35514  2.60619  2.60619  2.49701  2.63802  3.32535  3.33786  3.39434  3.44035 
0.879646 2.13628 0.432109  0.432109  0.432109  0.432109  0.0224544  0.0224544  3.48696  3.48696  3.48696  3.48696  2.55126  2.55126  2.45091  2.58592  3.45703  3.46501  3.52657  3.56494 
1.00531 2.13628 0.578409  0.578409  0.578409  0.578409  -0.0385039  -0.0385039  3.63326  3.63326  3.63326  3.63326  2.4903  2.4903  2.39816  2.5259  3.60343  3.60865  3.67293  3.70459 
1.13097 2.13628 0.736878  0.736878  0.736878  0.736878  -0.104532  -0.104532  3.79173  3.79173  3.79173  3.79173  2.42427  2.42427  2.33972  2.45965  3.76223  3.76582  3.83108  3.85698 
1.25664 2.13628 0.905016  0.905016  0.905016  0.905016  -0.17459  -0.17459  3.95987  3.95987  3.95987  3.95987  2.35422  2.35422  2.27672  2.38862  3.93092  3.93357  3.99854  4.01955 
1.3823 2.13628 1.08017  1.08017  1.08017  1.08017  -0.247571  -0.247571  4.13503  4.13503  4.13503  4.13503  2.28123  2.28123  2.21035  2.31418  4.10686  4.10898  4.17267  4.18954 
1.50796 2.13628 1.25958  1.25958  1.25958  1.25958  -0.322326  -0.322326  4.31444  4.31444  4.31444  4.31444  2.20648  2.20648  2.14183  2.23762  4.28726  4.28912  4.35075  4.36413 
1.63363 2.13628 1.44042  1.44042  1.44042  1.44042  -0.397674  -0.397674  4.49527  4.49527  4.49527  4.49527  2.13113  2.13113  2.0724  2.16022  4.46929  4.47105  4.52998  4.54041 
1.75929 2.13628 1.61983  1.61983  1.61983  1.61983  -0.472429  -0.472429  4.67468  4.67468  4.67468  4.67468  2.05638  2.05638  2.00331  2.08323  4.65011  4.65183  4.70753  4.71548 
1.88496 2.13628 1.79498  1.79498  1.79498  1.79498  -0.54541  -0.54541  4.84984  4.84984  4.84984  4.84984  1.98339  1.98339  1.93576  2.00785  4.82686  4.82858  4.88062  4.88647 
2.01062 2.13628 1.96312  1.96312  1.96312  1.96312  -0.615468  -0.615468  5.01798  5.01798  5.01798  5.01798  1.91334  1.91334  1.87093  1.93528  4.99679  4.9985  5.04649  5.0506 
2.13628 2.13628 2.12159  2.12159  2.12159  2.12159  -0.681496  -0.681496  5.17645  5.17645  5.17645  5.17645  1.84731  1.84731  1.80992  1.86661  5.15725  5.1589  5.20254  5.20518 
2.26195 2.13628 2.26789  2.26789  2.26789  2.26789  -0.742454  -0.742454  5.32275  5.32275  5.32275  5.32275  1.78635  1.78635  1.75379  1.80292  5.30572  5.30725  5.34628  5.34772 
2.38761 2.13628 2.39971  2.39971  2.39971  2.39971  -0.797381  -0.797381  5.45457  5.45457  5.45457  5.45457  1.73142  1.73142  1.70351  1.74518  5.43989  5.44123  5.47544  5.47589 
2.51327 2.13628 2.51498  2.51498  2.51498  2.51498  -0.84541  -0.84541  5.56984  5.56984  5.56984  5.56984  1.68339  1.68339  1.65992  1.69425  5.55769  5.55873  5.58761  5.58796 
2.63894 2.13628 2.61188  2.61188  2.61188  2.61188  -0.885784  -0.885784  5.66674  5.66674  5.66674  5.66674  1.64302  1.64302  1.62378  1.6509  5.65727  5.65793  5.68107  5.68204 
2.7646 2.13628 2.68888  2.68888  2.68888  2.68888  -0.917866  -0.917866  5.74373  5.74373  5.74373  5.74373  1.61094  1.61094  1.59572  1.61578  5.7371  5.73727  5.75475  5.75619 
2.89027 2.13628 2.74476  2.74476  2.74476  2.74476  -0.94115  -0.94115  5.79962  5.79962  5.79962  5.79962  1.58765  1.58765  1.57623  1.58941  5.79549  5.79592  5.80749  5.80923 
3.01593 2.13628 2.77865  2.77865  2.77865  2.77865  -0.955269  -0.955269  5.8335  5.8335  5.8335  5.8335  1.57354  1.57354  1.56567  1.57215  5.83165  5.83261  5.83863  5.84036 
-3.14159 2.26195 2.79  2.79  2.79  2.79  -0.96  -0.96  5.84486  5.84486  5.84486  5.84486  1.5688  1.5688  1.56425  1.56425  5.84486  5.84486  5.84941  5.84941 
-3.01593 2.26195 2.77865  2.77865  2.77865  2.77865  -0.955269  -0.955269  5.8335  5.8335  5.8335  5.8335  1.57354  1.57354  1.56616  1.57166  5.8314  5.83302  5.83814  5.84068 
-2.89027 2.26195 2.74476  2.74476  2.74476  2.74476  -0.94115  -0.94115  5.79962  5.79962  5.79962  5.79962  1.58765  1.58765  1.57745  1.58818  5.79487  5.79683  5.8062  5.81024 
-2.7646 2.26195 2.68888  2.68888  2.68888  2.68888  -0.917866  -0.917866  5.74373  5.74373  5.74373  5.74373  1.61094  1.61094  1.59791  1.61358  5.73634  5.73833  5.75259  5.75805 
-2.63894 2.26195 2.61188  2.61188  2.61188  2.61188  -0.885784  -0.885784  5.66674  5.66674  5.66674  5.66674  1.64302  1.64302  1.62719  1.64748  5.6568  5.65868  5.67792  5.68491 
-2.51327 2.26195 2.51498  2.51498  2.51498  2.51498  -0.84541  -0.84541  5.56984  5.56984  5.56984  5.56984  1.68339  1.68339  1.66479  1.68936  5.55749  5.55918  5.58332  5.59201 
-2.38761 2.26195 2.39971  2.39971  2.39971  2.39971  -0.797381  -0.797381  5.45457  5.45457  5.45457  5.45457  1.73142  1.73142  1.71008  1.73857  5.43995  5.44136  5.47031  5.48086 
-2.26195 2.26195 2.26789  2.26789  2.26789  2.26789  -0.742454  -0.742454  5.32275  5.32275  5.32275  5.32275  1.78635  1.78635  1.76234  1.79433  5.30601  5.30708  5.34067  5.35326 
-2.13628 2.26195 2.12159  2.12159  2.12159  2.12159  -0.681496  -0.681496  5.17645  5.17645  5.17645  5.17645  1.84731  1.84731  1.82069  1.85577  5.15777  5.15842  5.19648  5.21128 
-2.01062 2.26195 1.96312  1.96312  1.96312  1.96312  -0.615468  -0.615468  5.01798  5.01798  5.01798  5.01798  1.91334  1.91334  1.88419  1.92189  4.99754  4.99769  5.04004  5.05724 
-1.88496 2.26195 1.79498  1.79498  1.79498  1.79498  -0.54541  -0.54541  4.84984  4.84984  4.84984  4.84984  1.98339  1.98339  1.9518  1.99162  4.82741  4.82785  4.87383  4.89364 
-1.75929 2.26195 1.61983  1.61983  1.61983  1.61983  -0.472429  -0.472429  4.67468  4.67468  4.67468  4.67468  2.05638  2.05638  2.02243  2.06384  4.65025  4.65135  4.7005  4.72312 
-1.63363 2.26195 1.44042  1.44042  1.44042  1.44042  -0.397674  -0.397674  4.49527  4.49527  4.49527  4.49527  2.13113  2.13113  2.0949  2.13733  4.46897  4.47085  4.52283  4.54848 
-1.50796 2.26195 1.25958  1.25958  1.25958  1.25958  -0.322326  -0.322326  4.31444  4.31444  4.31444  4.31444  2.20648  2.20648  2.16803  2.21085  4.28643  4.28919  4.34365  4.37256 
-1.3823 2.26195 1.08017  1.08017  1.08017  1.08017  -0.247571  -0.247571  4.13503  4.13503  4.13503  4.13503  2.28123  2.28123  2.24058  2.28315  4.10549  4.10926  4.16585  4.19825 
-1.25664 2.26195 0.905016  0.905016  0.905016  0.905016  -0.17459  -0.17459  3.95987  3.95987  3.95987  3.95987  2.35422  2.35422  2.3113  2.35292  3.92902  3.93394  3.9923  4.02843 
-1.13097 2.26195 0.736878  0.736878  0.736878  0.736878  -0.104532  -0.104532  3.79173  3.79173  3.79173  3.79173  2.42427  2.42427  2.37892  2.41888  3.75983  3.76605  3.82585  3.86594 
-1.00531 2.26195 0.578409  0.578409  0.578409  0.578409  -0.0385039  -0.0385039  3.63326  3.63326  3.63326  3.63326  2.4903  2.4903  2.44214  2.47976  3.60062  3.60833  3.6693  3.71352 
-0.879646 2.26195 0.432109  0.432109  0.432109  0.432109  0.0224544  0.0224544  3.48696  3.48696  3.48696  3.48696  2.55126  2.55126  2.4996  2.5343  3.45398  3.46337  3.52538  3.57375 
-0.753982 2.26195 0.300285  0.300285  0.300285  0.300285  0.0773812  0.0773812  3.35514  3.35514  3.35514  3.35514  2.60619  2.60619  2.54983  2.58135  3.32232  3.33363  3.39682  3.449 
-0.628319 2.26195 0.185016  0.185016  0.185016  0.185016  0.12541  0.12541  3.23987  3.23987  3.23987  3.23987  2.65422  2.65422  2.59122  2.61997  3.20783  3.22131  3.28631  3.34127 
-0.502655 2.26195 0.0881184  0.0881184  0.0881184  0.0881184  0.165784  0.165784  3.14297  3.14297  3.14297  3.14297  2.69459  2.69459  2.62212  2.64969  3.11237  3.12837  3.19657  3.25196 
-0.376991 2.26195 0.0111219  0.0111219  0.0111219  0.0111219  0.197866  0.197866  3.06598  3.06598  3.06598  3.06598  2.72667  2.72667  2.6412  2.67095  3.03726  3.05637  3.12997  3.18149 
-0.251327 2.26195 -0.0447598  -0.0447598  -0.0447598  -0.0447598  0.22115  0.22115  3.0101  3.0101  3.0101  3.0101  2.74995  2.74995  2.64855  2.68552  2.98326  3.00634  3.08765  3.12898 
-0.125664 2.26195 -0.0786452  -0.0786452  -0.0786452  -0.0786452  0.235269  0.235269  2.97621  2.97621  2.97621  2.97621  2.76407  2.76407  2.64644  2.69636  2.95068  2.97866  3.06837  3.09246 
0 2.26195 -0.09  -0.09  -0.09  -0.09  0.24  0.24  2.96486  2.96486  2.96486  2.96486  2.7688  2.7688  2.6385  2.70639  2.93979  2.97315  3.06913  3.07007 
0.125664 2.26195 -0.0786452  -0.0786452  -0.0786452  -0.0786452  0.235269  0.235269  2.97621  2.97621  2.97621  2.97621  2.76407  2.76407  2.62736  2.71637  2.95085  2.98908  3.06203  3.0873 
0.251327 2.26195 -0.0447598  -0.0447598  -0.0447598  -0.0447598  0.22115  0.22115  3.0101  3.0101  3.0101  3.0101  2.74995  2.74995  2.61343  2.72332  2.98395  3.02477  3.07275  3.12208 
0.376991 2.26195 0.0111219  0.0111219  0.0111219  0.0111219  0.197866  0.197866  3.06598  3.06598  3.06598  3.06598  2.72667  2.72667  2.59539  2.72131  3.03888  3.07629  3.11121  3.17417 
0.502655 2.26195 0.0881184  0.0881184  0.0881184  0.0881184  0.165784  0.165784  3.14297  3.14297  3.14297  3.14297  2.69459  2.69459  2.57147  2.70565  3.11496  3.14227  3.18211  3.24462 
0.628319 2.26195 0.185016  0.185016  0.185016  0.185016  0.12541  0.12541  3.23987  3.23987  3.23987  3.23987  2.65422  2.65422  2.54037  2.67571  3.21111  3.22872  3.27812  3.33388 
0.753982 2.26195 0.300285  0.300285  0.300285  0.300285  0.0773812  0.0773812  3.35514  3.35514  3.35514  3.35514  2.60619  2.60619  2.50163  2.6335  3.32588  3.33685  3.39363  3.44145 
0.879646 2.26195 0.432109  0.432109  0.432109  0.432109  0.0224544  0.0224544  3.48696  3.48696  3.48696  3.48696  2.55126  2.55126  2.4555  2.58139  3.45745  3.4643  3.52572  3.56601 
1.00531 2.26195 0.578409  0.578409  0.578409  0.578409  -0.0385039  -0.0385039  3.63326  3.63326  3.63326  3.63326  2.4903  2.4903  2.40268  2.52143  3.60376  3.60815  3.67203  3.70562 
1.13097 2.26195 0.736878  0.736878  0.736878  0.736878  -0.104532  -0.104532  3.79173  3.79173  3.79173  3.79173  2.42427  2.42427  2.34414  2.45526  3.76249  3.76544  3.83018  3.85796 
1.25664 2.26195 0.905016  0.905016  0.905016  0.905016  -0.17459  -0.17459  3.95987  3.95987  3.95987  3.95987  2.35422  2.35422  2.28101  2.38436  3.93114  3.93329  3.99765  4.02047 
1.3823 2.26195 1.08017  1.08017  1.08017  1.08017  -0.247571  -0.247571  4.13503  4.13503  4.13503  4.13503  2.28123  2.28123  2.21448  2.31007  4.10703  4.10877  4.17182  4.19041 
1.50796 2.26195 1.25958  1.25958  1.25958  1.25958  -0.322326  -0.322326  4.31444  4.31444  4.31444  4.31444  2.20648  2.20648  2.14578  2.23369  4.2874  4.28897  4.34994  4.36493 
1.63363 2.26195 1.44042  1.44042  1.44042  1.44042  -0.397674  -0.397674  4.49527  4.49527  4.49527  4.49527  2.13113  2.13113  2.07615  2.1565  4.4694  4.47094  4.52922  4.54115 
1.75929 2.26195 1.61983  1.61983  1.61983  1.61983  -0.472429  -0.472429  4.67468  4.67468  4.67468  4.67468  2.05638  2.05638  2.00683  2.07973  4.65019  4.65175  4.70683  4.71616 
1.88496 2.26195 1.79498  1.79498  1.79498  1.79498  -0.54541  -0.54541  4.84984  4.84984  4.84984  4.84984  1.98339  1.98339  1.93903  2.0046  4.82692  4.82853  4.87998  4.88709 
2.01062 2.26195 1.96312  1.96312  1.96312  1.96312  -0.615468  -0.615468  5.01798  5.01798  5.01798  5.01798  1.91334  1.91334  1.87392  1.93229  4.99683  4.99847  5.04591  5.05116 
2.13628 2.26195 2.12159  2.12159  2.12159  2.12159  -0.681496  -0.681496  5.17645  5.17645  5.17645  5.17645  1.84731  1.84731  1.81264  1.86391  5.15727  5.15889  5.20202  5.20568 
2.26195 2.26195 2.26789  2.26789  2.26789  2.26789  -0.742454  -0.742454  5.32275  5.32275  5.32275  5.32275  1.78635  1.78635  1.75621  1.80052  5.30572  5.30726  5.34582  5.34816 
2.38761 2.26195 2.39971  2.39971  2.39971  2.39971  -0.797381  -0.797381  5.45457  5.45457  5.45457  5.45457  1.73142  1.73142  1.7056  1.74308  5.43988  5.44126  5.47503  5.47628 
2.51327 2.26195 2.51498  2.51498  2.51498  2.51498  -0.84541  -0.84541  5.56984  5.56984  5.56984  5.56984  1.68339  1.68339  1.66169  1.69248  5.55765  5.55878  5.5876  5.58795 
2.63894 2.26195 2.61188  2.61188  2.61188  2.61188  -0.885784  -0.885784  5.66674  5.66674  5.66674  5.66674  1.64302  1.64302  1.62521  1.64947  5.65722  5.65799  5.68136  5.68174 
2.7646 2.26195 2.68888  2.68888  2.68888  2.68888  -0.917866  -0.917866  5.74373  5.74373  5.74373  5.74373  1.61094  1.61094  1.5968  1.6147  5.73703  5.73734  5.755  5.75595 
2.89027 2.26195 2.74476  2.74476  2.74476  2.74476  -0.94115  -0.94115  5.79962  5.79962  5.79962  5.79962  1.58765  1.58765  1.57696  1.58868  5.79557  5.79583  5.80769  5.80904 
3.01593 2.26195 2.77865  2.77865  2.77865  2.77865  -0.955269  -0.955269  5.8335  5.8335  5.8335  5.8335  1.57354  1.57354  1.56604  1.57179  5.83172  5.8325  5.83879  5.84024 
-3.14159 2.38761 2.79  2.79  2.79  2.79  -0.96  -0.96  5.84486  5.84486  5.84486  5.84486  1.5688  1.5688  1.56425  1.56425  5.84486  5.84486  5.84941  5.84941 
-3.01593 2.38761 2.77865  2.77865  2.77865  2.77865  -0.955269  -0.955269  5.8335  5.8335  5.8335  5.8335  1.57354  1.57354  1.56654  1.57128  5.83146  5.83291  5.83831  5.84057 
-2.89027 2.38761 2.74476  2.74476  2.74476  2.74476  -0.94115  -0.94115  5.79962  5.79962  5.79962  5.79962  1.58765  1.58765  1.57822  1.58742  5.79491  5.79673  5.8064  5.81009 
-2.7646 2.38761 2.68888  2.68888  2.68888  2.68888  -0.917866  -0.917866  5.74373  5.74373  5.74373  5.74373  1.61094  1.61094  1.59906  1.61243  5.73637  5.73826  5.7528  5.75788 
-2.63894 2.38761 2.61188  2.61188  2.61188  2.61188  -0.885784  -0.885784  5.66674  5.66674  5.66674  5.66674  1.64302  1.64302  1.62872  1.64595  5.65681  5.65865  5.67813  5.68472 
-2.51327 2.38761 2.51498  2.51498  2.51498  2.51498  -0.84541  -0.84541  5.56984  5.56984  5.56984  5.56984  1.68339  1.68339  1.66671  1.68745  5.55748  5.55917  5.58355  5.59179 
-2.38761 2.38761 2.39971  2.39971  2.39971  2.39971  -0.797381  -0.797381  5.45457  5.45457  5.45457  5.45457  1.73142  1.73142  1.71238  1.73628  5.43993  5.44138  5.47054  5.48062 
-2.26195 2.38761 2.26789  2.26789  2.26789  2.26789  -0.742454  -0.742454  5.32275  5.32275  5.32275  5.32275  1.78635  1.78635  1.76501  1.79167  5.30598  5.30712  5.34091  5.353 
-2.13628 2.38761 2.12159  2.12159  2.12159  2.12159  -0.681496  -0.681496  5.17645  5.17645  5.17645  5.17645  1.84731  1.84731  1.82373  1.85274  5.15772  5.15847  5.19672  5.21102 
-2.01062 2.38761 1.96312  1.96312  1.96312  1.96312  -0.615468  -0.615468  5.01798  5.01798  5.01798  5.01798  1.91334  1.91334  1.88759  1.9185  4.99749  4.99776  5.04027  5.05697 
-1.88496 2.38761 1.79498  1.79498  1.79498  1.79498  -0.54541  -0.54541  4.84984  4.84984  4.84984  4.84984  1.98339  1.98339  1.95556  1.98789  4.82751  4.82778  4.87404  4.89336 
-1.75929 2.38761 1.61983  1.61983  1.61983  1.61983  -0.472429  -0.472429  4.67468  4.67468  4.67468  4.67468  2.05638  2.05638  2.02653  2.05977  4.65036  4.65128  4.70069  4.72286 
-1.63363 2.38761 1.44042  1.44042  1.44042  1.44042  -0.397674  -0.397674  4.49527  4.49527  4.49527  4.49527  2.13113  2.13113  2.09935  2.13294  4.46911  4.47076  4.52298  4.54822 
-1.50796 2.38761 1.25958  1.25958  1.25958  1.25958  -0.322326  -0.322326  4.31444  4.31444  4.31444  4.31444  2.20648  2.20648  2.1728  2.20616  4.2866  4.28908  4.34375  4.37232 
-1.3823 2.38761 1.08017  1.08017  1.08017  1.08017  -0.247571  -0.247571  4.13503  4.13503  4.13503  4.13503  2.28123  2.28123  2.24567  2.27816  4.1057  4.10912  4.16588  4.19805 
-1.25664 2.38761 0.905016  0.905016  0.905016  0.905016  -0.17459  -0.17459  3.95987  3.95987  3.95987  3.95987  2.35422  2.35422  2.3167  2.34766  3.92928  3.93376  3.99224  4.02827 
-1.13097 2.38761 0.736878  0.736878  0.736878  0.736878  -0.104532  -0.104532  3.79173  3.79173  3.79173  3.79173  2.42427  2.42427  2.38462  2.41337  3.76016  3.76582  3.82567  3.86584 
-1.00531 2.38761 0.578409  0.578409  0.578409  0.578409  -0.0385039  -0.0385039  3.63326  3.63326  3.63326  3.63326  2.4903  2.4903  2.44812  2.47404  3.60105  3.60803  3.66895  3.71348 
-0.879646 2.38761 0.432109  0.432109  0.432109  0.432109  0.0224544  0.0224544  3.48696  3.48696  3.48696  3.48696  2.55126  2.55126  2.50583  2.52842  3.45455  3.46297  3.52484  3.57378 
-0.753982 2.38761 0.300285  0.300285  0.300285  0.300285  0.0773812  0.0773812  3.35514  3.35514  3.35514  3.35514  2.60619  2.60619  2.55628  2.57538  3.32309  3.33307  3.39603  3.4491 
-0.628319 2.38761 0.185016  0.185016  0.185016  0.185016  0.12541  0.12541  3.23987  3.23987  3.23987  3.23987  2.65422  2.65422  2.59782  2.61401  3.20887  3.22054  3.28525  3.34142 
-0.502655 2.38761 0.0881184  0.0881184  0.0881184  0.0881184  0.165784  0.165784  3.14297  3.14297  3.14297  3.14297  2.69459  2.69459  2.62872  2.64389  3.11373  3.12732  3.19529  3.25211 
-0.376991 2.38761 0.0111219  0.0111219  0.0111219  0.0111219  0.197866  0.197866  3.06598  3.06598  3.06598  3.06598  2.72667  2.72667  2.64762  2.66548  3.03896  3.05496  3.12866  3.18158 
-0.251327 2.38761 -0.0447598  -0.0447598  -0.0447598  -0.0447598  0.22115  0.22115  3.0101  3.0101  3.0101  3.0101  2.74995  2.74995  2.65455  2.68054  2.98517  3.00449  3.0866  3.12894 
-0.125664 2.38761 -0.0786452  -0.0786452  -0.0786452  -0.0786452  0.235269  0.235269  2.97621  2.97621  2.97621  2.97621  2.76407  2.76407  2.65194  2.6919  2.95262  2.97636  3.06785  3.09232 
0 2.38761 -0.09  -0.09  -0.09  -0.09  0.24  0.24  2.96486  2.96486  2.96486  2.96486  2.7688  2.7688  2.64358  2.70233  2.94158  2.97039  3.06917  3.06997 
0.125664 2.38761 -0.0786452  -0.0786452  -0.0786452  -0.0786452  0.235269  0.235269  2.97621  2.97621  2.97621  2.97621  2.76407  2.76407  2.63221  2.71248  2.9524  2.98581  3.0623  3.0878 
0.251327 2.38761 -0.0447598  -0.0447598  -0.0447598  -0.0447598  0.22115  0.22115  3.0101  3.0101  3.0101  3.0101  2.74995  2.74995  2.6182  2.7193  2.98525  3.02093  3.07375  3.12287 
0.376991 2.38761 0.0111219  0.0111219  0.0111219  0.0111219  0.197866  0.197866  3.06598  3.06598  3.06598  3.06598  2.72667  2.72667  2.60017  2.717  3.03993  3.07245  3.11257  3.17513 
0.502655 2.38761 0.0881184  0.0881184  0.0881184  0.0881184  0.165784  0.165784  3.14297  3.14297  3.14297  3.14297  2.69459  2.69459  2.57629  2.70105  3.1158  3.13964  3.18263  3.24565 
0.628319 2.38761 0.185016  0.185016  0.185016  0.185016  0.12541  0.12541  3.23987  3.23987  3.23987  3.23987  2.65422  2.65422  2.54522  2.67095  3.21178  3.22708  3.27794  3.33494 
0.753982 2.38761 0.300285  0.300285  0.300285  0.300285  0.0773812  0.0773812  3.35514  3.35514  3.35514  3.35514  2.60619  2.60619  2.50649  2.62868  3.32641  3.33577  3.39308  3.4425 
0.879646 2.38761 0.432109  0.432109  0.432109  0.432109  0.0224544  0.0224544  3.48696  3.48696  3.48696  3.48696  2.55126  2.55126  2.46031  2.5766  3.45787  3.46356  3.525  3.56703 
1.00531 2.38761 0.578409  0.578409  0.578409  0.578409  -0.0385039  -0.0385039  3.63326  3.63326  3.63326  3.63326  2.4903  2.4903  2.40741  2.5167  3.6041  3.60761  3.67123  3.70661 
1.13097 2.38761 0.736878  0.736878  0.736878  0.736878  -0.104532  -0.104532  3.79173  3.79173  3.79173  3.79173  2.42427  2.42427  2.34877  2.45064  3.76276  3.76505  3.82935  3.85891 
1.25664 2.38761 0.905016  0.905016  0.905016  0.905016  -0.17459  -0.17459  3.95987  3.95987  3.95987  3.95987  2.35422  2.35422  2.2855  2.37988  3.93135  3.93299  3.99682  4.02137 
1.3823 2.38761 1.08017  1.08017  1.08017  1.08017  -0.247571  -0.247571  4.13503  4.13503  4.13503  4.13503  2.28123  2.28123  2.2188  2.30576  4.1072  4.10855  4.17102  4.19125 
1.50796 2.38761 1.25958  1.25958  1.25958  1.25958  -0.322326  -0.322326  4.31444  4.31444  4.31444  4.31444  2.20648  2.20648  2.1499  2.22958  4.28753  4.2888  4.34918  4.36572 
1.63363 2.38761 1.44042  1.44042  1.44042  1.44042  -0.397674  -0.397674  4.49527  4.49527  4.49527  4.49527  2.13113  2.13113  2.08005  2.1526  4.46951  4.47081  4.5285  4.54188 
1.75929 2.38761 1.61983  1.61983  1.61983  1.61983  -0.472429  -0.472429  4.67468  4.67468  4.67468  4.67468  2.05638  2.05638  2.01048  2.07608  4.65027  4.65167  4.70616  4.71683 
1.88496 2.38761 1.79498  1.79498  1.79498  1.79498  -0.54541  -0.54541  4.84984  4.84984  4.84984  4.84984  1.98339  1.98339  1.94242  2.00121  4.82699  4.82847  4.87935  4.8877 
2.01062 2.38761 1.96312  1.96312  1.96312  1.96312  -0.615468  -0.615468  5.01798  5.01798  5.01798  5.01798  1.91334  1.91334  1.87704  1.92918  4.99688  4.99844  5.04534  5.05171 
2.13628 2.38761 2.12159  2.12159  2.12159  2.12159  -0.681496  -0.681496  5.17645  5.17645  5.17645  5.17645  1.84731  1.84731  1.81545  1.8611  5.15729  5.15888  5.2015  5.20618 
2.26195 2.38761 2.26789  2.26789  2.26789  2.26789  -0.742454  -0.742454  5.32275  5.32275  5.32275  5.32275  1.78635  1.78635  1.75871  1.79802  5.30573  5.30727  5.34536  5.3486 
2.38761 2.38761 2.39971  2.39971  2.39971  2.39971  -0.797381  -0.797381  5.45457  5.45457  5.45457  5.45457  1.73142  1.73142  1.70778  1.74091  5.43986  5.44129  5.47463  5.47666 
2.51327 2.38761 2.51498  2.51498  2.51498  2.51498  -0.84541  -0.84541  5.56984  5.56984  5.56984  5.56984  1.68339  1.68339  1.66352  1.69065  5.55762  5.55882  5.58725  5.58828 
2.63894 2.38761 2.61188  2.61188  2.61188  2.61188  -0.885784  -0.885784  5.66674  5.66674  5.66674  5.66674  1.64302  1.64302  1.62669  1.64799  5.65717  5.65805  5.68144  5.68164 
2.7646 2.38761 2.68888  2.68888  2.68888  2.68888  -0.917866  -0.917866  5.74373  5.74373  5.74373  5.74373  1.61094  1.61094  1.59792  1.61358  5.73696  5.73741  5.75524  5.7557 
2.89027 2.38761 2.74476  2.74476  2.74476  2.74476  -0.94115  -0.94115  5.79962  5.79962  5.79962  5.79962  1.58765  1.58765  1.57771  1.58792  5.79565  5.79574  5.8079  5.80885 
3.01593 2.38761 2.77865  2.77865  2.77865  2.77865  -0.955269  -0.955269  5.8335  5.8335  5.8335  5.8335  1.57354  1.57354  1.56642  1.57141  5.83179  5.8324  5.83894  5.84011 
-3.14159 2.51327 2.79  2.79  2.79  2.79  -0.96  -0.96  5.84486  5.84486  5.84486  5.84486  1.5688  1.5688  1.56425  1.56425  5.84486  5.84486  5.84941  5.84941 
-3.01593 2.51327 2.77865  2.77865  2.77865  2.77865  -0.955269  -0.955269  5.8335  5.8335  5.8335  5.8335  1.57354  1.57354  1.56694  1.57089  5.83152  5.8328  5.83847  5.84046 
-2.89027 2.51327 2.74476  2.74476  2.74476  2.74476  -0.94115  -0.94115  5.79962  5.79962  5.79962  5.79962  1.58765  1.58765  1.579  1.58663  5.79496  5.79664  5.80659  5.80994 
-2.7646 2.51327 2.68888  2.68888  2.68888  2.68888  -0.917866  -0.917866  5.74373  5.74373  5.74373  5.74373  1.61094  1.61094  1.60024  1.61126  5.7364  5.7382  5.75301  5.75769 
-2.63894 2.51327 2.61188  2.61188  2.61188  2.61188  -0.885784  -0.885784  5.66674  5.66674  5.66674  5.66674  1.64302  1.64302  1.6303  1.64438  5.65683  5.65861  5.67836  5.68451 
-2.51327 2.51327 2.51498  2.51498  2.51498  2.51498  -0.84541  -0.84541  5.56984  5.56984  5.56984  5.56984  1.68339  1.68339  1.66867  1.68549  5.55748  5.55916  5.58379  5.59156 
-2.38761 2.51327 2.39971  2.39971  2.39971  2.39971  -0.797381  -0.797381  5.45457  5.45457  5.45457  5.45457  1.73142  1.73142  1.71473  1.73394  5.43991  5.44139  5.47079  5.48037 
-2.26195 2.51327 2.26789  2.26789  2.26789  2.26789  -0.742454  -0.742454  5.32275  5.32275  5.32275  5.32275  1.78635  1.78635  1.76773  1.78895  5.30595  5.30715  5.34117  5.35273 
-2.13628 2.51327 2.12159  2.12159  2.12159  2.12159  -0.681496  -0.681496  5.17645  5.17645  5.17645  5.17645  1.84731  1.84731  1.82683  1.84965  5.15768  5.15852  5.19698  5.21073 
-2.01062 2.51327 1.96312  1.96312  1.96312  1.96312  -0.615468  -0.615468  5.01798  5.01798  5.01798  5.01798  1.91334  1.91334  1.89106  1.91506  4.99743  4.99784  5.04053  5.05667 
-1.88496 2.51327 1.79498  1.79498  1.79498  1.79498  -0.54541  -0.54541  4.84984  4.84984  4.84984  4.84984  1.98339  1.98339  1.95939  1.9841  4.8276  4.82772  4.87429  4.89306 
-1.75929 2.51327 1.61983  1.61983  1.61983  1.61983  -0.472429  -0.472429  4.67468  4.67468  4.67468  4.67468  2.05638  2.05638  2.0307  2.05564  4.65048  4.6512  4.70093  4.72255 
-1.63363 2.51327 1.44042  1.44042  1.44042  1.44042  -0.397674  -0.397674  4.49527  4.49527  4.49527  4.49527  2.13113  2.13113  2.10386  2.12848  4.46925  4.47066  4.52319  4.54792 
-1.50796 2.51327 1.25958  1.25958  1.25958  1.25958  -0.322326  -0.322326  4.31444  4.31444  4.31444  4.31444  2.20648  2.20648  2.17764  2.20139  4.28677  4.28896  4.34391  4.37203 
-1.3823 2.51327 1.08017  1.08017  1.08017  1.08017  -0.247571  -0.247571  4.13503  4.13503  4.13503  4.13503  2.28123  2.28123  2.25083  2.2731  4.10591  4.10898  4.16598  4.19778 
-1.25664 2.51327 0.905016  0.905016  0.905016  0.905016  -0.17459  -0.17459  3.95987  3.95987  3.95987  3.95987  2.35422  2.35422  2.32216  2.34233  3.92955  3.93358  3.99224  4.02804 
-1.13097 2.51327 0.736878  0.736878  0.736878  0.736878  -0.104532  -0.104532  3.79173  3.79173  3.79173  3.79173  2.42427  2.42427  2.39037  2.40781  3.76051  3.76559  3.82555  3.86565 
-1.00531 2.51327 0.578409  0.578409  0.578409  0.578409  -0.0385039  -0.0385039  3.63326  3.63326  3.63326  3.63326  2.4903  2.4903  2.45415  2.46826  3.60151  3.60772  3.66868  3.71334 
-0.879646 2.51327 0.432109  0.432109  0.432109  0.432109  0.0224544  0.0224544  3.48696  3.48696  3.48696  3.48696  2.55126  2.55126  2.51211  2.52248  3.45516  3.46255  3.52436  3.57371 
-0.753982 2.51327 0.300285  0.300285  0.300285  0.300285  0.0773812  0.0773812  3.35514  3.35514  3.35514  3.35514  2.60619  2.60619  2.56277  2.56936  3.32392  3.33251  3.3953  3.44908 
-0.628319 2.51327 0.185016  0.185016  0.185016  0.185016  0.12541  0.12541  3.23987  3.23987  3.23987  3.23987  2.65422  2.65422  2.60445  2.60801  3.21  3.21978  3.28424  3.34144 
-0.502655 2.51327 0.0881184  0.0881184  0.0881184  0.0881184  0.165784  0.165784  3.14297  3.14297  3.14297  3.14297  2.69459  2.69459  2.63535  2.63804  3.11523  3.12628  3.19404  3.25213 
-0.376991 2.51327 0.0111219  0.0111219  0.0111219  0.0111219  0.197866  0.197866  3.06598  3.06598  3.06598  3.06598  2.72667  2.72667  2.65404  2.65995  3.04081  3.05356  3.12735  3.18154 
-0.251327 2.51327 -0.0447598  -0.0447598  -0.0447598  -0.0447598  0.22115  0.22115  3.0101  3.0101  3.0101  3.0101  2.74995  2.74995  2.66057  2.67545  2.98724  3.00268  3.08555  3.12881 
-0.125664 2.51327 -0.0786452  -0.0786452  -0.0786452  -0.0786452  0.235269  0.235269  2.97621  2.97621  2.97621  2.97621  2.76407  2.76407  2.65747  2.6873  2.9547  2.97408  3.06732  3.09212 
0 2.51327 -0.09  -0.09  -0.09  -0.09  0.24  0.24  2.96486  2.96486  2.96486  2.96486  2.7688  2.7688  2.64873  2.69809  2.94348  2.96763  3.06922  3.06988 
0.125664 2.51327 -0.0786452  -0.0786452  -0.0786452  -0.0786452  0.235269  0.235269  2.97621  2.97621  2.97621  2.97621  2.76407  2.76407  2.63716  2.70834  2.95404  2.98254  3.06262  3.08829 
0.251327 2.51327 -0.0447598  -0.0447598  -0.0447598  -0.0447598  0.22115  0.22115  3.0101  3.0101  3.0101  3.0101  2.74995  2.74995  2.62312  2.71499  2.9866  3.01716  3.07479  3.12364 
0.376991 2.51327 0.0111219  0.0111219  0.0111219  0.0111219  0.197866  0.197866  3.06598  3.06598  3.06598  3.06598  2.72667  2.72667  2.60514  2.71237  3.04102  3.06875  3.11393  3.17604 
0.502655 2.51327 0.0881184  0.0881184  0.0881184  0.0881184  0.165784  0.165784  3.14297  3.14297  3.14297  3.14297  2.69459  2.69459  2.58132  2.69615  3.11667  3.13699  3.18331  3.24663 
0.628319 2.51327 0.185016  0.185016  0.185016  0.185016  0.12541  0.12541  3.23987  3.23987  3.23987  3.23987  2.65422  2.65422  2.55029  2.6659  3.21247  3.22539  3.27793  3.33593 
0.753982 2.51327 0.300285  0.300285  0.300285  0.300285  0.0773812  0.0773812  3.35514  3.35514  3.35514  3.35514  2.60619  2.60619  2.51155  2.62359  3.32695  3.33466  3.39269  3.44349 
0.879646 2.51327 0.432109  0.432109  0.432109  0.432109  0.0224544  0.0224544  3.48696  3.48696  3.48696  3.48696  2.55126  2.55126  2.46534  2.57155  3.4583  3.46279  3.5244  3.568 
1.00531 2.51327 0.578409  0.578409  0.578409  0.578409  -0.0385039  -0.0385039  3.63326  3.63326  3.63326  3.63326  2.4903  2.4903  2.41235  2.51174  3.60444  3.60706  3.67053  3.70755 
1.13097 2.51327 0.736878  0.736878  0.736878  0.736878  -0.104532  -0.104532  3.79173  3.79173  3.79173  3.79173  2.42427  2.42427  2.35359  2.44581  3.76303  3.76464  3.8286  3.85981 
1.25664 2.51327 0.905016  0.905016  0.905016  0.905016  -0.17459  -0.17459  3.95987  3.95987  3.95987  3.95987  2.35422  2.35422  2.29016  2.37521  3.93157  3.93269  3.99606  4.02223 
1.3823 2.51327 1.08017  1.08017  1.08017  1.08017  -0.247571  -0.247571  4.13503  4.13503  4.13503  4.13503  2.28123  2.28123  2.22328  2.30127  4.10737  4.10832  4.17026  4.19206 
1.50796 2.51327 1.25958  1.25958  1.25958  1.25958  -0.322326  -0.322326  4.31444  4.31444  4.31444  4.31444  2.20648  2.20648  2.15417  2.22531  4.28767  4.28863  4.34845  4.36648 
1.63363 2.51327 1.44042  1.44042  1.44042  1.44042  -0.397674  -0.397674  4.49527  4.49527  4.49527  4.49527  2.13113  2.13113  2.08409  2.14857  4.46962  4.47069  4.52781  4.54259 
1.75929 2.51327 1.61983  1.61983  1.61983  1.61983  -0.472429  -0.472429  4.67468  4.67468  4.67468  4.67468  2.05638  2.05638  2.01427  2.0723  4.65036  4.65158  4.70551  4.71748 
1.88496 2.51327 1.79498  1.79498  1.79498  1.79498  -0.54541  -0.54541  4.84984  4.84984  4.84984  4.84984  1.98339  1.98339  1.94593  1.99771  4.82705  4.82841  4.87875  4.8883 
2.01062 2.51327 1.96312  1.96312  1.96312  1.96312  -0.615468  -0.615468  5.01798  5.01798  5.01798  5.01798  1.91334  1.91334  1.88025  1.92597  4.99692  4.9984  5.04479  5.05225 
2.13628 2.51327 2.12159  2.12159  2.12159  2.12159  -0.681496  -0.681496  5.17645  5.17645  5.17645  5.17645  1.84731  1.84731  1.81835  1.8582  5.15732  5.15887  5.201  5.20667 
2.26195 2.51327 2.26789  2.26789  2.26789  2.26789  -0.742454  -0.742454  5.32275  5.32275  5.32275  5.32275  1.78635  1.78635  1.76129  1.79545  5.30573  5.30728  5.34491  5.34903 
2.38761 2.51327 2.39971  2.39971  2.39971  2.39971  -0.797381  -0.797381  5.45457  5.45457  5.45457  5.45457  1.73142  1.73142  1.71001  1.73868  5.43986  5.44131  5.47423  5.47704 
2.51327 2.51327 2.51498  2.51498  2.51498  2.51498  -0.84541  -0.84541  5.56984  5.56984  5.56984  5.56984  1.68339  1.68339  1.66541  1.68876  5.5576  5.55887  5.5869  5.58861 
2.63894 2.51327 2.61188  2.61188  2.61188  2.61188  -0.885784  -0.885784  5.66674  5.66674  5.66674  5.66674  1.64302  1.64302  1.62822  1.64647  5.65713  5.65811  5.68114  5.68193 
2.7646 2.51327 2.68888  2.68888  2.68888  2.68888  -0.917866  -0.917866  5.74373  5.74373  5.74373  5.74373  1.61094  1.61094  1.59908  1.61243  5.7369  5.73748  5.75545  5.75548 
2.89027 2.51327 2.74476  2.74476  2.74476  2.74476  -0.94115  -0.94115  5.79962  5.79962  5.79962  5.79962  1.58765  1.58765  1.57849  1.58715  5.79565  5.79573  5.8081  5.80865 
3.01593 2.51327 2.77865  2.77865  2.77865  2.77865  -0.955269  -0.955269  5.8335  5.8335  5.8335  5.8335  1.57354  1.57354  1.56681  1.57102  5.83187  5.83231  5.8391  5.83998 
-3.14159 2.63894 2.79  2.79  2.79  2.79  -0.96  -0.96  5.84486  5.84486  5.84486  5.84486  1.5688  1.5688  1.56425  1.56425  5.84486  5.84486  5.84941  5.84941 
-3.01593 2.63894 2.77865  2.77865  2.77865  2.77865  -0.955269  -0.955269  5.8335  5.8335  5.8335  5.8335  1.57354  1.57354  1.56734  1.57049  5.83158  5.83269  5.83863  5.84034 
-2.89027 2.63894 2.74476  2.74476  2.74476  2.74476  -0.94115  -0.94115  5.79962  5.79962  5.79962  5.79962  1.58765  1.58765  1.5798  1.58583  5.79502  5.79655  5.8068  5.80977 
-2.7646 2.63894 2.68888  2.68888  2.68888  2.68888  -0.917866  -0.917866  5.74373  5.74373  5.74373  5.74373  1.61094  1.61094  1.60144  1.61006  5.73644  5.73813  5.75324  5.7575 
-2.63894 2.63894 2.61188  2.61188  2.61188  2.61188  -0.885784  -0.885784  5.66674  5.66674  5.66674  5.66674  1.64302  1.64302  1.63189  1.64279  5.65684  5.65857  5.6786  5.68429 
-2.51327 2.63894 2.51498  2.51498  2.51498  2.51498  -0.84541  -0.84541  5.56984  5.56984  5.56984  5.56984  1.68339  1.68339  1.67066  1.6835  5.55748  5.55914  5.58405  5.59131 
-2.38761 2.63894 2.39971  2.39971  2.39971  2.39971  -0.797381  -0.797381  5.45457  5.45457  5.45457  5.45457  1.73142  1.73142  1.71711  1.73156  5.43989  5.4414  5.47107  5.48009 
-2.26195 2.63894 2.26789  2.26789  2.26789  2.26789  -0.742454  -0.742454  5.32275  5.32275  5.32275  5.32275  1.78635  1.78635  1.7705  1.7862  5.30592  5.30718  5.34146  5.35244 
-2.13628 2.63894 2.12159  2.12159  2.12159  2.12159  -0.681496  -0.681496  5.17645  5.17645  5.17645  5.17645  1.84731  1.84731  1.82997  1.84652  5.15764  5.15857  5.19728  5.21042 
-2.01062 2.63894 1.96312  1.96312  1.96312  1.96312  -0.615468  -0.615468  5.01798  5.01798  5.01798  5.01798  1.91334  1.91334  1.89457  1.91157  4.99738  4.99791  5.04082  5.05634 
-1.88496 2.63894 1.79498  1.79498  1.79498  1.79498  -0.54541  -0.54541  4.84984  4.84984  4.84984  4.84984  1.98339  1.98339  1.96326  1.98026  4.82765  4.82769  4.87459  4.89271 
-1.75929 2.63894 1.61983  1.61983  1.61983  1.61983  -0.472429  -0.472429  4.67468  4.67468  4.67468  4.67468  2.05638  2.05638  2.03493  2.05146  4.65059  4.65112  4.7012  4.72219 
-1.63363 2.63894 1.44042  1.44042  1.44042  1.44042  -0.397674  -0.397674  4.49527  4.49527  4.49527  4.49527  2.13113  2.13113  2.10841  2.12397  4.46939  4.47057  4.52344  4.54757 
-1.50796 2.63894 1.25958  1.25958  1.25958  1.25958  -0.322326  -0.322326  4.31444  4.31444  4.31444  4.31444  2.20648  2.20648  2.18252  2.19658  4.28695  4.28884  4.34413  4.37169 
-1.3823 2.63894 1.08017  1.08017  1.08017  1.08017  -0.247571  -0.247571  4.13503  4.13503  4.13503  4.13503  2.28123  2.28123  2.25602  2.268  4.10614  4.10883  4.16613  4.19745 
-1.25664 2.63894 0.905016  0.905016  0.905016  0.905016  -0.17459  -0.17459  3.95987  3.95987  3.95987  3.95987  2.35422  2.35422  2.32766  2.33696  3.92984  3.9334  3.99231  4.02774 
-1.13097 2.63894 0.736878  0.736878  0.736878  0.736878  -0.104532  -0.104532  3.79173  3.79173  3.79173  3.79173  2.42427  2.42427  2.39616  2.4022  3.76088  3.76535  3.82551  3.86538 
-1.00531 2.63894 0.578409  0.578409  0.578409  0.578409  -0.0385039  -0.0385039  3.63326  3.63326  3.63326  3.63326  2.4903  2.4903  2.4602  2.46246  3.602  3.60741  3.66848  3.71312 
-0.879646 2.63894 0.432109  0.432109  0.432109  0.432109  0.0224544  0.0224544  3.48696  3.48696  3.48696  3.48696  2.55126  2.55126  2.51653  2.51841  3.45582  3.46214  3.52396  3.57353 
-0.753982 2.63894 0.300285  0.300285  0.300285  0.300285  0.0773812  0.0773812  3.35514  3.35514  3.35514  3.35514  2.60619  2.60619  2.56332  2.56927  3.32482  3.33195  3.39463  3.44895 
-0.628319 2.63894 0.185016  0.185016  0.185016  0.185016  0.12541  0.12541  3.23987  3.23987  3.23987  3.23987  2.65422  2.65422  2.60198  2.61108  3.21123  3.21902  3.28327  3.34134 
-0.502655 2.63894 0.0881184  0.0881184  0.0881184  0.0881184  0.165784  0.165784  3.14297  3.14297  3.14297  3.14297  2.69459  2.69459  2.63216  2.64198  3.11685  3.12525  3.1928  3.25203 
-0.376991 2.63894 0.0111219  0.0111219  0.0111219  0.0111219  0.197866  0.197866  3.06598  3.06598  3.06598  3.06598  2.72667  2.72667  2.65437  2.66046  3.04283  3.05219  3.12603  3.18138 
-0.251327 2.63894 -0.0447598  -0.0447598  -0.0447598  -0.0447598  0.22115  0.22115  3.0101  3.0101  3.0101  3.0101  2.74995  2.74995  2.66657  2.67029  2.98948  3.00089  3.08449  3.12858 
-0.125664 2.63894 -0.0786452  -0.0786452  -0.0786452  -0.0786452  0.235269  0.235269  2.97621  2.97621  2.97621  2.97621  2.76407  2.76407  2.663  2.68256  2.95691  2.97184  3.0668  3.09188 
0 2.63894 -0.09  -0.09  -0.09  -0.09  0.24  0.24  2.96486  2.96486  2.96486  2.96486  2.7688  2.7688  2.65392  2.69366  2.94549  2.9649  3.06927  3.06979 
0.125664 2.63894 -0.0786452  -0.0786452  -0.0786452  -0.0786452  0.235269  0.235269  2.97621  2.97621  2.97621  2.97621  2.76407  2.76407  2.6422  2.70398  2.95575  2.97931  3.06299  3.08877 
0.251327 2.63894 -0.0447598  -0.0447598  -0.0447598  -0.0447598  0.22115  0.22115  3.0101  3.0101  3.0101  3.0101  2.74995  2.74995  2.62816  2.71042  2.988  3.01348  3.07585  3.12438 
0.376991 2.63894 0.0111219  0.0111219  0.0111219  0.0111219  0.197866  0.197866  3.06598  3.06598  3.06598  3.06598  2.72667  2.72667  2.61026  2.70746  3.04214  3.06519  3.11529  3.17691 
0.502655 2.63894 0.0881184  0.0881184  0.0881184  0.0881184  0.165784  0.165784  3.14297  3.14297  3.14297  3.14297  2.69459  2.69459  2.58653  2.69096  3.11755  3.13437  3.18411  3.24755 
0.628319 2.63894 0.185016  0.185016  0.185016  0.185016  0.12541  0.12541  3.23987  3.23987  3.23987  3.23987  2.65422  2.65422  2.55555  2.66058  3.21316  3.22367  3.27809  3.33686 
0.753982 2.63894 0.300285  0.300285  0.300285  0.300285  0.0773812  0.0773812  3.35514  3.35514  3.35514  3.35514  2.60619  2.60619  2.51681  2.61825  3.32749  3.33352  3.39245  3.44442 
0.879646 2.63894 0.432109  0.432109  0.432109  0.432109  0.0224544  0.0224544  3.48696  3.48696  3.48696  3.48696  2.55126  2.55126  2.47055  2.56626  3.45873  3.462  3.52393  3.56891 
1.00531 2.63894 0.578409  0.578409  0.578409  0.578409  -0.0385039  -0.0385039  3.63326  3.63326  3.63326  3.63326  2.4903  2.4903  2.41747  2.50656  3.60477  3.60649  3.66993  3.70843 
1.13097 2.63894 0.736878  0.736878  0.736878  0.736878  -0.104532  -0.104532  3.79173  3.79173  3.79173  3.79173  2.42427  2.42427  2.35857  2.44078  3.7633  3.76423  3.82793  3.86067 
1.25664 2.63894 0.905016  0.905016  0.905016  0.905016  -0.17459  -0.17459  3.95987  3.95987  3.95987  3.95987  2.35422  2.35422  2.29498  2.37036  3.93178  3.93238  3.99537  4.02305 
1.3823 2.63894 1.08017  1.08017  1.08017  1.08017  -0.247571  -0.247571  4.13503  4.13503  4.13503  4.13503  2.28123  2.28123  2.22791  2.29663  4.10754  4.10808  4.16957  4.19284 
1.50796 2.63894 1.25958  1.25958  1.25958  1.25958  -0.322326  -0.322326  4.31444  4.31444  4.31444  4.31444  2.20648  2.20648  2.15858  2.22089  4.28781  4.28845  4.34777  4.36721 
1.63363 2.63894 1.44042  1.44042  1.44042  1.44042  -0.397674  -0.397674  4.49527  4.49527  4.49527  4.49527  2.13113  2.13113  2.08825  2.1444  4.46973  4.47056  4.52715  4.54327 
1.75929 2.63894 1.61983  1.61983  1.61983  1.61983  -0.472429  -0.472429  4.67468  4.67468  4.67468  4.67468  2.05638  2.05638  2.01816  2.0684  4.65044  4.65148  4.70489  4.71812 
1.88496 2.63894 1.79498  1.79498  1.79498  1.79498  -0.54541  -0.54541  4.84984  4.84984  4.84984  4.84984  1.98339  1.98339  1.94954  1.9941  4.82711  4.82835  4.87817  4.88888 
2.01062 2.63894 1.96312  1.96312  1.96312  1.96312  -0.615468  -0.615468  5.01798  5.01798  5.01798  5.01798  1.91334  1.91334  1.88355  1.92267  4.99697  4.99836  5.04425  5.05278 
2.13628 2.63894 2.12159  2.12159  2.12159  2.12159  -0.681496  -0.681496  5.17645  5.17645  5.17645  5.17645  1.84731  1.84731  1.82133  1.85522  5.15735  5.15885  5.20051  5.20714 
2.26195 2.63894 2.26789  2.26789  2.26789  2.26789  -0.742454  -0.742454  5.32275  5.32275  5.32275  5.32275  1.78635  1.78635  1.76393  1.7928  5.30575  5.30728  5.34446  5.34946 
2.38761 2.63894 2.39971  2.39971  2.39971  2.39971  -0.797381  -0.797381  5.45457  5.45457  5.45457  5.45457  1.73142  1.73142  1.71231  1.73639  5.43985  5.44133  5.47383  5.47742 
2.51327 2.63894 2.51498  2.51498  2.51498  2.51498  -0.84541  -0.84541  5.56984  5.56984  5.56984  5.56984  1.68339  1.68339  1.66734  1.68683  5.55757  5.55891  5.58655  5.58894 
2.63894 2.63894 2.61188  2.61188  2.61188  2.61188  -0.885784  -0.885784  5.66674  5.66674  5.66674  5.66674  1.64302  1.64302  1.62978  1.64491  5.65708  5.65817  5.68084  5.68221 
2.7646 2.63894 2.68888  2.68888  2.68888  2.68888  -0.917866  -0.917866  5.74373  5.74373  5.74373  5.74373  1.61094  1.61094  1.60026  1.61125  5.73683  5.73755  5.7552  5.75572 
2.89027 2.63894 2.74476  2.74476  2.74476  2.74476  -0.94115  -0.94115  5.79962  5.79962  5.79962  5.79962  1.58765  1.58765  1.57928  1.58636  5.79557  5.79581  5.8083  5.80845 
3.01593 2.63894 2.77865  2.77865  2.77865  2.77865  -0.955269  -0.955269  5.8335  5.8335  5.8335  5.8335  1.57354  1.57354  1.5672  1.57062  5.83195  5.83221  5.83925  5.83984 
-3.14159 2.7646 2.79  2.79  2.79  2.79  -0.96  -0.96  5.84486  5.84486  5.84486  5.84486  1.5688  1.5688  1.56425  1.56425  5.84486  5.84486  5.84941  5.84941 
-3.01593 2.7646 2.77865  2.77865  2.77865  2.77865  -0.955269  -0.955269  5.8335  5.8335  5.8335  5.8335  1.57354  1.57354  1.56774  1.57008  5.83165  5.83259  5.83879  5.84022 
-2.89027 2.7646 2.74476  2.74476  2.74476  2.74476  -0.94115  -0.94115  5.79962  5.79962  5.79962  5.79962  1.58765  1.58765  1.58062  1.58502  5.79507  5.79645  5.807  5.80961 
-2.7646 2.7646 2.68888  2.68888  2.68888  2.68888  -0.917866  -0.917866  5.74373  5.74373  5.74373  5.74373  1.61094  1.61094  1.60266  1.60884  5.73648  5.73806  5.75347  5.7573 
-2.63894 2.7646 2.61188  2.61188  2.61188  2.61188  -0.885784  -0.885784  5.66674  5.66674  5.66674  5.66674  1.64302  1.64302  1.63351  1.64117  5.65686  5.65853  5.67886  5.68406 
-2.51327 2.7646 2.51498  2.51498  2.51498  2.51498  -0.84541  -0.84541  5.56984  5.56984  5.56984  5.56984  1.68339  1.68339  1.67268  1.68149  5.55748  5.55913  5.58432  5.59105 
-2.38761 2.7646 2.39971  2.39971  2.39971  2.39971  -0.797381  -0.797381  5.45457  5.45457  5.45457  5.45457  1.73142  1.73142  1.71952  1.72916  5.43988  5.44141  5.47136  5.47981 
-2.26195 2.7646 2.26789  2.26789  2.26789  2.26789  -0.742454  -0.742454  5.32275  5.32275  5.32275  5.32275  1.78635  1.78635  1.7733  1.78341  5.30589  5.30721  5.34176  5.35212 
-2.13628 2.7646 2.12159  2.12159  2.12159  2.12159  -0.681496  -0.681496  5.17645  5.17645  5.17645  5.17645  1.84731  1.84731  1.83315  1.84336  5.1576  5.15862  5.1976  5.21008 
-2.01062 2.7646 1.96312  1.96312  1.96312  1.96312  -0.615468  -0.615468  5.01798  5.01798  5.01798  5.01798  1.91334  1.91334  1.89812  1.90804  4.99732  4.99798  5.04115  5.05598 
-1.88496 2.7646 1.79498  1.79498  1.79498  1.79498  -0.54541  -0.54541  4.84984  4.84984  4.84984  4.84984  1.98339  1.98339  1.96716  1.97638  4.82758  4.82778  4.87491  4.89233 
-1.75929 2.7646 1.61983  1.61983  1.61983  1.61983  -0.472429  -0.472429  4.67468  4.67468  4.67468  4.67468  2.05638  2.05638  2.03918  2.04724  4.65071  4.65104  4.70153  4.7218 
-1.63363 2.7646 1.44042  1.44042  1.44042  1.44042  -0.397674  -0.397674  4.49527  4.49527  4.49527  4.49527  2.13113  2.13113  2.113  2.11944  4.46954  4.47047  4.52374  4.54717 
-1.50796 2.7646 1.25958  1.25958  1.25958  1.25958  -0.322326  -0.322326  4.31444  4.31444  4.31444  4.31444  2.20648  2.20648  2.18743  2.19173  4.28713  4.28872  4.34439  4.37129 
-1.3823 2.7646 1.08017  1.08017  1.08017  1.08017  -0.247571  -0.247571  4.13503  4.13503  4.13503  4.13503  2.28123  2.28123  2.26124  2.26287  4.10637  4.10868  4.16634  4.19706 
-1.25664 2.7646 0.905016  0.905016  0.905016  0.905016  -0.17459  -0.17459  3.95987  3.95987  3.95987  3.95987  2.35422  2.35422  2.33158  2.33317  3.93014  3.93321  3.99245  4.02736 
-1.13097 2.7646 0.736878  0.736878  0.736878  0.736878  -0.104532  -0.104532  3.79173  3.79173  3.79173  3.79173  2.42427  2.42427  2.39658  2.40195  3.76127  3.76511  3.82554  3.86503 
-1.00531 2.7646 0.578409  0.578409  0.578409  0.578409  -0.0385039  -0.0385039  3.63326  3.63326  3.63326  3.63326  2.4903  2.4903  2.45664  2.46626  3.60251  3.60709  3.66836  3.71281 
-0.879646 2.7646 0.432109  0.432109  0.432109  0.432109  0.0224544  0.0224544  3.48696  3.48696  3.48696  3.48696  2.55126  2.55126  2.51056  2.5247  3.45652  3.46172  3.52363  3.57326 
-0.753982 2.7646 0.300285  0.300285  0.300285  0.300285  0.0773812  0.0773812  3.35514  3.35514  3.35514  3.35514  2.60619  2.60619  2.55728  2.57575  3.32577  3.33138  3.39404  3.44871 
-0.628319 2.7646 0.185016  0.185016  0.185016  0.185016  0.12541  0.12541  3.23987  3.23987  3.23987  3.23987  2.65422  2.65422  2.59596  2.61768  3.21254  3.21826  3.28236  3.34113 
-0.502655 2.7646 0.0881184  0.0881184  0.0881184  0.0881184  0.165784  0.165784  3.14297  3.14297  3.14297  3.14297  2.69459  2.69459  2.62628  2.64856  3.11861  3.12423  3.19158  3.25181 
-0.376991 2.7646 0.0111219  0.0111219  0.0111219  0.0111219  0.197866  0.197866  3.06598  3.06598  3.06598  3.06598  2.72667  2.72667  2.64875  2.66682  3.04501  3.05084  3.1247  3.18112 
-0.251327 2.7646 -0.0447598  -0.0447598  -0.0447598  -0.0447598  0.22115  0.22115  3.0101  3.0101  3.0101  3.0101  2.74995  2.74995  2.66505  2.67252  2.99189  2.99913  3.08342  3.12827 
-0.125664 2.7646 -0.0786452  -0.0786452  -0.0786452  -0.0786452  0.235269  0.235269  2.97621  2.97621  2.97621  2.97621  2.76407  2.76407  2.6685  2.67772  2.95927  2.96963  3.06628  3.09159 
0 2.7646 -0.09  -0.09  -0.09  -0.09  0.24  0.24  2.96486  2.96486  2.96486  2.96486  2.7688  2.7688  2.65911  2.68908  2.9476  2.96222  3.06932  3.06971 
0.125664 2.7646 -0.0786452  -0.0786452  -0.0786452  -0.0786452  0.235269  0.235269  2.97621  2.97621  2.97621  2.97621  2.76407  2.76407  2.64729  2.6994  2.95753  2.97614  3.0634  3.08923 
0.251327 2.7646 -0.0447598  -0.0447598  -0.0447598  -0.0447598  0.22115  0.22115  3.0101  3.0101  3.0101  3.0101  2.74995  2.74995  2.6333  2.70559  2.98946  3.00993  3.07693  3.12508 
0.376991 2.7646 0.0111219  0.0111219  0.0111219  0.0111219  0.197866  0.197866  3.06598  3.06598  3.06598  3.06598  2.72667  2.72667  2.61553  2.70227  3.04329  3.06179  3.11665  3.17772 
0.502655 2.7646 0.0881184  0.0881184  0.0881184  0.0881184  0.165784  0.165784  3.14297  3.14297  3.14297  3.14297  2.69459  2.69459  2.5919  2.6855  3.11845  3.13181  3.18501  3.2484 
0.628319 2.7646 0.185016  0.185016  0.185016  0.185016  0.12541  0.12541  3.23987  3.23987  3.23987  3.23987  2.65422  2.65422  2.56098  2.655  3.21386  3.22195  3.2784  3.33773 
0.753982 2.7646 0.300285  0.300285  0.300285  0.300285  0.0773812  0.0773812  3.35514  3.35514  3.35514  3.35514  2.60619  2.60619  2.52225  2.61268  3.32804  3.33236  3.39234  3.44528 
0.879646 2.7646 0.432109  0.432109  0.432109  0.432109  0.0224544  0.0224544  3.48696  3.48696  3.48696  3.48696  2.55126  2.55126  2.47593  2.56077  3.45915  3.4612  3.52357  3.56976 
1.00531 2.7646 0.578409  0.578409  0.578409  0.578409  -0.0385039  -0.0385039  3.63326  3.63326  3.63326  3.63326  2.4903  2.4903  2.42275  2.5012  3.60511  3.60592  3.66942  3.70926 
1.13097 2.7646 0.736878  0.736878  0.736878  0.736878  -0.104532  -0.104532  3.79173  3.79173  3.79173  3.79173  2.42427  2.42427  2.36371  2.43558  3.76357  3.7638  3.82734  3.86147 
1.25664 2.7646 0.905016  0.905016  0.905016  0.905016  -0.17459  -0.17459  3.95987  3.95987  3.95987  3.95987  2.35422  2.35422  2.29995  2.36535  3.93199  3.93206  3.99474  4.02382 
1.3823 2.7646 1.08017  1.08017  1.08017  1.08017  -0.247571  -0.247571  4.13503  4.13503  4.13503  4.13503  2.28123  2.28123  2.23266  2.29184  4.10771  4.10784  4.16893  4.19358 
1.50796 2.7646 1.25958  1.25958  1.25958  1.25958  -0.322326  -0.322326  4.31444  4.31444  4.31444  4.31444  2.20648  2.20648  2.1631  2.21634  4.28794  4.28827  4.34713  4.36792 
1.63363 2.7646 1.44042  1.44042  1.44042  1.44042  -0.397674  -0.397674  4.49527  4.49527  4.49527  4.49527  2.13113  2.13113  2.09252  2.14012  4.46984  4.47042  4.52654  4.54393 
1.75929 2.7646 1.61983  1.61983  1.61983  1.61983  -0.472429  -0.472429  4.67468  4.67468  4.67468  4.67468  2.05638  2.05638  2.02215  2.0644  4.65053  4.65138  4.7043  4.71873 
1.88496 2.7646 1.79498  1.79498  1.79498  1.79498  -0.54541  -0.54541  4.84984  4.84984  4.84984  4.84984  1.98339  1.98339  1.95323  1.9904  4.82718  4.82828  4.87761  4.88945 
2.01062 2.7646 1.96312  1.96312  1.96312  1.96312  -0.615468  -0.615468  5.01798  5.01798  5.01798  5.01798  1.91334  1.91334  1.88693  1.91929  4.99702  4.99832  5.04373  5.0533 
2.13628 2.7646 2.12159  2.12159  2.12159  2.12159  -0.681496  -0.681496  5.17645  5.17645  5.17645  5.17645  1.84731  1.84731  1.82438  1.85217  5.15738  5.15883  5.20003  5.20761 
2.26195 2.7646 2.26789  2.26789  2.26789  2.26789  -0.742454  -0.742454  5.32275  5.32275  5.32275  5.32275  1.78635  1.78635  1.76663  1.7901  5.30576  5.30728  5.34403  5.34988 
2.38761 2.7646 2.39971  2.39971  2.39971  2.39971  -0.797381  -0.797381  5.45457  5.45457  5.45457  5.45457  1.73142  1.73142  1.71465  1.73405  5.43985  5.44135  5.47344  5.47779 
2.51327 2.7646 2.51498  2.51498  2.51498  2.51498  -0.84541  -0.84541  5.56984  5.56984  5.56984  5.56984  1.68339  1.68339  1.66931  1.68486  5.55755  5.55895  5.58621  5.58927 
2.63894 2.7646 2.61188  2.61188  2.61188  2.61188  -0.885784  -0.885784  5.66674  5.66674  5.66674  5.66674  1.64302  1.64302  1.63137  1.64332  5.65704  5.65822  5.68055  5.6825 
2.7646 2.7646 2.68888  2.68888  2.68888  2.68888  -0.917866  -0.917866  5.74373  5.74373  5.74373  5.74373  1.61094  1.61094  1.60146  1.61005  5.73677  5.73763  5.75495  5.75596 
2.89027 2.7646 2.74476  2.74476  2.74476  2.74476  -0.94115  -0.94115  5.79962  5.79962  5.79962  5.79962  1.58765  1.58765  1.58008  1.58556  5.79549  5.7959  5.80825  5.8085 
3.01593 2.7646 2.77865  2.77865  2.77865  2.77865  -0.955269  -0.955269  5.8335  5.8335  5.8335  5.8335  1.57354  1.57354  1.56761  1.57022  5.83203  5.83212  5.8394  5.8397 
-3.14159 2.89027 2.79  2.79  2.79  2.79  -0.96  -0.96  5.84486  5.84486  5.84486  5.84486  1.5688  1.5688  1.56425  1.56425  5.84486  5.84486  5.84941  5.84941 
-3.01593 2.89027 2.77865  2.77865  2.77865  2.77865  -0.955269  -0.955269  5.8335  5.8335  5.8335  5.8335  1.57354  1.57354  1.56815  1.56967  5.83172  5.83249  5.83895  5.84009 
-2.89027 2.89027 2.74476  2.74476  2.74476  2.74476  -0.94115  -0.94115  5.79962  5.79962  5.79962  5.79962  1.58765  1.58765  1.58144  1.5842  5.79513  5.79636  5.80721  5.80943 
-2.7646 2.89027 2.68888  2.68888  2.68888  2.68888  -0.917866  -0.917866  5.74373  5.74373  5.74373  5.74373  1.61094  1.61094  1.60389  1.60761  5.73652  5.73799  5.7537  5.75709 
-2.63894 2.89027 2.61188  2.61188  2.61188  2.61188  -0.885784  -0.885784  5.66674  5.66674  5.66674  5.66674  1.64302  1.64302  1.63515  1.63953  5.65688  5.65849  5.67912  5.68382 
-2.51327 2.89027 2.51498  2.51498  2.51498  2.51498  -0.84541  -0.84541  5.56984  5.56984  5.56984  5.56984  1.68339  1.68339  1.67471  1.67945  5.55749  5.5591  5.58461  5.59078 
-2.38761 2.89027 2.39971  2.39971  2.39971  2.39971  -0.797381  -0.797381  5.45457  5.45457  5.45457  5.45457  1.73142  1.73142  1.72195  1.72673  5.43987  5.44141  5.47167  5.4795 
-2.26195 2.89027 2.26789  2.26789  2.26789  2.26789  -0.742454  -0.742454  5.32275  5.32275  5.32275  5.32275  1.78635  1.78635  1.77612  1.7806  5.30586  5.30723  5.34209  5.35179 
-2.13628 2.89027 2.12159  2.12159  2.12159  2.12159  -0.681496  -0.681496  5.17645  5.17645  5.17645  5.17645  1.84731  1.84731  1.83634  1.84018  5.15756  5.15867  5.19795  5.20971 
-2.01062 2.89027 1.96312  1.96312  1.96312  1.96312  -0.615468  -0.615468  5.01798  5.01798  5.01798  5.01798  1.91334  1.91334  1.90168  1.90449  4.99727  4.99804  5.04151  5.05559 
-1.88496 2.89027 1.79498  1.79498  1.79498  1.79498  -0.54541  -0.54541  4.84984  4.84984  4.84984  4.84984  1.98339  1.98339  1.97108  1.97248  4.82752  4.82787  4.87528  4.89192 
-1.75929 2.89027 1.61983  1.61983  1.61983  1.61983  -0.472429  -0.472429  4.67468  4.67468  4.67468  4.67468  2.05638  2.05638  2.04301  2.04344  4.65083  4.65095  4.70189  4.72137 
-1.63363 2.89027 1.44042  1.44042  1.44042  1.44042  -0.397674  -0.397674  4.49527  4.49527  4.49527  4.49527  2.13113  2.13113  2.11488  2.1176  4.46969  4.47037  4.52409  4.54673 
-1.50796 2.89027 1.25958  1.25958  1.25958  1.25958  -0.322326  -0.322326  4.31444  4.31444  4.31444  4.31444  2.20648  2.20648  2.18688  2.19235  4.28732  4.2886  4.34472  4.37084 
-1.3823 2.89027 1.08017  1.08017  1.08017  1.08017  -0.247571  -0.247571  4.13503  4.13503  4.13503  4.13503  2.28123  2.28123  2.25774  2.26646  4.10661  4.10853  4.16662  4.19661 
-1.25664 2.89027 0.905016  0.905016  0.905016  0.905016  -0.17459  -0.17459  3.95987  3.95987  3.95987  3.95987  2.35422  2.35422  2.32619  2.33868  3.93045  3.93301  3.99266  4.02692 
-1.13097 2.89027 0.736878  0.736878  0.736878  0.736878  -0.104532  -0.104532  3.79173  3.79173  3.79173  3.79173  2.42427  2.42427  2.39097  2.40773  3.76167  3.76486  3.82564  3.86461 
-1.00531 2.89027 0.578409  0.578409  0.578409  0.578409  -0.0385039  -0.0385039  3.63326  3.63326  3.63326  3.63326  2.4903  2.4903  2.45084  2.47229  3.60305  3.60677  3.66832  3.71241 
-0.879646 2.89027 0.432109  0.432109  0.432109  0.432109  0.0224544  0.0224544  3.48696  3.48696  3.48696  3.48696  2.55126  2.55126  2.50462  2.53095  3.45724  3.46129  3.52338  3.57289 
-0.753982 2.89027 0.300285  0.300285  0.300285  0.300285  0.0773812  0.0773812  3.35514  3.35514  3.35514  3.35514  2.60619  2.60619  2.55126  2.58219  3.32678  3.33082  3.39352  3.44837 
-0.628319 2.89027 0.185016  0.185016  0.185016  0.185016  0.12541  0.12541  3.23987  3.23987  3.23987  3.23987  2.65422  2.65422  2.58995  2.62422  3.21393  3.21751  3.2815  3.3408 
-0.502655 2.89027 0.0881184  0.0881184  0.0881184  0.0881184  0.165784  0.165784  3.14297  3.14297  3.14297  3.14297  2.69459  2.69459  2.6204  2.65507  3.1205  3.12323  3.19039  3.25148 
-0.376991 2.89027 0.0111219  0.0111219  0.0111219  0.0111219  0.197866  0.197866  3.06598  3.06598  3.06598  3.06598  2.72667  2.72667  2.64313  2.67311  3.04737  3.04951  3.12337  3.18076 
-0.251327 2.89027 -0.0447598  -0.0447598  -0.0447598  -0.0447598  0.22115  0.22115  3.0101  3.0101  3.0101  3.0101  2.74995  2.74995  2.65976  2.6784  2.99448  2.99742  3.08235  3.12789 
-0.125664 2.89027 -0.0786452  -0.0786452  -0.0786452  -0.0786452  0.235269  0.235269  2.97621  2.97621  2.97621  2.97621  2.76407  2.76407  2.67277  2.67395  2.96177  2.96747  3.06576  3.09126 
0 2.89027 -0.09  -0.09  -0.09  -0.09  0.24  0.24  2.96486  2.96486  2.96486  2.96486  2.7688  2.7688  2.66429  2.68434  2.94982  2.95958  3.06937  3.06963 
0.125664 2.89027 -0.0786452  -0.0786452  -0.0786452  -0.0786452  0.235269  0.235269  2.97621  2.97621  2.97621  2.97621  2.76407  2.76407  2.65242  2.69462  2.95939  2.97305  3.06383  3.08968 
0.251327 2.89027 -0.0447598  -0.0447598  -0.0447598  -0.0447598  0.22115  0.22115  3.0101  3.0101  3.0101  3.0101  2.74995  2.74995  2.63853  2.70053  2.99096  3.00652  3.07801  3.12574 
0.376991 2.89027 0.0111219  0.0111219  0.0111219  0.0111219  0.197866  0.197866  3.06598  3.06598  3.06598  3.06598  2.72667  2.72667  2.6209  2.69684  3.04448  3.05856  3.11801  3.17847 
0.502655 2.89027 0.0881184  0.0881184  0.0881184  0.0881184  0.165784  0.165784  3.14297  3.14297  3.14297  3.14297  2.69459  2.69459  2.59741  2.6798  3.11938  3.12932  3.18599  3.24918 
0.628319 2.89027 0.185016  0.185016  0.185016  0.185016  0.12541  0.12541  3.23987  3.23987  3.23987  3.23987  2.65422  2.65422  2.56656  2.64919  3.21458  3.22024  3.27883  3.33852 
0.753982 2.89027 0.300285  0.300285  0.300285  0.300285  0.0773812  0.0773812  3.35514  3.35514  3.35514  3.35514  2.60619  2.60619  2.52783  2.60689  3.32859  3.3312  3.39236  3.44606 
0.879646 2.89027 0.432109  0.432109  0.432109  0.432109  0.0224544  0.0224544  3.48696  3.48696  3.48696  3.48696  2.55126  2.55126  2.48146  2.55508  3.45958  3.46039  3.52333  3.57054 
1.00531 2.89027 0.578409  0.578409  0.578409  0.578409  -0.0385039  -0.0385039  3.63326  3.63326  3.63326  3.63326  2.4903  2.4903  2.42817  2.49566  3.60533  3.60545  3.66902  3.71003 
1.13097 2.89027 0.736878  0.736878  0.736878  0.736878  -0.104532  -0.104532  3.79173  3.79173  3.79173  3.79173  2.42427  2.42427  2.36899  2.43023  3.76337  3.76383  3.82684  3.86222 
1.25664 2.89027 0.905016  0.905016  0.905016  0.905016  -0.17459  -0.17459  3.95987  3.95987  3.95987  3.95987  2.35422  2.35422  2.30503  2.36021  3.93173  3.9322  3.99418  4.02455 
1.3823 2.89027 1.08017  1.08017  1.08017  1.08017  -0.247571  -0.247571  4.13503  4.13503  4.13503  4.13503  2.28123  2.28123  2.23753  2.28693  4.1076  4.10788  4.16834  4.19428 
1.50796 2.89027 1.25958  1.25958  1.25958  1.25958  -0.322326  -0.322326  4.31444  4.31444  4.31444  4.31444  2.20648  2.20648  2.16773  2.21169  4.28808  4.28808  4.34655  4.36858 
1.63363 2.89027 1.44042  1.44042  1.44042  1.44042  -0.397674  -0.397674  4.49527  4.49527  4.49527  4.49527  2.13113  2.13113  2.09688  2.13574  4.46995  4.47028  4.52596  4.54456 
1.75929 2.89027 1.61983  1.61983  1.61983  1.61983  -0.472429  -0.472429  4.67468  4.67468  4.67468  4.67468  2.05638  2.05638  2.02623  2.06032  4.65062  4.65127  4.70374  4.71932 
1.88496 2.89027 1.79498  1.79498  1.79498  1.79498  -0.54541  -0.54541  4.84984  4.84984  4.84984  4.84984  1.98339  1.98339  1.957  1.98663  4.82725  4.8282  4.87708  4.88999 
2.01062 2.89027 1.96312  1.96312  1.96312  1.96312  -0.615468  -0.615468  5.01798  5.01798  5.01798  5.01798  1.91334  1.91334  1.89037  1.91584  4.99706  4.99827  5.04324  5.05379 
2.13628 2.89027 2.12159  2.12159  2.12159  2.12159  -0.681496  -0.681496  5.17645  5.17645  5.17645  5.17645  1.84731  1.84731  1.82748  1.84907  5.15741  5.1588  5.19957  5.20806 
2.26195 2.89027 2.26789  2.26789  2.26789  2.26789  -0.742454  -0.742454  5.32275  5.32275  5.32275  5.32275  1.78635  1.78635  1.76938  1.78736  5.30578  5.30728  5.34361  5.35029 
2.38761 2.89027 2.39971  2.39971  2.39971  2.39971  -0.797381  -0.797381  5.45457  5.45457  5.45457  5.45457  1.73142  1.73142  1.71703  1.73167  5.43985  5.44137  5.47306  5.47815 
2.51327 2.89027 2.51498  2.51498  2.51498  2.51498  -0.84541  -0.84541  5.56984  5.56984  5.56984  5.56984  1.68339  1.68339  1.67131  1.68286  5.55753  5.55898  5.58587  5.58959 
2.63894 2.89027 2.61188  2.61188  2.61188  2.61188  -0.885784  -0.885784  5.66674  5.66674  5.66674  5.66674  1.64302  1.64302  1.63298  1.64171  5.657  5.65828  5.68025  5.68277 
2.7646 2.89027 2.68888  2.68888  2.68888  2.68888  -0.917866  -0.917866  5.74373  5.74373  5.74373  5.74373  1.61094  1.61094  1.60267  1.60883  5.73672  5.7377  5.75469  5.7562 
2.89027 2.89027 2.74476  2.74476  2.74476  2.74476  -0.94115  -0.94115  5.79962  5.79962  5.79962  5.79962  1.58765  1.58765  1.5809  1.58474  5.79541  5.79599  5.80804  5.80869 
3.01593 2.89027 2.77865  2.77865  2.77865  2.77865  -0.955269  -0.955269  5.8335  5.8335  5.8335  5.8335  1.57354  1.57354  1.56802  1.56981  5.83203  5.83212  5.83954  5.83956 
-3.14159 3.01593 2.79  2.79  2.79  2.79  -0.96  -0.96  5.84486  5.84486  5.84486  5.84486  1.5688  1.5688  1.56425  1.56425  5.84486  5.84486  5.84941  5.84941 
-3.01593 3.01593 2.77865  2.77865  2.77865  2.77865  -0.955269  -0.955269  5.8335  5.8335  5.8335  5.8335  1.57354  1.57354  1.56857  1.56926  5.83179  5.83239  5.83911  5.83996 
-2.89027 3.01593 2.74476  2.74476  2.74476  2.74476  -0.94115  -0.94115  5.79962  5.79962  5.79962  5.79962  1.58765  1.58765  1.58226  1.58338  5.7952  5.79626  5.80742  5.80926 
-2.7646 3.01593 2.68888  2.68888  2.68888  2.68888  -0.917866  -0.917866  5.74373  5.74373  5.74373  5.74373  1.61094  1.61094  1.60513  1.60638  5.73656  5.73792  5.75395  5.75688 
-2.63894 3.01593 2.61188  2.61188  2.61188  2.61188  -0.885784  -0.885784  5.66674  5.66674  5.66674  5.66674  1.64302  1.64302  1.63679  1.63789  5.65691  5.65844  5.67939  5.68357 
-2.51327 3.01593 2.51498  2.51498  2.51498  2.51498  -0.84541  -0.84541  5.56984  5.56984  5.56984  5.56984  1.68339  1.68339  1.67676  1.67741  5.55749  5.55908  5.58491  5.5905 
-2.38761 3.01593 2.39971  2.39971  2.39971  2.39971  -0.797381  -0.797381  5.45457  5.45457  5.45457  5.45457  1.73142  1.73142  1.7243  1.72439  5.43986  5.4414  5.472  5.47918 
-2.26195 3.01593 2.26789  2.26789  2.26789  2.26789  -0.742454  -0.742454  5.32275  5.32275  5.32275  5.32275  1.78635  1.78635  1.77778  1.77894  5.30584  5.30725  5.34245  5.35143 
-2.13628 3.01593 2.12159  2.12159  2.12159  2.12159  -0.681496  -0.681496  5.17645  5.17645  5.17645  5.17645  1.84731  1.84731  1.83698  1.83955  5.15752  5.15871  5.19832  5.20933 
-2.01062 3.01593 1.96312  1.96312  1.96312  1.96312  -0.615468  -0.615468  5.01798  5.01798  5.01798  5.01798  1.91334  1.91334  1.90094  1.90525  4.99722  4.9981  5.0419  5.05517 
-1.88496 3.01593 1.79498  1.79498  1.79498  1.79498  -0.54541  -0.54541  4.84984  4.84984  4.84984  4.84984  1.98339  1.98339  1.96858  1.97501  4.82745  4.82796  4.87568  4.89148 
-1.75929 3.01593 1.61983  1.61983  1.61983  1.61983  -0.472429  -0.472429  4.67468  4.67468  4.67468  4.67468  2.05638  2.05638  2.03877  2.04771  4.65087  4.65094  4.70229  4.72091 
-1.63363 3.01593 1.44042  1.44042  1.44042  1.44042  -0.397674  -0.397674  4.49527  4.49527  4.49527  4.49527  2.13113  2.13113  2.11033  2.12219  4.46984  4.47026  4.52449  4.54624 
-1.50796 3.01593 1.25958  1.25958  1.25958  1.25958  -0.322326  -0.322326  4.31444  4.31444  4.31444  4.31444  2.20648  2.20648  2.18203  2.19726  4.28751  4.28847  4.34509  4.37034 
-1.3823 3.01593 1.08017  1.08017  1.08017  1.08017  -0.247571  -0.247571  4.13503  4.13503  4.13503  4.13503  2.28123  2.28123  2.25262  2.27166  4.10686  4.10837  4.16696  4.19611 
-1.25664 3.01593 0.905016  0.905016  0.905016  0.905016  -0.17459  -0.17459  3.95987  3.95987  3.95987  3.95987  2.35422  2.35422  2.32082  2.34416  3.93076  3.93282  3.99293  4.02642 
-1.13097 3.01593 0.736878  0.736878  0.736878  0.736878  -0.104532  -0.104532  3.79173  3.79173  3.79173  3.79173  2.42427  2.42427  2.38538  2.41347  3.76209  3.76461  3.82582  3.86411 
-1.00531 3.01593 0.578409  0.578409  0.578409  0.578409  -0.0385039  -0.0385039  3.63326  3.63326  3.63326  3.63326  2.4903  2.4903  2.44507  2.47827  3.6036  3.60644  3.66836  3.71193 
-0.879646 3.01593 0.432109  0.432109  0.432109  0.432109  0.0224544  0.0224544  3.48696  3.48696  3.48696  3.48696  2.55126  2.55126  2.49871  2.53714  3.458  3.46087  3.52323  3.57242 
-0.753982 3.01593 0.300285  0.300285  0.300285  0.300285  0.0773812  0.0773812  3.35514  3.35514  3.35514  3.35514  2.60619  2.60619  2.54528  2.58855  3.32783  3.33026  3.39308  3.44793 
-0.628319 3.01593 0.185016  0.185016  0.185016  0.185016  0.12541  0.12541  3.23987  3.23987  3.23987  3.23987  2.65422  2.65422  2.58399  2.63067  3.21541  3.21676  3.28071  3.34037 
-0.502655 3.01593 0.0881184  0.0881184  0.0881184  0.0881184  0.165784  0.165784  3.14297  3.14297  3.14297  3.14297  2.69459  2.69459  2.61455  2.66148  3.12224  3.12252  3.18923  3.25104 
-0.376991 3.01593 0.0111219  0.0111219  0.0111219  0.0111219  0.197866  0.197866  3.06598  3.06598  3.06598  3.06598  2.72667  2.72667  2.63751  2.67928  3.04821  3.0499  3.12204  3.18031 
-0.251327 3.01593 -0.0447598  -0.0447598  -0.0447598  -0.0447598  0.22115  0.22115  3.0101  3.0101  3.0101  3.0101  2.74995  2.74995  2.65445  2.68416  2.99574  2.99724  3.08127  3.12744 
-0.125664 3.01593 -0.0786452  -0.0786452  -0.0786452  -0.0786452  0.235269  0.235269  2.97621  2.97621  2.97621  2.97621  2.76407  2.76407  2.66775  2.67931  2.96441  2.96536  3.06526  3.09091 
0 3.01593 -0.09  -0.09  -0.09  -0.09  0.24  0.24  2.96486  2.96486  2.96486  2.96486  2.7688  2.7688  2.66942  2.67947  2.95213  2.95702  3.06943  3.06956 
0.125664 3.01593 -0.0786452  -0.0786452  -0.0786452  -0.0786452  0.235269  0.235269  2.97621  2.97621  2.97621  2.97621  2.76407  2.76407  2.65755  2.68967  2.96131  2.97005  3.06429  3.09011 
0.251327 3.01593 -0.0447598  -0.0447598  -0.0447598  -0.0447598  0.22115  0.22115  3.0101  3.0101  3.0101  3.0101  2.74995  2.74995  2.64381  2.69526  2.99251  3.00326  3.0791  3.12636 
0.376991 3.01593 0.0111219  0.0111219  0.0111219  0.0111219  0.197866  0.197866  3.06598  3.06598  3.06598  3.06598  2.72667  2.72667  2.62637  2.69118  3.04569  3.0555  3.11936  3.17916 
0.502655 3.01593 0.0881184  0.0881184  0.0881184  0.0881184  0.165784  0.165784  3.14297  3.14297  3.14297  3.14297  2.69459  2.69459  2.60303  2.67387  3.12031  3.12694  3.18702  3.24989 
0.628319 3.01593 0.185016  0.185016  0.185016  0.185016  0.12541  0.12541  3.23987  3.23987  3.23987  3.23987  2.65422  2.65422  2.57227  2.64318  3.2153  3.21858  3.27936  3.33922 
0.753982 3.01593 0.300285  0.300285  0.300285  0.300285  0.0773812  0.0773812  3.35514  3.35514  3.35514  3.35514  2.60619  2.60619  2.53355  2.60093  3.32914  3.33005  3.39249  3.44677 
0.879646 3.01593 0.432109  0.432109  0.432109  0.432109  0.0224544  0.0224544  3.48696  3.48696  3.48696  3.48696  2.55126  2.55126  2.48711  2.54924  3.45958  3.46001  3.52319  3.57125 
1.00531 3.01593 0.578409  0.578409  0.578409  0.578409  -0.0385039  -0.0385039  3.63326  3.63326  3.63326  3.63326  2.4903  2.4903  2.43371  2.48998  3.60475  3.60578  3.6687  3.71073 
1.13097 3.01593 0.736878  0.736878  0.736878  0.736878  -0.104532  -0.104532  3.79173  3.79173  3.79173  3.79173  2.42427  2.42427  2.37437  2.42474  3.76294  3.76409  3.82642  3.86292 
1.25664 3.01593 0.905016  0.905016  0.905016  0.905016  -0.17459  -0.17459  3.95987  3.95987  3.95987  3.95987  2.35422  2.35422  2.31022  2.35495  3.93141  3.93241  3.9937  4.02523 
1.3823 3.01593 1.08017  1.08017  1.08017  1.08017  -0.247571  -0.247571  4.13503  4.13503  4.13503  4.13503  2.28123  2.28123  2.24249  2.28192  4.10735  4.10805  4.16782  4.19494 
1.50796 3.01593 1.25958  1.25958  1.25958  1.25958  -0.322326  -0.322326  4.31444  4.31444  4.31444  4.31444  2.20648  2.20648  2.17244  2.20694  4.28789  4.28821  4.34601  4.36921 
1.63363 3.01593 1.44042  1.44042  1.44042  1.44042  -0.397674  -0.397674  4.49527  4.49527  4.49527  4.49527  2.13113  2.13113  2.10131  2.13128  4.47005  4.47013  4.52542  4.54515 
1.75929 3.01593 1.61983  1.61983  1.61983  1.61983  -0.472429  -0.472429  4.67468  4.67468  4.67468  4.67468  2.05638  2.05638  2.03037  2.05616  4.6507  4.65117  4.70322  4.71988 
1.88496 3.01593 1.79498  1.79498  1.79498  1.79498  -0.54541  -0.54541  4.84984  4.84984  4.84984  4.84984  1.98339  1.98339  1.96082  1.98279  4.82731  4.82813  4.87659  4.89051 
2.01062 3.01593 1.96312  1.96312  1.96312  1.96312  -0.615468  -0.615468  5.01798  5.01798  5.01798  5.01798  1.91334  1.91334  1.89386  1.91234  4.99711  4.99822  5.04277  5.05428 
2.13628 3.01593 2.12159  2.12159  2.12159  2.12159  -0.681496  -0.681496  5.17645  5.17645  5.17645  5.17645  1.84731  1.84731  1.83062  1.84592  5.15744  5.15877  5.19913  5.2085 
2.26195 3.01593 2.26789  2.26789  2.26789  2.26789  -0.742454  -0.742454  5.32275  5.32275  5.32275  5.32275  1.78635  1.78635  1.77216  1.78457  5.30579  5.30727  5.34321  5.35068 
2.38761 3.01593 2.39971  2.39971  2.39971  2.39971  -0.797381  -0.797381  5.45457  5.45457  5.45457  5.45457  1.73142  1.73142  1.71944  1.72926  5.43985  5.44138  5.4727  5.47851 
2.51327 3.01593 2.51498  2.51498  2.51498  2.51498  -0.84541  -0.84541  5.56984  5.56984  5.56984  5.56984  1.68339  1.68339  1.67333  1.68084  5.55752  5.55902  5.58554  5.5899 
2.63894 3.01593 2.61188  2.61188  2.61188  2.61188  -0.885784  -0.885784  5.66674  5.66674  5.66674  5.66674  1.64302  1.64302  1.63461  1.64008  5.65697  5.65833  5.67996  5.68304 
2.7646 3.01593 2.68888  2.68888  2.68888  2.68888  -0.917866  -0.917866  5.74373  5.74373  5.74373  5.74373  1.61094  1.61094  1.6039  1.6076  5.73666  5.73777  5.75444  5.75643 
2.89027 3.01593 2.74476  2.74476  2.74476  2.74476  -0.94115  -0.94115  5.79962  5.79962  5.79962  5.79962  1.58765  1.58765  1.58172  1.58392  5.79534  5.79608  5.80783  5.80888 
3.01593 3.01593 2.77865  2.77865  2.77865  2.77865  -0.955269  -0.955269  5.8335  5.8335  5.8335  5.8335  1.57354  1.57354  1.56843  1.56939  5.83195  5.8322  5.83941  5.83968 
