-3.14159 -3.14159 3.05486  3.05486  3.05486  3.05486  2.5288  2.5288  0  0  0  0  0  0 
-3.01593 -3.14159 3.05486  3.05486  3.05486  3.05486  2.5288  2.5288  0  0  0  0  0  0 
-2.89027 -3.14159 3.05486  3.05486  3.05486  3.05486  2.5288  2.5288  0  0  0  0  0  0 
-2.7646 -3.14159 3.05486  3.05486  3.05486  3.05486  2.5288  2.5288  0  0  0  0  0  0 
-2.63894 -3.14159 3.05486  3.05486  3.05486  3.05486  2.5288  2.5288  0  0  0  0  0  0 
-2.51327 -3.14159 3.05486  3.05486  3.05486  3.05486  2.5288  2.5288  0  0  0  0  0  0 
-2.38761 -3.14159 3.05486  3.05486  3.05486  3.05486  2.5288  2.5288  0  0  0  0  0  0 
-2.26195 -3.14159 3.05486  3.05486  3.05486  3.05486  2.5288  2.5288  0  0  0  0  0  0 
-2.13628 -3.14159 3.05486  3.05486  3.05486  3.05486  2.5288  2.5288  0  0  0  0  0  0 
-2.01062 -3.14159 3.05486  3.05486  3.05486  3.05486  2.5288  2.5288  0  0  0  0  0  0 
-1.88496 -3.14159 3.05486  3.05486  3.05486  3.05486  2.5288  2.5288  0  0  0  0  0  0 
-1.75929 -3.14159 3.05486  3.05486  3.05486  3.05486  2.5288  2.5288  0  0  0  0  0  0 
-1.63363 -3.14159 3.05486  3.05486  3.05486  3.05486  2.5288  2.5288  0  0  0  0  0  0 
-1.50796 -3.14159 3.05486  3.05486  3.05486  3.05486  2.5288  2.5288  0  0  0  0  0  0 
-1.3823 -3.14159 3.05486  3.05486  3.05486  3.05486  2.5288  2.5288  0  0  0  0  0  0 
-1.25664 -3.14159 3.05486  3.05486  3.05486  3.05486  2.5288  2.5288  0  0  0  0  0  0 
-1.13097 -3.14159 3.05486  3.05486  3.05486  3.05486  2.5288  2.5288  0  0  0  0  0  0 
-1.00531 -3.14159 3.05486  3.05486  3.05486  3.05486  2.5288  2.5288  0  0  0  0  0  0 
-0.879646 -3.14159 3.05486  3.05486  3.05486  3.05486  2.5288  2.5288  0  0  0  0  0  0 
-0.753982 -3.14159 3.05486  3.05486  3.05486  3.05486  2.5288  2.5288  0  0  0  0  0  0 
-0.628319 -3.14159 3.05486  3.05486  3.05486  3.05486  2.5288  2.5288  0  0  0  0  0  0 
-0.502655 -3.14159 3.05486  3.05486  3.05486  3.05486  2.5288  2.5288  0  0  0  0  0  0 
-0.376991 -3.14159 3.05486  3.05486  3.05486  3.05486  2.5288  2.5288  0  0  0  0  0  0 
-0.251327 -3.14159 3.05486  3.05486  3.05486  3.05486  2.5288  2.5288  0  0  0  0  0  0 
-0.125664 -3.14159 3.05486  3.05486  3.05486  3.05486  2.5288  2.5288  0  0  0  0  0  0 
0 -3.14159 3.05486  3.05486  3.05486  3.05486  2.5288  2.5288  0  0  0  0  0  0 
0.125664 -3.14159 3.05486  3.05486  3.05486  3.05486  2.5288  2.5288  0  0  0  0  0  0 
0.251327 -3.14159 3.05486  3.05486  3.05486  3.05486  2.5288  2.5288  0  0  0  0  0  0 
0.376991 -3.14159 3.05486  3.05486  3.05486  3.05486  2.5288  2.5288  0  0  0  0  0  0 
0.502655 -3.14159 3.05486  3.05486  3.05486  3.05486  2.5288  2.5288  0  0  0  0  0  0 
0.628319 -3.14159 3.05486  3.05486  3.05486  3.05486  2.5288  2.5288  0  0  0  0  0  0 
0.753982 -3.14159 3.05486  3.05486  3.05486  3.05486  2.5288  2.5288  0  0  0  0  0  0 
0.879646 -3.14159 3.05486  3.05486  3.05486  3.05486  2.5288  2.5288  0  0  0  0  0  0 
1.00531 -3.14159 3.05486  3.05486  3.05486  3.05486  2.5288  2.5288  0  0  0  0  0  0 
1.13097 -3.14159 3.05486  3.05486  3.05486  3.05486  2.5288  2.5288  0  0  0  0  0  0 
1.25664 -3.14159 3.05486  3.05486  3.05486  3.05486  2.5288  2.5288  0  0  0  0  0  0 
1.3823 -3.14159 3.05486  3.05486  3.05486  3.05486  2.5288  2.5288  0  0  0  0  0  0 
1.50796 -3.14159 3.05486  3.05486  3.05486  3.05486  2.5288  2.5288  0  0  0  0  0  0 
1.63363 -3.14159 3.05486  3.05486  3.05486  3.05486  2.5288  2.5288  0  0  0  0  0  0 
1.75929 -3.14159 3.05486  3.05486  3.05486  3.05486  2.5288  2.5288  0  0  0  0  0  0 
1.88496 -3.14159 3.05486  3.05486  3.05486  3.05486  2.5288  2.5288  0  0  0  0  0  0 
2.01062 -3.14159 3.05486  3.05486  3.05486  3.05486  2.5288  2.5288  0  0  0  0  0  0 
2.13628 -3.14159 3.05486  3.05486  3.05486  3.05486  2.5288  2.5288  0  0  0  0  0  0 
2.26195 -3.14159 3.05486  3.05486  3.05486  3.05486  2.5288  2.5288  0  0  0  0  0  0 
2.38761 -3.14159 3.05486  3.05486  3.05486  3.05486  2.5288  2.5288  0  0  0  0  0  0 
2.51327 -3.14159 3.05486  3.05486  3.05486  3.05486  2.5288  2.5288  0  0  0  0  0  0 
2.63894 -3.14159 3.05486  3.05486  3.05486  3.05486  2.5288  2.5288  0  0  0  0  0  0 
2.7646 -3.14159 3.05486  3.05486  3.05486  3.05486  2.5288  2.5288  0  0  0  0  0  0 
2.89027 -3.14159 3.05486  3.05486  3.05486  3.05486  2.5288  2.5288  0  0  0  0  0  0 
3.01593 -3.14159 3.05486  3.05486  3.05486  3.05486  2.5288  2.5288  0  0  0  0  0  0 
-3.14159 -3.01593 3.05486  3.05486  3.05486  3.05486  2.5288  2.5288  0  0  0  0  0  0 
-3.01593 -3.01593 3.05486  3.05486  3.05486  3.05486  2.5288  2.5288  0  0  0  0  0  0 
-2.89027 -3.01593 3.05486  3.05486  3.05486  3.05486  2.5288  2.5288  0  0  0  0  0  0 
-2.7646 -3.01593 3.05486  3.05486  3.05486  3.05486  2.5288  2.5288  0  0  0  0  0  0 
-2.63894 -3.01593 3.05486  3.05486  3.05486  3.05486  2.5288  2.5288  0  0  0  0  0  0 
-2.51327 -3.01593 3.05486  3.05486  3.05486  3.05486  2.5288  2.5288  0  0  0  0  0  0 
-2.38761 -3.01593 3.05486  3.05486  3.05486  3.05486  2.5288  2.5288  0  0  0  0  0  0 
-2.26195 -3.01593 3.05486  3.05486  3.05486  3.05486  2.5288  2.5288  0  0  0  0  0  0 
-2.13628 -3.01593 3.05486  3.05486  3.05486  3.05486  2.5288  2.5288  0  0  0  0  0  0 
-2.01062 -3.01593 3.05486  3.05486  3.05486  3.05486  2.5288  2.5288  0  0  0  0  0  0 
-1.88496 -3.01593 3.05486  3.05486  3.05486  3.05486  2.5288  2.5288  0  0  0  0  0  0 
-1.75929 -3.01593 3.05486  3.05486  3.05486  3.05486  2.5288  2.5288  0  0  0  0  0  0 
-1.63363 -3.01593 3.05486  3.05486  3.05486  3.05486  2.5288  2.5288  0  0  0  0  0  0 
-1.50796 -3.01593 3.05486  3.05486  3.05486  3.05486  2.5288  2.5288  0  0  0  0  0  0 
-1.3823 -3.01593 3.05486  3.05486  3.05486  3.05486  2.5288  2.5288  0  0  0  0  0  0 
-1.25664 -3.01593 3.05486  3.05486  3.05486  3.05486  2.5288  2.5288  0  0  0  0  0  0 
-1.13097 -3.01593 3.05486  3.05486  3.05486  3.05486  2.5288  2.5288  0  0  0  0  0  0 
-1.00531 -3.01593 3.05486  3.05486  3.05486  3.05486  2.5288  2.5288  0  0  0  0  0  0 
-0.879646 -3.01593 3.05486  3.05486  3.05486  3.05486  2.5288  2.5288  0  0  0  0  0  0 
-0.753982 -3.01593 3.05486  3.05486  3.05486  3.05486  2.5288  2.5288  0  0  0  0  0  0 
-0.628319 -3.01593 3.05486  3.05486  3.05486  3.05486  2.5288  2.5288  0  0  0  0  0  0 
-0.502655 -3.01593 3.05486  3.05486  3.05486  3.05486  2.5288  2.5288  0  0  0  0  0  0 
-0.376991 -3.01593 3.05486  3.05486  3.05486  3.05486  2.5288  2.5288  0  0  0  0  0  0 
-0.251327 -3.01593 3.05486  3.05486  3.05486  3.05486  2.5288  2.5288  0  0  0  0  0  0 
-0.125664 -3.01593 3.05486  3.05486  3.05486  3.05486  2.5288  2.5288  0  0  0  0  0  0 
0 -3.01593 3.05486  3.05486  3.05486  3.05486  2.5288  2.5288  0  0  0  0  0  0 
0.125664 -3.01593 3.05486  3.05486  3.05486  3.05486  2.5288  2.5288  0  0  0  0  0  0 
0.251327 -3.01593 3.05486  3.05486  3.05486  3.05486  2.5288  2.5288  0  0  0  0  0  0 
0.376991 -3.01593 3.05486  3.05486  3.05486  3.05486  2.5288  2.5288  0  0  0  0  0  0 
0.502655 -3.01593 3.05486  3.05486  3.05486  3.05486  2.5288  2.5288  0  0  0  0  0  0 
0.628319 -3.01593 3.05486  3.05486  3.05486  3.05486  2.5288  2.5288  0  0  0  0  0  0 
0.753982 -3.01593 3.05486  3.05486  3.05486  3.05486  2.5288  2.5288  0  0  0  0  0  0 
0.879646 -3.01593 3.05486  3.05486  3.05486  3.05486  2.5288  2.5288  0  0  0  0  0  0 
1.00531 -3.01593 3.05486  3.05486  3.05486  3.05486  2.5288  2.5288  0  0  0  0  0  0 
1.13097 -3.01593 3.05486  3.05486  3.05486  3.05486  2.5288  2.5288  0  0  0  0  0  0 
1.25664 -3.01593 3.05486  3.05486  3.05486  3.05486  2.5288  2.5288  0  0  0  0  0  0 
1.3823 -3.01593 3.05486  3.05486  3.05486  3.05486  2.5288  2.5288  0  0  0  0  0  0 
1.50796 -3.01593 3.05486  3.05486  3.05486  3.05486  2.5288  2.5288  0  0  0  0  0  0 
1.63363 -3.01593 3.05486  3.05486  3.05486  3.05486  2.5288  2.5288  0  0  0  0  0  0 
1.75929 -3.01593 3.05486  3.05486  3.05486  3.05486  2.5288  2.5288  0  0  0  0  0  0 
1.88496 -3.01593 3.05486  3.05486  3.05486  3.05486  2.5288  2.5288  0  0  0  0  0  0 
2.01062 -3.01593 3.05486  3.05486  3.05486  3.05486  2.5288  2.5288  0  0  0  0  0  0 
2.13628 -3.01593 3.05486  3.05486  3.05486  3.05486  2.5288  2.5288  0  0  0  0  0  0 
2.26195 -3.01593 3.05486  3.05486  3.05486  3.05486  2.5288  2.5288  0  0  0  0  0  0 
2.38761 -3.01593 3.05486  3.05486  3.05486  3.05486  2.5288  2.5288  0  0  0  0  0  0 
2.51327 -3.01593 3.05486  3.05486  3.05486  3.05486  2.5288  2.5288  0  0  0  0  0  0 
2.63894 -3.01593 3.05486  3.05486  3.05486  3.05486  2.5288  2.5288  0  0  0  0  0  0 
2.7646 -3.01593 3.05486  3.05486  3.05486  3.05486  2.5288  2.5288  0  0  0  0  0  0 
2.89027 -3.01593 3.05486  3.05486  3.05486  3.05486  2.5288  2.5288  0  0  0  0  0  0 
3.01593 -3.01593 3.05486  3.05486  3.05486  3.05486  2.5288  2.5288  0  0  0  0  0  0 
-3.14159 -2.89027 3.05486  3.05486  3.05486  3.05486  2.5288  2.5288  0  0  0  0  0  0 
-3.01593 -2.89027 3.05486  3.05486  3.05486  3.05486  2.5288  2.5288  0  0  0  0  0  0 
-2.89027 -2.89027 3.05486  3.05486  3.05486  3.05486  2.5288  2.5288  0  0  0  0  0  0 
-2.7646 -2.89027 3.05486  3.05486  3.05486  3.05486  2.5288  2.5288  0  0  0  0  0  0 
-2.63894 -2.89027 3.05486  3.05486  3.05486  3.05486  2.5288  2.5288  0  0  0  0  0  0 
-2.51327 -2.89027 3.05486  3.05486  3.05486  3.05486  2.5288  2.5288  0  0  0  0  0  0 
-2.38761 -2.89027 3.05486  3.05486  3.05486  3.05486  2.5288  2.5288  0  0  0  0  0  0 
-2.26195 -2.89027 3.05486  3.05486  3.05486  3.05486  2.5288  2.5288  0  0  0  0  0  0 
-2.13628 -2.89027 3.05486  3.05486  3.05486  3.05486  2.5288  2.5288  0  0  0  0  0  0 
-2.01062 -2.89027 3.05486  3.05486  3.05486  3.05486  2.5288  2.5288  0  0  0  0  0  0 
-1.88496 -2.89027 3.05486  3.05486  3.05486  3.05486  2.5288  2.5288  0  0  0  0  0  0 
-1.75929 -2.89027 3.05486  3.05486  3.05486  3.05486  2.5288  2.5288  0  0  0  0  0  0 
-1.63363 -2.89027 3.05486  3.05486  3.05486  3.05486  2.5288  2.5288  0  0  0  0  0  0 
-1.50796 -2.89027 3.05486  3.05486  3.05486  3.05486  2.5288  2.5288  0  0  0  0  0  0 
-1.3823 -2.89027 3.05486  3.05486  3.05486  3.05486  2.5288  2.5288  0  0  0  0  0  0 
-1.25664 -2.89027 3.05486  3.05486  3.05486  3.05486  2.5288  2.5288  0  0  0  0  0  0 
-1.13097 -2.89027 3.05486  3.05486  3.05486  3.05486  2.5288  2.5288  0  0  0  0  0  0 
-1.00531 -2.89027 3.05486  3.05486  3.05486  3.05486  2.5288  2.5288  0  0  0  0  0  0 
-0.879646 -2.89027 3.05486  3.05486  3.05486  3.05486  2.5288  2.5288  0  0  0  0  0  0 
-0.753982 -2.89027 3.05486  3.05486  3.05486  3.05486  2.5288  2.5288  0  0  0  0  0  0 
-0.628319 -2.89027 3.05486  3.05486  3.05486  3.05486  2.5288  2.5288  0  0  0  0  0  0 
-0.502655 -2.89027 3.05486  3.05486  3.05486  3.05486  2.5288  2.5288  0  0  0  0  0  0 
-0.376991 -2.89027 3.05486  3.05486  3.05486  3.05486  2.5288  2.5288  0  0  0  0  0  0 
-0.251327 -2.89027 3.05486  3.05486  3.05486  3.05486  2.5288  2.5288  0  0  0  0  0  0 
-0.125664 -2.89027 3.05486  3.05486  3.05486  3.05486  2.5288  2.5288  0  0  0  0  0  0 
0 -2.89027 3.05486  3.05486  3.05486  3.05486  2.5288  2.5288  0  0  0  0  0  0 
0.125664 -2.89027 3.05486  3.05486  3.05486  3.05486  2.5288  2.5288  0  0  0  0  0  0 
0.251327 -2.89027 3.05486  3.05486  3.05486  3.05486  2.5288  2.5288  0  0  0  0  0  0 
0.376991 -2.89027 3.05486  3.05486  3.05486  3.05486  2.5288  2.5288  0  0  0  0  0  0 
0.502655 -2.89027 3.05486  3.05486  3.05486  3.05486  2.5288  2.5288  0  0  0  0  0  0 
0.628319 -2.89027 3.05486  3.05486  3.05486  3.05486  2.5288  2.5288  0  0  0  0  0  0 
0.753982 -2.89027 3.05486  3.05486  3.05486  3.05486  2.5288  2.5288  0  0  0  0  0  0 
0.879646 -2.89027 3.05486  3.05486  3.05486  3.05486  2.5288  2.5288  0  0  0  0  0  0 
1.00531 -2.89027 3.05486  3.05486  3.05486  3.05486  2.5288  2.5288  0  0  0  0  0  0 
1.13097 -2.89027 3.05486  3.05486  3.05486  3.05486  2.5288  2.5288  0  0  0  0  0  0 
1.25664 -2.89027 3.05486  3.05486  3.05486  3.05486  2.5288  2.5288  0  0  0  0  0  0 
1.3823 -2.89027 3.05486  3.05486  3.05486  3.05486  2.5288  2.5288  0  0  0  0  0  0 
1.50796 -2.89027 3.05486  3.05486  3.05486  3.05486  2.5288  2.5288  0  0  0  0  0  0 
1.63363 -2.89027 3.05486  3.05486  3.05486  3.05486  2.5288  2.5288  0  0  0  0  0  0 
1.75929 -2.89027 3.05486  3.05486  3.05486  3.05486  2.5288  2.5288  0  0  0  0  0  0 
1.88496 -2.89027 3.05486  3.05486  3.05486  3.05486  2.5288  2.5288  0  0  0  0  0  0 
2.01062 -2.89027 3.05486  3.05486  3.05486  3.05486  2.5288  2.5288  0  0  0  0  0  0 
2.13628 -2.89027 3.05486  3.05486  3.05486  3.05486  2.5288  2.5288  0  0  0  0  0  0 
2.26195 -2.89027 3.05486  3.05486  3.05486  3.05486  2.5288  2.5288  0  0  0  0  0  0 
2.38761 -2.89027 3.05486  3.05486  3.05486  3.05486  2.5288  2.5288  0  0  0  0  0  0 
2.51327 -2.89027 3.05486  3.05486  3.05486  3.05486  2.5288  2.5288  0  0  0  0  0  0 
2.63894 -2.89027 3.05486  3.05486  3.05486  3.05486  2.5288  2.5288  0  0  0  0  0  0 
2.7646 -2.89027 3.05486  3.05486  3.05486  3.05486  2.5288  2.5288  0  0  0  0  0  0 
2.89027 -2.89027 3.05486  3.05486  3.05486  3.05486  2.5288  2.5288  0  0  0  0  0  0 
3.01593 -2.89027 3.05486  3.05486  3.05486  3.05486  2.5288  2.5288  0  0  0  0  0  0 
-3.14159 -2.7646 3.05486  3.05486  3.05486  3.05486  2.5288  2.5288  0  0  0  0  0  0 
-3.01593 -2.7646 3.05486  3.05486  3.05486  3.05486  2.5288  2.5288  0  0  0  0  0  0 
-2.89027 -2.7646 3.05486  3.05486  3.05486  3.05486  2.5288  2.5288  0  0  0  0  0  0 
-2.7646 -2.7646 3.05486  3.05486  3.05486  3.05486  2.5288  2.5288  0  0  0  0  0  0 
-2.63894 -2.7646 3.05486  3.05486  3.05486  3.05486  2.5288  2.5288  0  0  0  0  0  0 
-2.51327 -2.7646 3.05486  3.05486  3.05486  3.05486  2.5288  2.5288  0  0  0  0  0  0 
-2.38761 -2.7646 3.05486  3.05486  3.05486  3.05486  2.5288  2.5288  0  0  0  0  0  0 
-2.26195 -2.7646 3.05486  3.05486  3.05486  3.05486  2.5288  2.5288  0  0  0  0  0  0 
-2.13628 -2.7646 3.05486  3.05486  3.05486  3.05486  2.5288  2.5288  0  0  0  0  0  0 
-2.01062 -2.7646 3.05486  3.05486  3.05486  3.05486  2.5288  2.5288  0  0  0  0  0  0 
-1.88496 -2.7646 3.05486  3.05486  3.05486  3.05486  2.5288  2.5288  0  0  0  0  0  0 
-1.75929 -2.7646 3.05486  3.05486  3.05486  3.05486  2.5288  2.5288  0  0  0  0  0  0 
-1.63363 -2.7646 3.05486  3.05486  3.05486  3.05486  2.5288  2.5288  0  0  0  0  0  0 
-1.50796 -2.7646 3.05486  3.05486  3.05486  3.05486  2.5288  2.5288  0  0  0  0  0  0 
-1.3823 -2.7646 3.05486  3.05486  3.05486  3.05486  2.5288  2.5288  0  0  0  0  0  0 
-1.25664 -2.7646 3.05486  3.05486  3.05486  3.05486  2.5288  2.5288  0  0  0  0  0  0 
-1.13097 -2.7646 3.05486  3.05486  3.05486  3.05486  2.5288  2.5288  0  0  0  0  0  0 
-1.00531 -2.7646 3.05486  3.05486  3.05486  3.05486  2.5288  2.5288  0  0  0  0  0  0 
-0.879646 -2.7646 3.05486  3.05486  3.05486  3.05486  2.5288  2.5288  0  0  0  0  0  0 
-0.753982 -2.7646 3.05486  3.05486  3.05486  3.05486  2.5288  2.5288  0  0  0  0  0  0 
-0.628319 -2.7646 3.05486  3.05486  3.05486  3.05486  2.5288  2.5288  0  0  0  0  0  0 
-0.502655 -2.7646 3.05486  3.05486  3.05486  3.05486  2.5288  2.5288  0  0  0  0  0  0 
-0.376991 -2.7646 3.05486  3.05486  3.05486  3.05486  2.5288  2.5288  0  0  0  0  0  0 
-0.251327 -2.7646 3.05486  3.05486  3.05486  3.05486  2.5288  2.5288  0  0  0  0  0  0 
-0.125664 -2.7646 3.05486  3.05486  3.05486  3.05486  2.5288  2.5288  0  0  0  0  0  0 
0 -2.7646 3.05486  3.05486  3.05486  3.05486  2.5288  2.5288  0  0  0  0  0  0 
0.125664 -2.7646 3.05486  3.05486  3.05486  3.05486  2.5288  2.5288  0  0  0  0  0  0 
0.251327 -2.7646 3.05486  3.05486  3.05486  3.05486  2.5288  2.5288  0  0  0  0  0  0 
0.376991 -2.7646 3.05486  3.05486  3.05486  3.05486  2.5288  2.5288  0  0  0  0  0  0 
0.502655 -2.7646 3.05486  3.05486  3.05486  3.05486  2.5288  2.5288  0  0  0  0  0  0 
0.628319 -2.7646 3.05486  3.05486  3.05486  3.05486  2.5288  2.5288  0  0  0  0  0  0 
0.753982 -2.7646 3.05486  3.05486  3.05486  3.05486  2.5288  2.5288  0  0  0  0  0  0 
0.879646 -2.7646 3.05486  3.05486  3.05486  3.05486  2.5288  2.5288  0  0  0  0  0  0 
1.00531 -2.7646 3.05486  3.05486  3.05486  3.05486  2.5288  2.5288  0  0  0  0  0  0 
1.13097 -2.7646 3.05486  3.05486  3.05486  3.05486  2.5288  2.5288  0  0  0  0  0  0 
1.25664 -2.7646 3.05486  3.05486  3.05486  3.05486  2.5288  2.5288  0  0  0  0  0  0 
1.3823 -2.7646 3.05486  3.05486  3.05486  3.05486  2.5288  2.5288  0  0  0  0  0  0 
1.50796 -2.7646 3.05486  3.05486  3.05486  3.05486  2.5288  2.5288  0  0  0  0  0  0 
1.63363 -2.7646 3.05486  3.05486  3.05486  3.05486  2.5288  2.5288  0  0  0  0  0  0 
1.75929 -2.7646 3.05486  3.05486  3.05486  3.05486  2.5288  2.5288  0  0  0  0  0  0 
1.88496 -2.7646 3.05486  3.05486  3.05486  3.05486  2.5288  2.5288  0  0  0  0  0  0 
2.01062 -2.7646 3.05486  3.05486  3.05486  3.05486  2.5288  2.5288  0  0  0  0  0  0 
2.13628 -2.7646 3.05486  3.05486  3.05486  3.05486  2.5288  2.5288  0  0  0  0  0  0 
2.26195 -2.7646 3.05486  3.05486  3.05486  3.05486  2.5288  2.5288  0  0  0  0  0  0 
2.38761 -2.7646 3.05486  3.05486  3.05486  3.05486  2.5288  2.5288  0  0  0  0  0  0 
2.51327 -2.7646 3.05486  3.05486  3.05486  3.05486  2.5288  2.5288  0  0  0  0  0  0 
2.63894 -2.7646 3.05486  3.05486  3.05486  3.05486  2.5288  2.5288  0  0  0  0  0  0 
2.7646 -2.7646 3.05486  3.05486  3.05486  3.05486  2.5288  2.5288  0  0  0  0  0  0 
2.89027 -2.7646 3.05486  3.05486  3.05486  3.05486  2.5288  2.5288  0  0  0  0  0  0 
3.01593 -2.7646 3.05486  3.05486  3.05486  3.05486  2.5288  2.5288  0  0  0  0  0  0 
-3.14159 -2.63894 3.05486  3.05486  3.05486  3.05486  2.5288  2.5288  0  0  0  0  0  0 
-3.01593 -2.63894 3.05486  3.05486  3.05486  3.05486  2.5288  2.5288  0  0  0  0  0  0 
-2.89027 -2.63894 3.05486  3.05486  3.05486  3.05486  2.5288  2.5288  0  0  0  0  0  0 
-2.7646 -2.63894 3.05486  3.05486  3.05486  3.05486  2.5288  2.5288  0  0  0  0  0  0 
-2.63894 -2.63894 3.05486  3.05486  3.05486  3.05486  2.5288  2.5288  0  0  0  0  0  0 
-2.51327 -2.63894 3.05486  3.05486  3.05486  3.05486  2.5288  2.5288  0  0  0  0  0  0 
-2.38761 -2.63894 3.05486  3.05486  3.05486  3.05486  2.5288  2.5288  0  0  0  0  0  0 
-2.26195 -2.63894 3.05486  3.05486  3.05486  3.05486  2.5288  2.5288  0  0  0  0  0  0 
-2.13628 -2.63894 3.05486  3.05486  3.05486  3.05486  2.5288  2.5288  0  0  0  0  0  0 
-2.01062 -2.63894 3.05486  3.05486  3.05486  3.05486  2.5288  2.5288  0  0  0  0  0  0 
-1.88496 -2.63894 3.05486  3.05486  3.05486  3.05486  2.5288  2.5288  0  0  0  0  0  0 
-1.75929 -2.63894 3.05486  3.05486  3.05486  3.05486  2.5288  2.5288  0  0  0  0  0  0 
-1.63363 -2.63894 3.05486  3.05486  3.05486  3.05486  2.5288  2.5288  0  0  0  0  0  0 
-1.50796 -2.63894 3.05486  3.05486  3.05486  3.05486  2.5288  2.5288  0  0  0  0  0  0 
-1.3823 -2.63894 3.05486  3.05486  3.05486  3.05486  2.5288  2.5288  0  0  0  0  0  0 
-1.25664 -2.63894 3.05486  3.05486  3.05486  3.05486  2.5288  2.5288  0  0  0  0  0  0 
-1.13097 -2.63894 3.05486  3.05486  3.05486  3.05486  2.5288  2.5288  0  0  0  0  0  0 
-1.00531 -2.63894 3.05486  3.05486  3.05486  3.05486  2.5288  2.5288  0  0  0  0  0  0 
-0.879646 -2.63894 3.05486  3.05486  3.05486  3.05486  2.5288  2.5288  0  0  0  0  0  0 
-0.753982 -2.63894 3.05486  3.05486  3.05486  3.05486  2.5288  2.5288  0  0  0  0  0  0 
-0.628319 -2.63894 3.05486  3.05486  3.05486  3.05486  2.5288  2.5288  0  0  0  0  0  0 
-0.502655 -2.63894 3.05486  3.05486  3.05486  3.05486  2.5288  2.5288  0  0  0  0  0  0 
-0.376991 -2.63894 3.05486  3.05486  3.05486  3.05486  2.5288  2.5288  0  0  0  0  0  0 
-0.251327 -2.63894 3.05486  3.05486  3.05486  3.05486  2.5288  2.5288  0  0  0  0  0  0 
-0.125664 -2.63894 3.05486  3.05486  3.05486  3.05486  2.5288  2.5288  0  0  0  0  0  0 
0 -2.63894 3.05486  3.05486  3.05486  3.05486  2.5288  2.5288  0  0  0  0  0  0 
0.125664 -2.63894 3.05486  3.05486  3.05486  3.05486  2.5288  2.5288  0  0  0  0  0  0 
0.251327 -2.63894 3.05486  3.05486  3.05486  3.05486  2.5288  2.5288  0  0  0  0  0  0 
0.376991 -2.63894 3.05486  3.05486  3.05486  3.05486  2.5288  2.5288  0  0  0  0  0  0 
0.502655 -2.63894 3.05486  3.05486  3.05486  3.05486  2.5288  2.5288  0  0  0  0  0  0 
0.628319 -2.63894 3.05486  3.05486  3.05486  3.05486  2.5288  2.5288  0  0  0  0  0  0 
0.753982 -2.63894 3.05486  3.05486  3.05486  3.05486  2.5288  2.5288  0  0  0  0  0  0 
0.879646 -2.63894 3.05486  3.05486  3.05486  3.05486  2.5288  2.5288  0  0  0  0  0  0 
1.00531 -2.63894 3.05486  3.05486  3.05486  3.05486  2.5288  2.5288  0  0  0  0  0  0 
1.13097 -2.63894 3.05486  3.05486  3.05486  3.05486  2.5288  2.5288  0  0  0  0  0  0 
1.25664 -2.63894 3.05486  3.05486  3.05486  3.05486  2.5288  2.5288  0  0  0  0  0  0 
1.3823 -2.63894 3.05486  3.05486  3.05486  3.05486  2.5288  2.5288  0  0  0  0  0  0 
1.50796 -2.63894 3.05486  3.05486  3.05486  3.05486  2.5288  2.5288  0  0  0  0  0  0 
1.63363 -2.63894 3.05486  3.05486  3.05486  3.05486  2.5288  2.5288  0  0  0  0  0  0 
1.75929 -2.63894 3.05486  3.05486  3.05486  3.05486  2.5288  2.5288  0  0  0  0  0  0 
1.88496 -2.63894 3.05486  3.05486  3.05486  3.05486  2.5288  2.5288  0  0  0  0  0  0 
2.01062 -2.63894 3.05486  3.05486  3.05486  3.05486  2.5288  2.5288  0  0  0  0  0  0 
2.13628 -2.63894 3.05486  3.05486  3.05486  3.05486  2.5288  2.5288  0  0  0  0  0  0 
2.26195 -2.63894 3.05486  3.05486  3.05486  3.05486  2.5288  2.5288  0  0  0  0  0  0 
2.38761 -2.63894 3.05486  3.05486  3.05486  3.05486  2.5288  2.5288  0  0  0  0  0  0 
2.51327 -2.63894 3.05486  3.05486  3.05486  3.05486  2.5288  2.5288  0  0  0  0  0  0 
2.63894 -2.63894 3.05486  3.05486  3.05486  3.05486  2.5288  2.5288  0  0  0  0  0  0 
2.7646 -2.63894 3.05486  3.05486  3.05486  3.05486  2.5288  2.5288  0  0  0  0  0  0 
2.89027 -2.63894 3.05486  3.05486  3.05486  3.05486  2.5288  2.5288  0  0  0  0  0  0 
3.01593 -2.63894 3.05486  3.05486  3.05486  3.05486  2.5288  2.5288  0  0  0  0  0  0 
-3.14159 -2.51327 3.05486  3.05486  3.05486  3.05486  2.5288  2.5288  0  0  0  0  0  0 
-3.01593 -2.51327 3.05486  3.05486  3.05486  3.05486  2.5288  2.5288  0  0  0  0  0  0 
-2.89027 -2.51327 3.05486  3.05486  3.05486  3.05486  2.5288  2.5288  0  0  0  0  0  0 
-2.7646 -2.51327 3.05486  3.05486  3.05486  3.05486  2.5288  2.5288  0  0  0  0  0  0 
-2.63894 -2.51327 3.05486  3.05486  3.05486  3.05486  2.5288  2.5288  0  0  0  0  0  0 
-2.51327 -2.51327 3.05486  3.05486  3.05486  3.05486  2.5288  2.5288  0  0  0  0  0  0 
-2.38761 -2.51327 3.05486  3.05486  3.05486  3.05486  2.5288  2.5288  0  0  0  0  0  0 
-2.26195 -2.51327 3.05486  3.05486  3.05486  3.05486  2.5288  2.5288  0  0  0  0  0  0 
-2.13628 -2.51327 3.05486  3.05486  3.05486  3.05486  2.5288  2.5288  0  0  0  0  0  0 
-2.01062 -2.51327 3.05486  3.05486  3.05486  3.05486  2.5288  2.5288  0  0  0  0  0  0 
-1.88496 -2.51327 3.05486  3.05486  3.05486  3.05486  2.5288  2.5288  0  0  0  0  0  0 
-1.75929 -2.51327 3.05486  3.05486  3.05486  3.05486  2.5288  2.5288  0  0  0  0  0  0 
-1.63363 -2.51327 3.05486  3.05486  3.05486  3.05486  2.5288  2.5288  0  0  0  0  0  0 
-1.50796 -2.51327 3.05486  3.05486  3.05486  3.05486  2.5288  2.5288  0  0  0  0  0  0 
-1.3823 -2.51327 3.05486  3.05486  3.05486  3.05486  2.5288  2.5288  0  0  0  0  0  0 
-1.25664 -2.51327 3.05486  3.05486  3.05486  3.05486  2.5288  2.5288  0  0  0  0  0  0 
-1.13097 -2.51327 3.05486  3.05486  3.05486  3.05486  2.5288  2.5288  0  0  0  0  0  0 
-1.00531 -2.51327 3.05486  3.05486  3.05486  3.05486  2.5288  2.5288  0  0  0  0  0  0 
-0.879646 -2.51327 3.05486  3.05486  3.05486  3.05486  2.5288  2.5288  0  0  0  0  0  0 
-0.753982 -2.51327 3.05486  3.05486  3.05486  3.05486  2.5288  2.5288  0  0  0  0  0  0 
-0.628319 -2.51327 3.05486  3.05486  3.05486  3.05486  2.5288  2.5288  0  0  0  0  0  0 
-0.502655 -2.51327 3.05486  3.05486  3.05486  3.05486  2.5288  2.5288  0  0  0  0  0  0 
-0.376991 -2.51327 3.05486  3.05486  3.05486  3.05486  2.5288  2.5288  0  0  0  0  0  0 
-0.251327 -2.51327 3.05486  3.05486  3.05486  3.05486  2.5288  2.5288  0  0  0  0  0  0 
-0.125664 -2.51327 3.05486  3.05486  3.05486  3.05486  2.5288  2.5288  0  0  0  0  0  0 
0 -2.51327 3.05486  3.05486  3.05486  3.05486  2.5288  2.5288  0  0  0  0  0  0 
0.125664 -2.51327 3.05486  3.05486  3.05486  3.05486  2.5288  2.5288  0  0  0  0  0  0 
0.251327 -2.51327 3.05486  3.05486  3.05486  3.05486  2.5288  2.5288  0  0  0  0  0  0 
0.376991 -2.51327 3.05486  3.05486  3.05486  3.05486  2.5288  2.5288  0  0  0  0  0  0 
0.502655 -2.51327 3.05486  3.05486  3.05486  3.05486  2.5288  2.5288  0  0  0  0  0  0 
0.628319 -2.51327 3.05486  3.05486  3.05486  3.05486  2.5288  2.5288  0  0  0  0  0  0 
0.753982 -2.51327 3.05486  3.05486  3.05486  3.05486  2.5288  2.5288  0  0  0  0  0  0 
0.879646 -2.51327 3.05486  3.05486  3.05486  3.05486  2.5288  2.5288  0  0  0  0  0  0 
1.00531 -2.51327 3.05486  3.05486  3.05486  3.05486  2.5288  2.5288  0  0  0  0  0  0 
1.13097 -2.51327 3.05486  3.05486  3.05486  3.05486  2.5288  2.5288  0  0  0  0  0  0 
1.25664 -2.51327 3.05486  3.05486  3.05486  3.05486  2.5288  2.5288  0  0  0  0  0  0 
1.3823 -2.51327 3.05486  3.05486  3.05486  3.05486  2.5288  2.5288  0  0  0  0  0  0 
1.50796 -2.51327 3.05486  3.05486  3.05486  3.05486  2.5288  2.5288  0  0  0  0  0  0 
1.63363 -2.51327 3.05486  3.05486  3.05486  3.05486  2.5288  2.5288  0  0  0  0  0  0 
1.75929 -2.51327 3.05486  3.05486  3.05486  3.05486  2.5288  2.5288  0  0  0  0  0  0 
1.88496 -2.51327 3.05486  3.05486  3.05486  3.05486  2.5288  2.5288  0  0  0  0  0  0 
2.01062 -2.51327 3.05486  3.05486  3.05486  3.05486  2.5288  2.5288  0  0  0  0  0  0 
2.13628 -2.51327 3.05486  3.05486  3.05486  3.05486  2.5288  2.5288  0  0  0  0  0  0 
2.26195 -2.51327 3.05486  3.05486  3.05486  3.05486  2.5288  2.5288  0  0  0  0  0  0 
2.38761 -2.51327 3.05486  3.05486  3.05486  3.05486  2.5288  2.5288  0  0  0  0  0  0 
2.51327 -2.51327 3.05486  3.05486  3.05486  3.05486  2.5288  2.5288  0  0  0  0  0  0 
2.63894 -2.51327 3.05486  3.05486  3.05486  3.05486  2.5288  2.5288  0  0  0  0  0  0 
2.7646 -2.51327 3.05486  3.05486  3.05486  3.05486  2.5288  2.5288  0  0  0  0  0  0 
2.89027 -2.51327 3.05486  3.05486  3.05486  3.05486  2.5288  2.5288  0  0  0  0  0  0 
3.01593 -2.51327 3.05486  3.05486  3.05486  3.05486  2.5288  2.5288  0  0  0  0  0  0 
-3.14159 -2.38761 3.05486  3.05486  3.05486  3.05486  2.5288  2.5288  0  0  0  0  0  0 
-3.01593 -2.38761 3.05486  3.05486  3.05486  3.05486  2.5288  2.5288  0  0  0  0  0  0 
-2.89027 -2.38761 3.05486  3.05486  3.05486  3.05486  2.5288  2.5288  0  0  0  0  0  0 
-2.7646 -2.38761 3.05486  3.05486  3.05486  3.05486  2.5288  2.5288  0  0  0  0  0  0 
-2.63894 -2.38761 3.05486  3.05486  3.05486  3.05486  2.5288  2.5288  0  0  0  0  0  0 
-2.51327 -2.38761 3.05486  3.05486  3.05486  3.05486  2.5288  2.5288  0  0  0  0  0  0 
-2.38761 -2.38761 3.05486  3.05486  3.05486  3.05486  2.5288  2.5288  0  0  0  0  0  0 
-2.26195 -2.38761 3.05486  3.05486  3.05486  3.05486  2.5288  2.5288  0  0  0  0  0  0 
-2.13628 -2.38761 3.05486  3.05486  3.05486  3.05486  2.5288  2.5288  0  0  0  0  0  0 
-2.01062 -2.38761 3.05486  3.05486  3.05486  3.05486  2.5288  2.5288  0  0  0  0  0  0 
-1.88496 -2.38761 3.05486  3.05486  3.05486  3.05486  2.5288  2.5288  0  0  0  0  0  0 
-1.75929 -2.38761 3.05486  3.05486  3.05486  3.05486  2.5288  2.5288  0  0  0  0  0  0 
-1.63363 -2.38761 3.05486  3.05486  3.05486  3.05486  2.5288  2.5288  0  0  0  0  0  0 
-1.50796 -2.38761 3.05486  3.05486  3.05486  3.05486  2.5288  2.5288  0  0  0  0  0  0 
-1.3823 -2.38761 3.05486  3.05486  3.05486  3.05486  2.5288  2.5288  0  0  0  0  0  0 
-1.25664 -2.38761 3.05486  3.05486  3.05486  3.05486  2.5288  2.5288  0  0  0  0  0  0 
-1.13097 -2.38761 3.05486  3.05486  3.05486  3.05486  2.5288  2.5288  0  0  0  0  0  0 
-1.00531 -2.38761 3.05486  3.05486  3.05486  3.05486  2.5288  2.5288  0  0  0  0  0  0 
-0.879646 -2.38761 3.05486  3.05486  3.05486  3.05486  2.5288  2.5288  0  0  0  0  0  0 
-0.753982 -2.38761 3.05486  3.05486  3.05486  3.05486  2.5288  2.5288  0  0  0  0  0  0 
-0.628319 -2.38761 3.05486  3.05486  3.05486  3.05486  2.5288  2.5288  0  0  0  0  0  0 
-0.502655 -2.38761 3.05486  3.05486  3.05486  3.05486  2.5288  2.5288  0  0  0  0  0  0 
-0.376991 -2.38761 3.05486  3.05486  3.05486  3.05486  2.5288  2.5288  0  0  0  0  0  0 
-0.251327 -2.38761 3.05486  3.05486  3.05486  3.05486  2.5288  2.5288  0  0  0  0  0  0 
-0.125664 -2.38761 3.05486  3.05486  3.05486  3.05486  2.5288  2.5288  0  0  0  0  0  0 
0 -2.38761 3.05486  3.05486  3.05486  3.05486  2.5288  2.5288  0  0  0  0  0  0 
0.125664 -2.38761 3.05486  3.05486  3.05486  3.05486  2.5288  2.5288  0  0  0  0  0  0 
0.251327 -2.38761 3.05486  3.05486  3.05486  3.05486  2.5288  2.5288  0  0  0  0  0  0 
0.376991 -2.38761 3.05486  3.05486  3.05486  3.05486  2.5288  2.5288  0  0  0  0  0  0 
0.502655 -2.38761 3.05486  3.05486  3.05486  3.05486  2.5288  2.5288  0  0  0  0  0  0 
0.628319 -2.38761 3.05486  3.05486  3.05486  3.05486  2.5288  2.5288  0  0  0  0  0  0 
0.753982 -2.38761 3.05486  3.05486  3.05486  3.05486  2.5288  2.5288  0  0  0  0  0  0 
0.879646 -2.38761 3.05486  3.05486  3.05486  3.05486  2.5288  2.5288  0  0  0  0  0  0 
1.00531 -2.38761 3.05486  3.05486  3.05486  3.05486  2.5288  2.5288  0  0  0  0  0  0 
1.13097 -2.38761 3.05486  3.05486  3.05486  3.05486  2.5288  2.5288  0  0  0  0  0  0 
1.25664 -2.38761 3.05486  3.05486  3.05486  3.05486  2.5288  2.5288  0  0  0  0  0  0 
1.3823 -2.38761 3.05486  3.05486  3.05486  3.05486  2.5288  2.5288  0  0  0  0  0  0 
1.50796 -2.38761 3.05486  3.05486  3.05486  3.05486  2.5288  2.5288  0  0  0  0  0  0 
1.63363 -2.38761 3.05486  3.05486  3.05486  3.05486  2.5288  2.5288  0  0  0  0  0  0 
1.75929 -2.38761 3.05486  3.05486  3.05486  3.05486  2.5288  2.5288  0  0  0  0  0  0 
1.88496 -2.38761 3.05486  3.05486  3.05486  3.05486  2.5288  2.5288  0  0  0  0  0  0 
2.01062 -2.38761 3.05486  3.05486  3.05486  3.05486  2.5288  2.5288  0  0  0  0  0  0 
2.13628 -2.38761 3.05486  3.05486  3.05486  3.05486  2.5288  2.5288  0  0  0  0  0  0 
2.26195 -2.38761 3.05486  3.05486  3.05486  3.05486  2.5288  2.5288  0  0  0  0  0  0 
2.38761 -2.38761 3.05486  3.05486  3.05486  3.05486  2.5288  2.5288  0  0  0  0  0  0 
2.51327 -2.38761 3.05486  3.05486  3.05486  3.05486  2.5288  2.5288  0  0  0  0  0  0 
2.63894 -2.38761 3.05486  3.05486  3.05486  3.05486  2.5288  2.5288  0  0  0  0  0  0 
2.7646 -2.38761 3.05486  3.05486  3.05486  3.05486  2.5288  2.5288  0  0  0  0  0  0 
2.89027 -2.38761 3.05486  3.05486  3.05486  3.05486  2.5288  2.5288  0  0  0  0  0  0 
3.01593 -2.38761 3.05486  3.05486  3.05486  3.05486  2.5288  2.5288  0  0  0  0  0  0 
-3.14159 -2.26195 3.05486  3.05486  3.05486  3.05486  2.5288  2.5288  0  0  0  0  0  0 
-3.01593 -2.26195 3.05486  3.05486  3.05486  3.05486  2.5288  2.5288  0  0  0  0  0  0 
-2.89027 -2.26195 3.05486  3.05486  3.05486  3.05486  2.5288  2.5288  0  0  0  0  0  0 
-2.7646 -2.26195 3.05486  3.05486  3.05486  3.05486  2.5288  2.5288  0  0  0  0  0  0 
-2.63894 -2.26195 3.05486  3.05486  3.05486  3.05486  2.5288  2.5288  0  0  0  0  0  0 
-2.51327 -2.26195 3.05486  3.05486  3.05486  3.05486  2.5288  2.5288  0  0  0  0  0  0 
-2.38761 -2.26195 3.05486  3.05486  3.05486  3.05486  2.5288  2.5288  0  0  0  0  0  0 
-2.26195 -2.26195 3.05486  3.05486  3.05486  3.05486  2.5288  2.5288  0  0  0  0  0  0 
-2.13628 -2.26195 3.05486  3.05486  3.05486  3.05486  2.5288  2.5288  0  0  0  0  0  0 
-2.01062 -2.26195 3.05486  3.05486  3.05486  3.05486  2.5288  2.5288  0  0  0  0  0  0 
-1.88496 -2.26195 3.05486  3.05486  3.05486  3.05486  2.5288  2.5288  0  0  0  0  0  0 
-1.75929 -2.26195 3.05486  3.05486  3.05486  3.05486  2.5288  2.5288  0  0  0  0  0  0 
-1.63363 -2.26195 3.05486  3.05486  3.05486  3.05486  2.5288  2.5288  0  0  0  0  0  0 
-1.50796 -2.26195 3.05486  3.05486  3.05486  3.05486  2.5288  2.5288  0  0  0  0  0  0 
-1.3823 -2.26195 3.05486  3.05486  3.05486  3.05486  2.5288  2.5288  0  0  0  0  0  0 
-1.25664 -2.26195 3.05486  3.05486  3.05486  3.05486  2.5288  2.5288  0  0  0  0  0  0 
-1.13097 -2.26195 3.05486  3.05486  3.05486  3.05486  2.5288  2.5288  0  0  0  0  0  0 
-1.00531 -2.26195 3.05486  3.05486  3.05486  3.05486  2.5288  2.5288  0  0  0  0  0  0 
-0.879646 -2.26195 3.05486  3.05486  3.05486  3.05486  2.5288  2.5288  0  0  0  0  0  0 
-0.753982 -2.26195 3.05486  3.05486  3.05486  3.05486  2.5288  2.5288  0  0  0  0  0  0 
-0.628319 -2.26195 3.05486  3.05486  3.05486  3.05486  2.5288  2.5288  0  0  0  0  0  0 
-0.502655 -2.26195 3.05486  3.05486  3.05486  3.05486  2.5288  2.5288  0  0  0  0  0  0 
-0.376991 -2.26195 3.05486  3.05486  3.05486  3.05486  2.5288  2.5288  0  0  0  0  0  0 
-0.251327 -2.26195 3.05486  3.05486  3.05486  3.05486  2.5288  2.5288  0  0  0  0  0  0 
-0.125664 -2.26195 3.05486  3.05486  3.05486  3.05486  2.5288  2.5288  0  0  0  0  0  0 
0 -2.26195 3.05486  3.05486  3.05486  3.05486  2.5288  2.5288  0  0  0  0  0  0 
0.125664 -2.26195 3.05486  3.05486  3.05486  3.05486  2.5288  2.5288  0  0  0  0  0  0 
0.251327 -2.26195 3.05486  3.05486  3.05486  3.05486  2.5288  2.5288  0  0  0  0  0  0 
0.376991 -2.26195 3.05486  3.05486  3.05486  3.05486  2.5288  2.5288  0  0  0  0  0  0 
0.502655 -2.26195 3.05486  3.05486  3.05486  3.05486  2.5288  2.5288  0  0  0  0  0  0 
0.628319 -2.26195 3.05486  3.05486  3.05486  3.05486  2.5288  2.5288  0  0  0  0  0  0 
0.753982 -2.26195 3.05486  3.05486  3.05486  3.05486  2.5288  2.5288  0  0  0  0  0  0 
0.879646 -2.26195 3.05486  3.05486  3.05486  3.05486  2.5288  2.5288  0  0  0  0  0  0 
1.00531 -2.26195 3.05486  3.05486  3.05486  3.05486  2.5288  2.5288  0  0  0  0  0  0 
1.13097 -2.26195 3.05486  3.05486  3.05486  3.05486  2.5288  2.5288  0  0  0  0  0  0 
1.25664 -2.26195 3.05486  3.05486  3.05486  3.05486  2.5288  2.5288  0  0  0  0  0  0 
1.3823 -2.26195 3.05486  3.05486  3.05486  3.05486  2.5288  2.5288  0  0  0  0  0  0 
1.50796 -2.26195 3.05486  3.05486  3.05486  3.05486  2.5288  2.5288  0  0  0  0  0  0 
1.63363 -2.26195 3.05486  3.05486  3.05486  3.05486  2.5288  2.5288  0  0  0  0  0  0 
1.75929 -2.26195 3.05486  3.05486  3.05486  3.05486  2.5288  2.5288  0  0  0  0  0  0 
1.88496 -2.26195 3.05486  3.05486  3.05486  3.05486  2.5288  2.5288  0  0  0  0  0  0 
2.01062 -2.26195 3.05486  3.05486  3.05486  3.05486  2.5288  2.5288  0  0  0  0  0  0 
2.13628 -2.26195 3.05486  3.05486  3.05486  3.05486  2.5288  2.5288  0  0  0  0  0  0 
2.26195 -2.26195 3.05486  3.05486  3.05486  3.05486  2.5288  2.5288  0  0  0  0  0  0 
2.38761 -2.26195 3.05486  3.05486  3.05486  3.05486  2.5288  2.5288  0  0  0  0  0  0 
2.51327 -2.26195 3.05486  3.05486  3.05486  3.05486  2.5288  2.5288  0  0  0  0  0  0 
2.63894 -2.26195 3.05486  3.05486  3.05486  3.05486  2.5288  2.5288  0  0  0  0  0  0 
2.7646 -2.26195 3.05486  3.05486  3.05486  3.05486  2.5288  2.5288  0  0  0  0  0  0 
2.89027 -2.26195 3.05486  3.05486  3.05486  3.05486  2.5288  2.5288  0  0  0  0  0  0 
3.01593 -2.26195 3.05486  3.05486  3.05486  3.05486  2.5288  2.5288  0  0  0  0  0  0 
-3.14159 -2.13628 3.05486  3.05486  3.05486  3.05486  2.5288  2.5288  0  0  0  0  0  0 
-3.01593 -2.13628 3.05486  3.05486  3.05486  3.05486  2.5288  2.5288  0  0  0  0  0  0 
-2.89027 -2.13628 3.05486  3.05486  3.05486  3.05486  2.5288  2.5288  0  0  0  0  0  0 
-2.7646 -2.13628 3.05486  3.05486  3.05486  3.05486  2.5288  2.5288  0  0  0  0  0  0 
-2.63894 -2.13628 3.05486  3.05486  3.05486  3.05486  2.5288  2.5288  0  0  0  0  0  0 
-2.51327 -2.13628 3.05486  3.05486  3.05486  3.05486  2.5288  2.5288  0  0  0  0  0  0 
-2.38761 -2.13628 3.05486  3.05486  3.05486  3.05486  2.5288  2.5288  0  0  0  0  0  0 
-2.26195 -2.13628 3.05486  3.05486  3.05486  3.05486  2.5288  2.5288  0  0  0  0  0  0 
-2.13628 -2.13628 3.05486  3.05486  3.05486  3.05486  2.5288  2.5288  0  0  0  0  0  0 
-2.01062 -2.13628 3.05486  3.05486  3.05486  3.05486  2.5288  2.5288  0  0  0  0  0  0 
-1.88496 -2.13628 3.05486  3.05486  3.05486  3.05486  2.5288  2.5288  0  0  0  0  0  0 
-1.75929 -2.13628 3.05486  3.05486  3.05486  3.05486  2.5288  2.5288  0  0  0  0  0  0 
-1.63363 -2.13628 3.05486  3.05486  3.05486  3.05486  2.5288  2.5288  0  0  0  0  0  0 
-1.50796 -2.13628 3.05486  3.05486  3.05486  3.05486  2.5288  2.5288  0  0  0  0  0  0 
-1.3823 -2.13628 3.05486  3.05486  3.05486  3.05486  2.5288  2.5288  0  0  0  0  0  0 
-1.25664 -2.13628 3.05486  3.05486  3.05486  3.05486  2.5288  2.5288  0  0  0  0  0  0 
-1.13097 -2.13628 3.05486  3.05486  3.05486  3.05486  2.5288  2.5288  0  0  0  0  0  0 
-1.00531 -2.13628 3.05486  3.05486  3.05486  3.05486  2.5288  2.5288  0  0  0  0  0  0 
-0.879646 -2.13628 3.05486  3.05486  3.05486  3.05486  2.5288  2.5288  0  0  0  0  0  0 
-0.753982 -2.13628 3.05486  3.05486  3.05486  3.05486  2.5288  2.5288  0  0  0  0  0  0 
-0.628319 -2.13628 3.05486  3.05486  3.05486  3.05486  2.5288  2.5288  0  0  0  0  0  0 
-0.502655 -2.13628 3.05486  3.05486  3.05486  3.05486  2.5288  2.5288  0  0  0  0  0  0 
-0.376991 -2.13628 3.05486  3.05486  3.05486  3.05486  2.5288  2.5288  0  0  0  0  0  0 
-0.251327 -2.13628 3.05486  3.05486  3.05486  3.05486  2.5288  2.5288  0  0  0  0  0  0 
-0.125664 -2.13628 3.05486  3.05486  3.05486  3.05486  2.5288  2.5288  0  0  0  0  0  0 
0 -2.13628 3.05486  3.05486  3.05486  3.05486  2.5288  2.5288  0  0  0  0  0  0 
0.125664 -2.13628 3.05486  3.05486  3.05486  3.05486  2.5288  2.5288  0  0  0  0  0  0 
0.251327 -2.13628 3.05486  3.05486  3.05486  3.05486  2.5288  2.5288  0  0  0  0  0  0 
0.376991 -2.13628 3.05486  3.05486  3.05486  3.05486  2.5288  2.5288  0  0  0  0  0  0 
0.502655 -2.13628 3.05486  3.05486  3.05486  3.05486  2.5288  2.5288  0  0  0  0  0  0 
0.628319 -2.13628 3.05486  3.05486  3.05486  3.05486  2.5288  2.5288  0  0  0  0  0  0 
0.753982 -2.13628 3.05486  3.05486  3.05486  3.05486  2.5288  2.5288  0  0  0  0  0  0 
0.879646 -2.13628 3.05486  3.05486  3.05486  3.05486  2.5288  2.5288  0  0  0  0  0  0 
1.00531 -2.13628 3.05486  3.05486  3.05486  3.05486  2.5288  2.5288  0  0  0  0  0  0 
1.13097 -2.13628 3.05486  3.05486  3.05486  3.05486  2.5288  2.5288  0  0  0  0  0  0 
1.25664 -2.13628 3.05486  3.05486  3.05486  3.05486  2.5288  2.5288  0  0  0  0  0  0 
1.3823 -2.13628 3.05486  3.05486  3.05486  3.05486  2.5288  2.5288  0  0  0  0  0  0 
1.50796 -2.13628 3.05486  3.05486  3.05486  3.05486  2.5288  2.5288  0  0  0  0  0  0 
1.63363 -2.13628 3.05486  3.05486  3.05486  3.05486  2.5288  2.5288  0  0  0  0  0  0 
1.75929 -2.13628 3.05486  3.05486  3.05486  3.05486  2.5288  2.5288  0  0  0  0  0  0 
1.88496 -2.13628 3.05486  3.05486  3.05486  3.05486  2.5288  2.5288  0  0  0  0  0  0 
2.01062 -2.13628 3.05486  3.05486  3.05486  3.05486  2.5288  2.5288  0  0  0  0  0  0 
2.13628 -2.13628 3.05486  3.05486  3.05486  3.05486  2.5288  2.5288  0  0  0  0  0  0 
2.26195 -2.13628 3.05486  3.05486  3.05486  3.05486  2.5288  2.5288  0  0  0  0  0  0 
2.38761 -2.13628 3.05486  3.05486  3.05486  3.05486  2.5288  2.5288  0  0  0  0  0  0 
2.51327 -2.13628 3.05486  3.05486  3.05486  3.05486  2.5288  2.5288  0  0  0  0  0  0 
2.63894 -2.13628 3.05486  3.05486  3.05486  3.05486  2.5288  2.5288  0  0  0  0  0  0 
2.7646 -2.13628 3.05486  3.05486  3.05486  3.05486  2.5288  2.5288  0  0  0  0  0  0 
2.89027 -2.13628 3.05486  3.05486  3.05486  3.05486  2.5288  2.5288  0  0  0  0  0  0 
3.01593 -2.13628 3.05486  3.05486  3.05486  3.05486  2.5288  2.5288  0  0  0  0  0  0 
-3.14159 -2.01062 3.05486  3.05486  3.05486  3.05486  2.5288  2.5288  0  0  0  0  0  0 
-3.01593 -2.01062 3.05486  3.05486  3.05486  3.05486  2.5288  2.5288  0  0  0  0  0  0 
-2.89027 -2.01062 3.05486  3.05486  3.05486  3.05486  2.5288  2.5288  0  0  0  0  0  0 
-2.7646 -2.01062 3.05486  3.05486  3.05486  3.05486  2.5288  2.5288  0  0  0  0  0  0 
-2.63894 -2.01062 3.05486  3.05486  3.05486  3.05486  2.5288  2.5288  0  0  0  0  0  0 
-2.51327 -2.01062 3.05486  3.05486  3.05486  3.05486  2.5288  2.5288  0  0  0  0  0  0 
-2.38761 -2.01062 3.05486  3.05486  3.05486  3.05486  2.5288  2.5288  0  0  0  0  0  0 
-2.26195 -2.01062 3.05486  3.05486  3.05486  3.05486  2.5288  2.5288  0  0  0  0  0  0 
-2.13628 -2.01062 3.05486  3.05486  3.05486  3.05486  2.5288  2.5288  0  0  0  0  0  0 
-2.01062 -2.01062 3.05486  3.05486  3.05486  3.05486  2.5288  2.5288  0  0  0  0  0  0 
-1.88496 -2.01062 3.05486  3.05486  3.05486  3.05486  2.5288  2.5288  0  0  0  0  0  0 
-1.75929 -2.01062 3.05486  3.05486  3.05486  3.05486  2.5288  2.5288  0  0  0  0  0  0 
-1.63363 -2.01062 3.05486  3.05486  3.05486  3.05486  2.5288  2.5288  0  0  0  0  0  0 
-1.50796 -2.01062 3.05486  3.05486  3.05486  3.05486  2.5288  2.5288  0  0  0  0  0  0 
-1.3823 -2.01062 3.05486  3.05486  3.05486  3.05486  2.5288  2.5288  0  0  0  0  0  0 
-1.25664 -2.01062 3.05486  3.05486  3.05486  3.05486  2.5288  2.5288  0  0  0  0  0  0 
-1.13097 -2.01062 3.05486  3.05486  3.05486  3.05486  2.5288  2.5288  0  0  0  0  0  0 
-1.00531 -2.01062 3.05486  3.05486  3.05486  3.05486  2.5288  2.5288  0  0  0  0  0  0 
-0.879646 -2.01062 3.05486  3.05486  3.05486  3.05486  2.5288  2.5288  0  0  0  0  0  0 
-0.753982 -2.01062 3.05486  3.05486  3.05486  3.05486  2.5288  2.5288  0  0  0  0  0  0 
-0.628319 -2.01062 3.05486  3.05486  3.05486  3.05486  2.5288  2.5288  0  0  0  0  0  0 
-0.502655 -2.01062 3.05486  3.05486  3.05486  3.05486  2.5288  2.5288  0  0  0  0  0  0 
-0.376991 -2.01062 3.05486  3.05486  3.05486  3.05486  2.5288  2.5288  0  0  0  0  0  0 
-0.251327 -2.01062 3.05486  3.05486  3.05486  3.05486  2.5288  2.5288  0  0  0  0  0  0 
-0.125664 -2.01062 3.05486  3.05486  3.05486  3.05486  2.5288  2.5288  0  0  0  0  0  0 
0 -2.01062 3.05486  3.05486  3.05486  3.05486  2.5288  2.5288  0  0  0  0  0  0 
0.125664 -2.01062 3.05486  3.05486  3.05486  3.05486  2.5288  2.5288  0  0  0  0  0  0 
0.251327 -2.01062 3.05486  3.05486  3.05486  3.05486  2.5288  2.5288  0  0  0  0  0  0 
0.376991 -2.01062 3.05486  3.05486  3.05486  3.05486  2.5288  2.5288  0  0  0  0  0  0 
0.502655 -2.01062 3.05486  3.05486  3.05486  3.05486  2.5288  2.5288  0  0  0  0  0  0 
0.628319 -2.01062 3.05486  3.05486  3.05486  3.05486  2.5288  2.5288  0  0  0  0  0  0 
0.753982 -2.01062 3.05486  3.05486  3.05486  3.05486  2.5288  2.5288  0  0  0  0  0  0 
0.879646 -2.01062 3.05486  3.05486  3.05486  3.05486  2.5288  2.5288  0  0  0  0  0  0 
1.00531 -2.01062 3.05486  3.05486  3.05486  3.05486  2.5288  2.5288  0  0  0  0  0  0 
1.13097 -2.01062 3.05486  3.05486  3.05486  3.05486  2.5288  2.5288  0  0  0  0  0  0 
1.25664 -2.01062 3.05486  3.05486  3.05486  3.05486  2.5288  2.5288  0  0  0  0  0  0 
1.3823 -2.01062 3.05486  3.05486  3.05486  3.05486  2.5288  2.5288  0  0  0  0  0  0 
1.50796 -2.01062 3.05486  3.05486  3.05486  3.05486  2.5288  2.5288  0  0  0  0  0  0 
1.63363 -2.01062 3.05486  3.05486  3.05486  3.05486  2.5288  2.5288  0  0  0  0  0  0 
1.75929 -2.01062 3.05486  3.05486  3.05486  3.05486  2.5288  2.5288  0  0  0  0  0  0 
1.88496 -2.01062 3.05486  3.05486  3.05486  3.05486  2.5288  2.5288  0  0  0  0  0  0 
2.01062 -2.01062 3.05486  3.05486  3.05486  3.05486  2.5288  2.5288  0  0  0  0  0  0 
2.13628 -2.01062 3.05486  3.05486  3.05486  3.05486  2.5288  2.5288  0  0  0  0  0  0 
2.26195 -2.01062 3.05486  3.05486  3.05486  3.05486  2.5288  2.5288  0  0  0  0  0  0 
2.38761 -2.01062 3.05486  3.05486  3.05486  3.05486  2.5288  2.5288  0  0  0  0  0  0 
2.51327 -2.01062 3.05486  3.05486  3.05486  3.05486  2.5288  2.5288  0  0  0  0  0  0 
2.63894 -2.01062 3.05486  3.05486  3.05486  3.05486  2.5288  2.5288  0  0  0  0  0  0 
2.7646 -2.01062 3.05486  3.05486  3.05486  3.05486  2.5288  2.5288  0  0  0  0  0  0 
2.89027 -2.01062 3.05486  3.05486  3.05486  3.05486  2.5288  2.5288  0  0  0  0  0  0 
3.01593 -2.01062 3.05486  3.05486  3.05486  3.05486  2.5288  2.5288  0  0  0  0  0  0 
-3.14159 -1.88496 3.05486  3.05486  3.05486  3.05486  2.5288  2.5288  0  0  0  0  0  0 
-3.01593 -1.88496 3.05486  3.05486  3.05486  3.05486  2.5288  2.5288  0  0  0  0  0  0 
-2.89027 -1.88496 3.05486  3.05486  3.05486  3.05486  2.5288  2.5288  0  0  0  0  0  0 
-2.7646 -1.88496 3.05486  3.05486  3.05486  3.05486  2.5288  2.5288  0  0  0  0  0  0 
-2.63894 -1.88496 3.05486  3.05486  3.05486  3.05486  2.5288  2.5288  0  0  0  0  0  0 
-2.51327 -1.88496 3.05486  3.05486  3.05486  3.05486  2.5288  2.5288  0  0  0  0  0  0 
-2.38761 -1.88496 3.05486  3.05486  3.05486  3.05486  2.5288  2.5288  0  0  0  0  0  0 
-2.26195 -1.88496 3.05486  3.05486  3.05486  3.05486  2.5288  2.5288  0  0  0  0  0  0 
-2.13628 -1.88496 3.05486  3.05486  3.05486  3.05486  2.5288  2.5288  0  0  0  0  0  0 
-2.01062 -1.88496 3.05486  3.05486  3.05486  3.05486  2.5288  2.5288  0  0  0  0  0  0 
-1.88496 -1.88496 3.05486  3.05486  3.05486  3.05486  2.5288  2.5288  0  0  0  0  0  0 
-1.75929 -1.88496 3.05486  3.05486  3.05486  3.05486  2.5288  2.5288  0  0  0  0  0  0 
-1.63363 -1.88496 3.05486  3.05486  3.05486  3.05486  2.5288  2.5288  0  0  0  0  0  0 
-1.50796 -1.88496 3.05486  3.05486  3.05486  3.05486  2.5288  2.5288  0  0  0  0  0  0 
-1.3823 -1.88496 3.05486  3.05486  3.05486  3.05486  2.5288  2.5288  0  0  0  0  0  0 
-1.25664 -1.88496 3.05486  3.05486  3.05486  3.05486  2.5288  2.5288  0  0  0  0  0  0 
-1.13097 -1.88496 3.05486  3.05486  3.05486  3.05486  2.5288  2.5288  0  0  0  0  0  0 
-1.00531 -1.88496 3.05486  3.05486  3.05486  3.05486  2.5288  2.5288  0  0  0  0  0  0 
-0.879646 -1.88496 3.05486  3.05486  3.05486  3.05486  2.5288  2.5288  0  0  0  0  0  0 
-0.753982 -1.88496 3.05486  3.05486  3.05486  3.05486  2.5288  2.5288  0  0  0  0  0  0 
-0.628319 -1.88496 3.05486  3.05486  3.05486  3.05486  2.5288  2.5288  0  0  0  0  0  0 
-0.502655 -1.88496 3.05486  3.05486  3.05486  3.05486  2.5288  2.5288  0  0  0  0  0  0 
-0.376991 -1.88496 3.05486  3.05486  3.05486  3.05486  2.5288  2.5288  0  0  0  0  0  0 
-0.251327 -1.88496 3.05486  3.05486  3.05486  3.05486  2.5288  2.5288  0  0  0  0  0  0 
-0.125664 -1.88496 3.05486  3.05486  3.05486  3.05486  2.5288  2.5288  0  0  0  0  0  0 
0 -1.88496 3.05486  3.05486  3.05486  3.05486  2.5288  2.5288  0  0  0  0  0  0 
0.125664 -1.88496 3.05486  3.05486  3.05486  3.05486  2.5288  2.5288  0  0  0  0  0  0 
0.251327 -1.88496 3.05486  3.05486  3.05486  3.05486  2.5288  2.5288  0  0  0  0  0  0 
0.376991 -1.88496 3.05486  3.05486  3.05486  3.05486  2.5288  2.5288  0  0  0  0  0  0 
0.502655 -1.88496 3.05486  3.05486  3.05486  3.05486  2.5288  2.5288  0  0  0  0  0  0 
0.628319 -1.88496 3.05486  3.05486  3.05486  3.05486  2.5288  2.5288  0  0  0  0  0  0 
0.753982 -1.88496 3.05486  3.05486  3.05486  3.05486  2.5288  2.5288  0  0  0  0  0  0 
0.879646 -1.88496 3.05486  3.05486  3.05486  3.05486  2.5288  2.5288  0  0  0  0  0  0 
1.00531 -1.88496 3.05486  3.05486  3.05486  3.05486  2.5288  2.5288  0  0  0  0  0  0 
1.13097 -1.88496 3.05486  3.05486  3.05486  3.05486  2.5288  2.5288  0  0  0  0  0  0 
1.25664 -1.88496 3.05486  3.05486  3.05486  3.05486  2.5288  2.5288  0  0  0  0  0  0 
1.3823 -1.88496 3.05486  3.05486  3.05486  3.05486  2.5288  2.5288  0  0  0  0  0  0 
1.50796 -1.88496 3.05486  3.05486  3.05486  3.05486  2.5288  2.5288  0  0  0  0  0  0 
1.63363 -1.88496 3.05486  3.05486  3.05486  3.05486  2.5288  2.5288  0  0  0  0  0  0 
1.75929 -1.88496 3.05486  3.05486  3.05486  3.05486  2.5288  2.5288  0  0  0  0  0  0 
1.88496 -1.88496 3.05486  3.05486  3.05486  3.05486  2.5288  2.5288  0  0  0  0  0  0 
2.01062 -1.88496 3.05486  3.05486  3.05486  3.05486  2.5288  2.5288  0  0  0  0  0  0 
2.13628 -1.88496 3.05486  3.05486  3.05486  3.05486  2.5288  2.5288  0  0  0  0  0  0 
2.26195 -1.88496 3.05486  3.05486  3.05486  3.05486  2.5288  2.5288  0  0  0  0  0  0 
2.38761 -1.88496 3.05486  3.05486  3.05486  3.05486  2.5288  2.5288  0  0  0  0  0  0 
2.51327 -1.88496 3.05486  3.05486  3.05486  3.05486  2.5288  2.5288  0  0  0  0  0  0 
2.63894 -1.88496 3.05486  3.05486  3.05486  3.05486  2.5288  2.5288  0  0  0  0  0  0 
2.7646 -1.88496 3.05486  3.05486  3.05486  3.05486  2.5288  2.5288  0  0  0  0  0  0 
2.89027 -1.88496 3.05486  3.05486  3.05486  3.05486  2.5288  2.5288  0  0  0  0  0  0 
3.01593 -1.88496 3.05486  3.05486  3.05486  3.05486  2.5288  2.5288  0  0  0  0  0  0 
-3.14159 -1.75929 3.05486  3.05486  3.05486  3.05486  2.5288  2.5288  0  0  0  0  0  0 
-3.01593 -1.75929 3.05486  3.05486  3.05486  3.05486  2.5288  2.5288  0  0  0  0  0  0 
-2.89027 -1.75929 3.05486  3.05486  3.05486  3.05486  2.5288  2.5288  0  0  0  0  0  0 
-2.7646 -1.75929 3.05486  3.05486  3.05486  3.05486  2.5288  2.5288  0  0  0  0  0  0 
-2.63894 -1.75929 3.05486  3.05486  3.05486  3.05486  2.5288  2.5288  0  0  0  0  0  0 
-2.51327 -1.75929 3.05486  3.05486  3.05486  3.05486  2.5288  2.5288  0  0  0  0  0  0 
-2.38761 -1.75929 3.05486  3.05486  3.05486  3.05486  2.5288  2.5288  0  0  0  0  0  0 
-2.26195 -1.75929 3.05486  3.05486  3.05486  3.05486  2.5288  2.5288  0  0  0  0  0  0 
-2.13628 -1.75929 3.05486  3.05486  3.05486  3.05486  2.5288  2.5288  0  0  0  0  0  0 
-2.01062 -1.75929 3.05486  3.05486  3.05486  3.05486  2.5288  2.5288  0  0  0  0  0  0 
-1.88496 -1.75929 3.05486  3.05486  3.05486  3.05486  2.5288  2.5288  0  0  0  0  0  0 
-1.75929 -1.75929 3.05486  3.05486  3.05486  3.05486  2.5288  2.5288  0  0  0  0  0  0 
-1.63363 -1.75929 3.05486  3.05486  3.05486  3.05486  2.5288  2.5288  0  0  0  0  0  0 
-1.50796 -1.75929 3.05486  3.05486  3.05486  3.05486  2.5288  2.5288  0  0  0  0  0  0 
-1.3823 -1.75929 3.05486  3.05486  3.05486  3.05486  2.5288  2.5288  0  0  0  0  0  0 
-1.25664 -1.75929 3.05486  3.05486  3.05486  3.05486  2.5288  2.5288  0  0  0  0  0  0 
-1.13097 -1.75929 3.05486  3.05486  3.05486  3.05486  2.5288  2.5288  0  0  0  0  0  0 
-1.00531 -1.75929 3.05486  3.05486  3.05486  3.05486  2.5288  2.5288  0  0  0  0  0  0 
-0.879646 -1.75929 3.05486  3.05486  3.05486  3.05486  2.5288  2.5288  0  0  0  0  0  0 
-0.753982 -1.75929 3.05486  3.05486  3.05486  3.05486  2.5288  2.5288  0  0  0  0  0  0 
-0.628319 -1.75929 3.05486  3.05486  3.05486  3.05486  2.5288  2.5288  0  0  0  0  0  0 
-0.502655 -1.75929 3.05486  3.05486  3.05486  3.05486  2.5288  2.5288  0  0  0  0  0  0 
-0.376991 -1.75929 3.05486  3.05486  3.05486  3.05486  2.5288  2.5288  0  0  0  0  0  0 
-0.251327 -1.75929 3.05486  3.05486  3.05486  3.05486  2.5288  2.5288  0  0  0  0  0  0 
-0.125664 -1.75929 3.05486  3.05486  3.05486  3.05486  2.5288  2.5288  0  0  0  0  0  0 
0 -1.75929 3.05486  3.05486  3.05486  3.05486  2.5288  2.5288  0  0  0  0  0  0 
0.125664 -1.75929 3.05486  3.05486  3.05486  3.05486  2.5288  2.5288  0  0  0  0  0  0 
0.251327 -1.75929 3.05486  3.05486  3.05486  3.05486  2.5288  2.5288  0  0  0  0  0  0 
0.376991 -1.75929 3.05486  3.05486  3.05486  3.05486  2.5288  2.5288  0  0  0  0  0  0 
0.502655 -1.75929 3.05486  3.05486  3.05486  3.05486  2.5288  2.5288  0  0  0  0  0  0 
0.628319 -1.75929 3.05486  3.05486  3.05486  3.05486  2.5288  2.5288  0  0  0  0  0  0 
0.753982 -1.75929 3.05486  3.05486  3.05486  3.05486  2.5288  2.5288  0  0  0  0  0  0 
0.879646 -1.75929 3.05486  3.05486  3.05486  3.05486  2.5288  2.5288  0  0  0  0  0  0 
1.00531 -1.75929 3.05486  3.05486  3.05486  3.05486  2.5288  2.5288  0  0  0  0  0  0 
1.13097 -1.75929 3.05486  3.05486  3.05486  3.05486  2.5288  2.5288  0  0  0  0  0  0 
1.25664 -1.75929 3.05486  3.05486  3.05486  3.05486  2.5288  2.5288  0  0  0  0  0  0 
1.3823 -1.75929 3.05486  3.05486  3.05486  3.05486  2.5288  2.5288  0  0  0  0  0  0 
1.50796 -1.75929 3.05486  3.05486  3.05486  3.05486  2.5288  2.5288  0  0  0  0  0  0 
1.63363 -1.75929 3.05486  3.05486  3.05486  3.05486  2.5288  2.5288  0  0  0  0  0  0 
1.75929 -1.75929 3.05486  3.05486  3.05486  3.05486  2.5288  2.5288  0  0  0  0  0  0 
1.88496 -1.75929 3.05486  3.05486  3.05486  3.05486  2.5288  2.5288  0  0  0  0  0  0 
2.01062 -1.75929 3.05486  3.05486  3.05486  3.05486  2.5288  2.5288  0  0  0  0  0  0 
2.13628 -1.75929 3.05486  3.05486  3.05486  3.05486  2.5288  2.5288  0  0  0  0  0  0 
2.26195 -1.75929 3.05486  3.05486  3.05486  3.05486  2.5288  2.5288  0  0  0  0  0  0 
2.38761 -1.75929 3.05486  3.05486  3.05486  3.05486  2.5288  2.5288  0  0  0  0  0  0 
2.51327 -1.75929 3.05486  3.05486  3.05486  3.05486  2.5288  2.5288  0  0  0  0  0  0 
2.63894 -1.75929 3.05486  3.05486  3.05486  3.05486  2.5288  2.5288  0  0  0  0  0  0 
2.7646 -1.75929 3.05486  3.05486  3.05486  3.05486  2.5288  2.5288  0  0  0  0  0  0 
2.89027 -1.75929 3.05486  3.05486  3.05486  3.05486  2.5288  2.5288  0  0  0  0  0  0 
3.01593 -1.75929 3.05486  3.05486  3.05486  3.05486  2.5288  2.5288  0  0  0  0  0  0 
-3.14159 -1.63363 3.05486  3.05486  3.05486  3.05486  2.5288  2.5288  0  0  0  0  0  0 
-3.01593 -1.63363 3.05486  3.05486  3.05486  3.05486  2.5288  2.5288  0  0  0  0  0  0 
-2.89027 -1.63363 3.05486  3.05486  3.05486  3.05486  2.5288  2.5288  0  0  0  0  0  0 
-2.7646 -1.63363 3.05486  3.05486  3.05486  3.05486  2.5288  2.5288  0  0  0  0  0  0 
-2.63894 -1.63363 3.05486  3.05486  3.05486  3.05486  2.5288  2.5288  0  0  0  0  0  0 
-2.51327 -1.63363 3.05486  3.05486  3.05486  3.05486  2.5288  2.5288  0  0  0  0  0  0 
-2.38761 -1.63363 3.05486  3.05486  3.05486  3.05486  2.5288  2.5288  0  0  0  0  0  0 
-2.26195 -1.63363 3.05486  3.05486  3.05486  3.05486  2.5288  2.5288  0  0  0  0  0  0 
-2.13628 -1.63363 3.05486  3.05486  3.05486  3.05486  2.5288  2.5288  0  0  0  0  0  0 
-2.01062 -1.63363 3.05486  3.05486  3.05486  3.05486  2.5288  2.5288  0  0  0  0  0  0 
-1.88496 -1.63363 3.05486  3.05486  3.05486  3.05486  2.5288  2.5288  0  0  0  0  0  0 
-1.75929 -1.63363 3.05486  3.05486  3.05486  3.05486  2.5288  2.5288  0  0  0  0  0  0 
-1.63363 -1.63363 3.05486  3.05486  3.05486  3.05486  2.5288  2.5288  0  0  0  0  0  0 
-1.50796 -1.63363 3.05486  3.05486  3.05486  3.05486  2.5288  2.5288  0  0  0  0  0  0 
-1.3823 -1.63363 3.05486  3.05486  3.05486  3.05486  2.5288  2.5288  0  0  0  0  0  0 
-1.25664 -1.63363 3.05486  3.05486  3.05486  3.05486  2.5288  2.5288  0  0  0  0  0  0 
-1.13097 -1.63363 3.05486  3.05486  3.05486  3.05486  2.5288  2.5288  0  0  0  0  0  0 
-1.00531 -1.63363 3.05486  3.05486  3.05486  3.05486  2.5288  2.5288  0  0  0  0  0  0 
-0.879646 -1.63363 3.05486  3.05486  3.05486  3.05486  2.5288  2.5288  0  0  0  0  0  0 
-0.753982 -1.63363 3.05486  3.05486  3.05486  3.05486  2.5288  2.5288  0  0  0  0  0  0 
-0.628319 -1.63363 3.05486  3.05486  3.05486  3.05486  2.5288  2.5288  0  0  0  0  0  0 
-0.502655 -1.63363 3.05486  3.05486  3.05486  3.05486  2.5288  2.5288  0  0  0  0  0  0 
-0.376991 -1.63363 3.05486  3.05486  3.05486  3.05486  2.5288  2.5288  0  0  0  0  0  0 
-0.251327 -1.63363 3.05486  3.05486  3.05486  3.05486  2.5288  2.5288  0  0  0  0  0  0 
-0.125664 -1.63363 3.05486  3.05486  3.05486  3.05486  2.5288  2.5288  0  0  0  0  0  0 
0 -1.63363 3.05486  3.05486  3.05486  3.05486  2.5288  2.5288  0  0  0  0  0  0 
0.125664 -1.63363 3.05486  3.05486  3.05486  3.05486  2.5288  2.5288  0  0  0  0  0  0 
0.251327 -1.63363 3.05486  3.05486  3.05486  3.05486  2.5288  2.5288  0  0  0  0  0  0 
0.376991 -1.63363 3.05486  3.05486  3.05486  3.05486  2.5288  2.5288  0  0  0  0  0  0 
0.502655 -1.63363 3.05486  3.05486  3.05486  3.05486  2.5288  2.5288  0  0  0  0  0  0 
0.628319 -1.63363 3.05486  3.05486  3.05486  3.05486  2.5288  2.5288  0  0  0  0  0  0 
0.753982 -1.63363 3.05486  3.05486  3.05486  3.05486  2.5288  2.5288  0  0  0  0  0  0 
0.879646 -1.63363 3.05486  3.05486  3.05486  3.05486  2.5288  2.5288  0  0  0  0  0  0 
1.00531 -1.63363 3.05486  3.05486  3.05486  3.05486  2.5288  2.5288  0  0  0  0  0  0 
1.13097 -1.63363 3.05486  3.05486  3.05486  3.05486  2.5288  2.5288  0  0  0  0  0  0 
1.25664 -1.63363 3.05486  3.05486  3.05486  3.05486  2.5288  2.5288  0  0  0  0  0  0 
1.3823 -1.63363 3.05486  3.05486  3.05486  3.05486  2.5288  2.5288  0  0  0  0  0  0 
1.50796 -1.63363 3.05486  3.05486  3.05486  3.05486  2.5288  2.5288  0  0  0  0  0  0 
1.63363 -1.63363 3.05486  3.05486  3.05486  3.05486  2.5288  2.5288  0  0  0  0  0  0 
1.75929 -1.63363 3.05486  3.05486  3.05486  3.05486  2.5288  2.5288  0  0  0  0  0  0 
1.88496 -1.63363 3.05486  3.05486  3.05486  3.05486  2.5288  2.5288  0  0  0  0  0  0 
2.01062 -1.63363 3.05486  3.05486  3.05486  3.05486  2.5288  2.5288  0  0  0  0  0  0 
2.13628 -1.63363 3.05486  3.05486  3.05486  3.05486  2.5288  2.5288  0  0  0  0  0  0 
2.26195 -1.63363 3.05486  3.05486  3.05486  3.05486  2.5288  2.5288  0  0  0  0  0  0 
2.38761 -1.63363 3.05486  3.05486  3.05486  3.05486  2.5288  2.5288  0  0  0  0  0  0 
2.51327 -1.63363 3.05486  3.05486  3.05486  3.05486  2.5288  2.5288  0  0  0  0  0  0 
2.63894 -1.63363 3.05486  3.05486  3.05486  3.05486  2.5288  2.5288  0  0  0  0  0  0 
2.7646 -1.63363 3.05486  3.05486  3.05486  3.05486  2.5288  2.5288  0  0  0  0  0  0 
2.89027 -1.63363 3.05486  3.05486  3.05486  3.05486  2.5288  2.5288  0  0  0  0  0  0 
3.01593 -1.63363 3.05486  3.05486  3.05486  3.05486  2.5288  2.5288  0  0  0  0  0  0 
-3.14159 -1.50796 3.05486  3.05486  3.05486  3.05486  2.5288  2.5288  0  0  0  0  0  0 
-3.01593 -1.50796 3.05486  3.05486  3.05486  3.05486  2.5288  2.5288  0  0  0  0  0  0 
-2.89027 -1.50796 3.05486  3.05486  3.05486  3.05486  2.5288  2.5288  0  0  0  0  0  0 
-2.7646 -1.50796 3.05486  3.05486  3.05486  3.05486  2.5288  2.5288  0  0  0  0  0  0 
-2.63894 -1.50796 3.05486  3.05486  3.05486  3.05486  2.5288  2.5288  0  0  0  0  0  0 
-2.51327 -1.50796 3.05486  3.05486  3.05486  3.05486  2.5288  2.5288  0  0  0  0  0  0 
-2.38761 -1.50796 3.05486  3.05486  3.05486  3.05486  2.5288  2.5288  0  0  0  0  0  0 
-2.26195 -1.50796 3.05486  3.05486  3.05486  3.05486  2.5288  2.5288  0  0  0  0  0  0 
-2.13628 -1.50796 3.05486  3.05486  3.05486  3.05486  2.5288  2.5288  0  0  0  0  0  0 
-2.01062 -1.50796 3.05486  3.05486  3.05486  3.05486  2.5288  2.5288  0  0  0  0  0  0 
-1.88496 -1.50796 3.05486  3.05486  3.05486  3.05486  2.5288  2.5288  0  0  0  0  0  0 
-1.75929 -1.50796 3.05486  3.05486  3.05486  3.05486  2.5288  2.5288  0  0  0  0  0  0 
-1.63363 -1.50796 3.05486  3.05486  3.05486  3.05486  2.5288  2.5288  0  0  0  0  0  0 
-1.50796 -1.50796 3.05486  3.05486  3.05486  3.05486  2.5288  2.5288  0  0  0  0  0  0 
-1.3823 -1.50796 3.05486  3.05486  3.05486  3.05486  2.5288  2.5288  0  0  0  0  0  0 
-1.25664 -1.50796 3.05486  3.05486  3.05486  3.05486  2.5288  2.5288  0  0  0  0  0  0 
-1.13097 -1.50796 3.05486  3.05486  3.05486  3.05486  2.5288  2.5288  0  0  0  0  0  0 
-1.00531 -1.50796 3.05486  3.05486  3.05486  3.05486  2.5288  2.5288  0  0  0  0  0  0 
-0.879646 -1.50796 3.05486  3.05486  3.05486  3.05486  2.5288  2.5288  0  0  0  0  0  0 
-0.753982 -1.50796 3.05486  3.05486  3.05486  3.05486  2.5288  2.5288  0  0  0  0  0  0 
-0.628319 -1.50796 3.05486  3.05486  3.05486  3.05486  2.5288  2.5288  0  0  0  0  0  0 
-0.502655 -1.50796 3.05486  3.05486  3.05486  3.05486  2.5288  2.5288  0  0  0  0  0  0 
-0.376991 -1.50796 3.05486  3.05486  3.05486  3.05486  2.5288  2.5288  0  0  0  0  0  0 
-0.251327 -1.50796 3.05486  3.05486  3.05486  3.05486  2.5288  2.5288  0  0  0  0  0  0 
-0.125664 -1.50796 3.05486  3.05486  3.05486  3.05486  2.5288  2.5288  0  0  0  0  0  0 
0 -1.50796 3.05486  3.05486  3.05486  3.05486  2.5288  2.5288  0  0  0  0  0  0 
0.125664 -1.50796 3.05486  3.05486  3.05486  3.05486  2.5288  2.5288  0  0  0  0  0  0 
0.251327 -1.50796 3.05486  3.05486  3.05486  3.05486  2.5288  2.5288  0  0  0  0  0  0 
0.376991 -1.50796 3.05486  3.05486  3.05486  3.05486  2.5288  2.5288  0  0  0  0  0  0 
0.502655 -1.50796 3.05486  3.05486  3.05486  3.05486  2.5288  2.5288  0  0  0  0  0  0 
0.628319 -1.50796 3.05486  3.05486  3.05486  3.05486  2.5288  2.5288  0  0  0  0  0  0 
0.753982 -1.50796 3.05486  3.05486  3.05486  3.05486  2.5288  2.5288  0  0  0  0  0  0 
0.879646 -1.50796 3.05486  3.05486  3.05486  3.05486  2.5288  2.5288  0  0  0  0  0  0 
1.00531 -1.50796 3.05486  3.05486  3.05486  3.05486  2.5288  2.5288  0  0  0  0  0  0 
1.13097 -1.50796 3.05486  3.05486  3.05486  3.05486  2.5288  2.5288  0  0  0  0  0  0 
1.25664 -1.50796 3.05486  3.05486  3.05486  3.05486  2.5288  2.5288  0  0  0  0  0  0 
1.3823 -1.50796 3.05486  3.05486  3.05486  3.05486  2.5288  2.5288  0  0  0  0  0  0 
1.50796 -1.50796 3.05486  3.05486  3.05486  3.05486  2.5288  2.5288  0  0  0  0  0  0 
1.63363 -1.50796 3.05486  3.05486  3.05486  3.05486  2.5288  2.5288  0  0  0  0  0  0 
1.75929 -1.50796 3.05486  3.05486  3.05486  3.05486  2.5288  2.5288  0  0  0  0  0  0 
1.88496 -1.50796 3.05486  3.05486  3.05486  3.05486  2.5288  2.5288  0  0  0  0  0  0 
2.01062 -1.50796 3.05486  3.05486  3.05486  3.05486  2.5288  2.5288  0  0  0  0  0  0 
2.13628 -1.50796 3.05486  3.05486  3.05486  3.05486  2.5288  2.5288  0  0  0  0  0  0 
2.26195 -1.50796 3.05486  3.05486  3.05486  3.05486  2.5288  2.5288  0  0  0  0  0  0 
2.38761 -1.50796 3.05486  3.05486  3.05486  3.05486  2.5288  2.5288  0  0  0  0  0  0 
2.51327 -1.50796 3.05486  3.05486  3.05486  3.05486  2.5288  2.5288  0  0  0  0  0  0 
2.63894 -1.50796 3.05486  3.05486  3.05486  3.05486  2.5288  2.5288  0  0  0  0  0  0 
2.7646 -1.50796 3.05486  3.05486  3.05486  3.05486  2.5288  2.5288  0  0  0  0  0  0 
2.89027 -1.50796 3.05486  3.05486  3.05486  3.05486  2.5288  2.5288  0  0  0  0  0  0 
3.01593 -1.50796 3.05486  3.05486  3.05486  3.05486  2.5288  2.5288  0  0  0  0  0  0 
-3.14159 -1.3823 3.05486  3.05486  3.05486  3.05486  2.5288  2.5288  0  0  0  0  0  0 
-3.01593 -1.3823 3.05486  3.05486  3.05486  3.05486  2.5288  2.5288  0  0  0  0  0  0 
-2.89027 -1.3823 3.05486  3.05486  3.05486  3.05486  2.5288  2.5288  0  0  0  0  0  0 
-2.7646 -1.3823 3.05486  3.05486  3.05486  3.05486  2.5288  2.5288  0  0  0  0  0  0 
-2.63894 -1.3823 3.05486  3.05486  3.05486  3.05486  2.5288  2.5288  0  0  0  0  0  0 
-2.51327 -1.3823 3.05486  3.05486  3.05486  3.05486  2.5288  2.5288  0  0  0  0  0  0 
-2.38761 -1.3823 3.05486  3.05486  3.05486  3.05486  2.5288  2.5288  0  0  0  0  0  0 
-2.26195 -1.3823 3.05486  3.05486  3.05486  3.05486  2.5288  2.5288  0  0  0  0  0  0 
-2.13628 -1.3823 3.05486  3.05486  3.05486  3.05486  2.5288  2.5288  0  0  0  0  0  0 
-2.01062 -1.3823 3.05486  3.05486  3.05486  3.05486  2.5288  2.5288  0  0  0  0  0  0 
-1.88496 -1.3823 3.05486  3.05486  3.05486  3.05486  2.5288  2.5288  0  0  0  0  0  0 
-1.75929 -1.3823 3.05486  3.05486  3.05486  3.05486  2.5288  2.5288  0  0  0  0  0  0 
-1.63363 -1.3823 3.05486  3.05486  3.05486  3.05486  2.5288  2.5288  0  0  0  0  0  0 
-1.50796 -1.3823 3.05486  3.05486  3.05486  3.05486  2.5288  2.5288  0  0  0  0  0  0 
-1.3823 -1.3823 3.05486  3.05486  3.05486  3.05486  2.5288  2.5288  0  0  0  0  0  0 
-1.25664 -1.3823 3.05486  3.05486  3.05486  3.05486  2.5288  2.5288  0  0  0  0  0  0 
-1.13097 -1.3823 3.05486  3.05486  3.05486  3.05486  2.5288  2.5288  0  0  0  0  0  0 
-1.00531 -1.3823 3.05486  3.05486  3.05486  3.05486  2.5288  2.5288  0  0  0  0  0  0 
-0.879646 -1.3823 3.05486  3.05486  3.05486  3.05486  2.5288  2.5288  0  0  0  0  0  0 
-0.753982 -1.3823 3.05486  3.05486  3.05486  3.05486  2.5288  2.5288  0  0  0  0  0  0 
-0.628319 -1.3823 3.05486  3.05486  3.05486  3.05486  2.5288  2.5288  0  0  0  0  0  0 
-0.502655 -1.3823 3.05486  3.05486  3.05486  3.05486  2.5288  2.5288  0  0  0  0  0  0 
-0.376991 -1.3823 3.05486  3.05486  3.05486  3.05486  2.5288  2.5288  0  0  0  0  0  0 
-0.251327 -1.3823 3.05486  3.05486  3.05486  3.05486  2.5288  2.5288  0  0  0  0  0  0 
-0.125664 -1.3823 3.05486  3.05486  3.05486  3.05486  2.5288  2.5288  0  0  0  0  0  0 
0 -1.3823 3.05486  3.05486  3.05486  3.05486  2.5288  2.5288  0  0  0  0  0  0 
0.125664 -1.3823 3.05486  3.05486  3.05486  3.05486  2.5288  2.5288  0  0  0  0  0  0 
0.251327 -1.3823 3.05486  3.05486  3.05486  3.05486  2.5288  2.5288  0  0  0  0  0  0 
0.376991 -1.3823 3.05486  3.05486  3.05486  3.05486  2.5288  2.5288  0  0  0  0  0  0 
0.502655 -1.3823 3.05486  3.05486  3.05486  3.05486  2.5288  2.5288  0  0  0  0  0  0 
0.628319 -1.3823 3.05486  3.05486  3.05486  3.05486  2.5288  2.5288  0  0  0  0  0  0 
0.753982 -1.3823 3.05486  3.05486  3.05486  3.05486  2.5288  2.5288  0  0  0  0  0  0 
0.879646 -1.3823 3.05486  3.05486  3.05486  3.05486  2.5288  2.5288  0  0  0  0  0  0 
1.00531 -1.3823 3.05486  3.05486  3.05486  3.05486  2.5288  2.5288  0  0  0  0  0  0 
1.13097 -1.3823 3.05486  3.05486  3.05486  3.05486  2.5288  2.5288  0  0  0  0  0  0 
1.25664 -1.3823 3.05486  3.05486  3.05486  3.05486  2.5288  2.5288  0  0  0  0  0  0 
1.3823 -1.3823 3.05486  3.05486  3.05486  3.05486  2.5288  2.5288  0  0  0  0  0  0 
1.50796 -1.3823 3.05486  3.05486  3.05486  3.05486  2.5288  2.5288  0  0  0  0  0  0 
1.63363 -1.3823 3.05486  3.05486  3.05486  3.05486  2.5288  2.5288  0  0  0  0  0  0 
1.75929 -1.3823 3.05486  3.05486  3.05486  3.05486  2.5288  2.5288  0  0  0  0  0  0 
1.88496 -1.3823 3.05486  3.05486  3.05486  3.05486  2.5288  2.5288  0  0  0  0  0  0 
2.01062 -1.3823 3.05486  3.05486  3.05486  3.05486  2.5288  2.5288  0  0  0  0  0  0 
2.13628 -1.3823 3.05486  3.05486  3.05486  3.05486  2.5288  2.5288  0  0  0  0  0  0 
2.26195 -1.3823 3.05486  3.05486  3.05486  3.05486  2.5288  2.5288  0  0  0  0  0  0 
2.38761 -1.3823 3.05486  3.05486  3.05486  3.05486  2.5288  2.5288  0  0  0  0  0  0 
2.51327 -1.3823 3.05486  3.05486  3.05486  3.05486  2.5288  2.5288  0  0  0  0  0  0 
2.63894 -1.3823 3.05486  3.05486  3.05486  3.05486  2.5288  2.5288  0  0  0  0  0  0 
2.7646 -1.3823 3.05486  3.05486  3.05486  3.05486  2.5288  2.5288  0  0  0  0  0  0 
2.89027 -1.3823 3.05486  3.05486  3.05486  3.05486  2.5288  2.5288  0  0  0  0  0  0 
3.01593 -1.3823 3.05486  3.05486  3.05486  3.05486  2.5288  2.5288  0  0  0  0  0  0 
-3.14159 -1.25664 3.05486  3.05486  3.05486  3.05486  2.5288  2.5288  0  0  0  0  0  0 
-3.01593 -1.25664 3.05486  3.05486  3.05486  3.05486  2.5288  2.5288  0  0  0  0  0  0 
-2.89027 -1.25664 3.05486  3.05486  3.05486  3.05486  2.5288  2.5288  0  0  0  0  0  0 
-2.7646 -1.25664 3.05486  3.05486  3.05486  3.05486  2.5288  2.5288  0  0  0  0  0  0 
-2.63894 -1.25664 3.05486  3.05486  3.05486  3.05486  2.5288  2.5288  0  0  0  0  0  0 
-2.51327 -1.25664 3.05486  3.05486  3.05486  3.05486  2.5288  2.5288  0  0  0  0  0  0 
-2.38761 -1.25664 3.05486  3.05486  3.05486  3.05486  2.5288  2.5288  0  0  0  0  0  0 
-2.26195 -1.25664 3.05486  3.05486  3.05486  3.05486  2.5288  2.5288  0  0  0  0  0  0 
-2.13628 -1.25664 3.05486  3.05486  3.05486  3.05486  2.5288  2.5288  0  0  0  0  0  0 
-2.01062 -1.25664 3.05486  3.05486  3.05486  3.05486  2.5288  2.5288  0  0  0  0  0  0 
-1.88496 -1.25664 3.05486  3.05486  3.05486  3.05486  2.5288  2.5288  0  0  0  0  0  0 
-1.75929 -1.25664 3.05486  3.05486  3.05486  3.05486  2.5288  2.5288  0  0  0  0  0  0 
-1.63363 -1.25664 3.05486  3.05486  3.05486  3.05486  2.5288  2.5288  0  0  0  0  0  0 
-1.50796 -1.25664 3.05486  3.05486  3.05486  3.05486  2.5288  2.5288  0  0  0  0  0  0 
-1.3823 -1.25664 3.05486  3.05486  3.05486  3.05486  2.5288  2.5288  0  0  0  0  0  0 
-1.25664 -1.25664 3.05486  3.05486  3.05486  3.05486  2.5288  2.5288  0  0  0  0  0  0 
-1.13097 -1.25664 3.05486  3.05486  3.05486  3.05486  2.5288  2.5288  0  0  0  0  0  0 
-1.00531 -1.25664 3.05486  3.05486  3.05486  3.05486  2.5288  2.5288  0  0  0  0  0  0 
-0.879646 -1.25664 3.05486  3.05486  3.05486  3.05486  2.5288  2.5288  0  0  0  0  0  0 
-0.753982 -1.25664 3.05486  3.05486  3.05486  3.05486  2.5288  2.5288  0  0  0  0  0  0 
-0.628319 -1.25664 3.05486  3.05486  3.05486  3.05486  2.5288  2.5288  0  0  0  0  0  0 
-0.502655 -1.25664 3.05486  3.05486  3.05486  3.05486  2.5288  2.5288  0  0  0  0  0  0 
-0.376991 -1.25664 3.05486  3.05486  3.05486  3.05486  2.5288  2.5288  0  0  0  0  0  0 
-0.251327 -1.25664 3.05486  3.05486  3.05486  3.05486  2.5288  2.5288  0  0  0  0  0  0 
-0.125664 -1.25664 3.05486  3.05486  3.05486  3.05486  2.5288  2.5288  0  0  0  0  0  0 
0 -1.25664 3.05486  3.05486  3.05486  3.05486  2.5288  2.5288  0  0  0  0  0  0 
0.125664 -1.25664 3.05486  3.05486  3.05486  3.05486  2.5288  2.5288  0  0  0  0  0  0 
0.251327 -1.25664 3.05486  3.05486  3.05486  3.05486  2.5288  2.5288  0  0  0  0  0  0 
0.376991 -1.25664 3.05486  3.05486  3.05486  3.05486  2.5288  2.5288  0  0  0  0  0  0 
0.502655 -1.25664 3.05486  3.05486  3.05486  3.05486  2.5288  2.5288  0  0  0  0  0  0 
0.628319 -1.25664 3.05486  3.05486  3.05486  3.05486  2.5288  2.5288  0  0  0  0  0  0 
0.753982 -1.25664 3.05486  3.05486  3.05486  3.05486  2.5288  2.5288  0  0  0  0  0  0 
0.879646 -1.25664 3.05486  3.05486  3.05486  3.05486  2.5288  2.5288  0  0  0  0  0  0 
1.00531 -1.25664 3.05486  3.05486  3.05486  3.05486  2.5288  2.5288  0  0  0  0  0  0 
1.13097 -1.25664 3.05486  3.05486  3.05486  3.05486  2.5288  2.5288  0  0  0  0  0  0 
1.25664 -1.25664 3.05486  3.05486  3.05486  3.05486  2.5288  2.5288  0  0  0  0  0  0 
1.3823 -1.25664 3.05486  3.05486  3.05486  3.05486  2.5288  2.5288  0  0  0  0  0  0 
1.50796 -1.25664 3.05486  3.05486  3.05486  3.05486  2.5288  2.5288  0  0  0  0  0  0 
1.63363 -1.25664 3.05486  3.05486  3.05486  3.05486  2.5288  2.5288  0  0  0  0  0  0 
1.75929 -1.25664 3.05486  3.05486  3.05486  3.05486  2.5288  2.5288  0  0  0  0  0  0 
1.88496 -1.25664 3.05486  3.05486  3.05486  3.05486  2.5288  2.5288  0  0  0  0  0  0 
2.01062 -1.25664 3.05486  3.05486  3.05486  3.05486  2.5288  2.5288  0  0  0  0  0  0 
2.13628 -1.25664 3.05486  3.05486  3.05486  3.05486  2.5288  2.5288  0  0  0  0  0  0 
2.26195 -1.25664 3.05486  3.05486  3.05486  3.05486  2.5288  2.5288  0  0  0  0  0  0 
2.38761 -1.25664 3.05486  3.05486  3.05486  3.05486  2.5288  2.5288  0  0  0  0  0  0 
2.51327 -1.25664 3.05486  3.05486  3.05486  3.05486  2.5288  2.5288  0  0  0  0  0  0 
2.63894 -1.25664 3.05486  3.05486  3.05486  3.05486  2.5288  2.5288  0  0  0  0  0  0 
2.7646 -1.25664 3.05486  3.05486  3.05486  3.05486  2.5288  2.5288  0  0  0  0  0  0 
2.89027 -1.25664 3.05486  3.05486  3.05486  3.05486  2.5288  2.5288  0  0  0  0  0  0 
3.01593 -1.25664 3.05486  3.05486  3.05486  3.05486  2.5288  2.5288  0  0  0  0  0  0 
-3.14159 -1.13097 3.05486  3.05486  3.05486  3.05486  2.5288  2.5288  0  0  0  0  0  0 
-3.01593 -1.13097 3.05486  3.05486  3.05486  3.05486  2.5288  2.5288  0  0  0  0  0  0 
-2.89027 -1.13097 3.05486  3.05486  3.05486  3.05486  2.5288  2.5288  0  0  0  0  0  0 
-2.7646 -1.13097 3.05486  3.05486  3.05486  3.05486  2.5288  2.5288  0  0  0  0  0  0 
-2.63894 -1.13097 3.05486  3.05486  3.05486  3.05486  2.5288  2.5288  0  0  0  0  0  0 
-2.51327 -1.13097 3.05486  3.05486  3.05486  3.05486  2.5288  2.5288  0  0  0  0  0  0 
-2.38761 -1.13097 3.05486  3.05486  3.05486  3.05486  2.5288  2.5288  0  0  0  0  0  0 
-2.26195 -1.13097 3.05486  3.05486  3.05486  3.05486  2.5288  2.5288  0  0  0  0  0  0 
-2.13628 -1.13097 3.05486  3.05486  3.05486  3.05486  2.5288  2.5288  0  0  0  0  0  0 
-2.01062 -1.13097 3.05486  3.05486  3.05486  3.05486  2.5288  2.5288  0  0  0  0  0  0 
-1.88496 -1.13097 3.05486  3.05486  3.05486  3.05486  2.5288  2.5288  0  0  0  0  0  0 
-1.75929 -1.13097 3.05486  3.05486  3.05486  3.05486  2.5288  2.5288  0  0  0  0  0  0 
-1.63363 -1.13097 3.05486  3.05486  3.05486  3.05486  2.5288  2.5288  0  0  0  0  0  0 
-1.50796 -1.13097 3.05486  3.05486  3.05486  3.05486  2.5288  2.5288  0  0  0  0  0  0 
-1.3823 -1.13097 3.05486  3.05486  3.05486  3.05486  2.5288  2.5288  0  0  0  0  0  0 
-1.25664 -1.13097 3.05486  3.05486  3.05486  3.05486  2.5288  2.5288  0  0  0  0  0  0 
-1.13097 -1.13097 3.05486  3.05486  3.05486  3.05486  2.5288  2.5288  0  0  0  0  0  0 
-1.00531 -1.13097 3.05486  3.05486  3.05486  3.05486  2.5288  2.5288  0  0  0  0  0  0 
-0.879646 -1.13097 3.05486  3.05486  3.05486  3.05486  2.5288  2.5288  0  0  0  0  0  0 
-0.753982 -1.13097 3.05486  3.05486  3.05486  3.05486  2.5288  2.5288  0  0  0  0  0  0 
-0.628319 -1.13097 3.05486  3.05486  3.05486  3.05486  2.5288  2.5288  0  0  0  0  0  0 
-0.502655 -1.13097 3.05486  3.05486  3.05486  3.05486  2.5288  2.5288  0  0  0  0  0  0 
-0.376991 -1.13097 3.05486  3.05486  3.05486  3.05486  2.5288  2.5288  0  0  0  0  0  0 
-0.251327 -1.13097 3.05486  3.05486  3.05486  3.05486  2.5288  2.5288  0  0  0  0  0  0 
-0.125664 -1.13097 3.05486  3.05486  3.05486  3.05486  2.5288  2.5288  0  0  0  0  0  0 
0 -1.13097 3.05486  3.05486  3.05486  3.05486  2.5288  2.5288  0  0  0  0  0  0 
0.125664 -1.13097 3.05486  3.05486  3.05486  3.05486  2.5288  2.5288  0  0  0  0  0  0 
0.251327 -1.13097 3.05486  3.05486  3.05486  3.05486  2.5288  2.5288  0  0  0  0  0  0 
0.376991 -1.13097 3.05486  3.05486  3.05486  3.05486  2.5288  2.5288  0  0  0  0  0  0 
0.502655 -1.13097 3.05486  3.05486  3.05486  3.05486  2.5288  2.5288  0  0  0  0  0  0 
0.628319 -1.13097 3.05486  3.05486  3.05486  3.05486  2.5288  2.5288  0  0  0  0  0  0 
0.753982 -1.13097 3.05486  3.05486  3.05486  3.05486  2.5288  2.5288  0  0  0  0  0  0 
0.879646 -1.13097 3.05486  3.05486  3.05486  3.05486  2.5288  2.5288  0  0  0  0  0  0 
1.00531 -1.13097 3.05486  3.05486  3.05486  3.05486  2.5288  2.5288  0  0  0  0  0  0 
1.13097 -1.13097 3.05486  3.05486  3.05486  3.05486  2.5288  2.5288  0  0  0  0  0  0 
1.25664 -1.13097 3.05486  3.05486  3.05486  3.05486  2.5288  2.5288  0  0  0  0  0  0 
1.3823 -1.13097 3.05486  3.05486  3.05486  3.05486  2.5288  2.5288  0  0  0  0  0  0 
1.50796 -1.13097 3.05486  3.05486  3.05486  3.05486  2.5288  2.5288  0  0  0  0  0  0 
1.63363 -1.13097 3.05486  3.05486  3.05486  3.05486  2.5288  2.5288  0  0  0  0  0  0 
1.75929 -1.13097 3.05486  3.05486  3.05486  3.05486  2.5288  2.5288  0  0  0  0  0  0 
1.88496 -1.13097 3.05486  3.05486  3.05486  3.05486  2.5288  2.5288  0  0  0  0  0  0 
2.01062 -1.13097 3.05486  3.05486  3.05486  3.05486  2.5288  2.5288  0  0  0  0  0  0 
2.13628 -1.13097 3.05486  3.05486  3.05486  3.05486  2.5288  2.5288  0  0  0  0  0  0 
2.26195 -1.13097 3.05486  3.05486  3.05486  3.05486  2.5288  2.5288  0  0  0  0  0  0 
2.38761 -1.13097 3.05486  3.05486  3.05486  3.05486  2.5288  2.5288  0  0  0  0  0  0 
2.51327 -1.13097 3.05486  3.05486  3.05486  3.05486  2.5288  2.5288  0  0  0  0  0  0 
2.63894 -1.13097 3.05486  3.05486  3.05486  3.05486  2.5288  2.5288  0  0  0  0  0  0 
2.7646 -1.13097 3.05486  3.05486  3.05486  3.05486  2.5288  2.5288  0  0  0  0  0  0 
2.89027 -1.13097 3.05486  3.05486  3.05486  3.05486  2.5288  2.5288  0  0  0  0  0  0 
3.01593 -1.13097 3.05486  3.05486  3.05486  3.05486  2.5288  2.5288  0  0  0  0  0  0 
-3.14159 -1.00531 3.05486  3.05486  3.05486  3.05486  2.5288  2.5288  0  0  0  0  0  0 
-3.01593 -1.00531 3.05486  3.05486  3.05486  3.05486  2.5288  2.5288  0  0  0  0  0  0 
-2.89027 -1.00531 3.05486  3.05486  3.05486  3.05486  2.5288  2.5288  0  0  0  0  0  0 
-2.7646 -1.00531 3.05486  3.05486  3.05486  3.05486  2.5288  2.5288  0  0  0  0  0  0 
-2.63894 -1.00531 3.05486  3.05486  3.05486  3.05486  2.5288  2.5288  0  0  0  0  0  0 
-2.51327 -1.00531 3.05486  3.05486  3.05486  3.05486  2.5288  2.5288  0  0  0  0  0  0 
-2.38761 -1.00531 3.05486  3.05486  3.05486  3.05486  2.5288  2.5288  0  0  0  0  0  0 
-2.26195 -1.00531 3.05486  3.05486  3.05486  3.05486  2.5288  2.5288  0  0  0  0  0  0 
-2.13628 -1.00531 3.05486  3.05486  3.05486  3.05486  2.5288  2.5288  0  0  0  0  0  0 
-2.01062 -1.00531 3.05486  3.05486  3.05486  3.05486  2.5288  2.5288  0  0  0  0  0  0 
-1.88496 -1.00531 3.05486  3.05486  3.05486  3.05486  2.5288  2.5288  0  0  0  0  0  0 
-1.75929 -1.00531 3.05486  3.05486  3.05486  3.05486  2.5288  2.5288  0  0  0  0  0  0 
-1.63363 -1.00531 3.05486  3.05486  3.05486  3.05486  2.5288  2.5288  0  0  0  0  0  0 
-1.50796 -1.00531 3.05486  3.05486  3.05486  3.05486  2.5288  2.5288  0  0  0  0  0  0 
-1.3823 -1.00531 3.05486  3.05486  3.05486  3.05486  2.5288  2.5288  0  0  0  0  0  0 
-1.25664 -1.00531 3.05486  3.05486  3.05486  3.05486  2.5288  2.5288  0  0  0  0  0  0 
-1.13097 -1.00531 3.05486  3.05486  3.05486  3.05486  2.5288  2.5288  0  0  0  0  0  0 
-1.00531 -1.00531 3.05486  3.05486  3.05486  3.05486  2.5288  2.5288  0  0  0  0  0  0 
-0.879646 -1.00531 3.05486  3.05486  3.05486  3.05486  2.5288  2.5288  0  0  0  0  0  0 
-0.753982 -1.00531 3.05486  3.05486  3.05486  3.05486  2.5288  2.5288  0  0  0  0  0  0 
-0.628319 -1.00531 3.05486  3.05486  3.05486  3.05486  2.5288  2.5288  0  0  0  0  0  0 
-0.502655 -1.00531 3.05486  3.05486  3.05486  3.05486  2.5288  2.5288  0  0  0  0  0  0 
-0.376991 -1.00531 3.05486  3.05486  3.05486  3.05486  2.5288  2.5288  0  0  0  0  0  0 
-0.251327 -1.00531 3.05486  3.05486  3.05486  3.05486  2.5288  2.5288  0  0  0  0  0  0 
-0.125664 -1.00531 3.05486  3.05486  3.05486  3.05486  2.5288  2.5288  0  0  0  0  0  0 
0 -1.00531 3.05486  3.05486  3.05486  3.05486  2.5288  2.5288  0  0  0  0  0  0 
0.125664 -1.00531 3.05486  3.05486  3.05486  3.05486  2.5288  2.5288  0  0  0  0  0  0 
0.251327 -1.00531 3.05486  3.05486  3.05486  3.05486  2.5288  2.5288  0  0  0  0  0  0 
0.376991 -1.00531 3.05486  3.05486  3.05486  3.05486  2.5288  2.5288  0  0  0  0  0  0 
0.502655 -1.00531 3.05486  3.05486  3.05486  3.05486  2.5288  2.5288  0  0  0  0  0  0 
0.628319 -1.00531 3.05486  3.05486  3.05486  3.05486  2.5288  2.5288  0  0  0  0  0  0 
0.753982 -1.00531 3.05486  3.05486  3.05486  3.05486  2.5288  2.5288  0  0  0  0  0  0 
0.879646 -1.00531 3.05486  3.05486  3.05486  3.05486  2.5288  2.5288  0  0  0  0  0  0 
1.00531 -1.00531 3.05486  3.05486  3.05486  3.05486  2.5288  2.5288  0  0  0  0  0  0 
1.13097 -1.00531 3.05486  3.05486  3.05486  3.05486  2.5288  2.5288  0  0  0  0  0  0 
1.25664 -1.00531 3.05486  3.05486  3.05486  3.05486  2.5288  2.5288  0  0  0  0  0  0 
1.3823 -1.00531 3.05486  3.05486  3.05486  3.05486  2.5288  2.5288  0  0  0  0  0  0 
1.50796 -1.00531 3.05486  3.05486  3.05486  3.05486  2.5288  2.5288  0  0  0  0  0  0 
1.63363 -1.00531 3.05486  3.05486  3.05486  3.05486  2.5288  2.5288  0  0  0  0  0  0 
1.75929 -1.00531 3.05486  3.05486  3.05486  3.05486  2.5288  2.5288  0  0  0  0  0  0 
1.88496 -1.00531 3.05486  3.05486  3.05486  3.05486  2.5288  2.5288  0  0  0  0  0  0 
2.01062 -1.00531 3.05486  3.05486  3.05486  3.05486  2.5288  2.5288  0  0  0  0  0  0 
2.13628 -1.00531 3.05486  3.05486  3.05486  3.05486  2.5288  2.5288  0  0  0  0  0  0 
2.26195 -1.00531 3.05486  3.05486  3.05486  3.05486  2.5288  2.5288  0  0  0  0  0  0 
2.38761 -1.00531 3.05486  3.05486  3.05486  3.05486  2.5288  2.5288  0  0  0  0  0  0 
2.51327 -1.00531 3.05486  3.05486  3.05486  3.05486  2.5288  2.5288  0  0  0  0  0  0 
2.63894 -1.00531 3.05486  3.05486  3.05486  3.05486  2.5288  2.5288  0  0  0  0  0  0 
2.7646 -1.00531 3.05486  3.05486  3.05486  3.05486  2.5288  2.5288  0  0  0  0  0  0 
2.89027 -1.00531 3.05486  3.05486  3.05486  3.05486  2.5288  2.5288  0  0  0  0  0  0 
3.01593 -1.00531 3.05486  3.05486  3.05486  3.05486  2.5288  2.5288  0  0  0  0  0  0 
-3.14159 -0.879646 3.05486  3.05486  3.05486  3.05486  2.5288  2.5288  0  0  0  0  0  0 
-3.01593 -0.879646 3.05486  3.05486  3.05486  3.05486  2.5288  2.5288  0  0  0  0  0  0 
-2.89027 -0.879646 3.05486  3.05486  3.05486  3.05486  2.5288  2.5288  0  0  0  0  0  0 
-2.7646 -0.879646 3.05486  3.05486  3.05486  3.05486  2.5288  2.5288  0  0  0  0  0  0 
-2.63894 -0.879646 3.05486  3.05486  3.05486  3.05486  2.5288  2.5288  0  0  0  0  0  0 
-2.51327 -0.879646 3.05486  3.05486  3.05486  3.05486  2.5288  2.5288  0  0  0  0  0  0 
-2.38761 -0.879646 3.05486  3.05486  3.05486  3.05486  2.5288  2.5288  0  0  0  0  0  0 
-2.26195 -0.879646 3.05486  3.05486  3.05486  3.05486  2.5288  2.5288  0  0  0  0  0  0 
-2.13628 -0.879646 3.05486  3.05486  3.05486  3.05486  2.5288  2.5288  0  0  0  0  0  0 
-2.01062 -0.879646 3.05486  3.05486  3.05486  3.05486  2.5288  2.5288  0  0  0  0  0  0 
-1.88496 -0.879646 3.05486  3.05486  3.05486  3.05486  2.5288  2.5288  0  0  0  0  0  0 
-1.75929 -0.879646 3.05486  3.05486  3.05486  3.05486  2.5288  2.5288  0  0  0  0  0  0 
-1.63363 -0.879646 3.05486  3.05486  3.05486  3.05486  2.5288  2.5288  0  0  0  0  0  0 
-1.50796 -0.879646 3.05486  3.05486  3.05486  3.05486  2.5288  2.5288  0  0  0  0  0  0 
-1.3823 -0.879646 3.05486  3.05486  3.05486  3.05486  2.5288  2.5288  0  0  0  0  0  0 
-1.25664 -0.879646 3.05486  3.05486  3.05486  3.05486  2.5288  2.5288  0  0  0  0  0  0 
-1.13097 -0.879646 3.05486  3.05486  3.05486  3.05486  2.5288  2.5288  0  0  0  0  0  0 
-1.00531 -0.879646 3.05486  3.05486  3.05486  3.05486  2.5288  2.5288  0  0  0  0  0  0 
-0.879646 -0.879646 3.05486  3.05486  3.05486  3.05486  2.5288  2.5288  0  0  0  0  0  0 
-0.753982 -0.879646 3.05486  3.05486  3.05486  3.05486  2.5288  2.5288  0  0  0  0  0  0 
-0.628319 -0.879646 3.05486  3.05486  3.05486  3.05486  2.5288  2.5288  0  0  0  0  0  0 
-0.502655 -0.879646 3.05486  3.05486  3.05486  3.05486  2.5288  2.5288  0  0  0  0  0  0 
-0.376991 -0.879646 3.05486  3.05486  3.05486  3.05486  2.5288  2.5288  0  0  0  0  0  0 
-0.251327 -0.879646 3.05486  3.05486  3.05486  3.05486  2.5288  2.5288  0  0  0  0  0  0 
-0.125664 -0.879646 3.05486  3.05486  3.05486  3.05486  2.5288  2.5288  0  0  0  0  0  0 
0 -0.879646 3.05486  3.05486  3.05486  3.05486  2.5288  2.5288  0  0  0  0  0  0 
0.125664 -0.879646 3.05486  3.05486  3.05486  3.05486  2.5288  2.5288  0  0  0  0  0  0 
0.251327 -0.879646 3.05486  3.05486  3.05486  3.05486  2.5288  2.5288  0  0  0  0  0  0 
0.376991 -0.879646 3.05486  3.05486  3.05486  3.05486  2.5288  2.5288  0  0  0  0  0  0 
0.502655 -0.879646 3.05486  3.05486  3.05486  3.05486  2.5288  2.5288  0  0  0  0  0  0 
0.628319 -0.879646 3.05486  3.05486  3.05486  3.05486  2.5288  2.5288  0  0  0  0  0  0 
0.753982 -0.879646 3.05486  3.05486  3.05486  3.05486  2.5288  2.5288  0  0  0  0  0  0 
0.879646 -0.879646 3.05486  3.05486  3.05486  3.05486  2.5288  2.5288  0  0  0  0  0  0 
1.00531 -0.879646 3.05486  3.05486  3.05486  3.05486  2.5288  2.5288  0  0  0  0  0  0 
1.13097 -0.879646 3.05486  3.05486  3.05486  3.05486  2.5288  2.5288  0  0  0  0  0  0 
1.25664 -0.879646 3.05486  3.05486  3.05486  3.05486  2.5288  2.5288  0  0  0  0  0  0 
1.3823 -0.879646 3.05486  3.05486  3.05486  3.05486  2.5288  2.5288  0  0  0  0  0  0 
1.50796 -0.879646 3.05486  3.05486  3.05486  3.05486  2.5288  2.5288  0  0  0  0  0  0 
1.63363 -0.879646 3.05486  3.05486  3.05486  3.05486  2.5288  2.5288  0  0  0  0  0  0 
1.75929 -0.879646 3.05486  3.05486  3.05486  3.05486  2.5288  2.5288  0  0  0  0  0  0 
1.88496 -0.879646 3.05486  3.05486  3.05486  3.05486  2.5288  2.5288  0  0  0  0  0  0 
2.01062 -0.879646 3.05486  3.05486  3.05486  3.05486  2.5288  2.5288  0  0  0  0  0  0 
2.13628 -0.879646 3.05486  3.05486  3.05486  3.05486  2.5288  2.5288  0  0  0  0  0  0 
2.26195 -0.879646 3.05486  3.05486  3.05486  3.05486  2.5288  2.5288  0  0  0  0  0  0 
2.38761 -0.879646 3.05486  3.05486  3.05486  3.05486  2.5288  2.5288  0  0  0  0  0  0 
2.51327 -0.879646 3.05486  3.05486  3.05486  3.05486  2.5288  2.5288  0  0  0  0  0  0 
2.63894 -0.879646 3.05486  3.05486  3.05486  3.05486  2.5288  2.5288  0  0  0  0  0  0 
2.7646 -0.879646 3.05486  3.05486  3.05486  3.05486  2.5288  2.5288  0  0  0  0  0  0 
2.89027 -0.879646 3.05486  3.05486  3.05486  3.05486  2.5288  2.5288  0  0  0  0  0  0 
3.01593 -0.879646 3.05486  3.05486  3.05486  3.05486  2.5288  2.5288  0  0  0  0  0  0 
-3.14159 -0.753982 3.05486  3.05486  3.05486  3.05486  2.5288  2.5288  0  0  0  0  0  0 
-3.01593 -0.753982 3.05486  3.05486  3.05486  3.05486  2.5288  2.5288  0  0  0  0  0  0 
-2.89027 -0.753982 3.05486  3.05486  3.05486  3.05486  2.5288  2.5288  0  0  0  0  0  0 
-2.7646 -0.753982 3.05486  3.05486  3.05486  3.05486  2.5288  2.5288  0  0  0  0  0  0 
-2.63894 -0.753982 3.05486  3.05486  3.05486  3.05486  2.5288  2.5288  0  0  0  0  0  0 
-2.51327 -0.753982 3.05486  3.05486  3.05486  3.05486  2.5288  2.5288  0  0  0  0  0  0 
-2.38761 -0.753982 3.05486  3.05486  3.05486  3.05486  2.5288  2.5288  0  0  0  0  0  0 
-2.26195 -0.753982 3.05486  3.05486  3.05486  3.05486  2.5288  2.5288  0  0  0  0  0  0 
-2.13628 -0.753982 3.05486  3.05486  3.05486  3.05486  2.5288  2.5288  0  0  0  0  0  0 
-2.01062 -0.753982 3.05486  3.05486  3.05486  3.05486  2.5288  2.5288  0  0  0  0  0  0 
-1.88496 -0.753982 3.05486  3.05486  3.05486  3.05486  2.5288  2.5288  0  0  0  0  0  0 
-1.75929 -0.753982 3.05486  3.05486  3.05486  3.05486  2.5288  2.5288  0  0  0  0  0  0 
-1.63363 -0.753982 3.05486  3.05486  3.05486  3.05486  2.5288  2.5288  0  0  0  0  0  0 
-1.50796 -0.753982 3.05486  3.05486  3.05486  3.05486  2.5288  2.5288  0  0  0  0  0  0 
-1.3823 -0.753982 3.05486  3.05486  3.05486  3.05486  2.5288  2.5288  0  0  0  0  0  0 
-1.25664 -0.753982 3.05486  3.05486  3.05486  3.05486  2.5288  2.5288  0  0  0  0  0  0 
-1.13097 -0.753982 3.05486  3.05486  3.05486  3.05486  2.5288  2.5288  0  0  0  0  0  0 
-1.00531 -0.753982 3.05486  3.05486  3.05486  3.05486  2.5288  2.5288  0  0  0  0  0  0 
-0.879646 -0.753982 3.05486  3.05486  3.05486  3.05486  2.5288  2.5288  0  0  0  0  0  0 
-0.753982 -0.753982 3.05486  3.05486  3.05486  3.05486  2.5288  2.5288  0  0  0  0  0  0 
-0.628319 -0.753982 3.05486  3.05486  3.05486  3.05486  2.5288  2.5288  0  0  0  0  0  0 
-0.502655 -0.753982 3.05486  3.05486  3.05486  3.05486  2.5288  2.5288  0  0  0  0  0  0 
-0.376991 -0.753982 3.05486  3.05486  3.05486  3.05486  2.5288  2.5288  0  0  0  0  0  0 
-0.251327 -0.753982 3.05486  3.05486  3.05486  3.05486  2.5288  2.5288  0  0  0  0  0  0 
-0.125664 -0.753982 3.05486  3.05486  3.05486  3.05486  2.5288  2.5288  0  0  0  0  0  0 
0 -0.753982 3.05486  3.05486  3.05486  3.05486  2.5288  2.5288  0  0  0  0  0  0 
0.125664 -0.753982 3.05486  3.05486  3.05486  3.05486  2.5288  2.5288  0  0  0  0  0  0 
0.251327 -0.753982 3.05486  3.05486  3.05486  3.05486  2.5288  2.5288  0  0  0  0  0  0 
0.376991 -0.753982 3.05486  3.05486  3.05486  3.05486  2.5288  2.5288  0  0  0  0  0  0 
0.502655 -0.753982 3.05486  3.05486  3.05486  3.05486  2.5288  2.5288  0  0  0  0  0  0 
0.628319 -0.753982 3.05486  3.05486  3.05486  3.05486  2.5288  2.5288  0  0  0  0  0  0 
0.753982 -0.753982 3.05486  3.05486  3.05486  3.05486  2.5288  2.5288  0  0  0  0  0  0 
0.879646 -0.753982 3.05486  3.05486  3.05486  3.05486  2.5288  2.5288  0  0  0  0  0  0 
1.00531 -0.753982 3.05486  3.05486  3.05486  3.05486  2.5288  2.5288  0  0  0  0  0  0 
1.13097 -0.753982 3.05486  3.05486  3.05486  3.05486  2.5288  2.5288  0  0  0  0  0  0 
1.25664 -0.753982 3.05486  3.05486  3.05486  3.05486  2.5288  2.5288  0  0  0  0  0  0 
1.3823 -0.753982 3.05486  3.05486  3.05486  3.05486  2.5288  2.5288  0  0  0  0  0  0 
1.50796 -0.753982 3.05486  3.05486  3.05486  3.05486  2.5288  2.5288  0  0  0  0  0  0 
1.63363 -0.753982 3.05486  3.05486  3.05486  3.05486  2.5288  2.5288  0  0  0  0  0  0 
1.75929 -0.753982 3.05486  3.05486  3.05486  3.05486  2.5288  2.5288  0  0  0  0  0  0 
1.88496 -0.753982 3.05486  3.05486  3.05486  3.05486  2.5288  2.5288  0  0  0  0  0  0 
2.01062 -0.753982 3.05486  3.05486  3.05486  3.05486  2.5288  2.5288  0  0  0  0  0  0 
2.13628 -0.753982 3.05486  3.05486  3.05486  3.05486  2.5288  2.5288  0  0  0  0  0  0 
2.26195 -0.753982 3.05486  3.05486  3.05486  3.05486  2.5288  2.5288  0  0  0  0  0  0 
2.38761 -0.753982 3.05486  3.05486  3.05486  3.05486  2.5288  2.5288  0  0  0  0  0  0 
2.51327 -0.753982 3.05486  3.05486  3.05486  3.05486  2.5288  2.5288  0  0  0  0  0  0 
2.63894 -0.753982 3.05486  3.05486  3.05486  3.05486  2.5288  2.5288  0  0  0  0  0  0 
2.7646 -0.753982 3.05486  3.05486  3.05486  3.05486  2.5288  2.5288  0  0  0  0  0  0 
2.89027 -0.753982 3.05486  3.05486  3.05486  3.05486  2.5288  2.5288  0  0  0  0  0  0 
3.01593 -0.753982 3.05486  3.05486  3.05486  3.05486  2.5288  2.5288  0  0  0  0  0  0 
-3.14159 -0.628319 3.05486  3.05486  3.05486  3.05486  2.5288  2.5288  0  0  0  0  0  0 
-3.01593 -0.628319 3.05486  3.05486  3.05486  3.05486  2.5288  2.5288  0  0  0  0  0  0 
-2.89027 -0.628319 3.05486  3.05486  3.05486  3.05486  2.5288  2.5288  0  0  0  0  0  0 
-2.7646 -0.628319 3.05486  3.05486  3.05486  3.05486  2.5288  2.5288  0  0  0  0  0  0 
-2.63894 -0.628319 3.05486  3.05486  3.05486  3.05486  2.5288  2.5288  0  0  0  0  0  0 
-2.51327 -0.628319 3.05486  3.05486  3.05486  3.05486  2.5288  2.5288  0  0  0  0  0  0 
-2.38761 -0.628319 3.05486  3.05486  3.05486  3.05486  2.5288  2.5288  0  0  0  0  0  0 
-2.26195 -0.628319 3.05486  3.05486  3.05486  3.05486  2.5288  2.5288  0  0  0  0  0  0 
-2.13628 -0.628319 3.05486  3.05486  3.05486  3.05486  2.5288  2.5288  0  0  0  0  0  0 
-2.01062 -0.628319 3.05486  3.05486  3.05486  3.05486  2.5288  2.5288  0  0  0  0  0  0 
-1.88496 -0.628319 3.05486  3.05486  3.05486  3.05486  2.5288  2.5288  0  0  0  0  0  0 
-1.75929 -0.628319 3.05486  3.05486  3.05486  3.05486  2.5288  2.5288  0  0  0  0  0  0 
-1.63363 -0.628319 3.05486  3.05486  3.05486  3.05486  2.5288  2.5288  0  0  0  0  0  0 
-1.50796 -0.628319 3.05486  3.05486  3.05486  3.05486  2.5288  2.5288  0  0  0  0  0  0 
-1.3823 -0.628319 3.05486  3.05486  3.05486  3.05486  2.5288  2.5288  0  0  0  0  0  0 
-1.25664 -0.628319 3.05486  3.05486  3.05486  3.05486  2.5288  2.5288  0  0  0  0  0  0 
-1.13097 -0.628319 3.05486  3.05486  3.05486  3.05486  2.5288  2.5288  0  0  0  0  0  0 
-1.00531 -0.628319 3.05486  3.05486  3.05486  3.05486  2.5288  2.5288  0  0  0  0  0  0 
-0.879646 -0.628319 3.05486  3.05486  3.05486  3.05486  2.5288  2.5288  0  0  0  0  0  0 
-0.753982 -0.628319 3.05486  3.05486  3.05486  3.05486  2.5288  2.5288  0  0  0  0  0  0 
-0.628319 -0.628319 3.05486  3.05486  3.05486  3.05486  2.5288  2.5288  0  0  0  0  0  0 
-0.502655 -0.628319 3.05486  3.05486  3.05486  3.05486  2.5288  2.5288  0  0  0  0  0  0 
-0.376991 -0.628319 3.05486  3.05486  3.05486  3.05486  2.5288  2.5288  0  0  0  0  0  0 
-0.251327 -0.628319 3.05486  3.05486  3.05486  3.05486  2.5288  2.5288  0  0  0  0  0  0 
-0.125664 -0.628319 3.05486  3.05486  3.05486  3.05486  2.5288  2.5288  0  0  0  0  0  0 
0 -0.628319 3.05486  3.05486  3.05486  3.05486  2.5288  2.5288  0  0  0  0  0  0 
0.125664 -0.628319 3.05486  3.05486  3.05486  3.05486  2.5288  2.5288  0  0  0  0  0  0 
0.251327 -0.628319 3.05486  3.05486  3.05486  3.05486  2.5288  2.5288  0  0  0  0  0  0 
0.376991 -0.628319 3.05486  3.05486  3.05486  3.05486  2.5288  2.5288  0  0  0  0  0  0 
0.502655 -0.628319 3.05486  3.05486  3.05486  3.05486  2.5288  2.5288  0  0  0  0  0  0 
0.628319 -0.628319 3.05486  3.05486  3.05486  3.05486  2.5288  2.5288  0  0  0  0  0  0 
0.753982 -0.628319 3.05486  3.05486  3.05486  3.05486  2.5288  2.5288  0  0  0  0  0  0 
0.879646 -0.628319 3.05486  3.05486  3.05486  3.05486  2.5288  2.5288  0  0  0  0  0  0 
1.00531 -0.628319 3.05486  3.05486  3.05486  3.05486  2.5288  2.5288  0  0  0  0  0  0 
1.13097 -0.628319 3.05486  3.05486  3.05486  3.05486  2.5288  2.5288  0  0  0  0  0  0 
1.25664 -0.628319 3.05486  3.05486  3.05486  3.05486  2.5288  2.5288  0  0  0  0  0  0 
1.3823 -0.628319 3.05486  3.05486  3.05486  3.05486  2.5288  2.5288  0  0  0  0  0  0 
1.50796 -0.628319 3.05486  3.05486  3.05486  3.05486  2.5288  2.5288  0  0  0  0  0  0 
1.63363 -0.628319 3.05486  3.05486  3.05486  3.05486  2.5288  2.5288  0  0  0  0  0  0 
1.75929 -0.628319 3.05486  3.05486  3.05486  3.05486  2.5288  2.5288  0  0  0  0  0  0 
1.88496 -0.628319 3.05486  3.05486  3.05486  3.05486  2.5288  2.5288  0  0  0  0  0  0 
2.01062 -0.628319 3.05486  3.05486  3.05486  3.05486  2.5288  2.5288  0  0  0  0  0  0 
2.13628 -0.628319 3.05486  3.05486  3.05486  3.05486  2.5288  2.5288  0  0  0  0  0  0 
2.26195 -0.628319 3.05486  3.05486  3.05486  3.05486  2.5288  2.5288  0  0  0  0  0  0 
2.38761 -0.628319 3.05486  3.05486  3.05486  3.05486  2.5288  2.5288  0  0  0  0  0  0 
2.51327 -0.628319 3.05486  3.05486  3.05486  3.05486  2.5288  2.5288  0  0  0  0  0  0 
2.63894 -0.628319 3.05486  3.05486  3.05486  3.05486  2.5288  2.5288  0  0  0  0  0  0 
2.7646 -0.628319 3.05486  3.05486  3.05486  3.05486  2.5288  2.5288  0  0  0  0  0  0 
2.89027 -0.628319 3.05486  3.05486  3.05486  3.05486  2.5288  2.5288  0  0  0  0  0  0 
3.01593 -0.628319 3.05486  3.05486  3.05486  3.05486  2.5288  2.5288  0  0  0  0  0  0 
-3.14159 -0.502655 3.05486  3.05486  3.05486  3.05486  2.5288  2.5288  0  0  0  0  0  0 
-3.01593 -0.502655 3.05486  3.05486  3.05486  3.05486  2.5288  2.5288  0  0  0  0  0  0 
-2.89027 -0.502655 3.05486  3.05486  3.05486  3.05486  2.5288  2.5288  0  0  0  0  0  0 
-2.7646 -0.502655 3.05486  3.05486  3.05486  3.05486  2.5288  2.5288  0  0  0  0  0  0 
-2.63894 -0.502655 3.05486  3.05486  3.05486  3.05486  2.5288  2.5288  0  0  0  0  0  0 
-2.51327 -0.502655 3.05486  3.05486  3.05486  3.05486  2.5288  2.5288  0  0  0  0  0  0 
-2.38761 -0.502655 3.05486  3.05486  3.05486  3.05486  2.5288  2.5288  0  0  0  0  0  0 
-2.26195 -0.502655 3.05486  3.05486  3.05486  3.05486  2.5288  2.5288  0  0  0  0  0  0 
-2.13628 -0.502655 3.05486  3.05486  3.05486  3.05486  2.5288  2.5288  0  0  0  0  0  0 
-2.01062 -0.502655 3.05486  3.05486  3.05486  3.05486  2.5288  2.5288  0  0  0  0  0  0 
-1.88496 -0.502655 3.05486  3.05486  3.05486  3.05486  2.5288  2.5288  0  0  0  0  0  0 
-1.75929 -0.502655 3.05486  3.05486  3.05486  3.05486  2.5288  2.5288  0  0  0  0  0  0 
-1.63363 -0.502655 3.05486  3.05486  3.05486  3.05486  2.5288  2.5288  0  0  0  0  0  0 
-1.50796 -0.502655 3.05486  3.05486  3.05486  3.05486  2.5288  2.5288  0  0  0  0  0  0 
-1.3823 -0.502655 3.05486  3.05486  3.05486  3.05486  2.5288  2.5288  0  0  0  0  0  0 
-1.25664 -0.502655 3.05486  3.05486  3.05486  3.05486  2.5288  2.5288  0  0  0  0  0  0 
-1.13097 -0.502655 3.05486  3.05486  3.05486  3.05486  2.5288  2.5288  0  0  0  0  0  0 
-1.00531 -0.502655 3.05486  3.05486  3.05486  3.05486  2.5288  2.5288  0  0  0  0  0  0 
-0.879646 -0.502655 3.05486  3.05486  3.05486  3.05486  2.5288  2.5288  0  0  0  0  0  0 
-0.753982 -0.502655 3.05486  3.05486  3.05486  3.05486  2.5288  2.5288  0  0  0  0  0  0 
-0.628319 -0.502655 3.05486  3.05486  3.05486  3.05486  2.5288  2.5288  0  0  0  0  0  0 
-0.502655 -0.502655 3.05486  3.05486  3.05486  3.05486  2.5288  2.5288  0  0  0  0  0  0 
-0.376991 -0.502655 3.05486  3.05486  3.05486  3.05486  2.5288  2.5288  0  0  0  0  0  0 
-0.251327 -0.502655 3.05486  3.05486  3.05486  3.05486  2.5288  2.5288  0  0  0  0  0  0 
-0.125664 -0.502655 3.05486  3.05486  3.05486  3.05486  2.5288  2.5288  0  0  0  0  0  0 
0 -0.502655 3.05486  3.05486  3.05486  3.05486  2.5288  2.5288  0  0  0  0  0  0 
0.125664 -0.502655 3.05486  3.05486  3.05486  3.05486  2.5288  2.5288  0  0  0  0  0  0 
0.251327 -0.502655 3.05486  3.05486  3.05486  3.05486  2.5288  2.5288  0  0  0  0  0  0 
0.376991 -0.502655 3.05486  3.05486  3.05486  3.05486  2.5288  2.5288  0  0  0  0  0  0 
0.502655 -0.502655 3.05486  3.05486  3.05486  3.05486  2.5288  2.5288  0  0  0  0  0  0 
0.628319 -0.502655 3.05486  3.05486  3.05486  3.05486  2.5288  2.5288  0  0  0  0  0  0 
0.753982 -0.502655 3.05486  3.05486  3.05486  3.05486  2.5288  2.5288  0  0  0  0  0  0 
0.879646 -0.502655 3.05486  3.05486  3.05486  3.05486  2.5288  2.5288  0  0  0  0  0  0 
1.00531 -0.502655 3.05486  3.05486  3.05486  3.05486  2.5288  2.5288  0  0  0  0  0  0 
1.13097 -0.502655 3.05486  3.05486  3.05486  3.05486  2.5288  2.5288  0  0  0  0  0  0 
1.25664 -0.502655 3.05486  3.05486  3.05486  3.05486  2.5288  2.5288  0  0  0  0  0  0 
1.3823 -0.502655 3.05486  3.05486  3.05486  3.05486  2.5288  2.5288  0  0  0  0  0  0 
1.50796 -0.502655 3.05486  3.05486  3.05486  3.05486  2.5288  2.5288  0  0  0  0  0  0 
1.63363 -0.502655 3.05486  3.05486  3.05486  3.05486  2.5288  2.5288  0  0  0  0  0  0 
1.75929 -0.502655 3.05486  3.05486  3.05486  3.05486  2.5288  2.5288  0  0  0  0  0  0 
1.88496 -0.502655 3.05486  3.05486  3.05486  3.05486  2.5288  2.5288  0  0  0  0  0  0 
2.01062 -0.502655 3.05486  3.05486  3.05486  3.05486  2.5288  2.5288  0  0  0  0  0  0 
2.13628 -0.502655 3.05486  3.05486  3.05486  3.05486  2.5288  2.5288  0  0  0  0  0  0 
2.26195 -0.502655 3.05486  3.05486  3.05486  3.05486  2.5288  2.5288  0  0  0  0  0  0 
2.38761 -0.502655 3.05486  3.05486  3.05486  3.05486  2.5288  2.5288  0  0  0  0  0  0 
2.51327 -0.502655 3.05486  3.05486  3.05486  3.05486  2.5288  2.5288  0  0  0  0  0  0 
2.63894 -0.502655 3.05486  3.05486  3.05486  3.05486  2.5288  2.5288  0  0  0  0  0  0 
2.7646 -0.502655 3.05486  3.05486  3.05486  3.05486  2.5288  2.5288  0  0  0  0  0  0 
2.89027 -0.502655 3.05486  3.05486  3.05486  3.05486  2.5288  2.5288  0  0  0  0  0  0 
3.01593 -0.502655 3.05486  3.05486  3.05486  3.05486  2.5288  2.5288  0  0  0  0  0  0 
-3.14159 -0.376991 3.05486  3.05486  3.05486  3.05486  2.5288  2.5288  0  0  0  0  0  0 
-3.01593 -0.376991 3.05486  3.05486  3.05486  3.05486  2.5288  2.5288  0  0  0  0  0  0 
-2.89027 -0.376991 3.05486  3.05486  3.05486  3.05486  2.5288  2.5288  0  0  0  0  0  0 
-2.7646 -0.376991 3.05486  3.05486  3.05486  3.05486  2.5288  2.5288  0  0  0  0  0  0 
-2.63894 -0.376991 3.05486  3.05486  3.05486  3.05486  2.5288  2.5288  0  0  0  0  0  0 
-2.51327 -0.376991 3.05486  3.05486  3.05486  3.05486  2.5288  2.5288  0  0  0  0  0  0 
-2.38761 -0.376991 3.05486  3.05486  3.05486  3.05486  2.5288  2.5288  0  0  0  0  0  0 
-2.26195 -0.376991 3.05486  3.05486  3.05486  3.05486  2.5288  2.5288  0  0  0  0  0  0 
-2.13628 -0.376991 3.05486  3.05486  3.05486  3.05486  2.5288  2.5288  0  0  0  0  0  0 
-2.01062 -0.376991 3.05486  3.05486  3.05486  3.05486  2.5288  2.5288  0  0  0  0  0  0 
-1.88496 -0.376991 3.05486  3.05486  3.05486  3.05486  2.5288  2.5288  0  0  0  0  0  0 
-1.75929 -0.376991 3.05486  3.05486  3.05486  3.05486  2.5288  2.5288  0  0  0  0  0  0 
-1.63363 -0.376991 3.05486  3.05486  3.05486  3.05486  2.5288  2.5288  0  0  0  0  0  0 
-1.50796 -0.376991 3.05486  3.05486  3.05486  3.05486  2.5288  2.5288  0  0  0  0  0  0 
-1.3823 -0.376991 3.05486  3.05486  3.05486  3.05486  2.5288  2.5288  0  0  0  0  0  0 
-1.25664 -0.376991 3.05486  3.05486  3.05486  3.05486  2.5288  2.5288  0  0  0  0  0  0 
-1.13097 -0.376991 3.05486  3.05486  3.05486  3.05486  2.5288  2.5288  0  0  0  0  0  0 
-1.00531 -0.376991 3.05486  3.05486  3.05486  3.05486  2.5288  2.5288  0  0  0  0  0  0 
-0.879646 -0.376991 3.05486  3.05486  3.05486  3.05486  2.5288  2.5288  0  0  0  0  0  0 
-0.753982 -0.376991 3.05486  3.05486  3.05486  3.05486  2.5288  2.5288  0  0  0  0  0  0 
-0.628319 -0.376991 3.05486  3.05486  3.05486  3.05486  2.5288  2.5288  0  0  0  0  0  0 
-0.502655 -0.376991 3.05486  3.05486  3.05486  3.05486  2.5288  2.5288  0  0  0  0  0  0 
-0.376991 -0.376991 3.05486  3.05486  3.05486  3.05486  2.5288  2.5288  0  0  0  0  0  0 
-0.251327 -0.376991 3.05486  3.05486  3.05486  3.05486  2.5288  2.5288  0  0  0  0  0  0 
-0.125664 -0.376991 3.05486  3.05486  3.05486  3.05486  2.5288  2.5288  0  0  0  0  0  0 
0 -0.376991 3.05486  3.05486  3.05486  3.05486  2.5288  2.5288  0  0  0  0  0  0 
0.125664 -0.376991 3.05486  3.05486  3.05486  3.05486  2.5288  2.5288  0  0  0  0  0  0 
0.251327 -0.376991 3.05486  3.05486  3.05486  3.05486  2.5288  2.5288  0  0  0  0  0  0 
0.376991 -0.376991 3.05486  3.05486  3.05486  3.05486  2.5288  2.5288  0  0  0  0  0  0 
0.502655 -0.376991 3.05486  3.05486  3.05486  3.05486  2.5288  2.5288  0  0  0  0  0  0 
0.628319 -0.376991 3.05486  3.05486  3.05486  3.05486  2.5288  2.5288  0  0  0  0  0  0 
0.753982 -0.376991 3.05486  3.05486  3.05486  3.05486  2.5288  2.5288  0  0  0  0  0  0 
0.879646 -0.376991 3.05486  3.05486  3.05486  3.05486  2.5288  2.5288  0  0  0  0  0  0 
1.00531 -0.376991 3.05486  3.05486  3.05486  3.05486  2.5288  2.5288  0  0  0  0  0  0 
1.13097 -0.376991 3.05486  3.05486  3.05486  3.05486  2.5288  2.5288  0  0  0  0  0  0 
1.25664 -0.376991 3.05486  3.05486  3.05486  3.05486  2.5288  2.5288  0  0  0  0  0  0 
1.3823 -0.376991 3.05486  3.05486  3.05486  3.05486  2.5288  2.5288  0  0  0  0  0  0 
1.50796 -0.376991 3.05486  3.05486  3.05486  3.05486  2.5288  2.5288  0  0  0  0  0  0 
1.63363 -0.376991 3.05486  3.05486  3.05486  3.05486  2.5288  2.5288  0  0  0  0  0  0 
1.75929 -0.376991 3.05486  3.05486  3.05486  3.05486  2.5288  2.5288  0  0  0  0  0  0 
1.88496 -0.376991 3.05486  3.05486  3.05486  3.05486  2.5288  2.5288  0  0  0  0  0  0 
2.01062 -0.376991 3.05486  3.05486  3.05486  3.05486  2.5288  2.5288  0  0  0  0  0  0 
2.13628 -0.376991 3.05486  3.05486  3.05486  3.05486  2.5288  2.5288  0  0  0  0  0  0 
2.26195 -0.376991 3.05486  3.05486  3.05486  3.05486  2.5288  2.5288  0  0  0  0  0  0 
2.38761 -0.376991 3.05486  3.05486  3.05486  3.05486  2.5288  2.5288  0  0  0  0  0  0 
2.51327 -0.376991 3.05486  3.05486  3.05486  3.05486  2.5288  2.5288  0  0  0  0  0  0 
2.63894 -0.376991 3.05486  3.05486  3.05486  3.05486  2.5288  2.5288  0  0  0  0  0  0 
2.7646 -0.376991 3.05486  3.05486  3.05486  3.05486  2.5288  2.5288  0  0  0  0  0  0 
2.89027 -0.376991 3.05486  3.05486  3.05486  3.05486  2.5288  2.5288  0  0  0  0  0  0 
3.01593 -0.376991 3.05486  3.05486  3.05486  3.05486  2.5288  2.5288  0  0  0  0  0  0 
-3.14159 -0.251327 3.05486  3.05486  3.05486  3.05486  2.5288  2.5288  0  0  0  0  0  0 
-3.01593 -0.251327 3.05486  3.05486  3.05486  3.05486  2.5288  2.5288  0  0  0  0  0  0 
-2.89027 -0.251327 3.05486  3.05486  3.05486  3.05486  2.5288  2.5288  0  0  0  0  0  0 
-2.7646 -0.251327 3.05486  3.05486  3.05486  3.05486  2.5288  2.5288  0  0  0  0  0  0 
-2.63894 -0.251327 3.05486  3.05486  3.05486  3.05486  2.5288  2.5288  0  0  0  0  0  0 
-2.51327 -0.251327 3.05486  3.05486  3.05486  3.05486  2.5288  2.5288  0  0  0  0  0  0 
-2.38761 -0.251327 3.05486  3.05486  3.05486  3.05486  2.5288  2.5288  0  0  0  0  0  0 
-2.26195 -0.251327 3.05486  3.05486  3.05486  3.05486  2.5288  2.5288  0  0  0  0  0  0 
-2.13628 -0.251327 3.05486  3.05486  3.05486  3.05486  2.5288  2.5288  0  0  0  0  0  0 
-2.01062 -0.251327 3.05486  3.05486  3.05486  3.05486  2.5288  2.5288  0  0  0  0  0  0 
-1.88496 -0.251327 3.05486  3.05486  3.05486  3.05486  2.5288  2.5288  0  0  0  0  0  0 
-1.75929 -0.251327 3.05486  3.05486  3.05486  3.05486  2.5288  2.5288  0  0  0  0  0  0 
-1.63363 -0.251327 3.05486  3.05486  3.05486  3.05486  2.5288  2.5288  0  0  0  0  0  0 
-1.50796 -0.251327 3.05486  3.05486  3.05486  3.05486  2.5288  2.5288  0  0  0  0  0  0 
-1.3823 -0.251327 3.05486  3.05486  3.05486  3.05486  2.5288  2.5288  0  0  0  0  0  0 
-1.25664 -0.251327 3.05486  3.05486  3.05486  3.05486  2.5288  2.5288  0  0  0  0  0  0 
-1.13097 -0.251327 3.05486  3.05486  3.05486  3.05486  2.5288  2.5288  0  0  0  0  0  0 
-1.00531 -0.251327 3.05486  3.05486  3.05486  3.05486  2.5288  2.5288  0  0  0  0  0  0 
-0.879646 -0.251327 3.05486  3.05486  3.05486  3.05486  2.5288  2.5288  0  0  0  0  0  0 
-0.753982 -0.251327 3.05486  3.05486  3.05486  3.05486  2.5288  2.5288  0  0  0  0  0  0 
-0.628319 -0.251327 3.05486  3.05486  3.05486  3.05486  2.5288  2.5288  0  0  0  0  0  0 
-0.502655 -0.251327 3.05486  3.05486  3.05486  3.05486  2.5288  2.5288  0  0  0  0  0  0 
-0.376991 -0.251327 3.05486  3.05486  3.05486  3.05486  2.5288  2.5288  0  0  0  0  0  0 
-0.251327 -0.251327 3.05486  3.05486  3.05486  3.05486  2.5288  2.5288  0  0  0  0  0  0 
-0.125664 -0.251327 3.05486  3.05486  3.05486  3.05486  2.5288  2.5288  0  0  0  0  0  0 
0 -0.251327 3.05486  3.05486  3.05486  3.05486  2.5288  2.5288  0  0  0  0  0  0 
0.125664 -0.251327 3.05486  3.05486  3.05486  3.05486  2.5288  2.5288  0  0  0  0  0  0 
0.251327 -0.251327 3.05486  3.05486  3.05486  3.05486  2.5288  2.5288  0  0  0  0  0  0 
0.376991 -0.251327 3.05486  3.05486  3.05486  3.05486  2.5288  2.5288  0  0  0  0  0  0 
0.502655 -0.251327 3.05486  3.05486  3.05486  3.05486  2.5288  2.5288  0  0  0  0  0  0 
0.628319 -0.251327 3.05486  3.05486  3.05486  3.05486  2.5288  2.5288  0  0  0  0  0  0 
0.753982 -0.251327 3.05486  3.05486  3.05486  3.05486  2.5288  2.5288  0  0  0  0  0  0 
0.879646 -0.251327 3.05486  3.05486  3.05486  3.05486  2.5288  2.5288  0  0  0  0  0  0 
1.00531 -0.251327 3.05486  3.05486  3.05486  3.05486  2.5288  2.5288  0  0  0  0  0  0 
1.13097 -0.251327 3.05486  3.05486  3.05486  3.05486  2.5288  2.5288  0  0  0  0  0  0 
1.25664 -0.251327 3.05486  3.05486  3.05486  3.05486  2.5288  2.5288  0  0  0  0  0  0 
1.3823 -0.251327 3.05486  3.05486  3.05486  3.05486  2.5288  2.5288  0  0  0  0  0  0 
1.50796 -0.251327 3.05486  3.05486  3.05486  3.05486  2.5288  2.5288  0  0  0  0  0  0 
1.63363 -0.251327 3.05486  3.05486  3.05486  3.05486  2.5288  2.5288  0  0  0  0  0  0 
1.75929 -0.251327 3.05486  3.05486  3.05486  3.05486  2.5288  2.5288  0  0  0  0  0  0 
1.88496 -0.251327 3.05486  3.05486  3.05486  3.05486  2.5288  2.5288  0  0  0  0  0  0 
2.01062 -0.251327 3.05486  3.05486  3.05486  3.05486  2.5288  2.5288  0  0  0  0  0  0 
2.13628 -0.251327 3.05486  3.05486  3.05486  3.05486  2.5288  2.5288  0  0  0  0  0  0 
2.26195 -0.251327 3.05486  3.05486  3.05486  3.05486  2.5288  2.5288  0  0  0  0  0  0 
2.38761 -0.251327 3.05486  3.05486  3.05486  3.05486  2.5288  2.5288  0  0  0  0  0  0 
2.51327 -0.251327 3.05486  3.05486  3.05486  3.05486  2.5288  2.5288  0  0  0  0  0  0 
2.63894 -0.251327 3.05486  3.05486  3.05486  3.05486  2.5288  2.5288  0  0  0  0  0  0 
2.7646 -0.251327 3.05486  3.05486  3.05486  3.05486  2.5288  2.5288  0  0  0  0  0  0 
2.89027 -0.251327 3.05486  3.05486  3.05486  3.05486  2.5288  2.5288  0  0  0  0  0  0 
3.01593 -0.251327 3.05486  3.05486  3.05486  3.05486  2.5288  2.5288  0  0  0  0  0  0 
-3.14159 -0.125664 3.05486  3.05486  3.05486  3.05486  2.5288  2.5288  0  0  0  0  0  0 
-3.01593 -0.125664 3.05486  3.05486  3.05486  3.05486  2.5288  2.5288  0  0  0  0  0  0 
-2.89027 -0.125664 3.05486  3.05486  3.05486  3.05486  2.5288  2.5288  0  0  0  0  0  0 
-2.7646 -0.125664 3.05486  3.05486  3.05486  3.05486  2.5288  2.5288  0  0  0  0  0  0 
-2.63894 -0.125664 3.05486  3.05486  3.05486  3.05486  2.5288  2.5288  0  0  0  0  0  0 
-2.51327 -0.125664 3.05486  3.05486  3.05486  3.05486  2.5288  2.5288  0  0  0  0  0  0 
-2.38761 -0.125664 3.05486  3.05486  3.05486  3.05486  2.5288  2.5288  0  0  0  0  0  0 
-2.26195 -0.125664 3.05486  3.05486  3.05486  3.05486  2.5288  2.5288  0  0  0  0  0  0 
-2.13628 -0.125664 3.05486  3.05486  3.05486  3.05486  2.5288  2.5288  0  0  0  0  0  0 
-2.01062 -0.125664 3.05486  3.05486  3.05486  3.05486  2.5288  2.5288  0  0  0  0  0  0 
-1.88496 -0.125664 3.05486  3.05486  3.05486  3.05486  2.5288  2.5288  0  0  0  0  0  0 
-1.75929 -0.125664 3.05486  3.05486  3.05486  3.05486  2.5288  2.5288  0  0  0  0  0  0 
-1.63363 -0.125664 3.05486  3.05486  3.05486  3.05486  2.5288  2.5288  0  0  0  0  0  0 
-1.50796 -0.125664 3.05486  3.05486  3.05486  3.05486  2.5288  2.5288  0  0  0  0  0  0 
-1.3823 -0.125664 3.05486  3.05486  3.05486  3.05486  2.5288  2.5288  0  0  0  0  0  0 
-1.25664 -0.125664 3.05486  3.05486  3.05486  3.05486  2.5288  2.5288  0  0  0  0  0  0 
-1.13097 -0.125664 3.05486  3.05486  3.05486  3.05486  2.5288  2.5288  0  0  0  0  0  0 
-1.00531 -0.125664 3.05486  3.05486  3.05486  3.05486  2.5288  2.5288  0  0  0  0  0  0 
-0.879646 -0.125664 3.05486  3.05486  3.05486  3.05486  2.5288  2.5288  0  0  0  0  0  0 
-0.753982 -0.125664 3.05486  3.05486  3.05486  3.05486  2.5288  2.5288  0  0  0  0  0  0 
-0.628319 -0.125664 3.05486  3.05486  3.05486  3.05486  2.5288  2.5288  0  0  0  0  0  0 
-0.502655 -0.125664 3.05486  3.05486  3.05486  3.05486  2.5288  2.5288  0  0  0  0  0  0 
-0.376991 -0.125664 3.05486  3.05486  3.05486  3.05486  2.5288  2.5288  0  0  0  0  0  0 
-0.251327 -0.125664 3.05486  3.05486  3.05486  3.05486  2.5288  2.5288  0  0  0  0  0  0 
-0.125664 -0.125664 3.05486  3.05486  3.05486  3.05486  2.5288  2.5288  0  0  0  0  0  0 
0 -0.125664 3.05486  3.05486  3.05486  3.05486  2.5288  2.5288  0  0  0  0  0  0 
0.125664 -0.125664 3.05486  3.05486  3.05486  3.05486  2.5288  2.5288  0  0  0  0  0  0 
0.251327 -0.125664 3.05486  3.05486  3.05486  3.05486  2.5288  2.5288  0  0  0  0  0  0 
0.376991 -0.125664 3.05486  3.05486  3.05486  3.05486  2.5288  2.5288  0  0  0  0  0  0 
0.502655 -0.125664 3.05486  3.05486  3.05486  3.05486  2.5288  2.5288  0  0  0  0  0  0 
0.628319 -0.125664 3.05486  3.05486  3.05486  3.05486  2.5288  2.5288  0  0  0  0  0  0 
0.753982 -0.125664 3.05486  3.05486  3.05486  3.05486  2.5288  2.5288  0  0  0  0  0  0 
0.879646 -0.125664 3.05486  3.05486  3.05486  3.05486  2.5288  2.5288  0  0  0  0  0  0 
1.00531 -0.125664 3.05486  3.05486  3.05486  3.05486  2.5288  2.5288  0  0  0  0  0  0 
1.13097 -0.125664 3.05486  3.05486  3.05486  3.05486  2.5288  2.5288  0  0  0  0  0  0 
1.25664 -0.125664 3.05486  3.05486  3.05486  3.05486  2.5288  2.5288  0  0  0  0  0  0 
1.3823 -0.125664 3.05486  3.05486  3.05486  3.05486  2.5288  2.5288  0  0  0  0  0  0 
1.50796 -0.125664 3.05486  3.05486  3.05486  3.05486  2.5288  2.5288  0  0  0  0  0  0 
1.63363 -0.125664 3.05486  3.05486  3.05486  3.05486  2.5288  2.5288  0  0  0  0  0  0 
1.75929 -0.125664 3.05486  3.05486  3.05486  3.05486  2.5288  2.5288  0  0  0  0  0  0 
1.88496 -0.125664 3.05486  3.05486  3.05486  3.05486  2.5288  2.5288  0  0  0  0  0  0 
2.01062 -0.125664 3.05486  3.05486  3.05486  3.05486  2.5288  2.5288  0  0  0  0  0  0 
2.13628 -0.125664 3.05486  3.05486  3.05486  3.05486  2.5288  2.5288  0  0  0  0  0  0 
2.26195 -0.125664 3.05486  3.05486  3.05486  3.05486  2.5288  2.5288  0  0  0  0  0  0 
2.38761 -0.125664 3.05486  3.05486  3.05486  3.05486  2.5288  2.5288  0  0  0  0  0  0 
2.51327 -0.125664 3.05486  3.05486  3.05486  3.05486  2.5288  2.5288  0  0  0  0  0  0 
2.63894 -0.125664 3.05486  3.05486  3.05486  3.05486  2.5288  2.5288  0  0  0  0  0  0 
2.7646 -0.125664 3.05486  3.05486  3.05486  3.05486  2.5288  2.5288  0  0  0  0  0  0 
2.89027 -0.125664 3.05486  3.05486  3.05486  3.05486  2.5288  2.5288  0  0  0  0  0  0 
3.01593 -0.125664 3.05486  3.05486  3.05486  3.05486  2.5288  2.5288  0  0  0  0  0  0 
-3.14159 0 3.05486  3.05486  3.05486  3.05486  2.5288  2.5288  0  0  0  0  0  0 
-3.01593 0 3.05486  3.05486  3.05486  3.05486  2.5288  2.5288  0  0  0  0  0  0 
-2.89027 0 3.05486  3.05486  3.05486  3.05486  2.5288  2.5288  0  0  0  0  0  0 
-2.7646 0 3.05486  3.05486  3.05486  3.05486  2.5288  2.5288  0  0  0  0  0  0 
-2.63894 0 3.05486  3.05486  3.05486  3.05486  2.5288  2.5288  0  0  0  0  0  0 
-2.51327 0 3.05486  3.05486  3.05486  3.05486  2.5288  2.5288  0  0  0  0  0  0 
-2.38761 0 3.05486  3.05486  3.05486  3.05486  2.5288  2.5288  0  0  0  0  0  0 
-2.26195 0 3.05486  3.05486  3.05486  3.05486  2.5288  2.5288  0  0  0  0  0  0 
-2.13628 0 3.05486  3.05486  3.05486  3.05486  2.5288  2.5288  0  0  0  0  0  0 
-2.01062 0 3.05486  3.05486  3.05486  3.05486  2.5288  2.5288  0  0  0  0  0  0 
-1.88496 0 3.05486  3.05486  3.05486  3.05486  2.5288  2.5288  0  0  0  0  0  0 
-1.75929 0 3.05486  3.05486  3.05486  3.05486  2.5288  2.5288  0  0  0  0  0  0 
-1.63363 0 3.05486  3.05486  3.05486  3.05486  2.5288  2.5288  0  0  0  0  0  0 
-1.50796 0 3.05486  3.05486  3.05486  3.05486  2.5288  2.5288  0  0  0  0  0  0 
-1.3823 0 3.05486  3.05486  3.05486  3.05486  2.5288  2.5288  0  0  0  0  0  0 
-1.25664 0 3.05486  3.05486  3.05486  3.05486  2.5288  2.5288  0  0  0  0  0  0 
-1.13097 0 3.05486  3.05486  3.05486  3.05486  2.5288  2.5288  0  0  0  0  0  0 
-1.00531 0 3.05486  3.05486  3.05486  3.05486  2.5288  2.5288  0  0  0  0  0  0 
-0.879646 0 3.05486  3.05486  3.05486  3.05486  2.5288  2.5288  0  0  0  0  0  0 
-0.753982 0 3.05486  3.05486  3.05486  3.05486  2.5288  2.5288  0  0  0  0  0  0 
-0.628319 0 3.05486  3.05486  3.05486  3.05486  2.5288  2.5288  0  0  0  0  0  0 
-0.502655 0 3.05486  3.05486  3.05486  3.05486  2.5288  2.5288  0  0  0  0  0  0 
-0.376991 0 3.05486  3.05486  3.05486  3.05486  2.5288  2.5288  0  0  0  0  0  0 
-0.251327 0 3.05486  3.05486  3.05486  3.05486  2.5288  2.5288  0  0  0  0  0  0 
-0.125664 0 3.05486  3.05486  3.05486  3.05486  2.5288  2.5288  0  0  0  0  0  0 
0 0 3.05486  3.05486  3.05486  3.05486  2.5288  2.5288  0  0  0  0  0  0 
0.125664 0 3.05486  3.05486  3.05486  3.05486  2.5288  2.5288  0  0  0  0  0  0 
0.251327 0 3.05486  3.05486  3.05486  3.05486  2.5288  2.5288  0  0  0  0  0  0 
0.376991 0 3.05486  3.05486  3.05486  3.05486  2.5288  2.5288  0  0  0  0  0  0 
0.502655 0 3.05486  3.05486  3.05486  3.05486  2.5288  2.5288  0  0  0  0  0  0 
0.628319 0 3.05486  3.05486  3.05486  3.05486  2.5288  2.5288  0  0  0  0  0  0 
0.753982 0 3.05486  3.05486  3.05486  3.05486  2.5288  2.5288  0  0  0  0  0  0 
0.879646 0 3.05486  3.05486  3.05486  3.05486  2.5288  2.5288  0  0  0  0  0  0 
1.00531 0 3.05486  3.05486  3.05486  3.05486  2.5288  2.5288  0  0  0  0  0  0 
1.13097 0 3.05486  3.05486  3.05486  3.05486  2.5288  2.5288  0  0  0  0  0  0 
1.25664 0 3.05486  3.05486  3.05486  3.05486  2.5288  2.5288  0  0  0  0  0  0 
1.3823 0 3.05486  3.05486  3.05486  3.05486  2.5288  2.5288  0  0  0  0  0  0 
1.50796 0 3.05486  3.05486  3.05486  3.05486  2.5288  2.5288  0  0  0  0  0  0 
1.63363 0 3.05486  3.05486  3.05486  3.05486  2.5288  2.5288  0  0  0  0  0  0 
1.75929 0 3.05486  3.05486  3.05486  3.05486  2.5288  2.5288  0  0  0  0  0  0 
1.88496 0 3.05486  3.05486  3.05486  3.05486  2.5288  2.5288  0  0  0  0  0  0 
2.01062 0 3.05486  3.05486  3.05486  3.05486  2.5288  2.5288  0  0  0  0  0  0 
2.13628 0 3.05486  3.05486  3.05486  3.05486  2.5288  2.5288  0  0  0  0  0  0 
2.26195 0 3.05486  3.05486  3.05486  3.05486  2.5288  2.5288  0  0  0  0  0  0 
2.38761 0 3.05486  3.05486  3.05486  3.05486  2.5288  2.5288  0  0  0  0  0  0 
2.51327 0 3.05486  3.05486  3.05486  3.05486  2.5288  2.5288  0  0  0  0  0  0 
2.63894 0 3.05486  3.05486  3.05486  3.05486  2.5288  2.5288  0  0  0  0  0  0 
2.7646 0 3.05486  3.05486  3.05486  3.05486  2.5288  2.5288  0  0  0  0  0  0 
2.89027 0 3.05486  3.05486  3.05486  3.05486  2.5288  2.5288  0  0  0  0  0  0 
3.01593 0 3.05486  3.05486  3.05486  3.05486  2.5288  2.5288  0  0  0  0  0  0 
-3.14159 0.125664 3.05486  3.05486  3.05486  3.05486  2.5288  2.5288  0  0  0  0  0  0 
-3.01593 0.125664 3.05486  3.05486  3.05486  3.05486  2.5288  2.5288  0  0  0  0  0  0 
-2.89027 0.125664 3.05486  3.05486  3.05486  3.05486  2.5288  2.5288  0  0  0  0  0  0 
-2.7646 0.125664 3.05486  3.05486  3.05486  3.05486  2.5288  2.5288  0  0  0  0  0  0 
-2.63894 0.125664 3.05486  3.05486  3.05486  3.05486  2.5288  2.5288  0  0  0  0  0  0 
-2.51327 0.125664 3.05486  3.05486  3.05486  3.05486  2.5288  2.5288  0  0  0  0  0  0 
-2.38761 0.125664 3.05486  3.05486  3.05486  3.05486  2.5288  2.5288  0  0  0  0  0  0 
-2.26195 0.125664 3.05486  3.05486  3.05486  3.05486  2.5288  2.5288  0  0  0  0  0  0 
-2.13628 0.125664 3.05486  3.05486  3.05486  3.05486  2.5288  2.5288  0  0  0  0  0  0 
-2.01062 0.125664 3.05486  3.05486  3.05486  3.05486  2.5288  2.5288  0  0  0  0  0  0 
-1.88496 0.125664 3.05486  3.05486  3.05486  3.05486  2.5288  2.5288  0  0  0  0  0  0 
-1.75929 0.125664 3.05486  3.05486  3.05486  3.05486  2.5288  2.5288  0  0  0  0  0  0 
-1.63363 0.125664 3.05486  3.05486  3.05486  3.05486  2.5288  2.5288  0  0  0  0  0  0 
-1.50796 0.125664 3.05486  3.05486  3.05486  3.05486  2.5288  2.5288  0  0  0  0  0  0 
-1.3823 0.125664 3.05486  3.05486  3.05486  3.05486  2.5288  2.5288  0  0  0  0  0  0 
-1.25664 0.125664 3.05486  3.05486  3.05486  3.05486  2.5288  2.5288  0  0  0  0  0  0 
-1.13097 0.125664 3.05486  3.05486  3.05486  3.05486  2.5288  2.5288  0  0  0  0  0  0 
-1.00531 0.125664 3.05486  3.05486  3.05486  3.05486  2.5288  2.5288  0  0  0  0  0  0 
-0.879646 0.125664 3.05486  3.05486  3.05486  3.05486  2.5288  2.5288  0  0  0  0  0  0 
-0.753982 0.125664 3.05486  3.05486  3.05486  3.05486  2.5288  2.5288  0  0  0  0  0  0 
-0.628319 0.125664 3.05486  3.05486  3.05486  3.05486  2.5288  2.5288  0  0  0  0  0  0 
-0.502655 0.125664 3.05486  3.05486  3.05486  3.05486  2.5288  2.5288  0  0  0  0  0  0 
-0.376991 0.125664 3.05486  3.05486  3.05486  3.05486  2.5288  2.5288  0  0  0  0  0  0 
-0.251327 0.125664 3.05486  3.05486  3.05486  3.05486  2.5288  2.5288  0  0  0  0  0  0 
-0.125664 0.125664 3.05486  3.05486  3.05486  3.05486  2.5288  2.5288  0  0  0  0  0  0 
0 0.125664 3.05486  3.05486  3.05486  3.05486  2.5288  2.5288  0  0  0  0  0  0 
0.125664 0.125664 3.05486  3.05486  3.05486  3.05486  2.5288  2.5288  0  0  0  0  0  0 
0.251327 0.125664 3.05486  3.05486  3.05486  3.05486  2.5288  2.5288  0  0  0  0  0  0 
0.376991 0.125664 3.05486  3.05486  3.05486  3.05486  2.5288  2.5288  0  0  0  0  0  0 
0.502655 0.125664 3.05486  3.05486  3.05486  3.05486  2.5288  2.5288  0  0  0  0  0  0 
0.628319 0.125664 3.05486  3.05486  3.05486  3.05486  2.5288  2.5288  0  0  0  0  0  0 
0.753982 0.125664 3.05486  3.05486  3.05486  3.05486  2.5288  2.5288  0  0  0  0  0  0 
0.879646 0.125664 3.05486  3.05486  3.05486  3.05486  2.5288  2.5288  0  0  0  0  0  0 
1.00531 0.125664 3.05486  3.05486  3.05486  3.05486  2.5288  2.5288  0  0  0  0  0  0 
1.13097 0.125664 3.05486  3.05486  3.05486  3.05486  2.5288  2.5288  0  0  0  0  0  0 
1.25664 0.125664 3.05486  3.05486  3.05486  3.05486  2.5288  2.5288  0  0  0  0  0  0 
1.3823 0.125664 3.05486  3.05486  3.05486  3.05486  2.5288  2.5288  0  0  0  0  0  0 
1.50796 0.125664 3.05486  3.05486  3.05486  3.05486  2.5288  2.5288  0  0  0  0  0  0 
1.63363 0.125664 3.05486  3.05486  3.05486  3.05486  2.5288  2.5288  0  0  0  0  0  0 
1.75929 0.125664 3.05486  3.05486  3.05486  3.05486  2.5288  2.5288  0  0  0  0  0  0 
1.88496 0.125664 3.05486  3.05486  3.05486  3.05486  2.5288  2.5288  0  0  0  0  0  0 
2.01062 0.125664 3.05486  3.05486  3.05486  3.05486  2.5288  2.5288  0  0  0  0  0  0 
2.13628 0.125664 3.05486  3.05486  3.05486  3.05486  2.5288  2.5288  0  0  0  0  0  0 
2.26195 0.125664 3.05486  3.05486  3.05486  3.05486  2.5288  2.5288  0  0  0  0  0  0 
2.38761 0.125664 3.05486  3.05486  3.05486  3.05486  2.5288  2.5288  0  0  0  0  0  0 
2.51327 0.125664 3.05486  3.05486  3.05486  3.05486  2.5288  2.5288  0  0  0  0  0  0 
2.63894 0.125664 3.05486  3.05486  3.05486  3.05486  2.5288  2.5288  0  0  0  0  0  0 
2.7646 0.125664 3.05486  3.05486  3.05486  3.05486  2.5288  2.5288  0  0  0  0  0  0 
2.89027 0.125664 3.05486  3.05486  3.05486  3.05486  2.5288  2.5288  0  0  0  0  0  0 
3.01593 0.125664 3.05486  3.05486  3.05486  3.05486  2.5288  2.5288  0  0  0  0  0  0 
-3.14159 0.251327 3.05486  3.05486  3.05486  3.05486  2.5288  2.5288  0  0  0  0  0  0 
-3.01593 0.251327 3.05486  3.05486  3.05486  3.05486  2.5288  2.5288  0  0  0  0  0  0 
-2.89027 0.251327 3.05486  3.05486  3.05486  3.05486  2.5288  2.5288  0  0  0  0  0  0 
-2.7646 0.251327 3.05486  3.05486  3.05486  3.05486  2.5288  2.5288  0  0  0  0  0  0 
-2.63894 0.251327 3.05486  3.05486  3.05486  3.05486  2.5288  2.5288  0  0  0  0  0  0 
-2.51327 0.251327 3.05486  3.05486  3.05486  3.05486  2.5288  2.5288  0  0  0  0  0  0 
-2.38761 0.251327 3.05486  3.05486  3.05486  3.05486  2.5288  2.5288  0  0  0  0  0  0 
-2.26195 0.251327 3.05486  3.05486  3.05486  3.05486  2.5288  2.5288  0  0  0  0  0  0 
-2.13628 0.251327 3.05486  3.05486  3.05486  3.05486  2.5288  2.5288  0  0  0  0  0  0 
-2.01062 0.251327 3.05486  3.05486  3.05486  3.05486  2.5288  2.5288  0  0  0  0  0  0 
-1.88496 0.251327 3.05486  3.05486  3.05486  3.05486  2.5288  2.5288  0  0  0  0  0  0 
-1.75929 0.251327 3.05486  3.05486  3.05486  3.05486  2.5288  2.5288  0  0  0  0  0  0 
-1.63363 0.251327 3.05486  3.05486  3.05486  3.05486  2.5288  2.5288  0  0  0  0  0  0 
-1.50796 0.251327 3.05486  3.05486  3.05486  3.05486  2.5288  2.5288  0  0  0  0  0  0 
-1.3823 0.251327 3.05486  3.05486  3.05486  3.05486  2.5288  2.5288  0  0  0  0  0  0 
-1.25664 0.251327 3.05486  3.05486  3.05486  3.05486  2.5288  2.5288  0  0  0  0  0  0 
-1.13097 0.251327 3.05486  3.05486  3.05486  3.05486  2.5288  2.5288  0  0  0  0  0  0 
-1.00531 0.251327 3.05486  3.05486  3.05486  3.05486  2.5288  2.5288  0  0  0  0  0  0 
-0.879646 0.251327 3.05486  3.05486  3.05486  3.05486  2.5288  2.5288  0  0  0  0  0  0 
-0.753982 0.251327 3.05486  3.05486  3.05486  3.05486  2.5288  2.5288  0  0  0  0  0  0 
-0.628319 0.251327 3.05486  3.05486  3.05486  3.05486  2.5288  2.5288  0  0  0  0  0  0 
-0.502655 0.251327 3.05486  3.05486  3.05486  3.05486  2.5288  2.5288  0  0  0  0  0  0 
-0.376991 0.251327 3.05486  3.05486  3.05486  3.05486  2.5288  2.5288  0  0  0  0  0  0 
-0.251327 0.251327 3.05486  3.05486  3.05486  3.05486  2.5288  2.5288  0  0  0  0  0  0 
-0.125664 0.251327 3.05486  3.05486  3.05486  3.05486  2.5288  2.5288  0  0  0  0  0  0 
0 0.251327 3.05486  3.05486  3.05486  3.05486  2.5288  2.5288  0  0  0  0  0  0 
0.125664 0.251327 3.05486  3.05486  3.05486  3.05486  2.5288  2.5288  0  0  0  0  0  0 
0.251327 0.251327 3.05486  3.05486  3.05486  3.05486  2.5288  2.5288  0  0  0  0  0  0 
0.376991 0.251327 3.05486  3.05486  3.05486  3.05486  2.5288  2.5288  0  0  0  0  0  0 
0.502655 0.251327 3.05486  3.05486  3.05486  3.05486  2.5288  2.5288  0  0  0  0  0  0 
0.628319 0.251327 3.05486  3.05486  3.05486  3.05486  2.5288  2.5288  0  0  0  0  0  0 
0.753982 0.251327 3.05486  3.05486  3.05486  3.05486  2.5288  2.5288  0  0  0  0  0  0 
0.879646 0.251327 3.05486  3.05486  3.05486  3.05486  2.5288  2.5288  0  0  0  0  0  0 
1.00531 0.251327 3.05486  3.05486  3.05486  3.05486  2.5288  2.5288  0  0  0  0  0  0 
1.13097 0.251327 3.05486  3.05486  3.05486  3.05486  2.5288  2.5288  0  0  0  0  0  0 
1.25664 0.251327 3.05486  3.05486  3.05486  3.05486  2.5288  2.5288  0  0  0  0  0  0 
1.3823 0.251327 3.05486  3.05486  3.05486  3.05486  2.5288  2.5288  0  0  0  0  0  0 
1.50796 0.251327 3.05486  3.05486  3.05486  3.05486  2.5288  2.5288  0  0  0  0  0  0 
1.63363 0.251327 3.05486  3.05486  3.05486  3.05486  2.5288  2.5288  0  0  0  0  0  0 
1.75929 0.251327 3.05486  3.05486  3.05486  3.05486  2.5288  2.5288  0  0  0  0  0  0 
1.88496 0.251327 3.05486  3.05486  3.05486  3.05486  2.5288  2.5288  0  0  0  0  0  0 
2.01062 0.251327 3.05486  3.05486  3.05486  3.05486  2.5288  2.5288  0  0  0  0  0  0 
2.13628 0.251327 3.05486  3.05486  3.05486  3.05486  2.5288  2.5288  0  0  0  0  0  0 
2.26195 0.251327 3.05486  3.05486  3.05486  3.05486  2.5288  2.5288  0  0  0  0  0  0 
2.38761 0.251327 3.05486  3.05486  3.05486  3.05486  2.5288  2.5288  0  0  0  0  0  0 
2.51327 0.251327 3.05486  3.05486  3.05486  3.05486  2.5288  2.5288  0  0  0  0  0  0 
2.63894 0.251327 3.05486  3.05486  3.05486  3.05486  2.5288  2.5288  0  0  0  0  0  0 
2.7646 0.251327 3.05486  3.05486  3.05486  3.05486  2.5288  2.5288  0  0  0  0  0  0 
2.89027 0.251327 3.05486  3.05486  3.05486  3.05486  2.5288  2.5288  0  0  0  0  0  0 
3.01593 0.251327 3.05486  3.05486  3.05486  3.05486  2.5288  2.5288  0  0  0  0  0  0 
-3.14159 0.376991 3.05486  3.05486  3.05486  3.05486  2.5288  2.5288  0  0  0  0  0  0 
-3.01593 0.376991 3.05486  3.05486  3.05486  3.05486  2.5288  2.5288  0  0  0  0  0  0 
-2.89027 0.376991 3.05486  3.05486  3.05486  3.05486  2.5288  2.5288  0  0  0  0  0  0 
-2.7646 0.376991 3.05486  3.05486  3.05486  3.05486  2.5288  2.5288  0  0  0  0  0  0 
-2.63894 0.376991 3.05486  3.05486  3.05486  3.05486  2.5288  2.5288  0  0  0  0  0  0 
-2.51327 0.376991 3.05486  3.05486  3.05486  3.05486  2.5288  2.5288  0  0  0  0  0  0 
-2.38761 0.376991 3.05486  3.05486  3.05486  3.05486  2.5288  2.5288  0  0  0  0  0  0 
-2.26195 0.376991 3.05486  3.05486  3.05486  3.05486  2.5288  2.5288  0  0  0  0  0  0 
-2.13628 0.376991 3.05486  3.05486  3.05486  3.05486  2.5288  2.5288  0  0  0  0  0  0 
-2.01062 0.376991 3.05486  3.05486  3.05486  3.05486  2.5288  2.5288  0  0  0  0  0  0 
-1.88496 0.376991 3.05486  3.05486  3.05486  3.05486  2.5288  2.5288  0  0  0  0  0  0 
-1.75929 0.376991 3.05486  3.05486  3.05486  3.05486  2.5288  2.5288  0  0  0  0  0  0 
-1.63363 0.376991 3.05486  3.05486  3.05486  3.05486  2.5288  2.5288  0  0  0  0  0  0 
-1.50796 0.376991 3.05486  3.05486  3.05486  3.05486  2.5288  2.5288  0  0  0  0  0  0 
-1.3823 0.376991 3.05486  3.05486  3.05486  3.05486  2.5288  2.5288  0  0  0  0  0  0 
-1.25664 0.376991 3.05486  3.05486  3.05486  3.05486  2.5288  2.5288  0  0  0  0  0  0 
-1.13097 0.376991 3.05486  3.05486  3.05486  3.05486  2.5288  2.5288  0  0  0  0  0  0 
-1.00531 0.376991 3.05486  3.05486  3.05486  3.05486  2.5288  2.5288  0  0  0  0  0  0 
-0.879646 0.376991 3.05486  3.05486  3.05486  3.05486  2.5288  2.5288  0  0  0  0  0  0 
-0.753982 0.376991 3.05486  3.05486  3.05486  3.05486  2.5288  2.5288  0  0  0  0  0  0 
-0.628319 0.376991 3.05486  3.05486  3.05486  3.05486  2.5288  2.5288  0  0  0  0  0  0 
-0.502655 0.376991 3.05486  3.05486  3.05486  3.05486  2.5288  2.5288  0  0  0  0  0  0 
-0.376991 0.376991 3.05486  3.05486  3.05486  3.05486  2.5288  2.5288  0  0  0  0  0  0 
-0.251327 0.376991 3.05486  3.05486  3.05486  3.05486  2.5288  2.5288  0  0  0  0  0  0 
-0.125664 0.376991 3.05486  3.05486  3.05486  3.05486  2.5288  2.5288  0  0  0  0  0  0 
0 0.376991 3.05486  3.05486  3.05486  3.05486  2.5288  2.5288  0  0  0  0  0  0 
0.125664 0.376991 3.05486  3.05486  3.05486  3.05486  2.5288  2.5288  0  0  0  0  0  0 
0.251327 0.376991 3.05486  3.05486  3.05486  3.05486  2.5288  2.5288  0  0  0  0  0  0 
0.376991 0.376991 3.05486  3.05486  3.05486  3.05486  2.5288  2.5288  0  0  0  0  0  0 
0.502655 0.376991 3.05486  3.05486  3.05486  3.05486  2.5288  2.5288  0  0  0  0  0  0 
0.628319 0.376991 3.05486  3.05486  3.05486  3.05486  2.5288  2.5288  0  0  0  0  0  0 
0.753982 0.376991 3.05486  3.05486  3.05486  3.05486  2.5288  2.5288  0  0  0  0  0  0 
0.879646 0.376991 3.05486  3.05486  3.05486  3.05486  2.5288  2.5288  0  0  0  0  0  0 
1.00531 0.376991 3.05486  3.05486  3.05486  3.05486  2.5288  2.5288  0  0  0  0  0  0 
1.13097 0.376991 3.05486  3.05486  3.05486  3.05486  2.5288  2.5288  0  0  0  0  0  0 
1.25664 0.376991 3.05486  3.05486  3.05486  3.05486  2.5288  2.5288  0  0  0  0  0  0 
1.3823 0.376991 3.05486  3.05486  3.05486  3.05486  2.5288  2.5288  0  0  0  0  0  0 
1.50796 0.376991 3.05486  3.05486  3.05486  3.05486  2.5288  2.5288  0  0  0  0  0  0 
1.63363 0.376991 3.05486  3.05486  3.05486  3.05486  2.5288  2.5288  0  0  0  0  0  0 
1.75929 0.376991 3.05486  3.05486  3.05486  3.05486  2.5288  2.5288  0  0  0  0  0  0 
1.88496 0.376991 3.05486  3.05486  3.05486  3.05486  2.5288  2.5288  0  0  0  0  0  0 
2.01062 0.376991 3.05486  3.05486  3.05486  3.05486  2.5288  2.5288  0  0  0  0  0  0 
2.13628 0.376991 3.05486  3.05486  3.05486  3.05486  2.5288  2.5288  0  0  0  0  0  0 
2.26195 0.376991 3.05486  3.05486  3.05486  3.05486  2.5288  2.5288  0  0  0  0  0  0 
2.38761 0.376991 3.05486  3.05486  3.05486  3.05486  2.5288  2.5288  0  0  0  0  0  0 
2.51327 0.376991 3.05486  3.05486  3.05486  3.05486  2.5288  2.5288  0  0  0  0  0  0 
2.63894 0.376991 3.05486  3.05486  3.05486  3.05486  2.5288  2.5288  0  0  0  0  0  0 
2.7646 0.376991 3.05486  3.05486  3.05486  3.05486  2.5288  2.5288  0  0  0  0  0  0 
2.89027 0.376991 3.05486  3.05486  3.05486  3.05486  2.5288  2.5288  0  0  0  0  0  0 
3.01593 0.376991 3.05486  3.05486  3.05486  3.05486  2.5288  2.5288  0  0  0  0  0  0 
-3.14159 0.502655 3.05486  3.05486  3.05486  3.05486  2.5288  2.5288  0  0  0  0  0  0 
-3.01593 0.502655 3.05486  3.05486  3.05486  3.05486  2.5288  2.5288  0  0  0  0  0  0 
-2.89027 0.502655 3.05486  3.05486  3.05486  3.05486  2.5288  2.5288  0  0  0  0  0  0 
-2.7646 0.502655 3.05486  3.05486  3.05486  3.05486  2.5288  2.5288  0  0  0  0  0  0 
-2.63894 0.502655 3.05486  3.05486  3.05486  3.05486  2.5288  2.5288  0  0  0  0  0  0 
-2.51327 0.502655 3.05486  3.05486  3.05486  3.05486  2.5288  2.5288  0  0  0  0  0  0 
-2.38761 0.502655 3.05486  3.05486  3.05486  3.05486  2.5288  2.5288  0  0  0  0  0  0 
-2.26195 0.502655 3.05486  3.05486  3.05486  3.05486  2.5288  2.5288  0  0  0  0  0  0 
-2.13628 0.502655 3.05486  3.05486  3.05486  3.05486  2.5288  2.5288  0  0  0  0  0  0 
-2.01062 0.502655 3.05486  3.05486  3.05486  3.05486  2.5288  2.5288  0  0  0  0  0  0 
-1.88496 0.502655 3.05486  3.05486  3.05486  3.05486  2.5288  2.5288  0  0  0  0  0  0 
-1.75929 0.502655 3.05486  3.05486  3.05486  3.05486  2.5288  2.5288  0  0  0  0  0  0 
-1.63363 0.502655 3.05486  3.05486  3.05486  3.05486  2.5288  2.5288  0  0  0  0  0  0 
-1.50796 0.502655 3.05486  3.05486  3.05486  3.05486  2.5288  2.5288  0  0  0  0  0  0 
-1.3823 0.502655 3.05486  3.05486  3.05486  3.05486  2.5288  2.5288  0  0  0  0  0  0 
-1.25664 0.502655 3.05486  3.05486  3.05486  3.05486  2.5288  2.5288  0  0  0  0  0  0 
-1.13097 0.502655 3.05486  3.05486  3.05486  3.05486  2.5288  2.5288  0  0  0  0  0  0 
-1.00531 0.502655 3.05486  3.05486  3.05486  3.05486  2.5288  2.5288  0  0  0  0  0  0 
-0.879646 0.502655 3.05486  3.05486  3.05486  3.05486  2.5288  2.5288  0  0  0  0  0  0 
-0.753982 0.502655 3.05486  3.05486  3.05486  3.05486  2.5288  2.5288  0  0  0  0  0  0 
-0.628319 0.502655 3.05486  3.05486  3.05486  3.05486  2.5288  2.5288  0  0  0  0  0  0 
-0.502655 0.502655 3.05486  3.05486  3.05486  3.05486  2.5288  2.5288  0  0  0  0  0  0 
-0.376991 0.502655 3.05486  3.05486  3.05486  3.05486  2.5288  2.5288  0  0  0  0  0  0 
-0.251327 0.502655 3.05486  3.05486  3.05486  3.05486  2.5288  2.5288  0  0  0  0  0  0 
-0.125664 0.502655 3.05486  3.05486  3.05486  3.05486  2.5288  2.5288  0  0  0  0  0  0 
0 0.502655 3.05486  3.05486  3.05486  3.05486  2.5288  2.5288  0  0  0  0  0  0 
0.125664 0.502655 3.05486  3.05486  3.05486  3.05486  2.5288  2.5288  0  0  0  0  0  0 
0.251327 0.502655 3.05486  3.05486  3.05486  3.05486  2.5288  2.5288  0  0  0  0  0  0 
0.376991 0.502655 3.05486  3.05486  3.05486  3.05486  2.5288  2.5288  0  0  0  0  0  0 
0.502655 0.502655 3.05486  3.05486  3.05486  3.05486  2.5288  2.5288  0  0  0  0  0  0 
0.628319 0.502655 3.05486  3.05486  3.05486  3.05486  2.5288  2.5288  0  0  0  0  0  0 
0.753982 0.502655 3.05486  3.05486  3.05486  3.05486  2.5288  2.5288  0  0  0  0  0  0 
0.879646 0.502655 3.05486  3.05486  3.05486  3.05486  2.5288  2.5288  0  0  0  0  0  0 
1.00531 0.502655 3.05486  3.05486  3.05486  3.05486  2.5288  2.5288  0  0  0  0  0  0 
1.13097 0.502655 3.05486  3.05486  3.05486  3.05486  2.5288  2.5288  0  0  0  0  0  0 
1.25664 0.502655 3.05486  3.05486  3.05486  3.05486  2.5288  2.5288  0  0  0  0  0  0 
1.3823 0.502655 3.05486  3.05486  3.05486  3.05486  2.5288  2.5288  0  0  0  0  0  0 
1.50796 0.502655 3.05486  3.05486  3.05486  3.05486  2.5288  2.5288  0  0  0  0  0  0 
1.63363 0.502655 3.05486  3.05486  3.05486  3.05486  2.5288  2.5288  0  0  0  0  0  0 
1.75929 0.502655 3.05486  3.05486  3.05486  3.05486  2.5288  2.5288  0  0  0  0  0  0 
1.88496 0.502655 3.05486  3.05486  3.05486  3.05486  2.5288  2.5288  0  0  0  0  0  0 
2.01062 0.502655 3.05486  3.05486  3.05486  3.05486  2.5288  2.5288  0  0  0  0  0  0 
2.13628 0.502655 3.05486  3.05486  3.05486  3.05486  2.5288  2.5288  0  0  0  0  0  0 
2.26195 0.502655 3.05486  3.05486  3.05486  3.05486  2.5288  2.5288  0  0  0  0  0  0 
2.38761 0.502655 3.05486  3.05486  3.05486  3.05486  2.5288  2.5288  0  0  0  0  0  0 
2.51327 0.502655 3.05486  3.05486  3.05486  3.05486  2.5288  2.5288  0  0  0  0  0  0 
2.63894 0.502655 3.05486  3.05486  3.05486  3.05486  2.5288  2.5288  0  0  0  0  0  0 
2.7646 0.502655 3.05486  3.05486  3.05486  3.05486  2.5288  2.5288  0  0  0  0  0  0 
2.89027 0.502655 3.05486  3.05486  3.05486  3.05486  2.5288  2.5288  0  0  0  0  0  0 
3.01593 0.502655 3.05486  3.05486  3.05486  3.05486  2.5288  2.5288  0  0  0  0  0  0 
-3.14159 0.628319 3.05486  3.05486  3.05486  3.05486  2.5288  2.5288  0  0  0  0  0  0 
-3.01593 0.628319 3.05486  3.05486  3.05486  3.05486  2.5288  2.5288  0  0  0  0  0  0 
-2.89027 0.628319 3.05486  3.05486  3.05486  3.05486  2.5288  2.5288  0  0  0  0  0  0 
-2.7646 0.628319 3.05486  3.05486  3.05486  3.05486  2.5288  2.5288  0  0  0  0  0  0 
-2.63894 0.628319 3.05486  3.05486  3.05486  3.05486  2.5288  2.5288  0  0  0  0  0  0 
-2.51327 0.628319 3.05486  3.05486  3.05486  3.05486  2.5288  2.5288  0  0  0  0  0  0 
-2.38761 0.628319 3.05486  3.05486  3.05486  3.05486  2.5288  2.5288  0  0  0  0  0  0 
-2.26195 0.628319 3.05486  3.05486  3.05486  3.05486  2.5288  2.5288  0  0  0  0  0  0 
-2.13628 0.628319 3.05486  3.05486  3.05486  3.05486  2.5288  2.5288  0  0  0  0  0  0 
-2.01062 0.628319 3.05486  3.05486  3.05486  3.05486  2.5288  2.5288  0  0  0  0  0  0 
-1.88496 0.628319 3.05486  3.05486  3.05486  3.05486  2.5288  2.5288  0  0  0  0  0  0 
-1.75929 0.628319 3.05486  3.05486  3.05486  3.05486  2.5288  2.5288  0  0  0  0  0  0 
-1.63363 0.628319 3.05486  3.05486  3.05486  3.05486  2.5288  2.5288  0  0  0  0  0  0 
-1.50796 0.628319 3.05486  3.05486  3.05486  3.05486  2.5288  2.5288  0  0  0  0  0  0 
-1.3823 0.628319 3.05486  3.05486  3.05486  3.05486  2.5288  2.5288  0  0  0  0  0  0 
-1.25664 0.628319 3.05486  3.05486  3.05486  3.05486  2.5288  2.5288  0  0  0  0  0  0 
-1.13097 0.628319 3.05486  3.05486  3.05486  3.05486  2.5288  2.5288  0  0  0  0  0  0 
-1.00531 0.628319 3.05486  3.05486  3.05486  3.05486  2.5288  2.5288  0  0  0  0  0  0 
-0.879646 0.628319 3.05486  3.05486  3.05486  3.05486  2.5288  2.5288  0  0  0  0  0  0 
-0.753982 0.628319 3.05486  3.05486  3.05486  3.05486  2.5288  2.5288  0  0  0  0  0  0 
-0.628319 0.628319 3.05486  3.05486  3.05486  3.05486  2.5288  2.5288  0  0  0  0  0  0 
-0.502655 0.628319 3.05486  3.05486  3.05486  3.05486  2.5288  2.5288  0  0  0  0  0  0 
-0.376991 0.628319 3.05486  3.05486  3.05486  3.05486  2.5288  2.5288  0  0  0  0  0  0 
-0.251327 0.628319 3.05486  3.05486  3.05486  3.05486  2.5288  2.5288  0  0  0  0  0  0 
-0.125664 0.628319 3.05486  3.05486  3.05486  3.05486  2.5288  2.5288  0  0  0  0  0  0 
0 0.628319 3.05486  3.05486  3.05486  3.05486  2.5288  2.5288  0  0  0  0  0  0 
0.125664 0.628319 3.05486  3.05486  3.05486  3.05486  2.5288  2.5288  0  0  0  0  0  0 
0.251327 0.628319 3.05486  3.05486  3.05486  3.05486  2.5288  2.5288  0  0  0  0  0  0 
0.376991 0.628319 3.05486  3.05486  3.05486  3.05486  2.5288  2.5288  0  0  0  0  0  0 
0.502655 0.628319 3.05486  3.05486  3.05486  3.05486  2.5288  2.5288  0  0  0  0  0  0 
0.628319 0.628319 3.05486  3.05486  3.05486  3.05486  2.5288  2.5288  0  0  0  0  0  0 
0.753982 0.628319 3.05486  3.05486  3.05486  3.05486  2.5288  2.5288  0  0  0  0  0  0 
0.879646 0.628319 3.05486  3.05486  3.05486  3.05486  2.5288  2.5288  0  0  0  0  0  0 
1.00531 0.628319 3.05486  3.05486  3.05486  3.05486  2.5288  2.5288  0  0  0  0  0  0 
1.13097 0.628319 3.05486  3.05486  3.05486  3.05486  2.5288  2.5288  0  0  0  0  0  0 
1.25664 0.628319 3.05486  3.05486  3.05486  3.05486  2.5288  2.5288  0  0  0  0  0  0 
1.3823 0.628319 3.05486  3.05486  3.05486  3.05486  2.5288  2.5288  0  0  0  0  0  0 
1.50796 0.628319 3.05486  3.05486  3.05486  3.05486  2.5288  2.5288  0  0  0  0  0  0 
1.63363 0.628319 3.05486  3.05486  3.05486  3.05486  2.5288  2.5288  0  0  0  0  0  0 
1.75929 0.628319 3.05486  3.05486  3.05486  3.05486  2.5288  2.5288  0  0  0  0  0  0 
1.88496 0.628319 3.05486  3.05486  3.05486  3.05486  2.5288  2.5288  0  0  0  0  0  0 
2.01062 0.628319 3.05486  3.05486  3.05486  3.05486  2.5288  2.5288  0  0  0  0  0  0 
2.13628 0.628319 3.05486  3.05486  3.05486  3.05486  2.5288  2.5288  0  0  0  0  0  0 
2.26195 0.628319 3.05486  3.05486  3.05486  3.05486  2.5288  2.5288  0  0  0  0  0  0 
2.38761 0.628319 3.05486  3.05486  3.05486  3.05486  2.5288  2.5288  0  0  0  0  0  0 
2.51327 0.628319 3.05486  3.05486  3.05486  3.05486  2.5288  2.5288  0  0  0  0  0  0 
2.63894 0.628319 3.05486  3.05486  3.05486  3.05486  2.5288  2.5288  0  0  0  0  0  0 
2.7646 0.628319 3.05486  3.05486  3.05486  3.05486  2.5288  2.5288  0  0  0  0  0  0 
2.89027 0.628319 3.05486  3.05486  3.05486  3.05486  2.5288  2.5288  0  0  0  0  0  0 
3.01593 0.628319 3.05486  3.05486  3.05486  3.05486  2.5288  2.5288  0  0  0  0  0  0 
-3.14159 0.753982 3.05486  3.05486  3.05486  3.05486  2.5288  2.5288  0  0  0  0  0  0 
-3.01593 0.753982 3.05486  3.05486  3.05486  3.05486  2.5288  2.5288  0  0  0  0  0  0 
-2.89027 0.753982 3.05486  3.05486  3.05486  3.05486  2.5288  2.5288  0  0  0  0  0  0 
-2.7646 0.753982 3.05486  3.05486  3.05486  3.05486  2.5288  2.5288  0  0  0  0  0  0 
-2.63894 0.753982 3.05486  3.05486  3.05486  3.05486  2.5288  2.5288  0  0  0  0  0  0 
-2.51327 0.753982 3.05486  3.05486  3.05486  3.05486  2.5288  2.5288  0  0  0  0  0  0 
-2.38761 0.753982 3.05486  3.05486  3.05486  3.05486  2.5288  2.5288  0  0  0  0  0  0 
-2.26195 0.753982 3.05486  3.05486  3.05486  3.05486  2.5288  2.5288  0  0  0  0  0  0 
-2.13628 0.753982 3.05486  3.05486  3.05486  3.05486  2.5288  2.5288  0  0  0  0  0  0 
-2.01062 0.753982 3.05486  3.05486  3.05486  3.05486  2.5288  2.5288  0  0  0  0  0  0 
-1.88496 0.753982 3.05486  3.05486  3.05486  3.05486  2.5288  2.5288  0  0  0  0  0  0 
-1.75929 0.753982 3.05486  3.05486  3.05486  3.05486  2.5288  2.5288  0  0  0  0  0  0 
-1.63363 0.753982 3.05486  3.05486  3.05486  3.05486  2.5288  2.5288  0  0  0  0  0  0 
-1.50796 0.753982 3.05486  3.05486  3.05486  3.05486  2.5288  2.5288  0  0  0  0  0  0 
-1.3823 0.753982 3.05486  3.05486  3.05486  3.05486  2.5288  2.5288  0  0  0  0  0  0 
-1.25664 0.753982 3.05486  3.05486  3.05486  3.05486  2.5288  2.5288  0  0  0  0  0  0 
-1.13097 0.753982 3.05486  3.05486  3.05486  3.05486  2.5288  2.5288  0  0  0  0  0  0 
-1.00531 0.753982 3.05486  3.05486  3.05486  3.05486  2.5288  2.5288  0  0  0  0  0  0 
-0.879646 0.753982 3.05486  3.05486  3.05486  3.05486  2.5288  2.5288  0  0  0  0  0  0 
-0.753982 0.753982 3.05486  3.05486  3.05486  3.05486  2.5288  2.5288  0  0  0  0  0  0 
-0.628319 0.753982 3.05486  3.05486  3.05486  3.05486  2.5288  2.5288  0  0  0  0  0  0 
-0.502655 0.753982 3.05486  3.05486  3.05486  3.05486  2.5288  2.5288  0  0  0  0  0  0 
-0.376991 0.753982 3.05486  3.05486  3.05486  3.05486  2.5288  2.5288  0  0  0  0  0  0 
-0.251327 0.753982 3.05486  3.05486  3.05486  3.05486  2.5288  2.5288  0  0  0  0  0  0 
-0.125664 0.753982 3.05486  3.05486  3.05486  3.05486  2.5288  2.5288  0  0  0  0  0  0 
0 0.753982 3.05486  3.05486  3.05486  3.05486  2.5288  2.5288  0  0  0  0  0  0 
0.125664 0.753982 3.05486  3.05486  3.05486  3.05486  2.5288  2.5288  0  0  0  0  0  0 
0.251327 0.753982 3.05486  3.05486  3.05486  3.05486  2.5288  2.5288  0  0  0  0  0  0 
0.376991 0.753982 3.05486  3.05486  3.05486  3.05486  2.5288  2.5288  0  0  0  0  0  0 
0.502655 0.753982 3.05486  3.05486  3.05486  3.05486  2.5288  2.5288  0  0  0  0  0  0 
0.628319 0.753982 3.05486  3.05486  3.05486  3.05486  2.5288  2.5288  0  0  0  0  0  0 
0.753982 0.753982 3.05486  3.05486  3.05486  3.05486  2.5288  2.5288  0  0  0  0  0  0 
0.879646 0.753982 3.05486  3.05486  3.05486  3.05486  2.5288  2.5288  0  0  0  0  0  0 
1.00531 0.753982 3.05486  3.05486  3.05486  3.05486  2.5288  2.5288  0  0  0  0  0  0 
1.13097 0.753982 3.05486  3.05486  3.05486  3.05486  2.5288  2.5288  0  0  0  0  0  0 
1.25664 0.753982 3.05486  3.05486  3.05486  3.05486  2.5288  2.5288  0  0  0  0  0  0 
1.3823 0.753982 3.05486  3.05486  3.05486  3.05486  2.5288  2.5288  0  0  0  0  0  0 
1.50796 0.753982 3.05486  3.05486  3.05486  3.05486  2.5288  2.5288  0  0  0  0  0  0 
1.63363 0.753982 3.05486  3.05486  3.05486  3.05486  2.5288  2.5288  0  0  0  0  0  0 
1.75929 0.753982 3.05486  3.05486  3.05486  3.05486  2.5288  2.5288  0  0  0  0  0  0 
1.88496 0.753982 3.05486  3.05486  3.05486  3.05486  2.5288  2.5288  0  0  0  0  0  0 
2.01062 0.753982 3.05486  3.05486  3.05486  3.05486  2.5288  2.5288  0  0  0  0  0  0 
2.13628 0.753982 3.05486  3.05486  3.05486  3.05486  2.5288  2.5288  0  0  0  0  0  0 
2.26195 0.753982 3.05486  3.05486  3.05486  3.05486  2.5288  2.5288  0  0  0  0  0  0 
2.38761 0.753982 3.05486  3.05486  3.05486  3.05486  2.5288  2.5288  0  0  0  0  0  0 
2.51327 0.753982 3.05486  3.05486  3.05486  3.05486  2.5288  2.5288  0  0  0  0  0  0 
2.63894 0.753982 3.05486  3.05486  3.05486  3.05486  2.5288  2.5288  0  0  0  0  0  0 
2.7646 0.753982 3.05486  3.05486  3.05486  3.05486  2.5288  2.5288  0  0  0  0  0  0 
2.89027 0.753982 3.05486  3.05486  3.05486  3.05486  2.5288  2.5288  0  0  0  0  0  0 
3.01593 0.753982 3.05486  3.05486  3.05486  3.05486  2.5288  2.5288  0  0  0  0  0  0 
-3.14159 0.879646 3.05486  3.05486  3.05486  3.05486  2.5288  2.5288  0  0  0  0  0  0 
-3.01593 0.879646 3.05486  3.05486  3.05486  3.05486  2.5288  2.5288  0  0  0  0  0  0 
-2.89027 0.879646 3.05486  3.05486  3.05486  3.05486  2.5288  2.5288  0  0  0  0  0  0 
-2.7646 0.879646 3.05486  3.05486  3.05486  3.05486  2.5288  2.5288  0  0  0  0  0  0 
-2.63894 0.879646 3.05486  3.05486  3.05486  3.05486  2.5288  2.5288  0  0  0  0  0  0 
-2.51327 0.879646 3.05486  3.05486  3.05486  3.05486  2.5288  2.5288  0  0  0  0  0  0 
-2.38761 0.879646 3.05486  3.05486  3.05486  3.05486  2.5288  2.5288  0  0  0  0  0  0 
-2.26195 0.879646 3.05486  3.05486  3.05486  3.05486  2.5288  2.5288  0  0  0  0  0  0 
-2.13628 0.879646 3.05486  3.05486  3.05486  3.05486  2.5288  2.5288  0  0  0  0  0  0 
-2.01062 0.879646 3.05486  3.05486  3.05486  3.05486  2.5288  2.5288  0  0  0  0  0  0 
-1.88496 0.879646 3.05486  3.05486  3.05486  3.05486  2.5288  2.5288  0  0  0  0  0  0 
-1.75929 0.879646 3.05486  3.05486  3.05486  3.05486  2.5288  2.5288  0  0  0  0  0  0 
-1.63363 0.879646 3.05486  3.05486  3.05486  3.05486  2.5288  2.5288  0  0  0  0  0  0 
-1.50796 0.879646 3.05486  3.05486  3.05486  3.05486  2.5288  2.5288  0  0  0  0  0  0 
-1.3823 0.879646 3.05486  3.05486  3.05486  3.05486  2.5288  2.5288  0  0  0  0  0  0 
-1.25664 0.879646 3.05486  3.05486  3.05486  3.05486  2.5288  2.5288  0  0  0  0  0  0 
-1.13097 0.879646 3.05486  3.05486  3.05486  3.05486  2.5288  2.5288  0  0  0  0  0  0 
-1.00531 0.879646 3.05486  3.05486  3.05486  3.05486  2.5288  2.5288  0  0  0  0  0  0 
-0.879646 0.879646 3.05486  3.05486  3.05486  3.05486  2.5288  2.5288  0  0  0  0  0  0 
-0.753982 0.879646 3.05486  3.05486  3.05486  3.05486  2.5288  2.5288  0  0  0  0  0  0 
-0.628319 0.879646 3.05486  3.05486  3.05486  3.05486  2.5288  2.5288  0  0  0  0  0  0 
-0.502655 0.879646 3.05486  3.05486  3.05486  3.05486  2.5288  2.5288  0  0  0  0  0  0 
-0.376991 0.879646 3.05486  3.05486  3.05486  3.05486  2.5288  2.5288  0  0  0  0  0  0 
-0.251327 0.879646 3.05486  3.05486  3.05486  3.05486  2.5288  2.5288  0  0  0  0  0  0 
-0.125664 0.879646 3.05486  3.05486  3.05486  3.05486  2.5288  2.5288  0  0  0  0  0  0 
0 0.879646 3.05486  3.05486  3.05486  3.05486  2.5288  2.5288  0  0  0  0  0  0 
0.125664 0.879646 3.05486  3.05486  3.05486  3.05486  2.5288  2.5288  0  0  0  0  0  0 
0.251327 0.879646 3.05486  3.05486  3.05486  3.05486  2.5288  2.5288  0  0  0  0  0  0 
0.376991 0.879646 3.05486  3.05486  3.05486  3.05486  2.5288  2.5288  0  0  0  0  0  0 
0.502655 0.879646 3.05486  3.05486  3.05486  3.05486  2.5288  2.5288  0  0  0  0  0  0 
0.628319 0.879646 3.05486  3.05486  3.05486  3.05486  2.5288  2.5288  0  0  0  0  0  0 
0.753982 0.879646 3.05486  3.05486  3.05486  3.05486  2.5288  2.5288  0  0  0  0  0  0 
0.879646 0.879646 3.05486  3.05486  3.05486  3.05486  2.5288  2.5288  0  0  0  0  0  0 
1.00531 0.879646 3.05486  3.05486  3.05486  3.05486  2.5288  2.5288  0  0  0  0  0  0 
1.13097 0.879646 3.05486  3.05486  3.05486  3.05486  2.5288  2.5288  0  0  0  0  0  0 
1.25664 0.879646 3.05486  3.05486  3.05486  3.05486  2.5288  2.5288  0  0  0  0  0  0 
1.3823 0.879646 3.05486  3.05486  3.05486  3.05486  2.5288  2.5288  0  0  0  0  0  0 
1.50796 0.879646 3.05486  3.05486  3.05486  3.05486  2.5288  2.5288  0  0  0  0  0  0 
1.63363 0.879646 3.05486  3.05486  3.05486  3.05486  2.5288  2.5288  0  0  0  0  0  0 
1.75929 0.879646 3.05486  3.05486  3.05486  3.05486  2.5288  2.5288  0  0  0  0  0  0 
1.88496 0.879646 3.05486  3.05486  3.05486  3.05486  2.5288  2.5288  0  0  0  0  0  0 
2.01062 0.879646 3.05486  3.05486  3.05486  3.05486  2.5288  2.5288  0  0  0  0  0  0 
2.13628 0.879646 3.05486  3.05486  3.05486  3.05486  2.5288  2.5288  0  0  0  0  0  0 
2.26195 0.879646 3.05486  3.05486  3.05486  3.05486  2.5288  2.5288  0  0  0  0  0  0 
2.38761 0.879646 3.05486  3.05486  3.05486  3.05486  2.5288  2.5288  0  0  0  0  0  0 
2.51327 0.879646 3.05486  3.05486  3.05486  3.05486  2.5288  2.5288  0  0  0  0  0  0 
2.63894 0.879646 3.05486  3.05486  3.05486  3.05486  2.5288  2.5288  0  0  0  0  0  0 
2.7646 0.879646 3.05486  3.05486  3.05486  3.05486  2.5288  2.5288  0  0  0  0  0  0 
2.89027 0.879646 3.05486  3.05486  3.05486  3.05486  2.5288  2.5288  0  0  0  0  0  0 
3.01593 0.879646 3.05486  3.05486  3.05486  3.05486  2.5288  2.5288  0  0  0  0  0  0 
-3.14159 1.00531 3.05486  3.05486  3.05486  3.05486  2.5288  2.5288  0  0  0  0  0  0 
-3.01593 1.00531 3.05486  3.05486  3.05486  3.05486  2.5288  2.5288  0  0  0  0  0  0 
-2.89027 1.00531 3.05486  3.05486  3.05486  3.05486  2.5288  2.5288  0  0  0  0  0  0 
-2.7646 1.00531 3.05486  3.05486  3.05486  3.05486  2.5288  2.5288  0  0  0  0  0  0 
-2.63894 1.00531 3.05486  3.05486  3.05486  3.05486  2.5288  2.5288  0  0  0  0  0  0 
-2.51327 1.00531 3.05486  3.05486  3.05486  3.05486  2.5288  2.5288  0  0  0  0  0  0 
-2.38761 1.00531 3.05486  3.05486  3.05486  3.05486  2.5288  2.5288  0  0  0  0  0  0 
-2.26195 1.00531 3.05486  3.05486  3.05486  3.05486  2.5288  2.5288  0  0  0  0  0  0 
-2.13628 1.00531 3.05486  3.05486  3.05486  3.05486  2.5288  2.5288  0  0  0  0  0  0 
-2.01062 1.00531 3.05486  3.05486  3.05486  3.05486  2.5288  2.5288  0  0  0  0  0  0 
-1.88496 1.00531 3.05486  3.05486  3.05486  3.05486  2.5288  2.5288  0  0  0  0  0  0 
-1.75929 1.00531 3.05486  3.05486  3.05486  3.05486  2.5288  2.5288  0  0  0  0  0  0 
-1.63363 1.00531 3.05486  3.05486  3.05486  3.05486  2.5288  2.5288  0  0  0  0  0  0 
-1.50796 1.00531 3.05486  3.05486  3.05486  3.05486  2.5288  2.5288  0  0  0  0  0  0 
-1.3823 1.00531 3.05486  3.05486  3.05486  3.05486  2.5288  2.5288  0  0  0  0  0  0 
-1.25664 1.00531 3.05486  3.05486  3.05486  3.05486  2.5288  2.5288  0  0  0  0  0  0 
-1.13097 1.00531 3.05486  3.05486  3.05486  3.05486  2.5288  2.5288  0  0  0  0  0  0 
-1.00531 1.00531 3.05486  3.05486  3.05486  3.05486  2.5288  2.5288  0  0  0  0  0  0 
-0.879646 1.00531 3.05486  3.05486  3.05486  3.05486  2.5288  2.5288  0  0  0  0  0  0 
-0.753982 1.00531 3.05486  3.05486  3.05486  3.05486  2.5288  2.5288  0  0  0  0  0  0 
-0.628319 1.00531 3.05486  3.05486  3.05486  3.05486  2.5288  2.5288  0  0  0  0  0  0 
-0.502655 1.00531 3.05486  3.05486  3.05486  3.05486  2.5288  2.5288  0  0  0  0  0  0 
-0.376991 1.00531 3.05486  3.05486  3.05486  3.05486  2.5288  2.5288  0  0  0  0  0  0 
-0.251327 1.00531 3.05486  3.05486  3.05486  3.05486  2.5288  2.5288  0  0  0  0  0  0 
-0.125664 1.00531 3.05486  3.05486  3.05486  3.05486  2.5288  2.5288  0  0  0  0  0  0 
0 1.00531 3.05486  3.05486  3.05486  3.05486  2.5288  2.5288  0  0  0  0  0  0 
0.125664 1.00531 3.05486  3.05486  3.05486  3.05486  2.5288  2.5288  0  0  0  0  0  0 
0.251327 1.00531 3.05486  3.05486  3.05486  3.05486  2.5288  2.5288  0  0  0  0  0  0 
0.376991 1.00531 3.05486  3.05486  3.05486  3.05486  2.5288  2.5288  0  0  0  0  0  0 
0.502655 1.00531 3.05486  3.05486  3.05486  3.05486  2.5288  2.5288  0  0  0  0  0  0 
0.628319 1.00531 3.05486  3.05486  3.05486  3.05486  2.5288  2.5288  0  0  0  0  0  0 
0.753982 1.00531 3.05486  3.05486  3.05486  3.05486  2.5288  2.5288  0  0  0  0  0  0 
0.879646 1.00531 3.05486  3.05486  3.05486  3.05486  2.5288  2.5288  0  0  0  0  0  0 
1.00531 1.00531 3.05486  3.05486  3.05486  3.05486  2.5288  2.5288  0  0  0  0  0  0 
1.13097 1.00531 3.05486  3.05486  3.05486  3.05486  2.5288  2.5288  0  0  0  0  0  0 
1.25664 1.00531 3.05486  3.05486  3.05486  3.05486  2.5288  2.5288  0  0  0  0  0  0 
1.3823 1.00531 3.05486  3.05486  3.05486  3.05486  2.5288  2.5288  0  0  0  0  0  0 
1.50796 1.00531 3.05486  3.05486  3.05486  3.05486  2.5288  2.5288  0  0  0  0  0  0 
1.63363 1.00531 3.05486  3.05486  3.05486  3.05486  2.5288  2.5288  0  0  0  0  0  0 
1.75929 1.00531 3.05486  3.05486  3.05486  3.05486  2.5288  2.5288  0  0  0  0  0  0 
1.88496 1.00531 3.05486  3.05486  3.05486  3.05486  2.5288  2.5288  0  0  0  0  0  0 
2.01062 1.00531 3.05486  3.05486  3.05486  3.05486  2.5288  2.5288  0  0  0  0  0  0 
2.13628 1.00531 3.05486  3.05486  3.05486  3.05486  2.5288  2.5288  0  0  0  0  0  0 
2.26195 1.00531 3.05486  3.05486  3.05486  3.05486  2.5288  2.5288  0  0  0  0  0  0 
2.38761 1.00531 3.05486  3.05486  3.05486  3.05486  2.5288  2.5288  0  0  0  0  0  0 
2.51327 1.00531 3.05486  3.05486  3.05486  3.05486  2.5288  2.5288  0  0  0  0  0  0 
2.63894 1.00531 3.05486  3.05486  3.05486  3.05486  2.5288  2.5288  0  0  0  0  0  0 
2.7646 1.00531 3.05486  3.05486  3.05486  3.05486  2.5288  2.5288  0  0  0  0  0  0 
2.89027 1.00531 3.05486  3.05486  3.05486  3.05486  2.5288  2.5288  0  0  0  0  0  0 
3.01593 1.00531 3.05486  3.05486  3.05486  3.05486  2.5288  2.5288  0  0  0  0  0  0 
-3.14159 1.13097 3.05486  3.05486  3.05486  3.05486  2.5288  2.5288  0  0  0  0  0  0 
-3.01593 1.13097 3.05486  3.05486  3.05486  3.05486  2.5288  2.5288  0  0  0  0  0  0 
-2.89027 1.13097 3.05486  3.05486  3.05486  3.05486  2.5288  2.5288  0  0  0  0  0  0 
-2.7646 1.13097 3.05486  3.05486  3.05486  3.05486  2.5288  2.5288  0  0  0  0  0  0 
-2.63894 1.13097 3.05486  3.05486  3.05486  3.05486  2.5288  2.5288  0  0  0  0  0  0 
-2.51327 1.13097 3.05486  3.05486  3.05486  3.05486  2.5288  2.5288  0  0  0  0  0  0 
-2.38761 1.13097 3.05486  3.05486  3.05486  3.05486  2.5288  2.5288  0  0  0  0  0  0 
-2.26195 1.13097 3.05486  3.05486  3.05486  3.05486  2.5288  2.5288  0  0  0  0  0  0 
-2.13628 1.13097 3.05486  3.05486  3.05486  3.05486  2.5288  2.5288  0  0  0  0  0  0 
-2.01062 1.13097 3.05486  3.05486  3.05486  3.05486  2.5288  2.5288  0  0  0  0  0  0 
-1.88496 1.13097 3.05486  3.05486  3.05486  3.05486  2.5288  2.5288  0  0  0  0  0  0 
-1.75929 1.13097 3.05486  3.05486  3.05486  3.05486  2.5288  2.5288  0  0  0  0  0  0 
-1.63363 1.13097 3.05486  3.05486  3.05486  3.05486  2.5288  2.5288  0  0  0  0  0  0 
-1.50796 1.13097 3.05486  3.05486  3.05486  3.05486  2.5288  2.5288  0  0  0  0  0  0 
-1.3823 1.13097 3.05486  3.05486  3.05486  3.05486  2.5288  2.5288  0  0  0  0  0  0 
-1.25664 1.13097 3.05486  3.05486  3.05486  3.05486  2.5288  2.5288  0  0  0  0  0  0 
-1.13097 1.13097 3.05486  3.05486  3.05486  3.05486  2.5288  2.5288  0  0  0  0  0  0 
-1.00531 1.13097 3.05486  3.05486  3.05486  3.05486  2.5288  2.5288  0  0  0  0  0  0 
-0.879646 1.13097 3.05486  3.05486  3.05486  3.05486  2.5288  2.5288  0  0  0  0  0  0 
-0.753982 1.13097 3.05486  3.05486  3.05486  3.05486  2.5288  2.5288  0  0  0  0  0  0 
-0.628319 1.13097 3.05486  3.05486  3.05486  3.05486  2.5288  2.5288  0  0  0  0  0  0 
-0.502655 1.13097 3.05486  3.05486  3.05486  3.05486  2.5288  2.5288  0  0  0  0  0  0 
-0.376991 1.13097 3.05486  3.05486  3.05486  3.05486  2.5288  2.5288  0  0  0  0  0  0 
-0.251327 1.13097 3.05486  3.05486  3.05486  3.05486  2.5288  2.5288  0  0  0  0  0  0 
-0.125664 1.13097 3.05486  3.05486  3.05486  3.05486  2.5288  2.5288  0  0  0  0  0  0 
0 1.13097 3.05486  3.05486  3.05486  3.05486  2.5288  2.5288  0  0  0  0  0  0 
0.125664 1.13097 3.05486  3.05486  3.05486  3.05486  2.5288  2.5288  0  0  0  0  0  0 
0.251327 1.13097 3.05486  3.05486  3.05486  3.05486  2.5288  2.5288  0  0  0  0  0  0 
0.376991 1.13097 3.05486  3.05486  3.05486  3.05486  2.5288  2.5288  0  0  0  0  0  0 
0.502655 1.13097 3.05486  3.05486  3.05486  3.05486  2.5288  2.5288  0  0  0  0  0  0 
0.628319 1.13097 3.05486  3.05486  3.05486  3.05486  2.5288  2.5288  0  0  0  0  0  0 
0.753982 1.13097 3.05486  3.05486  3.05486  3.05486  2.5288  2.5288  0  0  0  0  0  0 
0.879646 1.13097 3.05486  3.05486  3.05486  3.05486  2.5288  2.5288  0  0  0  0  0  0 
1.00531 1.13097 3.05486  3.05486  3.05486  3.05486  2.5288  2.5288  0  0  0  0  0  0 
1.13097 1.13097 3.05486  3.05486  3.05486  3.05486  2.5288  2.5288  0  0  0  0  0  0 
1.25664 1.13097 3.05486  3.05486  3.05486  3.05486  2.5288  2.5288  0  0  0  0  0  0 
1.3823 1.13097 3.05486  3.05486  3.05486  3.05486  2.5288  2.5288  0  0  0  0  0  0 
1.50796 1.13097 3.05486  3.05486  3.05486  3.05486  2.5288  2.5288  0  0  0  0  0  0 
1.63363 1.13097 3.05486  3.05486  3.05486  3.05486  2.5288  2.5288  0  0  0  0  0  0 
1.75929 1.13097 3.05486  3.05486  3.05486  3.05486  2.5288  2.5288  0  0  0  0  0  0 
1.88496 1.13097 3.05486  3.05486  3.05486  3.05486  2.5288  2.5288  0  0  0  0  0  0 
2.01062 1.13097 3.05486  3.05486  3.05486  3.05486  2.5288  2.5288  0  0  0  0  0  0 
2.13628 1.13097 3.05486  3.05486  3.05486  3.05486  2.5288  2.5288  0  0  0  0  0  0 
2.26195 1.13097 3.05486  3.05486  3.05486  3.05486  2.5288  2.5288  0  0  0  0  0  0 
2.38761 1.13097 3.05486  3.05486  3.05486  3.05486  2.5288  2.5288  0  0  0  0  0  0 
2.51327 1.13097 3.05486  3.05486  3.05486  3.05486  2.5288  2.5288  0  0  0  0  0  0 
2.63894 1.13097 3.05486  3.05486  3.05486  3.05486  2.5288  2.5288  0  0  0  0  0  0 
2.7646 1.13097 3.05486  3.05486  3.05486  3.05486  2.5288  2.5288  0  0  0  0  0  0 
2.89027 1.13097 3.05486  3.05486  3.05486  3.05486  2.5288  2.5288  0  0  0  0  0  0 
3.01593 1.13097 3.05486  3.05486  3.05486  3.05486  2.5288  2.5288  0  0  0  0  0  0 
-3.14159 1.25664 3.05486  3.05486  3.05486  3.05486  2.5288  2.5288  0  0  0  0  0  0 
-3.01593 1.25664 3.05486  3.05486  3.05486  3.05486  2.5288  2.5288  0  0  0  0  0  0 
-2.89027 1.25664 3.05486  3.05486  3.05486  3.05486  2.5288  2.5288  0  0  0  0  0  0 
-2.7646 1.25664 3.05486  3.05486  3.05486  3.05486  2.5288  2.5288  0  0  0  0  0  0 
-2.63894 1.25664 3.05486  3.05486  3.05486  3.05486  2.5288  2.5288  0  0  0  0  0  0 
-2.51327 1.25664 3.05486  3.05486  3.05486  3.05486  2.5288  2.5288  0  0  0  0  0  0 
-2.38761 1.25664 3.05486  3.05486  3.05486  3.05486  2.5288  2.5288  0  0  0  0  0  0 
-2.26195 1.25664 3.05486  3.05486  3.05486  3.05486  2.5288  2.5288  0  0  0  0  0  0 
-2.13628 1.25664 3.05486  3.05486  3.05486  3.05486  2.5288  2.5288  0  0  0  0  0  0 
-2.01062 1.25664 3.05486  3.05486  3.05486  3.05486  2.5288  2.5288  0  0  0  0  0  0 
-1.88496 1.25664 3.05486  3.05486  3.05486  3.05486  2.5288  2.5288  0  0  0  0  0  0 
-1.75929 1.25664 3.05486  3.05486  3.05486  3.05486  2.5288  2.5288  0  0  0  0  0  0 
-1.63363 1.25664 3.05486  3.05486  3.05486  3.05486  2.5288  2.5288  0  0  0  0  0  0 
-1.50796 1.25664 3.05486  3.05486  3.05486  3.05486  2.5288  2.5288  0  0  0  0  0  0 
-1.3823 1.25664 3.05486  3.05486  3.05486  3.05486  2.5288  2.5288  0  0  0  0  0  0 
-1.25664 1.25664 3.05486  3.05486  3.05486  3.05486  2.5288  2.5288  0  0  0  0  0  0 
-1.13097 1.25664 3.05486  3.05486  3.05486  3.05486  2.5288  2.5288  0  0  0  0  0  0 
-1.00531 1.25664 3.05486  3.05486  3.05486  3.05486  2.5288  2.5288  0  0  0  0  0  0 
-0.879646 1.25664 3.05486  3.05486  3.05486  3.05486  2.5288  2.5288  0  0  0  0  0  0 
-0.753982 1.25664 3.05486  3.05486  3.05486  3.05486  2.5288  2.5288  0  0  0  0  0  0 
-0.628319 1.25664 3.05486  3.05486  3.05486  3.05486  2.5288  2.5288  0  0  0  0  0  0 
-0.502655 1.25664 3.05486  3.05486  3.05486  3.05486  2.5288  2.5288  0  0  0  0  0  0 
-0.376991 1.25664 3.05486  3.05486  3.05486  3.05486  2.5288  2.5288  0  0  0  0  0  0 
-0.251327 1.25664 3.05486  3.05486  3.05486  3.05486  2.5288  2.5288  0  0  0  0  0  0 
-0.125664 1.25664 3.05486  3.05486  3.05486  3.05486  2.5288  2.5288  0  0  0  0  0  0 
0 1.25664 3.05486  3.05486  3.05486  3.05486  2.5288  2.5288  0  0  0  0  0  0 
0.125664 1.25664 3.05486  3.05486  3.05486  3.05486  2.5288  2.5288  0  0  0  0  0  0 
0.251327 1.25664 3.05486  3.05486  3.05486  3.05486  2.5288  2.5288  0  0  0  0  0  0 
0.376991 1.25664 3.05486  3.05486  3.05486  3.05486  2.5288  2.5288  0  0  0  0  0  0 
0.502655 1.25664 3.05486  3.05486  3.05486  3.05486  2.5288  2.5288  0  0  0  0  0  0 
0.628319 1.25664 3.05486  3.05486  3.05486  3.05486  2.5288  2.5288  0  0  0  0  0  0 
0.753982 1.25664 3.05486  3.05486  3.05486  3.05486  2.5288  2.5288  0  0  0  0  0  0 
0.879646 1.25664 3.05486  3.05486  3.05486  3.05486  2.5288  2.5288  0  0  0  0  0  0 
1.00531 1.25664 3.05486  3.05486  3.05486  3.05486  2.5288  2.5288  0  0  0  0  0  0 
1.13097 1.25664 3.05486  3.05486  3.05486  3.05486  2.5288  2.5288  0  0  0  0  0  0 
1.25664 1.25664 3.05486  3.05486  3.05486  3.05486  2.5288  2.5288  0  0  0  0  0  0 
1.3823 1.25664 3.05486  3.05486  3.05486  3.05486  2.5288  2.5288  0  0  0  0  0  0 
1.50796 1.25664 3.05486  3.05486  3.05486  3.05486  2.5288  2.5288  0  0  0  0  0  0 
1.63363 1.25664 3.05486  3.05486  3.05486  3.05486  2.5288  2.5288  0  0  0  0  0  0 
1.75929 1.25664 3.05486  3.05486  3.05486  3.05486  2.5288  2.5288  0  0  0  0  0  0 
1.88496 1.25664 3.05486  3.05486  3.05486  3.05486  2.5288  2.5288  0  0  0  0  0  0 
2.01062 1.25664 3.05486  3.05486  3.05486  3.05486  2.5288  2.5288  0  0  0  0  0  0 
2.13628 1.25664 3.05486  3.05486  3.05486  3.05486  2.5288  2.5288  0  0  0  0  0  0 
2.26195 1.25664 3.05486  3.05486  3.05486  3.05486  2.5288  2.5288  0  0  0  0  0  0 
2.38761 1.25664 3.05486  3.05486  3.05486  3.05486  2.5288  2.5288  0  0  0  0  0  0 
2.51327 1.25664 3.05486  3.05486  3.05486  3.05486  2.5288  2.5288  0  0  0  0  0  0 
2.63894 1.25664 3.05486  3.05486  3.05486  3.05486  2.5288  2.5288  0  0  0  0  0  0 
2.7646 1.25664 3.05486  3.05486  3.05486  3.05486  2.5288  2.5288  0  0  0  0  0  0 
2.89027 1.25664 3.05486  3.05486  3.05486  3.05486  2.5288  2.5288  0  0  0  0  0  0 
3.01593 1.25664 3.05486  3.05486  3.05486  3.05486  2.5288  2.5288  0  0  0  0  0  0 
-3.14159 1.3823 3.05486  3.05486  3.05486  3.05486  2.5288  2.5288  0  0  0  0  0  0 
-3.01593 1.3823 3.05486  3.05486  3.05486  3.05486  2.5288  2.5288  0  0  0  0  0  0 
-2.89027 1.3823 3.05486  3.05486  3.05486  3.05486  2.5288  2.5288  0  0  0  0  0  0 
-2.7646 1.3823 3.05486  3.05486  3.05486  3.05486  2.5288  2.5288  0  0  0  0  0  0 
-2.63894 1.3823 3.05486  3.05486  3.05486  3.05486  2.5288  2.5288  0  0  0  0  0  0 
-2.51327 1.3823 3.05486  3.05486  3.05486  3.05486  2.5288  2.5288  0  0  0  0  0  0 
-2.38761 1.3823 3.05486  3.05486  3.05486  3.05486  2.5288  2.5288  0  0  0  0  0  0 
-2.26195 1.3823 3.05486  3.05486  3.05486  3.05486  2.5288  2.5288  0  0  0  0  0  0 
-2.13628 1.3823 3.05486  3.05486  3.05486  3.05486  2.5288  2.5288  0  0  0  0  0  0 
-2.01062 1.3823 3.05486  3.05486  3.05486  3.05486  2.5288  2.5288  0  0  0  0  0  0 
-1.88496 1.3823 3.05486  3.05486  3.05486  3.05486  2.5288  2.5288  0  0  0  0  0  0 
-1.75929 1.3823 3.05486  3.05486  3.05486  3.05486  2.5288  2.5288  0  0  0  0  0  0 
-1.63363 1.3823 3.05486  3.05486  3.05486  3.05486  2.5288  2.5288  0  0  0  0  0  0 
-1.50796 1.3823 3.05486  3.05486  3.05486  3.05486  2.5288  2.5288  0  0  0  0  0  0 
-1.3823 1.3823 3.05486  3.05486  3.05486  3.05486  2.5288  2.5288  0  0  0  0  0  0 
-1.25664 1.3823 3.05486  3.05486  3.05486  3.05486  2.5288  2.5288  0  0  0  0  0  0 
-1.13097 1.3823 3.05486  3.05486  3.05486  3.05486  2.5288  2.5288  0  0  0  0  0  0 
-1.00531 1.3823 3.05486  3.05486  3.05486  3.05486  2.5288  2.5288  0  0  0  0  0  0 
-0.879646 1.3823 3.05486  3.05486  3.05486  3.05486  2.5288  2.5288  0  0  0  0  0  0 
-0.753982 1.3823 3.05486  3.05486  3.05486  3.05486  2.5288  2.5288  0  0  0  0  0  0 
-0.628319 1.3823 3.05486  3.05486  3.05486  3.05486  2.5288  2.5288  0  0  0  0  0  0 
-0.502655 1.3823 3.05486  3.05486  3.05486  3.05486  2.5288  2.5288  0  0  0  0  0  0 
-0.376991 1.3823 3.05486  3.05486  3.05486  3.05486  2.5288  2.5288  0  0  0  0  0  0 
-0.251327 1.3823 3.05486  3.05486  3.05486  3.05486  2.5288  2.5288  0  0  0  0  0  0 
-0.125664 1.3823 3.05486  3.05486  3.05486  3.05486  2.5288  2.5288  0  0  0  0  0  0 
0 1.3823 3.05486  3.05486  3.05486  3.05486  2.5288  2.5288  0  0  0  0  0  0 
0.125664 1.3823 3.05486  3.05486  3.05486  3.05486  2.5288  2.5288  0  0  0  0  0  0 
0.251327 1.3823 3.05486  3.05486  3.05486  3.05486  2.5288  2.5288  0  0  0  0  0  0 
0.376991 1.3823 3.05486  3.05486  3.05486  3.05486  2.5288  2.5288  0  0  0  0  0  0 
0.502655 1.3823 3.05486  3.05486  3.05486  3.05486  2.5288  2.5288  0  0  0  0  0  0 
0.628319 1.3823 3.05486  3.05486  3.05486  3.05486  2.5288  2.5288  0  0  0  0  0  0 
0.753982 1.3823 3.05486  3.05486  3.05486  3.05486  2.5288  2.5288  0  0  0  0  0  0 
0.879646 1.3823 3.05486  3.05486  3.05486  3.05486  2.5288  2.5288  0  0  0  0  0  0 
1.00531 1.3823 3.05486  3.05486  3.05486  3.05486  2.5288  2.5288  0  0  0  0  0  0 
1.13097 1.3823 3.05486  3.05486  3.05486  3.05486  2.5288  2.5288  0  0  0  0  0  0 
1.25664 1.3823 3.05486  3.05486  3.05486  3.05486  2.5288  2.5288  0  0  0  0  0  0 
1.3823 1.3823 3.05486  3.05486  3.05486  3.05486  2.5288  2.5288  0  0  0  0  0  0 
1.50796 1.3823 3.05486  3.05486  3.05486  3.05486  2.5288  2.5288  0  0  0  0  0  0 
1.63363 1.3823 3.05486  3.05486  3.05486  3.05486  2.5288  2.5288  0  0  0  0  0  0 
1.75929 1.3823 3.05486  3.05486  3.05486  3.05486  2.5288  2.5288  0  0  0  0  0  0 
1.88496 1.3823 3.05486  3.05486  3.05486  3.05486  2.5288  2.5288  0  0  0  0  0  0 
2.01062 1.3823 3.05486  3.05486  3.05486  3.05486  2.5288  2.5288  0  0  0  0  0  0 
2.13628 1.3823 3.05486  3.05486  3.05486  3.05486  2.5288  2.5288  0  0  0  0  0  0 
2.26195 1.3823 3.05486  3.05486  3.05486  3.05486  2.5288  2.5288  0  0  0  0  0  0 
2.38761 1.3823 3.05486  3.05486  3.05486  3.05486  2.5288  2.5288  0  0  0  0  0  0 
2.51327 1.3823 3.05486  3.05486  3.05486  3.05486  2.5288  2.5288  0  0  0  0  0  0 
2.63894 1.3823 3.05486  3.05486  3.05486  3.05486  2.5288  2.5288  0  0  0  0  0  0 
2.7646 1.3823 3.05486  3.05486  3.05486  3.05486  2.5288  2.5288  0  0  0  0  0  0 
2.89027 1.3823 3.05486  3.05486  3.05486  3.05486  2.5288  2.5288  0  0  0  0  0  0 
3.01593 1.3823 3.05486  3.05486  3.05486  3.05486  2.5288  2.5288  0  0  0  0  0  0 
-3.14159 1.50796 3.05486  3.05486  3.05486  3.05486  2.5288  2.5288  0  0  0  0  0  0 
-3.01593 1.50796 3.05486  3.05486  3.05486  3.05486  2.5288  2.5288  0  0  0  0  0  0 
-2.89027 1.50796 3.05486  3.05486  3.05486  3.05486  2.5288  2.5288  0  0  0  0  0  0 
-2.7646 1.50796 3.05486  3.05486  3.05486  3.05486  2.5288  2.5288  0  0  0  0  0  0 
-2.63894 1.50796 3.05486  3.05486  3.05486  3.05486  2.5288  2.5288  0  0  0  0  0  0 
-2.51327 1.50796 3.05486  3.05486  3.05486  3.05486  2.5288  2.5288  0  0  0  0  0  0 
-2.38761 1.50796 3.05486  3.05486  3.05486  3.05486  2.5288  2.5288  0  0  0  0  0  0 
-2.26195 1.50796 3.05486  3.05486  3.05486  3.05486  2.5288  2.5288  0  0  0  0  0  0 
-2.13628 1.50796 3.05486  3.05486  3.05486  3.05486  2.5288  2.5288  0  0  0  0  0  0 
-2.01062 1.50796 3.05486  3.05486  3.05486  3.05486  2.5288  2.5288  0  0  0  0  0  0 
-1.88496 1.50796 3.05486  3.05486  3.05486  3.05486  2.5288  2.5288  0  0  0  0  0  0 
-1.75929 1.50796 3.05486  3.05486  3.05486  3.05486  2.5288  2.5288  0  0  0  0  0  0 
-1.63363 1.50796 3.05486  3.05486  3.05486  3.05486  2.5288  2.5288  0  0  0  0  0  0 
-1.50796 1.50796 3.05486  3.05486  3.05486  3.05486  2.5288  2.5288  0  0  0  0  0  0 
-1.3823 1.50796 3.05486  3.05486  3.05486  3.05486  2.5288  2.5288  0  0  0  0  0  0 
-1.25664 1.50796 3.05486  3.05486  3.05486  3.05486  2.5288  2.5288  0  0  0  0  0  0 
-1.13097 1.50796 3.05486  3.05486  3.05486  3.05486  2.5288  2.5288  0  0  0  0  0  0 
-1.00531 1.50796 3.05486  3.05486  3.05486  3.05486  2.5288  2.5288  0  0  0  0  0  0 
-0.879646 1.50796 3.05486  3.05486  3.05486  3.05486  2.5288  2.5288  0  0  0  0  0  0 
-0.753982 1.50796 3.05486  3.05486  3.05486  3.05486  2.5288  2.5288  0  0  0  0  0  0 
-0.628319 1.50796 3.05486  3.05486  3.05486  3.05486  2.5288  2.5288  0  0  0  0  0  0 
-0.502655 1.50796 3.05486  3.05486  3.05486  3.05486  2.5288  2.5288  0  0  0  0  0  0 
-0.376991 1.50796 3.05486  3.05486  3.05486  3.05486  2.5288  2.5288  0  0  0  0  0  0 
-0.251327 1.50796 3.05486  3.05486  3.05486  3.05486  2.5288  2.5288  0  0  0  0  0  0 
-0.125664 1.50796 3.05486  3.05486  3.05486  3.05486  2.5288  2.5288  0  0  0  0  0  0 
0 1.50796 3.05486  3.05486  3.05486  3.05486  2.5288  2.5288  0  0  0  0  0  0 
0.125664 1.50796 3.05486  3.05486  3.05486  3.05486  2.5288  2.5288  0  0  0  0  0  0 
0.251327 1.50796 3.05486  3.05486  3.05486  3.05486  2.5288  2.5288  0  0  0  0  0  0 
0.376991 1.50796 3.05486  3.05486  3.05486  3.05486  2.5288  2.5288  0  0  0  0  0  0 
0.502655 1.50796 3.05486  3.05486  3.05486  3.05486  2.5288  2.5288  0  0  0  0  0  0 
0.628319 1.50796 3.05486  3.05486  3.05486  3.05486  2.5288  2.5288  0  0  0  0  0  0 
0.753982 1.50796 3.05486  3.05486  3.05486  3.05486  2.5288  2.5288  0  0  0  0  0  0 
0.879646 1.50796 3.05486  3.05486  3.05486  3.05486  2.5288  2.5288  0  0  0  0  0  0 
1.00531 1.50796 3.05486  3.05486  3.05486  3.05486  2.5288  2.5288  0  0  0  0  0  0 
1.13097 1.50796 3.05486  3.05486  3.05486  3.05486  2.5288  2.5288  0  0  0  0  0  0 
1.25664 1.50796 3.05486  3.05486  3.05486  3.05486  2.5288  2.5288  0  0  0  0  0  0 
1.3823 1.50796 3.05486  3.05486  3.05486  3.05486  2.5288  2.5288  0  0  0  0  0  0 
1.50796 1.50796 3.05486  3.05486  3.05486  3.05486  2.5288  2.5288  0  0  0  0  0  0 
1.63363 1.50796 3.05486  3.05486  3.05486  3.05486  2.5288  2.5288  0  0  0  0  0  0 
1.75929 1.50796 3.05486  3.05486  3.05486  3.05486  2.5288  2.5288  0  0  0  0  0  0 
1.88496 1.50796 3.05486  3.05486  3.05486  3.05486  2.5288  2.5288  0  0  0  0  0  0 
2.01062 1.50796 3.05486  3.05486  3.05486  3.05486  2.5288  2.5288  0  0  0  0  0  0 
2.13628 1.50796 3.05486  3.05486  3.05486  3.05486  2.5288  2.5288  0  0  0  0  0  0 
2.26195 1.50796 3.05486  3.05486  3.05486  3.05486  2.5288  2.5288  0  0  0  0  0  0 
2.38761 1.50796 3.05486  3.05486  3.05486  3.05486  2.5288  2.5288  0  0  0  0  0  0 
2.51327 1.50796 3.05486  3.05486  3.05486  3.05486  2.5288  2.5288  0  0  0  0  0  0 
2.63894 1.50796 3.05486  3.05486  3.05486  3.05486  2.5288  2.5288  0  0  0  0  0  0 
2.7646 1.50796 3.05486  3.05486  3.05486  3.05486  2.5288  2.5288  0  0  0  0  0  0 
2.89027 1.50796 3.05486  3.05486  3.05486  3.05486  2.5288  2.5288  0  0  0  0  0  0 
3.01593 1.50796 3.05486  3.05486  3.05486  3.05486  2.5288  2.5288  0  0  0  0  0  0 
-3.14159 1.63363 3.05486  3.05486  3.05486  3.05486  2.5288  2.5288  0  0  0  0  0  0 
-3.01593 1.63363 3.05486  3.05486  3.05486  3.05486  2.5288  2.5288  0  0  0  0  0  0 
-2.89027 1.63363 3.05486  3.05486  3.05486  3.05486  2.5288  2.5288  0  0  0  0  0  0 
-2.7646 1.63363 3.05486  3.05486  3.05486  3.05486  2.5288  2.5288  0  0  0  0  0  0 
-2.63894 1.63363 3.05486  3.05486  3.05486  3.05486  2.5288  2.5288  0  0  0  0  0  0 
-2.51327 1.63363 3.05486  3.05486  3.05486  3.05486  2.5288  2.5288  0  0  0  0  0  0 
-2.38761 1.63363 3.05486  3.05486  3.05486  3.05486  2.5288  2.5288  0  0  0  0  0  0 
-2.26195 1.63363 3.05486  3.05486  3.05486  3.05486  2.5288  2.5288  0  0  0  0  0  0 
-2.13628 1.63363 3.05486  3.05486  3.05486  3.05486  2.5288  2.5288  0  0  0  0  0  0 
-2.01062 1.63363 3.05486  3.05486  3.05486  3.05486  2.5288  2.5288  0  0  0  0  0  0 
-1.88496 1.63363 3.05486  3.05486  3.05486  3.05486  2.5288  2.5288  0  0  0  0  0  0 
-1.75929 1.63363 3.05486  3.05486  3.05486  3.05486  2.5288  2.5288  0  0  0  0  0  0 
-1.63363 1.63363 3.05486  3.05486  3.05486  3.05486  2.5288  2.5288  0  0  0  0  0  0 
-1.50796 1.63363 3.05486  3.05486  3.05486  3.05486  2.5288  2.5288  0  0  0  0  0  0 
-1.3823 1.63363 3.05486  3.05486  3.05486  3.05486  2.5288  2.5288  0  0  0  0  0  0 
-1.25664 1.63363 3.05486  3.05486  3.05486  3.05486  2.5288  2.5288  0  0  0  0  0  0 
-1.13097 1.63363 3.05486  3.05486  3.05486  3.05486  2.5288  2.5288  0  0  0  0  0  0 
-1.00531 1.63363 3.05486  3.05486  3.05486  3.05486  2.5288  2.5288  0  0  0  0  0  0 
-0.879646 1.63363 3.05486  3.05486  3.05486  3.05486  2.5288  2.5288  0  0  0  0  0  0 
-0.753982 1.63363 3.05486  3.05486  3.05486  3.05486  2.5288  2.5288  0  0  0  0  0  0 
-0.628319 1.63363 3.05486  3.05486  3.05486  3.05486  2.5288  2.5288  0  0  0  0  0  0 
-0.502655 1.63363 3.05486  3.05486  3.05486  3.05486  2.5288  2.5288  0  0  0  0  0  0 
-0.376991 1.63363 3.05486  3.05486  3.05486  3.05486  2.5288  2.5288  0  0  0  0  0  0 
-0.251327 1.63363 3.05486  3.05486  3.05486  3.05486  2.5288  2.5288  0  0  0  0  0  0 
-0.125664 1.63363 3.05486  3.05486  3.05486  3.05486  2.5288  2.5288  0  0  0  0  0  0 
0 1.63363 3.05486  3.05486  3.05486  3.05486  2.5288  2.5288  0  0  0  0  0  0 
0.125664 1.63363 3.05486  3.05486  3.05486  3.05486  2.5288  2.5288  0  0  0  0  0  0 
0.251327 1.63363 3.05486  3.05486  3.05486  3.05486  2.5288  2.5288  0  0  0  0  0  0 
0.376991 1.63363 3.05486  3.05486  3.05486  3.05486  2.5288  2.5288  0  0  0  0  0  0 
0.502655 1.63363 3.05486  3.05486  3.05486  3.05486  2.5288  2.5288  0  0  0  0  0  0 
0.628319 1.63363 3.05486  3.05486  3.05486  3.05486  2.5288  2.5288  0  0  0  0  0  0 
0.753982 1.63363 3.05486  3.05486  3.05486  3.05486  2.5288  2.5288  0  0  0  0  0  0 
0.879646 1.63363 3.05486  3.05486  3.05486  3.05486  2.5288  2.5288  0  0  0  0  0  0 
1.00531 1.63363 3.05486  3.05486  3.05486  3.05486  2.5288  2.5288  0  0  0  0  0  0 
1.13097 1.63363 3.05486  3.05486  3.05486  3.05486  2.5288  2.5288  0  0  0  0  0  0 
1.25664 1.63363 3.05486  3.05486  3.05486  3.05486  2.5288  2.5288  0  0  0  0  0  0 
1.3823 1.63363 3.05486  3.05486  3.05486  3.05486  2.5288  2.5288  0  0  0  0  0  0 
1.50796 1.63363 3.05486  3.05486  3.05486  3.05486  2.5288  2.5288  0  0  0  0  0  0 
1.63363 1.63363 3.05486  3.05486  3.05486  3.05486  2.5288  2.5288  0  0  0  0  0  0 
1.75929 1.63363 3.05486  3.05486  3.05486  3.05486  2.5288  2.5288  0  0  0  0  0  0 
1.88496 1.63363 3.05486  3.05486  3.05486  3.05486  2.5288  2.5288  0  0  0  0  0  0 
2.01062 1.63363 3.05486  3.05486  3.05486  3.05486  2.5288  2.5288  0  0  0  0  0  0 
2.13628 1.63363 3.05486  3.05486  3.05486  3.05486  2.5288  2.5288  0  0  0  0  0  0 
2.26195 1.63363 3.05486  3.05486  3.05486  3.05486  2.5288  2.5288  0  0  0  0  0  0 
2.38761 1.63363 3.05486  3.05486  3.05486  3.05486  2.5288  2.5288  0  0  0  0  0  0 
2.51327 1.63363 3.05486  3.05486  3.05486  3.05486  2.5288  2.5288  0  0  0  0  0  0 
2.63894 1.63363 3.05486  3.05486  3.05486  3.05486  2.5288  2.5288  0  0  0  0  0  0 
2.7646 1.63363 3.05486  3.05486  3.05486  3.05486  2.5288  2.5288  0  0  0  0  0  0 
2.89027 1.63363 3.05486  3.05486  3.05486  3.05486  2.5288  2.5288  0  0  0  0  0  0 
3.01593 1.63363 3.05486  3.05486  3.05486  3.05486  2.5288  2.5288  0  0  0  0  0  0 
-3.14159 1.75929 3.05486  3.05486  3.05486  3.05486  2.5288  2.5288  0  0  0  0  0  0 
-3.01593 1.75929 3.05486  3.05486  3.05486  3.05486  2.5288  2.5288  0  0  0  0  0  0 
-2.89027 1.75929 3.05486  3.05486  3.05486  3.05486  2.5288  2.5288  0  0  0  0  0  0 
-2.7646 1.75929 3.05486  3.05486  3.05486  3.05486  2.5288  2.5288  0  0  0  0  0  0 
-2.63894 1.75929 3.05486  3.05486  3.05486  3.05486  2.5288  2.5288  0  0  0  0  0  0 
-2.51327 1.75929 3.05486  3.05486  3.05486  3.05486  2.5288  2.5288  0  0  0  0  0  0 
-2.38761 1.75929 3.05486  3.05486  3.05486  3.05486  2.5288  2.5288  0  0  0  0  0  0 
-2.26195 1.75929 3.05486  3.05486  3.05486  3.05486  2.5288  2.5288  0  0  0  0  0  0 
-2.13628 1.75929 3.05486  3.05486  3.05486  3.05486  2.5288  2.5288  0  0  0  0  0  0 
-2.01062 1.75929 3.05486  3.05486  3.05486  3.05486  2.5288  2.5288  0  0  0  0  0  0 
-1.88496 1.75929 3.05486  3.05486  3.05486  3.05486  2.5288  2.5288  0  0  0  0  0  0 
-1.75929 1.75929 3.05486  3.05486  3.05486  3.05486  2.5288  2.5288  0  0  0  0  0  0 
-1.63363 1.75929 3.05486  3.05486  3.05486  3.05486  2.5288  2.5288  0  0  0  0  0  0 
-1.50796 1.75929 3.05486  3.05486  3.05486  3.05486  2.5288  2.5288  0  0  0  0  0  0 
-1.3823 1.75929 3.05486  3.05486  3.05486  3.05486  2.5288  2.5288  0  0  0  0  0  0 
-1.25664 1.75929 3.05486  3.05486  3.05486  3.05486  2.5288  2.5288  0  0  0  0  0  0 
-1.13097 1.75929 3.05486  3.05486  3.05486  3.05486  2.5288  2.5288  0  0  0  0  0  0 
-1.00531 1.75929 3.05486  3.05486  3.05486  3.05486  2.5288  2.5288  0  0  0  0  0  0 
-0.879646 1.75929 3.05486  3.05486  3.05486  3.05486  2.5288  2.5288  0  0  0  0  0  0 
-0.753982 1.75929 3.05486  3.05486  3.05486  3.05486  2.5288  2.5288  0  0  0  0  0  0 
-0.628319 1.75929 3.05486  3.05486  3.05486  3.05486  2.5288  2.5288  0  0  0  0  0  0 
-0.502655 1.75929 3.05486  3.05486  3.05486  3.05486  2.5288  2.5288  0  0  0  0  0  0 
-0.376991 1.75929 3.05486  3.05486  3.05486  3.05486  2.5288  2.5288  0  0  0  0  0  0 
-0.251327 1.75929 3.05486  3.05486  3.05486  3.05486  2.5288  2.5288  0  0  0  0  0  0 
-0.125664 1.75929 3.05486  3.05486  3.05486  3.05486  2.5288  2.5288  0  0  0  0  0  0 
0 1.75929 3.05486  3.05486  3.05486  3.05486  2.5288  2.5288  0  0  0  0  0  0 
0.125664 1.75929 3.05486  3.05486  3.05486  3.05486  2.5288  2.5288  0  0  0  0  0  0 
0.251327 1.75929 3.05486  3.05486  3.05486  3.05486  2.5288  2.5288  0  0  0  0  0  0 
0.376991 1.75929 3.05486  3.05486  3.05486  3.05486  2.5288  2.5288  0  0  0  0  0  0 
0.502655 1.75929 3.05486  3.05486  3.05486  3.05486  2.5288  2.5288  0  0  0  0  0  0 
0.628319 1.75929 3.05486  3.05486  3.05486  3.05486  2.5288  2.5288  0  0  0  0  0  0 
0.753982 1.75929 3.05486  3.05486  3.05486  3.05486  2.5288  2.5288  0  0  0  0  0  0 
0.879646 1.75929 3.05486  3.05486  3.05486  3.05486  2.5288  2.5288  0  0  0  0  0  0 
1.00531 1.75929 3.05486  3.05486  3.05486  3.05486  2.5288  2.5288  0  0  0  0  0  0 
1.13097 1.75929 3.05486  3.05486  3.05486  3.05486  2.5288  2.5288  0  0  0  0  0  0 
1.25664 1.75929 3.05486  3.05486  3.05486  3.05486  2.5288  2.5288  0  0  0  0  0  0 
1.3823 1.75929 3.05486  3.05486  3.05486  3.05486  2.5288  2.5288  0  0  0  0  0  0 
1.50796 1.75929 3.05486  3.05486  3.05486  3.05486  2.5288  2.5288  0  0  0  0  0  0 
1.63363 1.75929 3.05486  3.05486  3.05486  3.05486  2.5288  2.5288  0  0  0  0  0  0 
1.75929 1.75929 3.05486  3.05486  3.05486  3.05486  2.5288  2.5288  0  0  0  0  0  0 
1.88496 1.75929 3.05486  3.05486  3.05486  3.05486  2.5288  2.5288  0  0  0  0  0  0 
2.01062 1.75929 3.05486  3.05486  3.05486  3.05486  2.5288  2.5288  0  0  0  0  0  0 
2.13628 1.75929 3.05486  3.05486  3.05486  3.05486  2.5288  2.5288  0  0  0  0  0  0 
2.26195 1.75929 3.05486  3.05486  3.05486  3.05486  2.5288  2.5288  0  0  0  0  0  0 
2.38761 1.75929 3.05486  3.05486  3.05486  3.05486  2.5288  2.5288  0  0  0  0  0  0 
2.51327 1.75929 3.05486  3.05486  3.05486  3.05486  2.5288  2.5288  0  0  0  0  0  0 
2.63894 1.75929 3.05486  3.05486  3.05486  3.05486  2.5288  2.5288  0  0  0  0  0  0 
2.7646 1.75929 3.05486  3.05486  3.05486  3.05486  2.5288  2.5288  0  0  0  0  0  0 
2.89027 1.75929 3.05486  3.05486  3.05486  3.05486  2.5288  2.5288  0  0  0  0  0  0 
3.01593 1.75929 3.05486  3.05486  3.05486  3.05486  2.5288  2.5288  0  0  0  0  0  0 
-3.14159 1.88496 3.05486  3.05486  3.05486  3.05486  2.5288  2.5288  0  0  0  0  0  0 
-3.01593 1.88496 3.05486  3.05486  3.05486  3.05486  2.5288  2.5288  0  0  0  0  0  0 
-2.89027 1.88496 3.05486  3.05486  3.05486  3.05486  2.5288  2.5288  0  0  0  0  0  0 
-2.7646 1.88496 3.05486  3.05486  3.05486  3.05486  2.5288  2.5288  0  0  0  0  0  0 
-2.63894 1.88496 3.05486  3.05486  3.05486  3.05486  2.5288  2.5288  0  0  0  0  0  0 
-2.51327 1.88496 3.05486  3.05486  3.05486  3.05486  2.5288  2.5288  0  0  0  0  0  0 
-2.38761 1.88496 3.05486  3.05486  3.05486  3.05486  2.5288  2.5288  0  0  0  0  0  0 
-2.26195 1.88496 3.05486  3.05486  3.05486  3.05486  2.5288  2.5288  0  0  0  0  0  0 
-2.13628 1.88496 3.05486  3.05486  3.05486  3.05486  2.5288  2.5288  0  0  0  0  0  0 
-2.01062 1.88496 3.05486  3.05486  3.05486  3.05486  2.5288  2.5288  0  0  0  0  0  0 
-1.88496 1.88496 3.05486  3.05486  3.05486  3.05486  2.5288  2.5288  0  0  0  0  0  0 
-1.75929 1.88496 3.05486  3.05486  3.05486  3.05486  2.5288  2.5288  0  0  0  0  0  0 
-1.63363 1.88496 3.05486  3.05486  3.05486  3.05486  2.5288  2.5288  0  0  0  0  0  0 
-1.50796 1.88496 3.05486  3.05486  3.05486  3.05486  2.5288  2.5288  0  0  0  0  0  0 
-1.3823 1.88496 3.05486  3.05486  3.05486  3.05486  2.5288  2.5288  0  0  0  0  0  0 
-1.25664 1.88496 3.05486  3.05486  3.05486  3.05486  2.5288  2.5288  0  0  0  0  0  0 
-1.13097 1.88496 3.05486  3.05486  3.05486  3.05486  2.5288  2.5288  0  0  0  0  0  0 
-1.00531 1.88496 3.05486  3.05486  3.05486  3.05486  2.5288  2.5288  0  0  0  0  0  0 
-0.879646 1.88496 3.05486  3.05486  3.05486  3.05486  2.5288  2.5288  0  0  0  0  0  0 
-0.753982 1.88496 3.05486  3.05486  3.05486  3.05486  2.5288  2.5288  0  0  0  0  0  0 
-0.628319 1.88496 3.05486  3.05486  3.05486  3.05486  2.5288  2.5288  0  0  0  0  0  0 
-0.502655 1.88496 3.05486  3.05486  3.05486  3.05486  2.5288  2.5288  0  0  0  0  0  0 
-0.376991 1.88496 3.05486  3.05486  3.05486  3.05486  2.5288  2.5288  0  0  0  0  0  0 
-0.251327 1.88496 3.05486  3.05486  3.05486  3.05486  2.5288  2.5288  0  0  0  0  0  0 
-0.125664 1.88496 3.05486  3.05486  3.05486  3.05486  2.5288  2.5288  0  0  0  0  0  0 
0 1.88496 3.05486  3.05486  3.05486  3.05486  2.5288  2.5288  0  0  0  0  0  0 
0.125664 1.88496 3.05486  3.05486  3.05486  3.05486  2.5288  2.5288  0  0  0  0  0  0 
0.251327 1.88496 3.05486  3.05486  3.05486  3.05486  2.5288  2.5288  0  0  0  0  0  0 
0.376991 1.88496 3.05486  3.05486  3.05486  3.05486  2.5288  2.5288  0  0  0  0  0  0 
0.502655 1.88496 3.05486  3.05486  3.05486  3.05486  2.5288  2.5288  0  0  0  0  0  0 
0.628319 1.88496 3.05486  3.05486  3.05486  3.05486  2.5288  2.5288  0  0  0  0  0  0 
0.753982 1.88496 3.05486  3.05486  3.05486  3.05486  2.5288  2.5288  0  0  0  0  0  0 
0.879646 1.88496 3.05486  3.05486  3.05486  3.05486  2.5288  2.5288  0  0  0  0  0  0 
1.00531 1.88496 3.05486  3.05486  3.05486  3.05486  2.5288  2.5288  0  0  0  0  0  0 
1.13097 1.88496 3.05486  3.05486  3.05486  3.05486  2.5288  2.5288  0  0  0  0  0  0 
1.25664 1.88496 3.05486  3.05486  3.05486  3.05486  2.5288  2.5288  0  0  0  0  0  0 
1.3823 1.88496 3.05486  3.05486  3.05486  3.05486  2.5288  2.5288  0  0  0  0  0  0 
1.50796 1.88496 3.05486  3.05486  3.05486  3.05486  2.5288  2.5288  0  0  0  0  0  0 
1.63363 1.88496 3.05486  3.05486  3.05486  3.05486  2.5288  2.5288  0  0  0  0  0  0 
1.75929 1.88496 3.05486  3.05486  3.05486  3.05486  2.5288  2.5288  0  0  0  0  0  0 
1.88496 1.88496 3.05486  3.05486  3.05486  3.05486  2.5288  2.5288  0  0  0  0  0  0 
2.01062 1.88496 3.05486  3.05486  3.05486  3.05486  2.5288  2.5288  0  0  0  0  0  0 
2.13628 1.88496 3.05486  3.05486  3.05486  3.05486  2.5288  2.5288  0  0  0  0  0  0 
2.26195 1.88496 3.05486  3.05486  3.05486  3.05486  2.5288  2.5288  0  0  0  0  0  0 
2.38761 1.88496 3.05486  3.05486  3.05486  3.05486  2.5288  2.5288  0  0  0  0  0  0 
2.51327 1.88496 3.05486  3.05486  3.05486  3.05486  2.5288  2.5288  0  0  0  0  0  0 
2.63894 1.88496 3.05486  3.05486  3.05486  3.05486  2.5288  2.5288  0  0  0  0  0  0 
2.7646 1.88496 3.05486  3.05486  3.05486  3.05486  2.5288  2.5288  0  0  0  0  0  0 
2.89027 1.88496 3.05486  3.05486  3.05486  3.05486  2.5288  2.5288  0  0  0  0  0  0 
3.01593 1.88496 3.05486  3.05486  3.05486  3.05486  2.5288  2.5288  0  0  0  0  0  0 
-3.14159 2.01062 3.05486  3.05486  3.05486  3.05486  2.5288  2.5288  0  0  0  0  0  0 
-3.01593 2.01062 3.05486  3.05486  3.05486  3.05486  2.5288  2.5288  0  0  0  0  0  0 
-2.89027 2.01062 3.05486  3.05486  3.05486  3.05486  2.5288  2.5288  0  0  0  0  0  0 
-2.7646 2.01062 3.05486  3.05486  3.05486  3.05486  2.5288  2.5288  0  0  0  0  0  0 
-2.63894 2.01062 3.05486  3.05486  3.05486  3.05486  2.5288  2.5288  0  0  0  0  0  0 
-2.51327 2.01062 3.05486  3.05486  3.05486  3.05486  2.5288  2.5288  0  0  0  0  0  0 
-2.38761 2.01062 3.05486  3.05486  3.05486  3.05486  2.5288  2.5288  0  0  0  0  0  0 
-2.26195 2.01062 3.05486  3.05486  3.05486  3.05486  2.5288  2.5288  0  0  0  0  0  0 
-2.13628 2.01062 3.05486  3.05486  3.05486  3.05486  2.5288  2.5288  0  0  0  0  0  0 
-2.01062 2.01062 3.05486  3.05486  3.05486  3.05486  2.5288  2.5288  0  0  0  0  0  0 
-1.88496 2.01062 3.05486  3.05486  3.05486  3.05486  2.5288  2.5288  0  0  0  0  0  0 
-1.75929 2.01062 3.05486  3.05486  3.05486  3.05486  2.5288  2.5288  0  0  0  0  0  0 
-1.63363 2.01062 3.05486  3.05486  3.05486  3.05486  2.5288  2.5288  0  0  0  0  0  0 
-1.50796 2.01062 3.05486  3.05486  3.05486  3.05486  2.5288  2.5288  0  0  0  0  0  0 
-1.3823 2.01062 3.05486  3.05486  3.05486  3.05486  2.5288  2.5288  0  0  0  0  0  0 
-1.25664 2.01062 3.05486  3.05486  3.05486  3.05486  2.5288  2.5288  0  0  0  0  0  0 
-1.13097 2.01062 3.05486  3.05486  3.05486  3.05486  2.5288  2.5288  0  0  0  0  0  0 
-1.00531 2.01062 3.05486  3.05486  3.05486  3.05486  2.5288  2.5288  0  0  0  0  0  0 
-0.879646 2.01062 3.05486  3.05486  3.05486  3.05486  2.5288  2.5288  0  0  0  0  0  0 
-0.753982 2.01062 3.05486  3.05486  3.05486  3.05486  2.5288  2.5288  0  0  0  0  0  0 
-0.628319 2.01062 3.05486  3.05486  3.05486  3.05486  2.5288  2.5288  0  0  0  0  0  0 
-0.502655 2.01062 3.05486  3.05486  3.05486  3.05486  2.5288  2.5288  0  0  0  0  0  0 
-0.376991 2.01062 3.05486  3.05486  3.05486  3.05486  2.5288  2.5288  0  0  0  0  0  0 
-0.251327 2.01062 3.05486  3.05486  3.05486  3.05486  2.5288  2.5288  0  0  0  0  0  0 
-0.125664 2.01062 3.05486  3.05486  3.05486  3.05486  2.5288  2.5288  0  0  0  0  0  0 
0 2.01062 3.05486  3.05486  3.05486  3.05486  2.5288  2.5288  0  0  0  0  0  0 
0.125664 2.01062 3.05486  3.05486  3.05486  3.05486  2.5288  2.5288  0  0  0  0  0  0 
0.251327 2.01062 3.05486  3.05486  3.05486  3.05486  2.5288  2.5288  0  0  0  0  0  0 
0.376991 2.01062 3.05486  3.05486  3.05486  3.05486  2.5288  2.5288  0  0  0  0  0  0 
0.502655 2.01062 3.05486  3.05486  3.05486  3.05486  2.5288  2.5288  0  0  0  0  0  0 
0.628319 2.01062 3.05486  3.05486  3.05486  3.05486  2.5288  2.5288  0  0  0  0  0  0 
0.753982 2.01062 3.05486  3.05486  3.05486  3.05486  2.5288  2.5288  0  0  0  0  0  0 
0.879646 2.01062 3.05486  3.05486  3.05486  3.05486  2.5288  2.5288  0  0  0  0  0  0 
1.00531 2.01062 3.05486  3.05486  3.05486  3.05486  2.5288  2.5288  0  0  0  0  0  0 
1.13097 2.01062 3.05486  3.05486  3.05486  3.05486  2.5288  2.5288  0  0  0  0  0  0 
1.25664 2.01062 3.05486  3.05486  3.05486  3.05486  2.5288  2.5288  0  0  0  0  0  0 
1.3823 2.01062 3.05486  3.05486  3.05486  3.05486  2.5288  2.5288  0  0  0  0  0  0 
1.50796 2.01062 3.05486  3.05486  3.05486  3.05486  2.5288  2.5288  0  0  0  0  0  0 
1.63363 2.01062 3.05486  3.05486  3.05486  3.05486  2.5288  2.5288  0  0  0  0  0  0 
1.75929 2.01062 3.05486  3.05486  3.05486  3.05486  2.5288  2.5288  0  0  0  0  0  0 
1.88496 2.01062 3.05486  3.05486  3.05486  3.05486  2.5288  2.5288  0  0  0  0  0  0 
2.01062 2.01062 3.05486  3.05486  3.05486  3.05486  2.5288  2.5288  0  0  0  0  0  0 
2.13628 2.01062 3.05486  3.05486  3.05486  3.05486  2.5288  2.5288  0  0  0  0  0  0 
2.26195 2.01062 3.05486  3.05486  3.05486  3.05486  2.5288  2.5288  0  0  0  0  0  0 
2.38761 2.01062 3.05486  3.05486  3.05486  3.05486  2.5288  2.5288  0  0  0  0  0  0 
2.51327 2.01062 3.05486  3.05486  3.05486  3.05486  2.5288  2.5288  0  0  0  0  0  0 
2.63894 2.01062 3.05486  3.05486  3.05486  3.05486  2.5288  2.5288  0  0  0  0  0  0 
2.7646 2.01062 3.05486  3.05486  3.05486  3.05486  2.5288  2.5288  0  0  0  0  0  0 
2.89027 2.01062 3.05486  3.05486  3.05486  3.05486  2.5288  2.5288  0  0  0  0  0  0 
3.01593 2.01062 3.05486  3.05486  3.05486  3.05486  2.5288  2.5288  0  0  0  0  0  0 
-3.14159 2.13628 3.05486  3.05486  3.05486  3.05486  2.5288  2.5288  0  0  0  0  0  0 
-3.01593 2.13628 3.05486  3.05486  3.05486  3.05486  2.5288  2.5288  0  0  0  0  0  0 
-2.89027 2.13628 3.05486  3.05486  3.05486  3.05486  2.5288  2.5288  0  0  0  0  0  0 
-2.7646 2.13628 3.05486  3.05486  3.05486  3.05486  2.5288  2.5288  0  0  0  0  0  0 
-2.63894 2.13628 3.05486  3.05486  3.05486  3.05486  2.5288  2.5288  0  0  0  0  0  0 
-2.51327 2.13628 3.05486  3.05486  3.05486  3.05486  2.5288  2.5288  0  0  0  0  0  0 
-2.38761 2.13628 3.05486  3.05486  3.05486  3.05486  2.5288  2.5288  0  0  0  0  0  0 
-2.26195 2.13628 3.05486  3.05486  3.05486  3.05486  2.5288  2.5288  0  0  0  0  0  0 
-2.13628 2.13628 3.05486  3.05486  3.05486  3.05486  2.5288  2.5288  0  0  0  0  0  0 
-2.01062 2.13628 3.05486  3.05486  3.05486  3.05486  2.5288  2.5288  0  0  0  0  0  0 
-1.88496 2.13628 3.05486  3.05486  3.05486  3.05486  2.5288  2.5288  0  0  0  0  0  0 
-1.75929 2.13628 3.05486  3.05486  3.05486  3.05486  2.5288  2.5288  0  0  0  0  0  0 
-1.63363 2.13628 3.05486  3.05486  3.05486  3.05486  2.5288  2.5288  0  0  0  0  0  0 
-1.50796 2.13628 3.05486  3.05486  3.05486  3.05486  2.5288  2.5288  0  0  0  0  0  0 
-1.3823 2.13628 3.05486  3.05486  3.05486  3.05486  2.5288  2.5288  0  0  0  0  0  0 
-1.25664 2.13628 3.05486  3.05486  3.05486  3.05486  2.5288  2.5288  0  0  0  0  0  0 
-1.13097 2.13628 3.05486  3.05486  3.05486  3.05486  2.5288  2.5288  0  0  0  0  0  0 
-1.00531 2.13628 3.05486  3.05486  3.05486  3.05486  2.5288  2.5288  0  0  0  0  0  0 
-0.879646 2.13628 3.05486  3.05486  3.05486  3.05486  2.5288  2.5288  0  0  0  0  0  0 
-0.753982 2.13628 3.05486  3.05486  3.05486  3.05486  2.5288  2.5288  0  0  0  0  0  0 
-0.628319 2.13628 3.05486  3.05486  3.05486  3.05486  2.5288  2.5288  0  0  0  0  0  0 
-0.502655 2.13628 3.05486  3.05486  3.05486  3.05486  2.5288  2.5288  0  0  0  0  0  0 
-0.376991 2.13628 3.05486  3.05486  3.05486  3.05486  2.5288  2.5288  0  0  0  0  0  0 
-0.251327 2.13628 3.05486  3.05486  3.05486  3.05486  2.5288  2.5288  0  0  0  0  0  0 
-0.125664 2.13628 3.05486  3.05486  3.05486  3.05486  2.5288  2.5288  0  0  0  0  0  0 
0 2.13628 3.05486  3.05486  3.05486  3.05486  2.5288  2.5288  0  0  0  0  0  0 
0.125664 2.13628 3.05486  3.05486  3.05486  3.05486  2.5288  2.5288  0  0  0  0  0  0 
0.251327 2.13628 3.05486  3.05486  3.05486  3.05486  2.5288  2.5288  0  0  0  0  0  0 
0.376991 2.13628 3.05486  3.05486  3.05486  3.05486  2.5288  2.5288  0  0  0  0  0  0 
0.502655 2.13628 3.05486  3.05486  3.05486  3.05486  2.5288  2.5288  0  0  0  0  0  0 
0.628319 2.13628 3.05486  3.05486  3.05486  3.05486  2.5288  2.5288  0  0  0  0  0  0 
0.753982 2.13628 3.05486  3.05486  3.05486  3.05486  2.5288  2.5288  0  0  0  0  0  0 
0.879646 2.13628 3.05486  3.05486  3.05486  3.05486  2.5288  2.5288  0  0  0  0  0  0 
1.00531 2.13628 3.05486  3.05486  3.05486  3.05486  2.5288  2.5288  0  0  0  0  0  0 
1.13097 2.13628 3.05486  3.05486  3.05486  3.05486  2.5288  2.5288  0  0  0  0  0  0 
1.25664 2.13628 3.05486  3.05486  3.05486  3.05486  2.5288  2.5288  0  0  0  0  0  0 
1.3823 2.13628 3.05486  3.05486  3.05486  3.05486  2.5288  2.5288  0  0  0  0  0  0 
1.50796 2.13628 3.05486  3.05486  3.05486  3.05486  2.5288  2.5288  0  0  0  0  0  0 
1.63363 2.13628 3.05486  3.05486  3.05486  3.05486  2.5288  2.5288  0  0  0  0  0  0 
1.75929 2.13628 3.05486  3.05486  3.05486  3.05486  2.5288  2.5288  0  0  0  0  0  0 
1.88496 2.13628 3.05486  3.05486  3.05486  3.05486  2.5288  2.5288  0  0  0  0  0  0 
2.01062 2.13628 3.05486  3.05486  3.05486  3.05486  2.5288  2.5288  0  0  0  0  0  0 
2.13628 2.13628 3.05486  3.05486  3.05486  3.05486  2.5288  2.5288  0  0  0  0  0  0 
2.26195 2.13628 3.05486  3.05486  3.05486  3.05486  2.5288  2.5288  0  0  0  0  0  0 
2.38761 2.13628 3.05486  3.05486  3.05486  3.05486  2.5288  2.5288  0  0  0  0  0  0 
2.51327 2.13628 3.05486  3.05486  3.05486  3.05486  2.5288  2.5288  0  0  0  0  0  0 
2.63894 2.13628 3.05486  3.05486  3.05486  3.05486  2.5288  2.5288  0  0  0  0  0  0 
2.7646 2.13628 3.05486  3.05486  3.05486  3.05486  2.5288  2.5288  0  0  0  0  0  0 
2.89027 2.13628 3.05486  3.05486  3.05486  3.05486  2.5288  2.5288  0  0  0  0  0  0 
3.01593 2.13628 3.05486  3.05486  3.05486  3.05486  2.5288  2.5288  0  0  0  0  0  0 
-3.14159 2.26195 3.05486  3.05486  3.05486  3.05486  2.5288  2.5288  0  0  0  0  0  0 
-3.01593 2.26195 3.05486  3.05486  3.05486  3.05486  2.5288  2.5288  0  0  0  0  0  0 
-2.89027 2.26195 3.05486  3.05486  3.05486  3.05486  2.5288  2.5288  0  0  0  0  0  0 
-2.7646 2.26195 3.05486  3.05486  3.05486  3.05486  2.5288  2.5288  0  0  0  0  0  0 
-2.63894 2.26195 3.05486  3.05486  3.05486  3.05486  2.5288  2.5288  0  0  0  0  0  0 
-2.51327 2.26195 3.05486  3.05486  3.05486  3.05486  2.5288  2.5288  0  0  0  0  0  0 
-2.38761 2.26195 3.05486  3.05486  3.05486  3.05486  2.5288  2.5288  0  0  0  0  0  0 
-2.26195 2.26195 3.05486  3.05486  3.05486  3.05486  2.5288  2.5288  0  0  0  0  0  0 
-2.13628 2.26195 3.05486  3.05486  3.05486  3.05486  2.5288  2.5288  0  0  0  0  0  0 
-2.01062 2.26195 3.05486  3.05486  3.05486  3.05486  2.5288  2.5288  0  0  0  0  0  0 
-1.88496 2.26195 3.05486  3.05486  3.05486  3.05486  2.5288  2.5288  0  0  0  0  0  0 
-1.75929 2.26195 3.05486  3.05486  3.05486  3.05486  2.5288  2.5288  0  0  0  0  0  0 
-1.63363 2.26195 3.05486  3.05486  3.05486  3.05486  2.5288  2.5288  0  0  0  0  0  0 
-1.50796 2.26195 3.05486  3.05486  3.05486  3.05486  2.5288  2.5288  0  0  0  0  0  0 
-1.3823 2.26195 3.05486  3.05486  3.05486  3.05486  2.5288  2.5288  0  0  0  0  0  0 
-1.25664 2.26195 3.05486  3.05486  3.05486  3.05486  2.5288  2.5288  0  0  0  0  0  0 
-1.13097 2.26195 3.05486  3.05486  3.05486  3.05486  2.5288  2.5288  0  0  0  0  0  0 
-1.00531 2.26195 3.05486  3.05486  3.05486  3.05486  2.5288  2.5288  0  0  0  0  0  0 
-0.879646 2.26195 3.05486  3.05486  3.05486  3.05486  2.5288  2.5288  0  0  0  0  0  0 
-0.753982 2.26195 3.05486  3.05486  3.05486  3.05486  2.5288  2.5288  0  0  0  0  0  0 
-0.628319 2.26195 3.05486  3.05486  3.05486  3.05486  2.5288  2.5288  0  0  0  0  0  0 
-0.502655 2.26195 3.05486  3.05486  3.05486  3.05486  2.5288  2.5288  0  0  0  0  0  0 
-0.376991 2.26195 3.05486  3.05486  3.05486  3.05486  2.5288  2.5288  0  0  0  0  0  0 
-0.251327 2.26195 3.05486  3.05486  3.05486  3.05486  2.5288  2.5288  0  0  0  0  0  0 
-0.125664 2.26195 3.05486  3.05486  3.05486  3.05486  2.5288  2.5288  0  0  0  0  0  0 
0 2.26195 3.05486  3.05486  3.05486  3.05486  2.5288  2.5288  0  0  0  0  0  0 
0.125664 2.26195 3.05486  3.05486  3.05486  3.05486  2.5288  2.5288  0  0  0  0  0  0 
0.251327 2.26195 3.05486  3.05486  3.05486  3.05486  2.5288  2.5288  0  0  0  0  0  0 
0.376991 2.26195 3.05486  3.05486  3.05486  3.05486  2.5288  2.5288  0  0  0  0  0  0 
0.502655 2.26195 3.05486  3.05486  3.05486  3.05486  2.5288  2.5288  0  0  0  0  0  0 
0.628319 2.26195 3.05486  3.05486  3.05486  3.05486  2.5288  2.5288  0  0  0  0  0  0 
0.753982 2.26195 3.05486  3.05486  3.05486  3.05486  2.5288  2.5288  0  0  0  0  0  0 
0.879646 2.26195 3.05486  3.05486  3.05486  3.05486  2.5288  2.5288  0  0  0  0  0  0 
1.00531 2.26195 3.05486  3.05486  3.05486  3.05486  2.5288  2.5288  0  0  0  0  0  0 
1.13097 2.26195 3.05486  3.05486  3.05486  3.05486  2.5288  2.5288  0  0  0  0  0  0 
1.25664 2.26195 3.05486  3.05486  3.05486  3.05486  2.5288  2.5288  0  0  0  0  0  0 
1.3823 2.26195 3.05486  3.05486  3.05486  3.05486  2.5288  2.5288  0  0  0  0  0  0 
1.50796 2.26195 3.05486  3.05486  3.05486  3.05486  2.5288  2.5288  0  0  0  0  0  0 
1.63363 2.26195 3.05486  3.05486  3.05486  3.05486  2.5288  2.5288  0  0  0  0  0  0 
1.75929 2.26195 3.05486  3.05486  3.05486  3.05486  2.5288  2.5288  0  0  0  0  0  0 
1.88496 2.26195 3.05486  3.05486  3.05486  3.05486  2.5288  2.5288  0  0  0  0  0  0 
2.01062 2.26195 3.05486  3.05486  3.05486  3.05486  2.5288  2.5288  0  0  0  0  0  0 
2.13628 2.26195 3.05486  3.05486  3.05486  3.05486  2.5288  2.5288  0  0  0  0  0  0 
2.26195 2.26195 3.05486  3.05486  3.05486  3.05486  2.5288  2.5288  0  0  0  0  0  0 
2.38761 2.26195 3.05486  3.05486  3.05486  3.05486  2.5288  2.5288  0  0  0  0  0  0 
2.51327 2.26195 3.05486  3.05486  3.05486  3.05486  2.5288  2.5288  0  0  0  0  0  0 
2.63894 2.26195 3.05486  3.05486  3.05486  3.05486  2.5288  2.5288  0  0  0  0  0  0 
2.7646 2.26195 3.05486  3.05486  3.05486  3.05486  2.5288  2.5288  0  0  0  0  0  0 
2.89027 2.26195 3.05486  3.05486  3.05486  3.05486  2.5288  2.5288  0  0  0  0  0  0 
3.01593 2.26195 3.05486  3.05486  3.05486  3.05486  2.5288  2.5288  0  0  0  0  0  0 
-3.14159 2.38761 3.05486  3.05486  3.05486  3.05486  2.5288  2.5288  0  0  0  0  0  0 
-3.01593 2.38761 3.05486  3.05486  3.05486  3.05486  2.5288  2.5288  0  0  0  0  0  0 
-2.89027 2.38761 3.05486  3.05486  3.05486  3.05486  2.5288  2.5288  0  0  0  0  0  0 
-2.7646 2.38761 3.05486  3.05486  3.05486  3.05486  2.5288  2.5288  0  0  0  0  0  0 
-2.63894 2.38761 3.05486  3.05486  3.05486  3.05486  2.5288  2.5288  0  0  0  0  0  0 
-2.51327 2.38761 3.05486  3.05486  3.05486  3.05486  2.5288  2.5288  0  0  0  0  0  0 
-2.38761 2.38761 3.05486  3.05486  3.05486  3.05486  2.5288  2.5288  0  0  0  0  0  0 
-2.26195 2.38761 3.05486  3.05486  3.05486  3.05486  2.5288  2.5288  0  0  0  0  0  0 
-2.13628 2.38761 3.05486  3.05486  3.05486  3.05486  2.5288  2.5288  0  0  0  0  0  0 
-2.01062 2.38761 3.05486  3.05486  3.05486  3.05486  2.5288  2.5288  0  0  0  0  0  0 
-1.88496 2.38761 3.05486  3.05486  3.05486  3.05486  2.5288  2.5288  0  0  0  0  0  0 
-1.75929 2.38761 3.05486  3.05486  3.05486  3.05486  2.5288  2.5288  0  0  0  0  0  0 
-1.63363 2.38761 3.05486  3.05486  3.05486  3.05486  2.5288  2.5288  0  0  0  0  0  0 
-1.50796 2.38761 3.05486  3.05486  3.05486  3.05486  2.5288  2.5288  0  0  0  0  0  0 
-1.3823 2.38761 3.05486  3.05486  3.05486  3.05486  2.5288  2.5288  0  0  0  0  0  0 
-1.25664 2.38761 3.05486  3.05486  3.05486  3.05486  2.5288  2.5288  0  0  0  0  0  0 
-1.13097 2.38761 3.05486  3.05486  3.05486  3.05486  2.5288  2.5288  0  0  0  0  0  0 
-1.00531 2.38761 3.05486  3.05486  3.05486  3.05486  2.5288  2.5288  0  0  0  0  0  0 
-0.879646 2.38761 3.05486  3.05486  3.05486  3.05486  2.5288  2.5288  0  0  0  0  0  0 
-0.753982 2.38761 3.05486  3.05486  3.05486  3.05486  2.5288  2.5288  0  0  0  0  0  0 
-0.628319 2.38761 3.05486  3.05486  3.05486  3.05486  2.5288  2.5288  0  0  0  0  0  0 
-0.502655 2.38761 3.05486  3.05486  3.05486  3.05486  2.5288  2.5288  0  0  0  0  0  0 
-0.376991 2.38761 3.05486  3.05486  3.05486  3.05486  2.5288  2.5288  0  0  0  0  0  0 
-0.251327 2.38761 3.05486  3.05486  3.05486  3.05486  2.5288  2.5288  0  0  0  0  0  0 
-0.125664 2.38761 3.05486  3.05486  3.05486  3.05486  2.5288  2.5288  0  0  0  0  0  0 
0 2.38761 3.05486  3.05486  3.05486  3.05486  2.5288  2.5288  0  0  0  0  0  0 
0.125664 2.38761 3.05486  3.05486  3.05486  3.05486  2.5288  2.5288  0  0  0  0  0  0 
0.251327 2.38761 3.05486  3.05486  3.05486  3.05486  2.5288  2.5288  0  0  0  0  0  0 
0.376991 2.38761 3.05486  3.05486  3.05486  3.05486  2.5288  2.5288  0  0  0  0  0  0 
0.502655 2.38761 3.05486  3.05486  3.05486  3.05486  2.5288  2.5288  0  0  0  0  0  0 
0.628319 2.38761 3.05486  3.05486  3.05486  3.05486  2.5288  2.5288  0  0  0  0  0  0 
0.753982 2.38761 3.05486  3.05486  3.05486  3.05486  2.5288  2.5288  0  0  0  0  0  0 
0.879646 2.38761 3.05486  3.05486  3.05486  3.05486  2.5288  2.5288  0  0  0  0  0  0 
1.00531 2.38761 3.05486  3.05486  3.05486  3.05486  2.5288  2.5288  0  0  0  0  0  0 
1.13097 2.38761 3.05486  3.05486  3.05486  3.05486  2.5288  2.5288  0  0  0  0  0  0 
1.25664 2.38761 3.05486  3.05486  3.05486  3.05486  2.5288  2.5288  0  0  0  0  0  0 
1.3823 2.38761 3.05486  3.05486  3.05486  3.05486  2.5288  2.5288  0  0  0  0  0  0 
1.50796 2.38761 3.05486  3.05486  3.05486  3.05486  2.5288  2.5288  0  0  0  0  0  0 
1.63363 2.38761 3.05486  3.05486  3.05486  3.05486  2.5288  2.5288  0  0  0  0  0  0 
1.75929 2.38761 3.05486  3.05486  3.05486  3.05486  2.5288  2.5288  0  0  0  0  0  0 
1.88496 2.38761 3.05486  3.05486  3.05486  3.05486  2.5288  2.5288  0  0  0  0  0  0 
2.01062 2.38761 3.05486  3.05486  3.05486  3.05486  2.5288  2.5288  0  0  0  0  0  0 
2.13628 2.38761 3.05486  3.05486  3.05486  3.05486  2.5288  2.5288  0  0  0  0  0  0 
2.26195 2.38761 3.05486  3.05486  3.05486  3.05486  2.5288  2.5288  0  0  0  0  0  0 
2.38761 2.38761 3.05486  3.05486  3.05486  3.05486  2.5288  2.5288  0  0  0  0  0  0 
2.51327 2.38761 3.05486  3.05486  3.05486  3.05486  2.5288  2.5288  0  0  0  0  0  0 
2.63894 2.38761 3.05486  3.05486  3.05486  3.05486  2.5288  2.5288  0  0  0  0  0  0 
2.7646 2.38761 3.05486  3.05486  3.05486  3.05486  2.5288  2.5288  0  0  0  0  0  0 
2.89027 2.38761 3.05486  3.05486  3.05486  3.05486  2.5288  2.5288  0  0  0  0  0  0 
3.01593 2.38761 3.05486  3.05486  3.05486  3.05486  2.5288  2.5288  0  0  0  0  0  0 
-3.14159 2.51327 3.05486  3.05486  3.05486  3.05486  2.5288  2.5288  0  0  0  0  0  0 
-3.01593 2.51327 3.05486  3.05486  3.05486  3.05486  2.5288  2.5288  0  0  0  0  0  0 
-2.89027 2.51327 3.05486  3.05486  3.05486  3.05486  2.5288  2.5288  0  0  0  0  0  0 
-2.7646 2.51327 3.05486  3.05486  3.05486  3.05486  2.5288  2.5288  0  0  0  0  0  0 
-2.63894 2.51327 3.05486  3.05486  3.05486  3.05486  2.5288  2.5288  0  0  0  0  0  0 
-2.51327 2.51327 3.05486  3.05486  3.05486  3.05486  2.5288  2.5288  0  0  0  0  0  0 
-2.38761 2.51327 3.05486  3.05486  3.05486  3.05486  2.5288  2.5288  0  0  0  0  0  0 
-2.26195 2.51327 3.05486  3.05486  3.05486  3.05486  2.5288  2.5288  0  0  0  0  0  0 
-2.13628 2.51327 3.05486  3.05486  3.05486  3.05486  2.5288  2.5288  0  0  0  0  0  0 
-2.01062 2.51327 3.05486  3.05486  3.05486  3.05486  2.5288  2.5288  0  0  0  0  0  0 
-1.88496 2.51327 3.05486  3.05486  3.05486  3.05486  2.5288  2.5288  0  0  0  0  0  0 
-1.75929 2.51327 3.05486  3.05486  3.05486  3.05486  2.5288  2.5288  0  0  0  0  0  0 
-1.63363 2.51327 3.05486  3.05486  3.05486  3.05486  2.5288  2.5288  0  0  0  0  0  0 
-1.50796 2.51327 3.05486  3.05486  3.05486  3.05486  2.5288  2.5288  0  0  0  0  0  0 
-1.3823 2.51327 3.05486  3.05486  3.05486  3.05486  2.5288  2.5288  0  0  0  0  0  0 
-1.25664 2.51327 3.05486  3.05486  3.05486  3.05486  2.5288  2.5288  0  0  0  0  0  0 
-1.13097 2.51327 3.05486  3.05486  3.05486  3.05486  2.5288  2.5288  0  0  0  0  0  0 
-1.00531 2.51327 3.05486  3.05486  3.05486  3.05486  2.5288  2.5288  0  0  0  0  0  0 
-0.879646 2.51327 3.05486  3.05486  3.05486  3.05486  2.5288  2.5288  0  0  0  0  0  0 
-0.753982 2.51327 3.05486  3.05486  3.05486  3.05486  2.5288  2.5288  0  0  0  0  0  0 
-0.628319 2.51327 3.05486  3.05486  3.05486  3.05486  2.5288  2.5288  0  0  0  0  0  0 
-0.502655 2.51327 3.05486  3.05486  3.05486  3.05486  2.5288  2.5288  0  0  0  0  0  0 
-0.376991 2.51327 3.05486  3.05486  3.05486  3.05486  2.5288  2.5288  0  0  0  0  0  0 
-0.251327 2.51327 3.05486  3.05486  3.05486  3.05486  2.5288  2.5288  0  0  0  0  0  0 
-0.125664 2.51327 3.05486  3.05486  3.05486  3.05486  2.5288  2.5288  0  0  0  0  0  0 
0 2.51327 3.05486  3.05486  3.05486  3.05486  2.5288  2.5288  0  0  0  0  0  0 
0.125664 2.51327 3.05486  3.05486  3.05486  3.05486  2.5288  2.5288  0  0  0  0  0  0 
0.251327 2.51327 3.05486  3.05486  3.05486  3.05486  2.5288  2.5288  0  0  0  0  0  0 
0.376991 2.51327 3.05486  3.05486  3.05486  3.05486  2.5288  2.5288  0  0  0  0  0  0 
0.502655 2.51327 3.05486  3.05486  3.05486  3.05486  2.5288  2.5288  0  0  0  0  0  0 
0.628319 2.51327 3.05486  3.05486  3.05486  3.05486  2.5288  2.5288  0  0  0  0  0  0 
0.753982 2.51327 3.05486  3.05486  3.05486  3.05486  2.5288  2.5288  0  0  0  0  0  0 
0.879646 2.51327 3.05486  3.05486  3.05486  3.05486  2.5288  2.5288  0  0  0  0  0  0 
1.00531 2.51327 3.05486  3.05486  3.05486  3.05486  2.5288  2.5288  0  0  0  0  0  0 
1.13097 2.51327 3.05486  3.05486  3.05486  3.05486  2.5288  2.5288  0  0  0  0  0  0 
1.25664 2.51327 3.05486  3.05486  3.05486  3.05486  2.5288  2.5288  0  0  0  0  0  0 
1.3823 2.51327 3.05486  3.05486  3.05486  3.05486  2.5288  2.5288  0  0  0  0  0  0 
1.50796 2.51327 3.05486  3.05486  3.05486  3.05486  2.5288  2.5288  0  0  0  0  0  0 
1.63363 2.51327 3.05486  3.05486  3.05486  3.05486  2.5288  2.5288  0  0  0  0  0  0 
1.75929 2.51327 3.05486  3.05486  3.05486  3.05486  2.5288  2.5288  0  0  0  0  0  0 
1.88496 2.51327 3.05486  3.05486  3.05486  3.05486  2.5288  2.5288  0  0  0  0  0  0 
2.01062 2.51327 3.05486  3.05486  3.05486  3.05486  2.5288  2.5288  0  0  0  0  0  0 
2.13628 2.51327 3.05486  3.05486  3.05486  3.05486  2.5288  2.5288  0  0  0  0  0  0 
2.26195 2.51327 3.05486  3.05486  3.05486  3.05486  2.5288  2.5288  0  0  0  0  0  0 
2.38761 2.51327 3.05486  3.05486  3.05486  3.05486  2.5288  2.5288  0  0  0  0  0  0 
2.51327 2.51327 3.05486  3.05486  3.05486  3.05486  2.5288  2.5288  0  0  0  0  0  0 
2.63894 2.51327 3.05486  3.05486  3.05486  3.05486  2.5288  2.5288  0  0  0  0  0  0 
2.7646 2.51327 3.05486  3.05486  3.05486  3.05486  2.5288  2.5288  0  0  0  0  0  0 
2.89027 2.51327 3.05486  3.05486  3.05486  3.05486  2.5288  2.5288  0  0  0  0  0  0 
3.01593 2.51327 3.05486  3.05486  3.05486  3.05486  2.5288  2.5288  0  0  0  0  0  0 
-3.14159 2.63894 3.05486  3.05486  3.05486  3.05486  2.5288  2.5288  0  0  0  0  0  0 
-3.01593 2.63894 3.05486  3.05486  3.05486  3.05486  2.5288  2.5288  0  0  0  0  0  0 
-2.89027 2.63894 3.05486  3.05486  3.05486  3.05486  2.5288  2.5288  0  0  0  0  0  0 
-2.7646 2.63894 3.05486  3.05486  3.05486  3.05486  2.5288  2.5288  0  0  0  0  0  0 
-2.63894 2.63894 3.05486  3.05486  3.05486  3.05486  2.5288  2.5288  0  0  0  0  0  0 
-2.51327 2.63894 3.05486  3.05486  3.05486  3.05486  2.5288  2.5288  0  0  0  0  0  0 
-2.38761 2.63894 3.05486  3.05486  3.05486  3.05486  2.5288  2.5288  0  0  0  0  0  0 
-2.26195 2.63894 3.05486  3.05486  3.05486  3.05486  2.5288  2.5288  0  0  0  0  0  0 
-2.13628 2.63894 3.05486  3.05486  3.05486  3.05486  2.5288  2.5288  0  0  0  0  0  0 
-2.01062 2.63894 3.05486  3.05486  3.05486  3.05486  2.5288  2.5288  0  0  0  0  0  0 
-1.88496 2.63894 3.05486  3.05486  3.05486  3.05486  2.5288  2.5288  0  0  0  0  0  0 
-1.75929 2.63894 3.05486  3.05486  3.05486  3.05486  2.5288  2.5288  0  0  0  0  0  0 
-1.63363 2.63894 3.05486  3.05486  3.05486  3.05486  2.5288  2.5288  0  0  0  0  0  0 
-1.50796 2.63894 3.05486  3.05486  3.05486  3.05486  2.5288  2.5288  0  0  0  0  0  0 
-1.3823 2.63894 3.05486  3.05486  3.05486  3.05486  2.5288  2.5288  0  0  0  0  0  0 
-1.25664 2.63894 3.05486  3.05486  3.05486  3.05486  2.5288  2.5288  0  0  0  0  0  0 
-1.13097 2.63894 3.05486  3.05486  3.05486  3.05486  2.5288  2.5288  0  0  0  0  0  0 
-1.00531 2.63894 3.05486  3.05486  3.05486  3.05486  2.5288  2.5288  0  0  0  0  0  0 
-0.879646 2.63894 3.05486  3.05486  3.05486  3.05486  2.5288  2.5288  0  0  0  0  0  0 
-0.753982 2.63894 3.05486  3.05486  3.05486  3.05486  2.5288  2.5288  0  0  0  0  0  0 
-0.628319 2.63894 3.05486  3.05486  3.05486  3.05486  2.5288  2.5288  0  0  0  0  0  0 
-0.502655 2.63894 3.05486  3.05486  3.05486  3.05486  2.5288  2.5288  0  0  0  0  0  0 
-0.376991 2.63894 3.05486  3.05486  3.05486  3.05486  2.5288  2.5288  0  0  0  0  0  0 
-0.251327 2.63894 3.05486  3.05486  3.05486  3.05486  2.5288  2.5288  0  0  0  0  0  0 
-0.125664 2.63894 3.05486  3.05486  3.05486  3.05486  2.5288  2.5288  0  0  0  0  0  0 
0 2.63894 3.05486  3.05486  3.05486  3.05486  2.5288  2.5288  0  0  0  0  0  0 
0.125664 2.63894 3.05486  3.05486  3.05486  3.05486  2.5288  2.5288  0  0  0  0  0  0 
0.251327 2.63894 3.05486  3.05486  3.05486  3.05486  2.5288  2.5288  0  0  0  0  0  0 
0.376991 2.63894 3.05486  3.05486  3.05486  3.05486  2.5288  2.5288  0  0  0  0  0  0 
0.502655 2.63894 3.05486  3.05486  3.05486  3.05486  2.5288  2.5288  0  0  0  0  0  0 
0.628319 2.63894 3.05486  3.05486  3.05486  3.05486  2.5288  2.5288  0  0  0  0  0  0 
0.753982 2.63894 3.05486  3.05486  3.05486  3.05486  2.5288  2.5288  0  0  0  0  0  0 
0.879646 2.63894 3.05486  3.05486  3.05486  3.05486  2.5288  2.5288  0  0  0  0  0  0 
1.00531 2.63894 3.05486  3.05486  3.05486  3.05486  2.5288  2.5288  0  0  0  0  0  0 
1.13097 2.63894 3.05486  3.05486  3.05486  3.05486  2.5288  2.5288  0  0  0  0  0  0 
1.25664 2.63894 3.05486  3.05486  3.05486  3.05486  2.5288  2.5288  0  0  0  0  0  0 
1.3823 2.63894 3.05486  3.05486  3.05486  3.05486  2.5288  2.5288  0  0  0  0  0  0 
1.50796 2.63894 3.05486  3.05486  3.05486  3.05486  2.5288  2.5288  0  0  0  0  0  0 
1.63363 2.63894 3.05486  3.05486  3.05486  3.05486  2.5288  2.5288  0  0  0  0  0  0 
1.75929 2.63894 3.05486  3.05486  3.05486  3.05486  2.5288  2.5288  0  0  0  0  0  0 
1.88496 2.63894 3.05486  3.05486  3.05486  3.05486  2.5288  2.5288  0  0  0  0  0  0 
2.01062 2.63894 3.05486  3.05486  3.05486  3.05486  2.5288  2.5288  0  0  0  0  0  0 
2.13628 2.63894 3.05486  3.05486  3.05486  3.05486  2.5288  2.5288  0  0  0  0  0  0 
2.26195 2.63894 3.05486  3.05486  3.05486  3.05486  2.5288  2.5288  0  0  0  0  0  0 
2.38761 2.63894 3.05486  3.05486  3.05486  3.05486  2.5288  2.5288  0  0  0  0  0  0 
2.51327 2.63894 3.05486  3.05486  3.05486  3.05486  2.5288  2.5288  0  0  0  0  0  0 
2.63894 2.63894 3.05486  3.05486  3.05486  3.05486  2.5288  2.5288  0  0  0  0  0  0 
2.7646 2.63894 3.05486  3.05486  3.05486  3.05486  2.5288  2.5288  0  0  0  0  0  0 
2.89027 2.63894 3.05486  3.05486  3.05486  3.05486  2.5288  2.5288  0  0  0  0  0  0 
3.01593 2.63894 3.05486  3.05486  3.05486  3.05486  2.5288  2.5288  0  0  0  0  0  0 
-3.14159 2.7646 3.05486  3.05486  3.05486  3.05486  2.5288  2.5288  0  0  0  0  0  0 
-3.01593 2.7646 3.05486  3.05486  3.05486  3.05486  2.5288  2.5288  0  0  0  0  0  0 
-2.89027 2.7646 3.05486  3.05486  3.05486  3.05486  2.5288  2.5288  0  0  0  0  0  0 
-2.7646 2.7646 3.05486  3.05486  3.05486  3.05486  2.5288  2.5288  0  0  0  0  0  0 
-2.63894 2.7646 3.05486  3.05486  3.05486  3.05486  2.5288  2.5288  0  0  0  0  0  0 
-2.51327 2.7646 3.05486  3.05486  3.05486  3.05486  2.5288  2.5288  0  0  0  0  0  0 
-2.38761 2.7646 3.05486  3.05486  3.05486  3.05486  2.5288  2.5288  0  0  0  0  0  0 
-2.26195 2.7646 3.05486  3.05486  3.05486  3.05486  2.5288  2.5288  0  0  0  0  0  0 
-2.13628 2.7646 3.05486  3.05486  3.05486  3.05486  2.5288  2.5288  0  0  0  0  0  0 
-2.01062 2.7646 3.05486  3.05486  3.05486  3.05486  2.5288  2.5288  0  0  0  0  0  0 
-1.88496 2.7646 3.05486  3.05486  3.05486  3.05486  2.5288  2.5288  0  0  0  0  0  0 
-1.75929 2.7646 3.05486  3.05486  3.05486  3.05486  2.5288  2.5288  0  0  0  0  0  0 
-1.63363 2.7646 3.05486  3.05486  3.05486  3.05486  2.5288  2.5288  0  0  0  0  0  0 
-1.50796 2.7646 3.05486  3.05486  3.05486  3.05486  2.5288  2.5288  0  0  0  0  0  0 
-1.3823 2.7646 3.05486  3.05486  3.05486  3.05486  2.5288  2.5288  0  0  0  0  0  0 
-1.25664 2.7646 3.05486  3.05486  3.05486  3.05486  2.5288  2.5288  0  0  0  0  0  0 
-1.13097 2.7646 3.05486  3.05486  3.05486  3.05486  2.5288  2.5288  0  0  0  0  0  0 
-1.00531 2.7646 3.05486  3.05486  3.05486  3.05486  2.5288  2.5288  0  0  0  0  0  0 
-0.879646 2.7646 3.05486  3.05486  3.05486  3.05486  2.5288  2.5288  0  0  0  0  0  0 
-0.753982 2.7646 3.05486  3.05486  3.05486  3.05486  2.5288  2.5288  0  0  0  0  0  0 
-0.628319 2.7646 3.05486  3.05486  3.05486  3.05486  2.5288  2.5288  0  0  0  0  0  0 
-0.502655 2.7646 3.05486  3.05486  3.05486  3.05486  2.5288  2.5288  0  0  0  0  0  0 
-0.376991 2.7646 3.05486  3.05486  3.05486  3.05486  2.5288  2.5288  0  0  0  0  0  0 
-0.251327 2.7646 3.05486  3.05486  3.05486  3.05486  2.5288  2.5288  0  0  0  0  0  0 
-0.125664 2.7646 3.05486  3.05486  3.05486  3.05486  2.5288  2.5288  0  0  0  0  0  0 
0 2.7646 3.05486  3.05486  3.05486  3.05486  2.5288  2.5288  0  0  0  0  0  0 
0.125664 2.7646 3.05486  3.05486  3.05486  3.05486  2.5288  2.5288  0  0  0  0  0  0 
0.251327 2.7646 3.05486  3.05486  3.05486  3.05486  2.5288  2.5288  0  0  0  0  0  0 
0.376991 2.7646 3.05486  3.05486  3.05486  3.05486  2.5288  2.5288  0  0  0  0  0  0 
0.502655 2.7646 3.05486  3.05486  3.05486  3.05486  2.5288  2.5288  0  0  0  0  0  0 
0.628319 2.7646 3.05486  3.05486  3.05486  3.05486  2.5288  2.5288  0  0  0  0  0  0 
0.753982 2.7646 3.05486  3.05486  3.05486  3.05486  2.5288  2.5288  0  0  0  0  0  0 
0.879646 2.7646 3.05486  3.05486  3.05486  3.05486  2.5288  2.5288  0  0  0  0  0  0 
1.00531 2.7646 3.05486  3.05486  3.05486  3.05486  2.5288  2.5288  0  0  0  0  0  0 
1.13097 2.7646 3.05486  3.05486  3.05486  3.05486  2.5288  2.5288  0  0  0  0  0  0 
1.25664 2.7646 3.05486  3.05486  3.05486  3.05486  2.5288  2.5288  0  0  0  0  0  0 
1.3823 2.7646 3.05486  3.05486  3.05486  3.05486  2.5288  2.5288  0  0  0  0  0  0 
1.50796 2.7646 3.05486  3.05486  3.05486  3.05486  2.5288  2.5288  0  0  0  0  0  0 
1.63363 2.7646 3.05486  3.05486  3.05486  3.05486  2.5288  2.5288  0  0  0  0  0  0 
1.75929 2.7646 3.05486  3.05486  3.05486  3.05486  2.5288  2.5288  0  0  0  0  0  0 
1.88496 2.7646 3.05486  3.05486  3.05486  3.05486  2.5288  2.5288  0  0  0  0  0  0 
2.01062 2.7646 3.05486  3.05486  3.05486  3.05486  2.5288  2.5288  0  0  0  0  0  0 
2.13628 2.7646 3.05486  3.05486  3.05486  3.05486  2.5288  2.5288  0  0  0  0  0  0 
2.26195 2.7646 3.05486  3.05486  3.05486  3.05486  2.5288  2.5288  0  0  0  0  0  0 
2.38761 2.7646 3.05486  3.05486  3.05486  3.05486  2.5288  2.5288  0  0  0  0  0  0 
2.51327 2.7646 3.05486  3.05486  3.05486  3.05486  2.5288  2.5288  0  0  0  0  0  0 
2.63894 2.7646 3.05486  3.05486  3.05486  3.05486  2.5288  2.5288  0  0  0  0  0  0 
2.7646 2.7646 3.05486  3.05486  3.05486  3.05486  2.5288  2.5288  0  0  0  0  0  0 
2.89027 2.7646 3.05486  3.05486  3.05486  3.05486  2.5288  2.5288  0  0  0  0  0  0 
3.01593 2.7646 3.05486  3.05486  3.05486  3.05486  2.5288  2.5288  0  0  0  0  0  0 
-3.14159 2.89027 3.05486  3.05486  3.05486  3.05486  2.5288  2.5288  0  0  0  0  0  0 
-3.01593 2.89027 3.05486  3.05486  3.05486  3.05486  2.5288  2.5288  0  0  0  0  0  0 
-2.89027 2.89027 3.05486  3.05486  3.05486  3.05486  2.5288  2.5288  0  0  0  0  0  0 
-2.7646 2.89027 3.05486  3.05486  3.05486  3.05486  2.5288  2.5288  0  0  0  0  0  0 
-2.63894 2.89027 3.05486  3.05486  3.05486  3.05486  2.5288  2.5288  0  0  0  0  0  0 
-2.51327 2.89027 3.05486  3.05486  3.05486  3.05486  2.5288  2.5288  0  0  0  0  0  0 
-2.38761 2.89027 3.05486  3.05486  3.05486  3.05486  2.5288  2.5288  0  0  0  0  0  0 
-2.26195 2.89027 3.05486  3.05486  3.05486  3.05486  2.5288  2.5288  0  0  0  0  0  0 
-2.13628 2.89027 3.05486  3.05486  3.05486  3.05486  2.5288  2.5288  0  0  0  0  0  0 
-2.01062 2.89027 3.05486  3.05486  3.05486  3.05486  2.5288  2.5288  0  0  0  0  0  0 
-1.88496 2.89027 3.05486  3.05486  3.05486  3.05486  2.5288  2.5288  0  0  0  0  0  0 
-1.75929 2.89027 3.05486  3.05486  3.05486  3.05486  2.5288  2.5288  0  0  0  0  0  0 
-1.63363 2.89027 3.05486  3.05486  3.05486  3.05486  2.5288  2.5288  0  0  0  0  0  0 
-1.50796 2.89027 3.05486  3.05486  3.05486  3.05486  2.5288  2.5288  0  0  0  0  0  0 
-1.3823 2.89027 3.05486  3.05486  3.05486  3.05486  2.5288  2.5288  0  0  0  0  0  0 
-1.25664 2.89027 3.05486  3.05486  3.05486  3.05486  2.5288  2.5288  0  0  0  0  0  0 
-1.13097 2.89027 3.05486  3.05486  3.05486  3.05486  2.5288  2.5288  0  0  0  0  0  0 
-1.00531 2.89027 3.05486  3.05486  3.05486  3.05486  2.5288  2.5288  0  0  0  0  0  0 
-0.879646 2.89027 3.05486  3.05486  3.05486  3.05486  2.5288  2.5288  0  0  0  0  0  0 
-0.753982 2.89027 3.05486  3.05486  3.05486  3.05486  2.5288  2.5288  0  0  0  0  0  0 
-0.628319 2.89027 3.05486  3.05486  3.05486  3.05486  2.5288  2.5288  0  0  0  0  0  0 
-0.502655 2.89027 3.05486  3.05486  3.05486  3.05486  2.5288  2.5288  0  0  0  0  0  0 
-0.376991 2.89027 3.05486  3.05486  3.05486  3.05486  2.5288  2.5288  0  0  0  0  0  0 
-0.251327 2.89027 3.05486  3.05486  3.05486  3.05486  2.5288  2.5288  0  0  0  0  0  0 
-0.125664 2.89027 3.05486  3.05486  3.05486  3.05486  2.5288  2.5288  0  0  0  0  0  0 
0 2.89027 3.05486  3.05486  3.05486  3.05486  2.5288  2.5288  0  0  0  0  0  0 
0.125664 2.89027 3.05486  3.05486  3.05486  3.05486  2.5288  2.5288  0  0  0  0  0  0 
0.251327 2.89027 3.05486  3.05486  3.05486  3.05486  2.5288  2.5288  0  0  0  0  0  0 
0.376991 2.89027 3.05486  3.05486  3.05486  3.05486  2.5288  2.5288  0  0  0  0  0  0 
0.502655 2.89027 3.05486  3.05486  3.05486  3.05486  2.5288  2.5288  0  0  0  0  0  0 
0.628319 2.89027 3.05486  3.05486  3.05486  3.05486  2.5288  2.5288  0  0  0  0  0  0 
0.753982 2.89027 3.05486  3.05486  3.05486  3.05486  2.5288  2.5288  0  0  0  0  0  0 
0.879646 2.89027 3.05486  3.05486  3.05486  3.05486  2.5288  2.5288  0  0  0  0  0  0 
1.00531 2.89027 3.05486  3.05486  3.05486  3.05486  2.5288  2.5288  0  0  0  0  0  0 
1.13097 2.89027 3.05486  3.05486  3.05486  3.05486  2.5288  2.5288  0  0  0  0  0  0 
1.25664 2.89027 3.05486  3.05486  3.05486  3.05486  2.5288  2.5288  0  0  0  0  0  0 
1.3823 2.89027 3.05486  3.05486  3.05486  3.05486  2.5288  2.5288  0  0  0  0  0  0 
1.50796 2.89027 3.05486  3.05486  3.05486  3.05486  2.5288  2.5288  0  0  0  0  0  0 
1.63363 2.89027 3.05486  3.05486  3.05486  3.05486  2.5288  2.5288  0  0  0  0  0  0 
1.75929 2.89027 3.05486  3.05486  3.05486  3.05486  2.5288  2.5288  0  0  0  0  0  0 
1.88496 2.89027 3.05486  3.05486  3.05486  3.05486  2.5288  2.5288  0  0  0  0  0  0 
2.01062 2.89027 3.05486  3.05486  3.05486  3.05486  2.5288  2.5288  0  0  0  0  0  0 
2.13628 2.89027 3.05486  3.05486  3.05486  3.05486  2.5288  2.5288  0  0  0  0  0  0 
2.26195 2.89027 3.05486  3.05486  3.05486  3.05486  2.5288  2.5288  0  0  0  0  0  0 
2.38761 2.89027 3.05486  3.05486  3.05486  3.05486  2.5288  2.5288  0  0  0  0  0  0 
2.51327 2.89027 3.05486  3.05486  3.05486  3.05486  2.5288  2.5288  0  0  0  0  0  0 
2.63894 2.89027 3.05486  3.05486  3.05486  3.05486  2.5288  2.5288  0  0  0  0  0  0 
2.7646 2.89027 3.05486  3.05486  3.05486  3.05486  2.5288  2.5288  0  0  0  0  0  0 
2.89027 2.89027 3.05486  3.05486  3.05486  3.05486  2.5288  2.5288  0  0  0  0  0  0 
3.01593 2.89027 3.05486  3.05486  3.05486  3.05486  2.5288  2.5288  0  0  0  0  0  0 
-3.14159 3.01593 3.05486  3.05486  3.05486  3.05486  2.5288  2.5288  0  0  0  0  0  0 
-3.01593 3.01593 3.05486  3.05486  3.05486  3.05486  2.5288  2.5288  0  0  0  0  0  0 
-2.89027 3.01593 3.05486  3.05486  3.05486  3.05486  2.5288  2.5288  0  0  0  0  0  0 
-2.7646 3.01593 3.05486  3.05486  3.05486  3.05486  2.5288  2.5288  0  0  0  0  0  0 
-2.63894 3.01593 3.05486  3.05486  3.05486  3.05486  2.5288  2.5288  0  0  0  0  0  0 
-2.51327 3.01593 3.05486  3.05486  3.05486  3.05486  2.5288  2.5288  0  0  0  0  0  0 
-2.38761 3.01593 3.05486  3.05486  3.05486  3.05486  2.5288  2.5288  0  0  0  0  0  0 
-2.26195 3.01593 3.05486  3.05486  3.05486  3.05486  2.5288  2.5288  0  0  0  0  0  0 
-2.13628 3.01593 3.05486  3.05486  3.05486  3.05486  2.5288  2.5288  0  0  0  0  0  0 
-2.01062 3.01593 3.05486  3.05486  3.05486  3.05486  2.5288  2.5288  0  0  0  0  0  0 
-1.88496 3.01593 3.05486  3.05486  3.05486  3.05486  2.5288  2.5288  0  0  0  0  0  0 
-1.75929 3.01593 3.05486  3.05486  3.05486  3.05486  2.5288  2.5288  0  0  0  0  0  0 
-1.63363 3.01593 3.05486  3.05486  3.05486  3.05486  2.5288  2.5288  0  0  0  0  0  0 
-1.50796 3.01593 3.05486  3.05486  3.05486  3.05486  2.5288  2.5288  0  0  0  0  0  0 
-1.3823 3.01593 3.05486  3.05486  3.05486  3.05486  2.5288  2.5288  0  0  0  0  0  0 
-1.25664 3.01593 3.05486  3.05486  3.05486  3.05486  2.5288  2.5288  0  0  0  0  0  0 
-1.13097 3.01593 3.05486  3.05486  3.05486  3.05486  2.5288  2.5288  0  0  0  0  0  0 
-1.00531 3.01593 3.05486  3.05486  3.05486  3.05486  2.5288  2.5288  0  0  0  0  0  0 
-0.879646 3.01593 3.05486  3.05486  3.05486  3.05486  2.5288  2.5288  0  0  0  0  0  0 
-0.753982 3.01593 3.05486  3.05486  3.05486  3.05486  2.5288  2.5288  0  0  0  0  0  0 
-0.628319 3.01593 3.05486  3.05486  3.05486  3.05486  2.5288  2.5288  0  0  0  0  0  0 
-0.502655 3.01593 3.05486  3.05486  3.05486  3.05486  2.5288  2.5288  0  0  0  0  0  0 
-0.376991 3.01593 3.05486  3.05486  3.05486  3.05486  2.5288  2.5288  0  0  0  0  0  0 
-0.251327 3.01593 3.05486  3.05486  3.05486  3.05486  2.5288  2.5288  0  0  0  0  0  0 
-0.125664 3.01593 3.05486  3.05486  3.05486  3.05486  2.5288  2.5288  0  0  0  0  0  0 
0 3.01593 3.05486  3.05486  3.05486  3.05486  2.5288  2.5288  0  0  0  0  0  0 
0.125664 3.01593 3.05486  3.05486  3.05486  3.05486  2.5288  2.5288  0  0  0  0  0  0 
0.251327 3.01593 3.05486  3.05486  3.05486  3.05486  2.5288  2.5288  0  0  0  0  0  0 
0.376991 3.01593 3.05486  3.05486  3.05486  3.05486  2.5288  2.5288  0  0  0  0  0  0 
0.502655 3.01593 3.05486  3.05486  3.05486  3.05486  2.5288  2.5288  0  0  0  0  0  0 
0.628319 3.01593 3.05486  3.05486  3.05486  3.05486  2.5288  2.5288  0  0  0  0  0  0 
0.753982 3.01593 3.05486  3.05486  3.05486  3.05486  2.5288  2.5288  0  0  0  0  0  0 
0.879646 3.01593 3.05486  3.05486  3.05486  3.05486  2.5288  2.5288  0  0  0  0  0  0 
1.00531 3.01593 3.05486  3.05486  3.05486  3.05486  2.5288  2.5288  0  0  0  0  0  0 
1.13097 3.01593 3.05486  3.05486  3.05486  3.05486  2.5288  2.5288  0  0  0  0  0  0 
1.25664 3.01593 3.05486  3.05486  3.05486  3.05486  2.5288  2.5288  0  0  0  0  0  0 
1.3823 3.01593 3.05486  3.05486  3.05486  3.05486  2.5288  2.5288  0  0  0  0  0  0 
1.50796 3.01593 3.05486  3.05486  3.05486  3.05486  2.5288  2.5288  0  0  0  0  0  0 
1.63363 3.01593 3.05486  3.05486  3.05486  3.05486  2.5288  2.5288  0  0  0  0  0  0 
1.75929 3.01593 3.05486  3.05486  3.05486  3.05486  2.5288  2.5288  0  0  0  0  0  0 
1.88496 3.01593 3.05486  3.05486  3.05486  3.05486  2.5288  2.5288  0  0  0  0  0  0 
2.01062 3.01593 3.05486  3.05486  3.05486  3.05486  2.5288  2.5288  0  0  0  0  0  0 
2.13628 3.01593 3.05486  3.05486  3.05486  3.05486  2.5288  2.5288  0  0  0  0  0  0 
2.26195 3.01593 3.05486  3.05486  3.05486  3.05486  2.5288  2.5288  0  0  0  0  0  0 
2.38761 3.01593 3.05486  3.05486  3.05486  3.05486  2.5288  2.5288  0  0  0  0  0  0 
2.51327 3.01593 3.05486  3.05486  3.05486  3.05486  2.5288  2.5288  0  0  0  0  0  0 
2.63894 3.01593 3.05486  3.05486  3.05486  3.05486  2.5288  2.5288  0  0  0  0  0  0 
2.7646 3.01593 3.05486  3.05486  3.05486  3.05486  2.5288  2.5288  0  0  0  0  0  0 
2.89027 3.01593 3.05486  3.05486  3.05486  3.05486  2.5288  2.5288  0  0  0  0  0  0 
3.01593 3.01593 3.05486  3.05486  3.05486  3.05486  2.5288  2.5288  0  0  0  0  0  0 
