-3.14159 -3.14159 -0.0230376 -2.66992e-16 -0.0230376 4.69009e-16 -0.0230376 6.05511e-17 -0.0230376 -1.42634e-17 
-3.01593 -3.14159 -0.0231381 0.000252205 -0.022924 -0.00315019 -0.022924 0.00315019 -0.0231381 -0.000252205 
-2.89027 -3.14159 -0.0234426 0.000506154 -0.0225802 -0.00632019 -0.0225802 0.00632019 -0.0234426 -0.000506154 
-2.7646 -3.14159 -0.0239598 0.000763636 -0.0219961 -0.00953019 -0.0219961 0.00953019 -0.0239598 -0.000763636 
-2.63894 -3.14159 -0.0247048 0.00102653 -0.0211545 -0.0128012 -0.0211545 0.0128012 -0.0247048 -0.00102653 
-2.51327 -3.14159 -0.0257003 0.00129687 -0.0200297 -0.0161555 -0.0200297 0.0161555 -0.0257003 -0.00129687 
-2.38761 -3.14159 -0.0269775 0.00157689 -0.0185863 -0.0196169 -0.0185863 0.0196169 -0.0269775 -0.00157689 
-2.26195 -3.14159 -0.0285784 0.0018691 -0.0167764 -0.0232114 -0.0167764 0.0232114 -0.0285784 -0.0018691 
-2.13628 -3.14159 -0.0305586 0.00217638 -0.0145365 -0.0269676 -0.0145365 0.0269676 -0.0305586 -0.00217638 
-2.01062 -3.14159 -0.0329915 0.00250208 -0.0117832 -0.0309169 -0.0117832 0.0309169 -0.0329915 -0.00250208 
-1.88496 -3.14159 -0.0359739 0.00285015 -0.00840588 -0.0350939 -0.00840588 0.0350939 -0.0359739 -0.00285015 
-1.75929 -3.14159 -0.0396336 0.00322533 -0.0042584 -0.039536 -0.0042584 0.039536 -0.0396336 -0.00322533 
-1.63363 -3.14159 -0.0441414 0.00363329 0.000854462 -0.0442824 0.000854462 0.0442824 -0.0441414 -0.00363329 
-1.50796 -3.14159 -0.0497261 0.00408091 0.00719519 -0.0493718 0.00719519 0.0493718 -0.0497261 -0.00408091 
-1.3823 -3.14159 -0.0566979 0.00457638 0.0151194 -0.0548361 0.0151194 0.0548361 -0.0566979 -0.00457638 
-1.25664 -3.14159 -0.0654785 0.0051291 0.025112 -0.0606888 0.025112 0.0606888 -0.0654785 -0.0051291 
-1.13097 -3.14159 -0.0766437 0.00574864 0.0378348 -0.0669016 0.0378348 0.0669016 -0.0766437 -0.00574864 
-1.00531 -3.14159 -0.0909719 0.00644099 0.0541835 -0.0733589 0.0541835 0.0733589 -0.0909719 -0.00644099 
-0.879646 -3.14159 -0.109486 0.00719721 0.0753346 -0.0797728 0.0753346 0.0797728 -0.109486 -0.00719721 
-0.753982 -3.14159 -0.133419 0.00796283 0.102709 -0.0855271 0.102709 0.0855271 -0.133419 -0.00796283 
-0.628319 -3.14159 -0.1639 0.00856777 0.137634 -0.0894067 0.137634 0.0894067 -0.1639 -0.00856777 
-0.502655 -3.14159 -0.200859 0.00862439 0.180169 -0.0892071 0.180169 0.0892071 -0.200859 -0.00862439 
-0.376991 -3.14159 -0.240747 0.00758537 0.226633 -0.0815721 0.226633 0.0815721 -0.240747 -0.00758537 
-0.251327 -3.14159 -0.275419 0.00532434 0.26809 -0.0633368 0.26809 0.0633368 -0.275419 -0.00532434 
-0.125664 -3.14159 -0.297186 0.00257933 0.295166 -0.0346883 0.295166 0.0346883 -0.297186 -0.00257933 
0 -3.14159 -0.304234 1.9353e-13 0.304234 -2.81134e-13 0.304234 -1.90999e-13 -0.304234 1.34956e-13 
0.125664 -3.14159 -0.297186 -0.00257933 0.295166 0.0346883 0.295166 -0.0346883 -0.297186 0.00257933 
0.251327 -3.14159 -0.275419 -0.00532434 0.26809 0.0633368 0.26809 -0.0633368 -0.275419 0.00532434 
0.376991 -3.14159 -0.240747 -0.00758537 0.226633 0.0815721 0.226633 -0.0815721 -0.240747 0.00758537 
0.502655 -3.14159 -0.200859 -0.00862439 0.180169 0.0892071 0.180169 -0.0892071 -0.200859 0.00862439 
0.628319 -3.14159 -0.1639 -0.00856777 0.137634 0.0894067 0.137634 -0.0894067 -0.1639 0.00856777 
0.753982 -3.14159 -0.133419 -0.00796283 0.102709 0.0855271 0.102709 -0.0855271 -0.133419 0.00796283 
0.879646 -3.14159 -0.109486 -0.00719721 0.0753346 0.0797728 0.0753346 -0.0797728 -0.109486 0.00719721 
1.00531 -3.14159 -0.0909719 -0.00644099 0.0541835 0.0733589 0.0541835 -0.0733589 -0.0909719 0.00644099 
1.13097 -3.14159 -0.0766437 -0.00574864 0.0378348 0.0669016 0.0378348 -0.0669016 -0.0766437 0.00574864 
1.25664 -3.14159 -0.0654785 -0.0051291 0.025112 0.0606888 0.025112 -0.0606888 -0.0654785 0.0051291 
1.3823 -3.14159 -0.0566979 -0.00457638 0.0151194 0.0548361 0.0151194 -0.0548361 -0.0566979 0.00457638 
1.50796 -3.14159 -0.0497261 -0.00408091 0.00719519 0.0493718 0.00719519 -0.0493718 -0.0497261 0.00408091 
1.63363 -3.14159 -0.0441414 -0.00363329 0.000854462 0.0442824 0.000854462 -0.0442824 -0.0441414 0.00363329 
1.75929 -3.14159 -0.0396336 -0.00322533 -0.0042584 0.039536 -0.0042584 -0.039536 -0.0396336 0.00322533 
1.88496 -3.14159 -0.0359739 -0.00285015 -0.00840588 0.0350939 -0.00840588 -0.0350939 -0.0359739 0.00285015 
2.01062 -3.14159 -0.0329915 -0.00250208 -0.0117832 0.0309169 -0.0117832 -0.0309169 -0.0329915 0.00250208 
2.13628 -3.14159 -0.0305586 -0.00217638 -0.0145365 0.0269676 -0.0145365 -0.0269676 -0.0305586 0.00217638 
2.26195 -3.14159 -0.0285784 -0.0018691 -0.0167764 0.0232114 -0.0167764 -0.0232114 -0.0285784 0.0018691 
2.38761 -3.14159 -0.0269775 -0.00157689 -0.0185863 0.0196169 -0.0185863 -0.0196169 -0.0269775 0.00157689 
2.51327 -3.14159 -0.0257003 -0.00129687 -0.0200297 0.0161555 -0.0200297 -0.0161555 -0.0257003 0.00129687 
2.63894 -3.14159 -0.0247048 -0.00102653 -0.0211545 0.0128012 -0.0211545 -0.0128012 -0.0247048 0.00102653 
2.7646 -3.14159 -0.0239598 -0.000763636 -0.0219961 0.00953019 -0.0219961 -0.00953019 -0.0239598 0.000763636 
2.89027 -3.14159 -0.0234426 -0.000506154 -0.0225802 0.00632019 -0.0225802 -0.00632019 -0.0234426 0.000506154 
3.01593 -3.14159 -0.0231381 -0.000252205 -0.022924 0.00315019 -0.022924 -0.00315019 -0.0231381 0.000252205 
-3.14159 -3.01593 -0.0230376 -2.66992e-16 -0.0230376 4.69009e-16 -0.0230376 6.09322e-17 -0.0230376 -6.50521e-19 
-3.01593 -3.01593 -0.0231381 0.000252012 -0.0229241 -0.00315 -0.0229241 0.00315 -0.0231381 -0.000252012 
-2.89027 -3.01593 -0.0234426 0.000505369 -0.0225804 -0.00631942 -0.0225804 0.00631942 -0.0234426 -0.000505369 
-2.7646 -3.01593 -0.0239597 0.000761832 -0.0219967 -0.00952848 -0.0219967 0.00952848 -0.0239597 -0.000761832 
-2.63894 -3.01593 -0.0247046 0.00102323 -0.0211558 -0.0127982 -0.0211558 0.0127982 -0.0247046 -0.00102323 
-2.51327 -3.01593 -0.0256997 0.00129152 -0.0200324 -0.0161508 -0.0200324 0.0161508 -0.0256997 -0.00129152 
-2.38761 -3.01593 -0.0269763 0.00156882 -0.0185909 -0.0196101 -0.0185909 0.0196101 -0.0269763 -0.00156882 
-2.26195 -3.01593 -0.0285762 0.0018575 -0.0167839 -0.0232024 -0.0167839 0.0232024 -0.0285762 -0.0018575 
-2.13628 -3.01593 -0.030555 0.00216022 -0.0145483 -0.026956 -0.0145483 0.026956 -0.030555 -0.00216022 
-2.01062 -3.01593 -0.032986 0.00248003 -0.0118008 -0.0309026 -0.0118008 0.0309026 -0.032986 -0.00248003 
-1.88496 -3.01593 -0.0359657 0.00282047 -0.00843158 -0.0350769 -0.00843158 0.0350769 -0.0359657 -0.00282047 
-1.75929 -3.01593 -0.0396217 0.00318566 -0.00429513 -0.0395168 -0.00429513 0.0395168 -0.0396217 -0.00318566 
-1.63363 -3.01593 -0.0441245 0.00358045 0.00080279 -0.0442622 0.00080279 0.0442622 -0.0441245 -0.00358045 
-1.50796 -3.01593 -0.0497027 0.00401046 0.0071234 -0.0493528 0.0071234 0.0493528 -0.0497027 -0.00401046 
-1.3823 -3.01593 -0.0566661 0.00448204 0.0150208 -0.0548225 0.0150208 0.0548225 -0.0566661 -0.00448204 
-1.25664 -3.01593 -0.0654369 0.00500193 0.0249782 -0.0606885 0.0249782 0.0606885 -0.0654369 -0.00500193 
-1.13097 -3.01593 -0.0765917 0.00557578 0.0376563 -0.0669282 0.0376563 0.0669282 -0.0765917 -0.00557578 
-1.00531 -3.01593 -0.0909135 0.00620414 0.0539522 -0.0734365 0.0539522 0.0734365 -0.0909135 -0.00620414 
-0.879646 -3.01593 -0.109436 0.00687114 0.0750514 -0.0799421 0.0750514 0.0799421 -0.109436 -0.00687114 
-0.753982 -3.01593 -0.133417 0.00751567 0.102402 -0.0858515 0.102402 0.0858515 -0.133417 -0.00751567 
-0.628319 -3.01593 -0.164028 0.00796745 0.137384 -0.0899673 0.137384 0.0899673 -0.164028 -0.00796745 
-0.502655 -3.01593 -0.201227 0.00785766 0.180122 -0.0900563 0.180122 0.0900563 -0.201227 -0.00785766 
-0.376991 -3.01593 -0.241365 0.00668755 0.226877 -0.0826343 0.226877 0.0826343 -0.241365 -0.00668755 
-0.251327 -3.01593 -0.276038 0.00438235 0.268456 -0.0644033 0.268456 0.0644033 -0.276038 -0.00438235 
-0.125664 -3.01593 -0.297516 0.00166031 0.295378 -0.0356414 0.295378 0.0356414 -0.297516 -0.00166031 
0 -3.01593 -0.304201 -0.000909794 0.304201 -0.000909794 0.304201 0.000909794 -0.304201 0.000909794 
0.125664 -3.01593 -0.29681 -0.00352287 0.294911 0.0337051 0.294911 -0.0337051 -0.29681 0.00352287 
0.251327 -3.01593 -0.274806 -0.00628733 0.267736 0.0622516 0.267736 -0.0622516 -0.274806 0.00628733 
0.376991 -3.01593 -0.240187 -0.00848001 0.226442 0.0805341 0.226442 -0.0805341 -0.240187 0.00848001 
0.502655 -3.01593 -0.200567 -0.00936923 0.180272 0.0884137 0.180272 -0.0884137 -0.200567 0.00936923 
0.628319 -3.01593 -0.163842 -0.00914111 0.137924 0.0889084 0.137924 -0.0889084 -0.163842 0.00914111 
0.753982 -3.01593 -0.133476 -0.00838576 0.10304 0.0852574 0.10304 -0.0852574 -0.133476 0.00838576 
0.879646 -3.01593 -0.109576 -0.00750408 0.0756287 0.0796468 0.0756287 -0.0796468 -0.109576 0.00750408 
1.00531 -3.01593 -0.0910599 -0.00666342 0.0544184 0.073314 0.0544184 -0.073314 -0.0910599 0.00666342 
1.13097 -3.01593 -0.0767172 -0.00591094 0.038013 0.0668991 0.038013 -0.0668991 -0.0767172 0.00591094 
1.25664 -3.01593 -0.0655361 -0.00524864 0.0252435 0.0607067 0.0252435 -0.0607067 -0.0655361 0.00524864 
1.3823 -3.01593 -0.0567414 -0.00466524 0.0152149 0.0548622 0.0152149 -0.0548622 -0.0567414 0.00466524 
1.50796 -3.01593 -0.0497584 -0.00414745 0.00726362 0.0493998 0.00726362 -0.0493998 -0.0497584 0.00414745 
1.63363 -3.01593 -0.0441648 -0.00368336 0.000902958 0.044309 0.000902958 -0.044309 -0.0441648 0.00368336 
1.75929 -3.01593 -0.0396505 -0.00326305 -0.0042245 0.0395596 -0.0042245 -0.0395596 -0.0396505 0.00326305 
1.88496 -3.01593 -0.0359858 -0.0028785 -0.00838259 0.035114 -0.00838259 -0.035114 -0.0359858 0.0028785 
2.01062 -3.01593 -0.0329997 -0.00252323 -0.0117675 0.0309334 -0.0117675 -0.0309334 -0.0329997 0.00252323 
2.13628 -3.01593 -0.0305641 -0.00219195 -0.0145264 0.0269806 -0.0145264 -0.0269806 -0.0305641 0.00219195 
2.26195 -3.01593 -0.028582 -0.00188033 -0.01677 0.0232213 -0.01677 -0.0232213 -0.028582 0.00188033 
2.38761 -3.01593 -0.0269797 -0.00158474 -0.0185826 0.0196241 -0.0185826 -0.0196241 -0.0269797 0.00158474 
2.51327 -3.01593 -0.0257016 -0.0013021 -0.0200277 0.0161605 -0.0200277 -0.0161605 -0.0257016 0.0013021 
2.63894 -3.01593 -0.0247055 -0.00102977 -0.0211535 0.0128044 -0.0211535 -0.0128044 -0.0247055 0.00102977 
2.7646 -3.01593 -0.0239601 -0.000765414 -0.0219957 0.00953195 -0.0219957 -0.00953195 -0.0239601 0.000765414 
2.89027 -3.01593 -0.0234427 -0.000506932 -0.0225801 0.00632096 -0.0225801 -0.00632096 -0.0234427 0.000506932 
3.01593 -3.01593 -0.0231381 -0.000252398 -0.022924 0.00315038 -0.022924 -0.00315038 -0.0231381 0.000252398 
-3.14159 -2.89027 -0.0230376 -2.66992e-16 -0.0230376 4.69009e-16 -0.0230376 6.04307e-17 -0.0230376 -1.51788e-17 
-3.01593 -2.89027 -0.0231381 0.00025182 -0.0229241 -0.00314981 -0.0229241 0.00314981 -0.0231381 -0.00025182 
-2.89027 -2.89027 -0.0234427 0.00050459 -0.0225807 -0.00631869 -0.0225807 0.00631869 -0.0234427 -0.00050459 
-2.7646 -2.89027 -0.0239598 0.000760031 -0.0219975 -0.00952686 -0.0219975 0.00952686 -0.0239598 -0.000760031 
-2.63894 -2.89027 -0.0247047 0.00101992 -0.0211576 -0.0127953 -0.0211576 0.0127953 -0.0247047 -0.00101992 
-2.51327 -2.89027 -0.0256997 0.00128613 -0.0200356 -0.0161464 -0.0200356 0.0161464 -0.0256997 -0.00128613 
-2.38761 -2.89027 -0.0269761 0.00156066 -0.0185964 -0.0196041 -0.0185964 0.0196041 -0.0269761 -0.00156066 
-2.26195 -2.89027 -0.0285755 0.00184571 -0.0167926 -0.0231943 -0.0167926 0.0231943 -0.0285755 -0.00184571 
-2.13628 -2.89027 -0.0305536 0.00214372 -0.0145614 -0.0269459 -0.0145614 0.0269459 -0.0305536 -0.00214372 
-2.01062 -2.89027 -0.0329834 0.00245742 -0.0118201 -0.0308906 -0.0118201 0.0308906 -0.0329834 -0.00245742 
-1.88496 -2.89027 -0.0359613 0.00278991 -0.00845929 -0.0350634 -0.00845929 0.0350634 -0.0359613 -0.00278991 
-1.75929 -2.89027 -0.0396149 0.00314469 -0.00433411 -0.0395025 -0.00433411 0.0395025 -0.0396149 -0.00314469 
-1.63363 -2.89027 -0.0441144 0.00352568 0.000748758 -0.0442488 0.000748758 0.0442488 -0.0441144 -0.00352568 
-1.50796 -2.89027 -0.0496884 0.00393721 0.0070494 -0.0493432 0.0070494 0.0493432 -0.0496884 -0.00393721 
-1.3823 -2.89027 -0.0566467 0.00438371 0.0149206 -0.0548219 0.0149206 0.0548219 -0.0566467 -0.00438371 
-1.25664 -2.89027 -0.0654118 0.00486912 0.0248442 -0.0607056 0.0248442 0.0607056 -0.0654118 -0.00486912 
-1.13097 -2.89027 -0.0765622 0.00539509 0.0374802 -0.0669785 0.0374802 0.0669785 -0.0765622 -0.00539509 
-1.00531 -2.89027 -0.0908857 0.0059566 0.0537283 -0.0735456 0.0537283 0.0735456 -0.0908857 -0.0059566 
-0.879646 -2.89027 -0.109427 0.00653102 0.0747838 -0.0801522 0.0747838 0.0801522 -0.109427 -0.00653102 
-0.753982 -2.89027 -0.133469 0.00705145 0.102122 -0.0862258 0.102122 0.0862258 -0.133469 -0.00705145 
-0.628319 -2.89027 -0.164223 0.00734999 0.137179 -0.0905814 0.137179 0.0905814 -0.164223 -0.00734999 
-0.502655 -2.89027 -0.201666 0.00708226 0.180133 -0.0909471 0.180133 0.0909471 -0.201666 -0.00708226 
-0.376991 -2.89027 -0.242029 0.00580331 0.227169 -0.083701 0.227169 0.083701 -0.242029 -0.00580331 
-0.251327 -2.89027 -0.276651 0.0034799 0.268825 -0.0654297 0.268825 0.0654297 -0.276651 -0.0034799 
-0.125664 -2.89027 -0.297792 0.000783723 0.295542 -0.0365457 0.295542 0.0365457 -0.297792 -0.000783723 
0 -2.89027 -0.304104 -0.00180222 0.304104 -0.00180222 0.304104 0.00180222 -0.304104 0.00180222 
0.125664 -2.89027 -0.296397 -0.00447275 0.294621 0.032711 0.294621 -0.032711 -0.296397 0.00447275 
0.251327 -2.89027 -0.274211 -0.00725285 0.2674 0.0611686 0.2674 -0.0611686 -0.274211 0.00725285 
0.376991 -2.89027 -0.239694 -0.00935533 0.226305 0.0795388 0.226305 -0.0795388 -0.239694 0.00935533 
0.502655 -2.89027 -0.200355 -0.0100797 0.180429 0.087689 0.180429 -0.087689 -0.200355 0.0100797 
0.628319 -2.89027 -0.163852 -0.00967832 0.138248 0.08848 0.138248 -0.08848 -0.163852 0.00967832 
0.753982 -2.89027 -0.133585 -0.00877783 0.103388 0.0850465 0.103388 -0.0850465 -0.133585 0.00877783 
0.879646 -2.89027 -0.109706 -0.00778693 0.075929 0.0795661 0.075929 -0.0795661 -0.109706 0.00778693 
1.00531 -2.89027 -0.091176 -0.00686793 0.0546533 0.0733024 0.0546533 -0.0733024 -0.091176 0.00686793 
1.13097 -2.89027 -0.0768113 -0.00606012 0.038188 0.0669206 0.038188 -0.0669206 -0.0768113 0.00606012 
1.25664 -2.89027 -0.0656087 -0.00535866 0.0253706 0.0607417 0.0253706 -0.0607417 -0.0656087 0.00535866 
1.3823 -2.89027 -0.0567961 -0.00474721 0.0153056 0.0549005 0.0153056 -0.0549005 -0.0567961 0.00474721 
1.50796 -2.89027 -0.0497989 -0.00420904 0.00732763 0.0494363 0.00732763 -0.0494363 -0.0497989 0.00420904 
1.63363 -2.89027 -0.0441946 -0.00372987 0.000947515 0.0443415 0.000947515 -0.0443415 -0.0441946 0.00372987 
1.75929 -2.89027 -0.039672 -0.00329824 -0.00419397 0.0395873 -0.00419397 -0.0395873 -0.039672 0.00329824 
1.88496 -2.89027 -0.0360012 -0.00290507 -0.00836209 0.0351369 -0.00836209 -0.0351369 -0.0360012 0.00290507 
2.01062 -2.89027 -0.0330106 -0.00254314 -0.0117541 0.0309517 -0.0117541 -0.0309517 -0.0330106 0.00254314 
2.13628 -2.89027 -0.0305716 -0.00220668 -0.0145179 0.0269949 -0.0145179 -0.0269949 -0.0305716 0.00220668 
2.26195 -2.89027 -0.028587 -0.001891 -0.016765 0.023232 -0.016765 -0.023232 -0.028587 0.001891 
2.38761 -2.89027 -0.026983 -0.00159223 -0.0185798 0.0196318 -0.0185798 -0.0196318 -0.026983 0.00159223 
2.51327 -2.89027 -0.0257036 -0.00130712 -0.0200263 0.0161657 -0.0200263 -0.0161657 -0.0257036 0.00130712 
2.63894 -2.89027 -0.0247066 -0.0010329 -0.021153 0.0128076 -0.021153 -0.0128076 -0.0247066 0.0010329 
2.7646 -2.89027 -0.0239606 -0.000767139 -0.0219956 0.00953375 -0.0219956 -0.00953375 -0.0239606 0.000767139 
2.89027 -2.89027 -0.0234429 -0.00050769 -0.0225801 0.00632175 -0.0225801 -0.00632175 -0.0234429 0.00050769 
3.01593 -2.89027 -0.0231382 -0.000252587 -0.0229241 0.00315058 -0.0229241 -0.00315058 -0.0231382 0.000252587 
-3.14159 -2.7646 -0.0230376 -2.66992e-16 -0.0230376 4.69009e-16 -0.0230376 -4.74881e-17 -0.0230376 -4.13081e-17 
-3.01593 -2.7646 -0.0231382 0.000251634 -0.0229242 -0.00314963 -0.0229242 0.00314963 -0.0231382 -0.000251634 
-2.89027 -2.7646 -0.0234429 0.000503827 -0.0225811 -0.006318 -0.0225811 0.006318 -0.0234429 -0.000503827 
-2.7646 -2.7646 -0.0239602 0.000758262 -0.0219985 -0.00952535 -0.0219985 0.00952535 -0.0239602 -0.000758262 
-2.63894 -2.7646 -0.0247053 0.00101665 -0.0211596 -0.0127928 -0.0211596 0.0127928 -0.0247053 -0.00101665 
-2.51327 -2.7646 -0.0257005 0.00128078 -0.0200393 -0.0161425 -0.0200393 0.0161425 -0.0257005 -0.00128078 
-2.38761 -2.7646 -0.0269769 0.00155252 -0.0186025 -0.0195987 -0.0186025 0.0195987 -0.0269769 -0.00155252 
-2.26195 -2.7646 -0.0285763 0.00183391 -0.0168022 -0.0231874 -0.0168022 0.0231874 -0.0285763 -0.00183391 
-2.13628 -2.7646 -0.0305542 0.00212714 -0.0145758 -0.0269376 -0.0145758 0.0269376 -0.0305542 -0.00212714 
-2.01062 -2.7646 -0.0329836 0.00243461 -0.0118409 -0.0308811 -0.0118409 0.0308811 -0.0329836 -0.00243461 
-1.88496 -2.7646 -0.0359609 0.00275897 -0.00848858 -0.0350534 -0.00848858 0.0350534 -0.0359609 -0.00275897 
-1.75929 -2.7646 -0.0396134 0.00310305 -0.00437473 -0.0394932 -0.00437473 0.0394932 -0.0396134 -0.00310305 
-1.63363 -2.7646 -0.0441114 0.00346984 0.000693217 -0.0442423 0.000693217 0.0442423 -0.0441114 -0.00346984 
-1.50796 -2.7646 -0.0496836 0.00386231 0.00697435 -0.049343 0.00697435 0.049343 -0.0496836 -0.00386231 
-1.3823 -2.7646 -0.0566398 0.00428294 0.0148203 -0.054834 0.0148203 0.054834 -0.0566398 -0.00428294 
-1.25664 -2.7646 -0.0654037 0.00473278 0.024712 -0.0607401 0.024712 0.0607401 -0.0654037 -0.00473278 
-1.13097 -2.7646 -0.0765558 0.00520942 0.0373095 -0.0670517 0.0373095 0.0670517 -0.0765558 -0.00520942 
-1.00531 -2.7646 -0.090889 0.00570231 0.0535154 -0.0736846 0.0535154 0.0736846 -0.090889 -0.00570231 
-0.879646 -2.7646 -0.10946 0.00618228 0.0745361 -0.0803999 0.0745361 0.0803999 -0.10946 -0.00618228 
-0.753982 -2.7646 -0.133576 0.00657766 0.101875 -0.0866439 0.101875 0.0866439 -0.133576 -0.00657766 
-0.628319 -2.7646 -0.164482 0.00672568 0.137022 -0.091239 0.137022 0.091239 -0.164482 -0.00672568 
-0.502655 -2.7646 -0.202168 0.00631193 0.180202 -0.0918638 0.180202 0.0918638 -0.202168 -0.00631193 
-0.376991 -2.7646 -0.242727 0.0049496 0.227504 -0.0847517 0.227504 0.0847517 -0.242727 -0.0049496 
-0.251327 -2.7646 -0.277243 0.00263504 0.269188 -0.0663952 0.269188 0.0663952 -0.277243 -0.00263504 
-0.125664 -2.7646 -0.298008 -3.33368e-05 0.295654 -0.0373834 0.295654 0.0373834 -0.298008 3.33368e-05 
0 -2.7646 -0.303944 -0.00266038 0.303944 -0.00266038 0.303944 0.00266038 -0.303944 0.00266038 
0.125664 -2.7646 -0.295956 -0.00541102 0.2943 0.0317248 0.2943 -0.0317248 -0.295956 0.00541102 
0.251327 -2.7646 -0.273647 -0.00820303 0.26709 0.0601079 0.26709 -0.0601079 -0.273647 0.00820303 
0.376991 -2.7646 -0.239276 -0.0101962 0.226226 0.078603 0.226226 -0.078603 -0.239276 0.0101962 
0.502655 -2.7646 -0.200226 -0.0107444 0.180635 0.087044 0.180635 -0.087044 -0.200226 0.0107444 
0.628319 -2.7646 -0.163931 -0.010171 0.138601 0.0881277 0.138601 -0.0881277 -0.163931 0.010171 
0.753982 -2.7646 -0.133745 -0.00913296 0.103748 0.0848973 0.103748 -0.0848973 -0.133745 0.00913296 
0.879646 -2.7646 -0.109872 -0.00804137 0.0762307 0.0795317 0.0762307 -0.0795317 -0.109872 0.00804137 
1.00531 -2.7646 -0.0913183 -0.00705134 0.0548844 0.0733243 0.0548844 -0.0733243 -0.0913183 0.00705134 
1.13097 -2.7646 -0.0769242 -0.00619386 0.0383571 0.0669659 0.0383571 -0.0669659 -0.0769242 0.00619386 
1.25664 -2.7646 -0.0656952 -0.00545743 0.0254912 0.0607934 0.0254912 -0.0607934 -0.0656952 0.00545743 
1.3823 -2.7646 -0.056861 -0.00482102 0.0153903 0.0549504 0.0153903 -0.0549504 -0.056861 0.00482102 
1.50796 -2.7646 -0.0498471 -0.0042647 0.00738621 0.0494809 0.00738621 -0.0494809 -0.0498471 0.0042647 
1.63363 -2.7646 -0.04423 -0.0037721 0.000987431 0.0443796 0.000987431 -0.0443796 -0.04423 0.0037721 
1.75929 -2.7646 -0.0396979 -0.00333035 -0.00416728 0.0396188 -0.00416728 -0.0396188 -0.0396979 0.00333035 
1.88496 -2.7646 -0.0360199 -0.00292943 -0.00834469 0.0351622 -0.00834469 -0.0351622 -0.0360199 0.00292943 
2.01062 -2.7646 -0.0330239 -0.0025615 -0.0117432 0.0309716 -0.0117432 -0.0309716 -0.0330239 0.0025615 
2.13628 -2.7646 -0.0305809 -0.00222034 -0.0145114 0.02701 -0.0145114 -0.02701 -0.0305809 0.00222034 
2.26195 -2.7646 -0.0285933 -0.00190095 -0.0167613 0.0232432 -0.0167613 -0.0232432 -0.0285933 0.00190095 
2.38761 -2.7646 -0.0269871 -0.00159926 -0.018578 0.0196397 -0.018578 -0.0196397 -0.0269871 0.00159926 
2.51327 -2.7646 -0.0257062 -0.00131185 -0.0200256 0.016171 -0.0200256 -0.016171 -0.0257062 0.00131185 
2.63894 -2.7646 -0.0247081 -0.00103586 -0.0211528 0.0128109 -0.0211528 -0.0128109 -0.0247081 0.00103586 
2.7646 -2.7646 -0.0239614 -0.000768783 -0.0219957 0.00953556 -0.0219957 -0.00953556 -0.0239614 0.000768783 
2.89027 -2.7646 -0.0234432 -0.000508416 -0.0225802 0.00632253 -0.0225802 -0.00632253 -0.0234432 0.000508416 
3.01593 -2.7646 -0.0231382 -0.000252769 -0.0229241 0.00315077 -0.0229241 -0.00315077 -0.0231382 0.000252769 
-3.14159 -2.63894 -0.0230376 -2.66992e-16 -0.0230376 4.69009e-16 -0.0230376 2.34188e-16 -0.0230376 3.46945e-17 
-3.01593 -2.63894 -0.0231383 0.000251456 -0.0229243 -0.00314947 -0.0229243 0.00314947 -0.0231383 -0.000251456 
-2.89027 -2.63894 -0.0234431 0.000503093 -0.0225815 -0.00631736 -0.0225815 0.00631736 -0.0234431 -0.000503093 
-2.7646 -2.63894 -0.0239608 0.000756551 -0.0219997 -0.00952398 -0.0219997 0.00952398 -0.0239608 -0.000756551 
-2.63894 -2.63894 -0.0247062 0.00101348 -0.021162 -0.0127904 -0.021162 0.0127904 -0.0247062 -0.00101348 
-2.51327 -2.63894 -0.0257019 0.00127556 -0.0200435 -0.0161391 -0.0200435 0.0161391 -0.0257019 -0.00127556 
-2.38761 -2.63894 -0.0269787 0.00154454 -0.0186093 -0.0195941 -0.0186093 0.0195941 -0.0269787 -0.00154454 
-2.26195 -2.63894 -0.0285787 0.00182228 -0.0168126 -0.0231818 -0.0168126 0.0231818 -0.0285787 -0.00182228 
-2.13628 -2.63894 -0.030557 0.00211074 -0.0145911 -0.0269311 -0.0145911 0.0269311 -0.030557 -0.00211074 
-2.01062 -2.63894 -0.0329868 0.00241197 -0.0118627 -0.0308743 -0.0118627 0.0308743 -0.0329868 -0.00241197 
-1.88496 -2.63894 -0.0359643 0.00272813 -0.00851898 -0.0350471 -0.00851898 0.0350471 -0.0359643 -0.00272813 
-1.75929 -2.63894 -0.0396172 0.0030614 -0.00441634 -0.0394891 -0.00441634 0.0394891 -0.0396172 -0.0030614 
-1.63363 -2.63894 -0.0441155 0.00341382 0.000637044 -0.0442428 0.000637044 0.0442428 -0.0441155 -0.00341382 
-1.50796 -2.63894 -0.0496882 0.00378696 0.00689943 -0.0493524 0.00689943 0.0493524 -0.0496882 -0.00378696 
-1.3823 -2.63894 -0.0566457 0.00418131 0.0147216 -0.0548589 0.0147216 0.0548589 -0.0566457 -0.00418131 
-1.25664 -2.63894 -0.0654127 0.00459507 0.0245838 -0.0607912 0.0245838 0.0607912 -0.0654127 -0.00459507 
-1.13097 -2.63894 -0.0765724 0.00502172 0.0371467 -0.0671466 0.0371467 0.0671466 -0.0765724 -0.00502172 
-1.00531 -2.63894 -0.0909233 0.00544532 0.0533168 -0.0738514 0.0533168 0.0738514 -0.0909233 -0.00544532 
-0.879646 -2.63894 -0.109534 0.00583054 0.0743124 -0.0806812 0.0743124 0.0806812 -0.109534 -0.00583054 
-0.753982 -2.63894 -0.133735 0.00610207 0.101665 -0.0870994 0.101665 0.0870994 -0.133735 -0.00610207 
-0.628319 -2.63894 -0.164802 0.00610511 0.136916 -0.0919293 0.136916 0.0919293 -0.164802 -0.00610511 
-0.502655 -2.63894 -0.202724 0.00556058 0.180327 -0.0927902 0.180327 0.0927902 -0.202724 -0.00556058 
-0.376991 -2.63894 -0.243445 0.00414308 0.227874 -0.0857659 0.227874 0.0857659 -0.243445 -0.00414308 
-0.251327 -2.63894 -0.277801 0.00186477 0.269537 -0.0672801 0.269537 0.0672801 -0.277801 -0.00186477 
-0.125664 -2.63894 -0.298156 -0.00077512 0.295708 -0.0381379 0.295708 0.0381379 -0.298156 0.00077512 
0 -2.63894 -0.303722 -0.00346834 0.303722 -0.00346834 0.303722 0.00346834 -0.303722 0.00346834 
0.125664 -2.63894 -0.295493 -0.00632042 0.293955 0.0307645 0.293955 -0.0307645 -0.295493 0.00632042 
0.251327 -2.63894 -0.273122 -0.00912103 0.266809 0.0590881 0.266809 -0.0590881 -0.273122 0.00912103 
0.376991 -2.63894 -0.238938 -0.0109888 0.226204 0.0777418 0.226204 -0.0777418 -0.238938 0.0109888 
0.502655 -2.63894 -0.200179 -0.0113531 0.180887 0.086488 0.180887 -0.086488 -0.200179 0.0113531 
0.628319 -2.63894 -0.164076 -0.0106118 0.138978 0.0878563 0.138978 -0.0878563 -0.164076 0.0106118 
0.753982 -2.63894 -0.133953 -0.00944577 0.104114 0.0848117 0.104114 -0.0848117 -0.133953 0.00944577 
0.879646 -2.63894 -0.110071 -0.0082635 0.0765291 0.0795439 0.0765291 -0.0795439 -0.110071 0.0082635 
1.00531 -2.63894 -0.0914845 -0.00721081 0.0551081 0.0733791 0.0551081 -0.0733791 -0.0914845 0.00721081 
1.13097 -2.63894 -0.0770543 -0.00631007 0.0385176 0.0670341 0.0385176 -0.0670341 -0.0770543 0.00631007 
1.25664 -2.63894 -0.065794 -0.00554341 0.0256036 0.0608608 0.0256036 -0.0608608 -0.065794 0.00554341 
1.3823 -2.63894 -0.0569351 -0.0048855 0.0154675 0.0550111 0.0154675 -0.0550111 -0.0569351 0.0048855 
1.50796 -2.63894 -0.0499021 -0.00431355 0.00743842 0.0495328 0.00743842 -0.0495328 -0.0499021 0.00431355 
1.63363 -2.63894 -0.0442707 -0.00380937 0.00102208 0.0444225 0.00102208 -0.0444225 -0.0442707 0.00380937 
1.75929 -2.63894 -0.0397277 -0.00335887 -0.00414486 0.0396534 -0.00414486 -0.0396534 -0.0397277 0.00335887 
1.88496 -2.63894 -0.0360415 -0.00295121 -0.00833068 0.0351895 -0.00833068 -0.0351895 -0.0360415 0.00295121 
2.01062 -2.63894 -0.0330395 -0.00257802 -0.0117349 0.0309927 -0.0117349 -0.0309927 -0.0330395 0.00257802 
2.13628 -2.63894 -0.0305919 -0.0022327 -0.0145068 0.0270259 -0.0145068 -0.0270259 -0.0305919 0.0022327 
2.26195 -2.63894 -0.0286008 -0.00191002 -0.0167592 0.0232548 -0.0167592 -0.0232548 -0.0286008 0.00191002 
2.38761 -2.63894 -0.0269921 -0.0016057 -0.0185772 0.0196479 -0.0185772 -0.0196479 -0.0269921 0.0016057 
2.51327 -2.63894 -0.0257093 -0.00131622 -0.0200256 0.0161764 -0.0200256 -0.0161764 -0.0257093 0.00131622 
2.63894 -2.63894 -0.0247099 -0.00103861 -0.0211531 0.0128142 -0.0211531 -0.0128142 -0.0247099 0.00103861 
2.7646 -2.63894 -0.0239623 -0.00077032 -0.021996 0.00953734 -0.021996 -0.00953734 -0.0239623 0.00077032 
2.89027 -2.63894 -0.0234436 -0.000509099 -0.0225804 0.00632329 -0.0225804 -0.00632329 -0.0234436 0.000509099 
3.01593 -2.63894 -0.0231383 -0.00025294 -0.0229242 0.00315095 -0.0229242 -0.00315095 -0.0231383 0.00025294 
-3.14159 -2.51327 -0.0230376 -2.66992e-16 -0.0230376 4.69009e-16 -0.0230376 -1.36501e-16 -0.0230376 1.6404e-16 
-3.01593 -2.51327 -0.0231384 0.000251289 -0.0229244 -0.00314931 -0.0229244 0.00314931 -0.0231384 -0.000251289 
-2.89027 -2.51327 -0.0234435 0.000502401 -0.022582 -0.00631678 -0.022582 0.00631678 -0.0234435 -0.000502401 
-2.7646 -2.51327 -0.0239616 0.000754927 -0.022001 -0.00952276 -0.022001 0.00952276 -0.0239616 -0.000754927 
-2.63894 -2.51327 -0.0247076 0.00101045 -0.0211647 -0.0127884 -0.0211647 0.0127884 -0.0247076 -0.00101045 
-2.51327 -2.51327 -0.0257039 0.00127055 -0.0200481 -0.0161363 -0.0200481 0.0161363 -0.0257039 -0.00127055 
-2.38761 -2.51327 -0.0269816 0.00153685 -0.0186167 -0.0195905 -0.0186167 0.0195905 -0.0269816 -0.00153685 
-2.26195 -2.51327 -0.0285824 0.00181103 -0.0168237 -0.0231775 -0.0168237 0.0231775 -0.0285824 -0.00181103 
-2.13628 -2.51327 -0.0305618 0.00209478 -0.0146071 -0.0269266 -0.0146071 0.0269266 -0.0305618 -0.00209478 
-2.01062 -2.51327 -0.0329927 0.00238984 -0.0118852 -0.0308703 -0.0118852 0.0308703 -0.0329927 -0.00238984 
-1.88496 -2.51327 -0.0359716 0.00269788 -0.00855001 -0.0350447 -0.00855001 0.0350447 -0.0359716 -0.00269788 
-1.75929 -2.51327 -0.0396261 0.0030204 -0.0044583 -0.0394902 -0.0044583 0.0394902 -0.0396261 -0.0030204 
-1.63363 -2.51327 -0.0441266 0.00335849 0.000581127 -0.0442504 0.000581127 0.0442504 -0.0441266 -0.00335849 
-1.50796 -2.51327 -0.0497022 0.00371233 0.00682584 -0.0493711 0.00682584 0.0493711 -0.0497022 -0.00371233 
-1.3823 -2.51327 -0.0566643 0.00408045 0.014626 -0.054896 0.014626 0.054896 -0.0566643 -0.00408045 
-1.25664 -2.51327 -0.0654388 0.00445816 0.0244617 -0.0608583 0.0244617 0.0608583 -0.0654388 -0.00445816 
-1.13097 -2.51327 -0.0766119 0.00483498 0.0369946 -0.0672619 0.0369946 0.0672619 -0.0766119 -0.00483498 
-1.00531 -2.51327 -0.0909883 0.00518972 0.0531358 -0.0740431 0.0531358 0.0740431 -0.0909883 -0.00518972 
-0.879646 -2.51327 -0.109649 0.00548147 0.0741163 -0.0809918 0.0741163 0.0809918 -0.109649 -0.00548147 
-0.753982 -2.51327 -0.133943 0.00563252 0.101496 -0.0875847 0.101496 0.0875847 -0.133943 -0.00563252 
-0.628319 -2.51327 -0.165178 0.00549896 0.136864 -0.0926404 0.136864 0.0926404 -0.165178 -0.00549896 
-0.502655 -2.51327 -0.203325 0.00484198 0.180508 -0.0937094 0.180508 0.0937094 -0.203325 -0.00484198 
-0.376991 -2.51327 -0.244168 0.00339962 0.228273 -0.0867234 0.228273 0.0867234 -0.244168 -0.00339962 
-0.251327 -2.51327 -0.278312 0.00118446 0.269862 -0.068066 0.269862 0.068066 -0.278312 -0.00118446 
-0.125664 -2.51327 -0.298232 -0.00142768 0.295701 -0.0387948 0.295701 0.0387948 -0.298232 0.00142768 
0 -2.51327 -0.303441 -0.00421153 0.303441 -0.00421153 0.303441 0.00421153 -0.303441 0.00421153 
0.125664 -2.51327 -0.295017 -0.00718486 0.293592 0.0298473 0.293592 -0.0298473 -0.295017 0.00718486 
0.251327 -2.51327 -0.272644 -0.00999138 0.266563 0.0581263 0.266563 -0.0581263 -0.272644 0.00999138 
0.376991 -2.51327 -0.238684 -0.0117209 0.226238 0.0769678 0.226238 -0.0769678 -0.238684 0.0117209 
0.502655 -2.51327 -0.200214 -0.0118968 0.18118 0.0860286 0.18118 -0.0860286 -0.200214 0.0118968 
0.628319 -2.51327 -0.164284 -0.0109942 0.139371 0.0876692 0.139371 -0.0876692 -0.164284 0.0109942 
0.753982 -2.51327 -0.134206 -0.0097116 0.10448 0.0847907 0.10448 -0.0847907 -0.134206 0.0097116 
0.879646 -2.51327 -0.110301 -0.00844996 0.0768195 0.0796024 0.0768195 -0.0796024 -0.110301 0.00844996 
1.00531 -2.51327 -0.0916719 -0.00734388 0.0553209 0.0734661 0.0553209 -0.0734661 -0.0916719 0.00734388 
1.13097 -2.51327 -0.0771994 -0.00640694 0.0386671 0.0671242 0.0386671 -0.0671242 -0.0771994 0.00640694 
1.25664 -2.51327 -0.0659038 -0.00561526 0.0257058 0.060943 0.0257058 -0.060943 -0.0659038 0.00561526 
1.3823 -2.51327 -0.0570172 -0.00493963 0.0155361 0.0550817 0.0155361 -0.0550817 -0.0570172 0.00493963 
1.50796 -2.51327 -0.0499632 -0.00435484 0.00748346 0.0495912 0.00748346 -0.0495912 -0.0499632 0.00435484 
1.63363 -2.51327 -0.0443159 -0.0038411 0.00105091 0.0444696 0.00105091 -0.0444696 -0.0443159 0.0038411 
1.75929 -2.51327 -0.039761 -0.00338334 -0.00412706 0.0396907 -0.00412706 -0.0396907 -0.039761 0.00338334 
1.88496 -2.51327 -0.0360658 -0.00297006 -0.00832027 0.0352185 -0.00832027 -0.0352185 -0.0360658 0.00297006 
2.01062 -2.51327 -0.033057 -0.00259243 -0.0117293 0.0310147 -0.0117293 -0.0310147 -0.033057 0.00259243 
2.13628 -2.51327 -0.0306043 -0.00224359 -0.0145043 0.0270423 -0.0145043 -0.0270423 -0.0306043 0.00224359 
2.26195 -2.51327 -0.0286095 -0.00191807 -0.0167585 0.0232666 -0.0167585 -0.0232666 -0.0286095 0.00191807 
2.38761 -2.51327 -0.0269979 -0.00161147 -0.0185775 0.019656 -0.0185775 -0.019656 -0.0269979 0.00161147 
2.51327 -2.51327 -0.025713 -0.00132017 -0.0200263 0.0161818 -0.0200263 -0.0161818 -0.025713 0.00132017 
2.63894 -2.51327 -0.0247121 -0.00104112 -0.0211538 0.0128175 -0.0211538 -0.0128175 -0.0247121 0.00104112 
2.7646 -2.51327 -0.0239634 -0.000771726 -0.0219966 0.00953906 -0.0219966 -0.00953906 -0.0239634 0.000771726 
2.89027 -2.51327 -0.0234441 -0.000509728 -0.0225807 0.00632401 -0.0225807 -0.00632401 -0.0234441 0.000509728 
3.01593 -2.51327 -0.0231384 -0.0002531 -0.0229243 0.00315112 -0.0229243 -0.00315112 -0.0231384 0.0002531 
-3.14159 -2.38761 -0.0230376 -2.66992e-16 -0.0230376 4.69009e-16 -0.0230376 9.02056e-17 -0.0230376 -8.84709e-17 
-3.01593 -2.38761 -0.0231385 0.000251135 -0.0229246 -0.00314918 -0.0229246 0.00314918 -0.0231385 -0.000251135 
-2.89027 -2.38761 -0.023444 0.00050176 -0.0225826 -0.00631627 -0.0225826 0.00631627 -0.023444 -0.00050176 
-2.7646 -2.38761 -0.0239626 0.000753415 -0.0220025 -0.00952172 -0.0220025 0.00952172 -0.0239626 -0.000753415 
-2.63894 -2.38761 -0.0247093 0.00100761 -0.0211675 -0.0127868 -0.0211675 0.0127868 -0.0247093 -0.00100761 
-2.51327 -2.38761 -0.0257066 0.00126582 -0.020053 -0.016134 -0.020053 0.016134 -0.0257066 -0.00126582 
-2.38761 -2.38761 -0.0269854 0.00152956 -0.0186244 -0.0195878 -0.0186244 0.0195878 -0.0269854 -0.00152956 
-2.26195 -2.38761 -0.0285876 0.00180031 -0.0168352 -0.0231746 -0.0168352 0.0231746 -0.0285876 -0.00180031 
-2.13628 -2.38761 -0.0305685 0.00207951 -0.0146236 -0.0269241 -0.0146236 0.0269241 -0.0305685 -0.00207951 
-2.01062 -2.38761 -0.0330014 0.00236857 -0.0119082 -0.0308691 -0.0119082 0.0308691 -0.0330014 -0.00236857 
-1.88496 -2.38761 -0.0359827 0.00266869 -0.00858119 -0.0350462 -0.00858119 0.0350462 -0.0359827 -0.00266869 
-1.75929 -2.38761 -0.0396402 0.0029807 -0.00449993 -0.0394966 -0.00449993 0.0394966 -0.0396402 -0.0029807 
-1.63363 -2.38761 -0.0441445 0.00330473 0.000526348 -0.0442649 0.000526348 0.0442649 -0.0441445 -0.00330473 
-1.50796 -2.38761 -0.0497255 0.00363962 0.00675473 -0.0493988 0.00675473 0.0493988 -0.0497255 -0.00363962 
-1.3823 -2.38761 -0.0566952 0.00398194 0.014535 -0.0549448 0.014535 0.0549448 -0.0566952 -0.00398194 
-1.25664 -2.38761 -0.0654814 0.00432423 0.0243475 -0.0609403 0.0243475 0.0609403 -0.0654814 -0.00432423 
-1.13097 -2.38761 -0.0766737 0.00465215 0.0368555 -0.0673956 0.0368555 0.0673956 -0.0766737 -0.00465215 
-1.00531 -2.38761 -0.0910828 0.00493963 0.0529753 -0.074257 0.0529753 0.074257 -0.0910828 -0.00493963 
-0.879646 -2.38761 -0.109801 0.00514075 0.073951 -0.0813265 0.073951 0.0813265 -0.109801 -0.00514075 
-0.753982 -2.38761 -0.134199 0.00517684 0.101371 -0.0880919 0.101371 0.0880919 -0.134199 -0.00517684 
-0.628319 -2.38761 -0.165603 0.00491772 0.136866 -0.0933602 0.136866 0.0933602 -0.165603 -0.00491772 
-0.502655 -2.38761 -0.203959 0.00416942 0.18074 -0.0946044 0.18074 0.0946044 -0.203959 -0.00416942 
-0.376991 -2.38761 -0.244882 0.00273384 0.228692 -0.0876052 0.228692 0.0876052 -0.244882 -0.00273384 
-0.251327 -2.38761 -0.278763 0.000607369 0.270157 -0.0687374 0.270157 0.0687374 -0.278763 -0.000607369 
-0.125664 -2.38761 -0.298232 -0.00197925 0.295632 -0.039342 0.295632 0.039342 -0.298232 0.00197925 
0 -2.38761 -0.303104 -0.00487708 0.303104 -0.00487708 0.303104 0.00487708 -0.303104 0.00487708 
0.125664 -2.38761 -0.294535 -0.00798972 0.293214 0.0289883 0.293214 -0.0289883 -0.294535 0.00798972 
0.251327 -2.38761 -0.27222 -0.0108003 0.266354 0.0572374 0.266354 -0.0572374 -0.27222 0.0108003 
0.376991 -2.38761 -0.238517 -0.0123817 0.226325 0.0762918 0.226325 -0.0762918 -0.238517 0.0123817 
0.502655 -2.38761 -0.200329 -0.012368 0.181508 0.0856712 0.181508 -0.0856712 -0.200329 0.012368 
0.628319 -2.38761 -0.164551 -0.0113128 0.139774 0.0875682 0.139774 -0.0875682 -0.164551 0.0113128 
0.753982 -2.38761 -0.134498 -0.00992664 0.10484 0.0848341 0.10484 -0.0848341 -0.134498 0.00992664 
0.879646 -2.38761 -0.110558 -0.00859796 0.0770972 0.079706 0.0770972 -0.079706 -0.110558 0.00859796 
1.00531 -2.38761 -0.0918775 -0.00744854 0.0555194 0.0735836 0.0555194 -0.0735836 -0.0918775 0.00744854 
1.13097 -2.38761 -0.0773573 -0.00648298 0.0388031 0.0672346 0.0388031 -0.0672346 -0.0773573 0.00648298 
1.25664 -2.38761 -0.0660227 -0.00567186 0.0257964 0.0610386 0.0257964 -0.0610386 -0.0660227 0.00567186 
1.3823 -2.38761 -0.057106 -0.00498258 0.0155949 0.0551609 0.0155949 -0.0551609 -0.057106 0.00498258 
1.50796 -2.38761 -0.0500293 -0.00438791 0.00752062 0.0496551 0.00752062 -0.0496551 -0.0500293 0.00438791 
1.63363 -2.38761 -0.0443649 -0.0038668 0.00107347 0.0445202 0.00107347 -0.0445202 -0.0443649 0.0038668 
1.75929 -2.38761 -0.0397972 -0.00340338 -0.00411416 0.03973 -0.00411416 -0.03973 -0.0397972 0.00340338 
1.88496 -2.38761 -0.0360924 -0.00298568 -0.00831362 0.0352485 -0.00831362 -0.0352485 -0.0360924 0.00298568 
2.01062 -2.38761 -0.0330763 -0.00260452 -0.0117266 0.0310373 -0.0117266 -0.0310373 -0.0330763 0.00260452 
2.13628 -2.38761 -0.0306181 -0.00225282 -0.0145039 0.0270588 -0.0145039 -0.0270588 -0.0306181 0.00225282 
2.26195 -2.38761 -0.0286191 -0.00192498 -0.0167593 0.0232784 -0.0167593 -0.0232784 -0.0286191 0.00192498 
2.38761 -2.38761 -0.0270044 -0.00161647 -0.0185788 0.0196641 -0.0185788 -0.0196641 -0.0270044 0.00161647 
2.51327 -2.38761 -0.0257172 -0.00132361 -0.0200276 0.016187 -0.0200276 -0.016187 -0.0257172 0.00132361 
2.63894 -2.38761 -0.0247146 -0.00104333 -0.0211549 0.0128206 -0.0211549 -0.0128206 -0.0247146 0.00104333 
2.7646 -2.38761 -0.0239647 -0.000772979 -0.0219973 0.00954071 -0.0219973 -0.00954071 -0.0239647 0.000772979 
2.89027 -2.38761 -0.0234446 -0.000510293 -0.0225811 0.0063247 -0.0225811 -0.0063247 -0.0234446 0.000510293 
3.01593 -2.38761 -0.0231386 -0.000253244 -0.0229244 0.00315128 -0.0229244 -0.00315128 -0.0231386 0.000253244 
-3.14159 -2.26195 -0.0230376 -2.66992e-16 -0.0230376 4.69009e-16 -0.0230376 7.80626e-17 -0.0230376 -9.71445e-17 
-3.01593 -2.26195 -0.0231386 0.000250997 -0.0229247 -0.00314906 -0.0229247 0.00314906 -0.0231386 -0.000250997 
-2.89027 -2.26195 -0.0234445 0.000501181 -0.0225833 -0.00631585 -0.0225833 0.00631585 -0.0234445 -0.000501181 
-2.7646 -2.26195 -0.0239638 0.000752038 -0.0220041 -0.00952088 -0.0220041 0.00952088 -0.0239638 -0.000752038 
-2.63894 -2.26195 -0.0247114 0.001005 -0.0211706 -0.0127855 -0.0211706 0.0127855 -0.0247114 -0.001005 
-2.51327 -2.26195 -0.0257098 0.00126147 -0.0200582 -0.0161324 -0.0200582 0.0161324 -0.0257098 -0.00126147 
-2.38761 -2.26195 -0.0269901 0.0015228 -0.0186325 -0.019586 -0.0186325 0.019586 -0.0269901 -0.0015228 
-2.26195 -2.26195 -0.028594 0.0017903 -0.0168471 -0.0231732 -0.0168471 0.0231732 -0.028594 -0.0017903 
-2.13628 -2.26195 -0.0305771 0.00206518 -0.0146404 -0.0269237 -0.0146404 0.0269237 -0.0305771 -0.00206518 
-2.01062 -2.26195 -0.0330127 0.00234851 -0.0119311 -0.0308707 -0.0119311 0.0308707 -0.0330127 -0.00234851 
-1.88496 -2.26195 -0.0359973 0.00264103 -0.00861202 -0.0350516 -0.00861202 0.0350516 -0.0359973 -0.00264103 
-1.75929 -2.26195 -0.0396591 0.00294292 -0.00454058 -0.039508 -0.00454058 0.039508 -0.0396591 -0.00294292 
-1.63363 -2.26195 -0.044169 0.00325339 0.000473572 -0.0442861 0.000473572 0.0442861 -0.044169 -0.00325339 
-1.50796 -2.26195 -0.0497575 0.00356997 0.00668722 -0.0494352 0.00668722 0.0494352 -0.0497575 -0.00356997 
-1.3823 -2.26195 -0.0567379 0.00388734 0.0144501 -0.0550045 0.0144501 0.0550045 -0.0567379 -0.00388734 
-1.25664 -2.26195 -0.06554 0.0041954 0.024243 -0.0610358 0.024243 0.0610358 -0.06554 -0.0041954 
-1.13097 -2.26195 -0.0767568 0.00447618 0.0367316 -0.0675457 0.0367316 0.0675457 -0.0767568 -0.00447618 
-1.00531 -2.26195 -0.0912054 0.00469906 0.0528379 -0.0744894 0.0528379 0.0744894 -0.0912054 -0.00469906 
-0.879646 -2.26195 -0.10999 0.00481394 0.0738194 -0.0816801 0.0738194 0.0816801 -0.10999 -0.00481394 
-0.753982 -2.26195 -0.134497 0.00474263 0.101291 -0.0886126 0.101291 0.0886126 -0.134497 -0.00474263 
-0.628319 -2.26195 -0.166069 0.00437152 0.136922 -0.0940763 0.136922 0.0940763 -0.166069 -0.00437152 
-0.502655 -2.26195 -0.204615 0.0035553 0.181019 -0.0954587 0.181019 0.0954587 -0.204615 -0.0035553 
-0.376991 -2.26195 -0.245572 0.00215861 0.229121 -0.0883939 0.229121 0.0883939 -0.245572 -0.00215861 
-0.251327 -2.26195 -0.279146 0.000144222 0.270412 -0.0692812 0.270412 0.0692812 -0.279146 -0.000144222 
-0.125664 -2.26195 -0.298155 -0.00242059 0.2955 -0.0397702 0.2955 0.0397702 -0.298155 0.00242059 
0 -2.26195 -0.302716 -0.0054541 0.302716 -0.0054541 0.302716 0.0054541 -0.302716 0.0054541 
0.125664 -2.26195 -0.294053 -0.00872212 0.292827 0.0282013 0.292827 -0.0282013 -0.294053 0.00872212 
0.251327 -2.26195 -0.271854 -0.0115357 0.266182 0.0564341 0.266182 -0.0564341 -0.271854 0.0115357 
0.376991 -2.26195 -0.238435 -0.0129623 0.226463 0.0757219 0.226463 -0.0757219 -0.238435 0.0129623 
0.502655 -2.26195 -0.200521 -0.0127605 0.181865 0.0854196 0.181865 -0.0854196 -0.200521 0.0127605 
0.628319 -2.26195 -0.164872 -0.0115635 0.140181 0.087554 0.140181 -0.087554 -0.164872 0.0115635 
0.753982 -2.26195 -0.134826 -0.0100879 0.105189 0.0849408 0.105189 -0.0849408 -0.134826 0.0100879 
0.879646 -2.26195 -0.110838 -0.00870535 0.0773582 0.0798529 0.0773582 -0.0798529 -0.110838 0.00870535 
1.00531 -2.26195 -0.0920981 -0.0075232 0.0557007 0.0737299 0.0557007 -0.0737299 -0.0920981 0.0075232 
1.13097 -2.26195 -0.0775253 -0.00653703 0.0389236 0.0673637 0.0389236 -0.0673637 -0.0775253 0.00653703 
1.25664 -2.26195 -0.0661489 -0.00571232 0.0258739 0.0611462 0.0258739 -0.0611462 -0.0661489 0.00571232 
1.3823 -2.26195 -0.0572002 -0.00501367 0.0156431 0.0552476 0.0156431 -0.0552476 -0.0572002 0.00501367 
1.50796 -2.26195 -0.0500995 -0.00441224 0.0075493 0.0497236 0.0075493 -0.0497236 -0.0500995 0.00441224 
1.63363 -2.26195 -0.0444171 -0.00388605 0.00108941 0.0445734 0.00108941 -0.0445734 -0.0444171 0.00388605 
1.75929 -2.26195 -0.0398358 -0.00341869 -0.00410636 0.0397708 -0.00410636 -0.0397708 -0.0398358 0.00341869 
1.88496 -2.26195 -0.0361208 -0.00299782 -0.00831084 0.0352793 -0.00831084 -0.0352793 -0.0361208 0.00299782 
2.01062 -2.26195 -0.033097 -0.00261409 -0.0117267 0.0310601 -0.0117267 -0.0310601 -0.033097 0.00261409 
2.13628 -2.26195 -0.0306329 -0.00226026 -0.0145055 0.0270753 -0.0145055 -0.0270753 -0.0306329 0.00226026 
2.26195 -2.26195 -0.0286295 -0.00193062 -0.0167615 0.02329 -0.0167615 -0.02329 -0.0286295 0.00193062 
2.38761 -2.26195 -0.0270114 -0.00162062 -0.0185811 0.019672 -0.0185811 -0.019672 -0.0270114 0.00162062 
2.51327 -2.26195 -0.0257217 -0.00132651 -0.0200296 0.016192 -0.0200296 -0.016192 -0.0257217 0.00132651 
2.63894 -2.26195 -0.0247173 -0.00104521 -0.0211564 0.0128236 -0.0211564 -0.0128236 -0.0247173 0.00104521 
2.7646 -2.26195 -0.0239662 -0.000774059 -0.0219983 0.00954225 -0.0219983 -0.00954225 -0.0239662 0.000774059 
2.89027 -2.26195 -0.0234452 -0.000510786 -0.0225816 0.00632533 -0.0225816 -0.00632533 -0.0234452 0.000510786 
3.01593 -2.26195 -0.0231387 -0.000253372 -0.0229245 0.00315142 -0.0229245 -0.00315142 -0.0231387 0.000253372 
-3.14159 -2.13628 -0.0230376 -2.66992e-16 -0.0230376 4.69009e-16 -0.0230376 -2.94903e-17 -0.0230376 1.61329e-16 
-3.01593 -2.13628 -0.0231388 0.000250877 -0.0229249 -0.00314896 -0.0229249 0.00314896 -0.0231388 -0.000250877 
-2.89027 -2.13628 -0.0234451 0.000500673 -0.022584 -0.0063155 -0.022584 0.0063155 -0.0234451 -0.000500673 
-2.7646 -2.13628 -0.0239651 0.000750819 -0.0220058 -0.00952024 -0.0220058 0.00952024 -0.0239651 -0.000750819 
-2.63894 -2.13628 -0.0247138 0.00100268 -0.0211738 -0.0127846 -0.0211738 0.0127846 -0.0247138 -0.00100268 
-2.51327 -2.13628 -0.0257136 0.00125755 -0.0200636 -0.0161314 -0.0200636 0.0161314 -0.0257136 -0.00125755 
-2.38761 -2.13628 -0.0269956 0.00151666 -0.0186407 -0.0195853 -0.0186407 0.0195853 -0.0269956 -0.00151666 
-2.26195 -2.13628 -0.0286017 0.00178115 -0.016859 -0.0231733 -0.016859 0.0231733 -0.0286017 -0.00178115 
-2.13628 -2.13628 -0.0305875 0.00205201 -0.014657 -0.0269254 -0.014657 0.0269254 -0.0305875 -0.00205201 
-2.01062 -2.13628 -0.0330264 0.00232997 -0.0119537 -0.0308753 -0.0119537 0.0308753 -0.0330264 -0.00232997 
-1.88496 -2.13628 -0.0360153 0.00261533 -0.00864201 -0.0350608 -0.00864201 0.0350608 -0.0360153 -0.00261533 
-1.75929 -2.13628 -0.0396825 0.00290766 -0.00457961 -0.0395245 -0.00457961 0.0395245 -0.0396825 -0.00290766 
-1.63363 -2.13628 -0.0441996 0.00320528 0.000423633 -0.0443137 0.000423633 0.0443137 -0.0441996 -0.00320528 
-1.50796 -2.13628 -0.0497979 0.00350448 0.0066244 -0.0494796 0.0066244 0.0494796 -0.0497979 -0.00350448 
-1.3823 -2.13628 -0.0567919 0.00379816 0.0143726 -0.0550743 0.0143726 0.0550743 -0.0567919 -0.00379816 
-1.25664 -2.13628 -0.0656136 0.00407372 0.0241501 -0.0611434 0.0241501 0.0611434 -0.0656136 -0.00407372 
-1.13097 -2.13628 -0.0768598 0.00430985 0.036625 -0.0677098 0.036625 0.0677098 -0.0768598 -0.00430985 
-1.00531 -2.13628 -0.0913542 0.00447189 0.0527258 -0.0747367 0.0527258 0.0747367 -0.0913542 -0.00447189 
-0.879646 -2.13628 -0.110211 0.00450637 0.0737235 -0.0820468 0.0737235 0.0820468 -0.110211 -0.00450637 
-0.753982 -2.13628 -0.134833 0.00433717 0.101258 -0.0891381 0.101258 0.0891381 -0.134833 -0.00433717 
-0.628319 -2.13628 -0.166569 0.00386988 0.137032 -0.0947761 0.137032 0.0947761 -0.166569 -0.00386988 
-0.502655 -2.13628 -0.205281 0.00301087 0.18134 -0.0962565 0.18134 0.0962565 -0.205281 -0.00301087 
-0.376991 -2.13628 -0.246223 0.00168471 0.229553 -0.0890744 0.229553 0.0890744 -0.246223 -0.00168471 
-0.251327 -2.13628 -0.279452 -0.000197072 0.270623 -0.0696878 0.270623 0.0696878 -0.279452 0.000197072 
-0.125664 -2.13628 -0.298 -0.0027451 0.295307 -0.0400728 0.295307 0.0400728 -0.298 0.0027451 
0 -2.13628 -0.302282 -0.0059339 0.302282 -0.0059339 0.302282 0.0059339 -0.302282 0.0059339 
0.125664 -2.13628 -0.293577 -0.0093711 0.292436 0.0274977 0.292436 -0.0274977 -0.293577 0.0093711 
0.251327 -2.13628 -0.27155 -0.0121877 0.26605 0.055727 0.26605 -0.055727 -0.27155 0.0121877 
0.376991 -2.13628 -0.238439 -0.0134557 0.226648 0.0752643 0.226648 -0.0752643 -0.238439 0.0134557 
0.502655 -2.13628 -0.200784 -0.0130698 0.182245 0.0852754 0.182245 -0.0852754 -0.200784 0.0130698 
0.628319 -2.13628 -0.165241 -0.0117432 0.140585 0.0876256 0.140585 -0.0876256 -0.165241 0.0117432 
0.753982 -2.13628 -0.135183 -0.0101931 0.105522 0.0851086 0.105522 -0.0851086 -0.135183 0.0101931 
0.879646 -2.13628 -0.111135 -0.00877061 0.0775982 0.0800407 0.0775982 -0.0800407 -0.111135 0.00877061 
1.00531 -2.13628 -0.0923301 -0.00756676 0.0558618 0.0739024 0.0558618 -0.0739024 -0.0923301 0.00756676 
1.13097 -2.13628 -0.077701 -0.00656826 0.0390266 0.0675094 0.0390266 -0.0675094 -0.077701 0.00656826 
1.25664 -2.13628 -0.0662804 -0.00573603 0.0259371 0.0612639 0.0259371 -0.0612639 -0.0662804 0.00573603 
1.3823 -2.13628 -0.0572983 -0.00503243 0.0156799 0.0553404 0.0156799 -0.0553404 -0.0572983 0.00503243 
1.50796 -2.13628 -0.0501725 -0.00442745 0.00756907 0.0497955 0.00756907 -0.0497955 -0.0501725 0.00442745 
1.63363 -2.13628 -0.0444714 -0.00389855 0.00109848 0.0446285 0.00109848 -0.0446285 -0.0444714 0.00389855 
1.75929 -2.13628 -0.0398762 -0.00342901 -0.00410378 0.0398124 -0.00410378 -0.0398124 -0.0398762 0.00342901 
1.88496 -2.13628 -0.0361506 -0.00300631 -0.00831198 0.0353103 -0.00831198 -0.0353103 -0.0361506 0.00300631 
2.01062 -2.13628 -0.0331187 -0.002621 -0.0117297 0.0310827 -0.0117297 -0.0310827 -0.0331187 0.002621 
2.13628 -2.13628 -0.0306486 -0.00226578 -0.0145093 0.0270915 -0.0145093 -0.0270915 -0.0306486 0.00226578 
2.26195 -2.13628 -0.0286405 -0.00193492 -0.0167653 0.0233013 -0.0167653 -0.0233013 -0.0286405 0.00193492 
2.38761 -2.13628 -0.027019 -0.00162385 -0.0185844 0.0196795 -0.0185844 -0.0196795 -0.027019 0.00162385 
2.51327 -2.13628 -0.0257266 -0.00132882 -0.0200322 0.0161968 -0.0200322 -0.0161968 -0.0257266 0.00132882 
2.63894 -2.13628 -0.0247203 -0.00104673 -0.0211583 0.0128264 -0.0211583 -0.0128264 -0.0247203 0.00104673 
2.7646 -2.13628 -0.0239678 -0.000774949 -0.0219994 0.00954366 -0.0219994 -0.00954366 -0.0239678 0.000774949 
2.89027 -2.13628 -0.0234459 -0.000511198 -0.0225822 0.00632589 -0.0225822 -0.00632589 -0.0234459 0.000511198 
3.01593 -2.13628 -0.0231389 -0.000253479 -0.0229246 0.00315155 -0.0229246 -0.00315155 -0.0231389 0.000253479 
-3.14159 -2.01062 -0.0230376 -2.66992e-16 -0.0230376 4.69009e-16 -0.0230376 6.17995e-17 -0.0230376 -1.17636e-17 
-3.01593 -2.01062 -0.0231389 0.000250778 -0.0229251 -0.00314888 -0.0229251 0.00314888 -0.0231389 -0.000250778 
-2.89027 -2.01062 -0.0234458 0.000500244 -0.0225848 -0.00631525 -0.0225848 0.00631525 -0.0234458 -0.000500244 
-2.7646 -2.01062 -0.0239666 0.000749776 -0.0220076 -0.00951982 -0.0220076 0.00951982 -0.0239666 -0.000749776 
-2.63894 -2.01062 -0.0247165 0.00100066 -0.0211771 -0.0127841 -0.0211771 0.0127841 -0.0247165 -0.00100066 
-2.51327 -2.01062 -0.0257178 0.00125412 -0.020069 -0.0161312 -0.020069 0.0161312 -0.0257178 -0.00125412 
-2.38761 -2.01062 -0.0270018 0.00151124 -0.0186489 -0.0195856 -0.0186489 0.0195856 -0.0270018 -0.00151124 
-2.26195 -2.01062 -0.0286104 0.00177302 -0.0168708 -0.0231749 -0.0168708 0.0231749 -0.0286104 -0.00177302 
-2.13628 -2.01062 -0.0305994 0.00204021 -0.0146734 -0.0269291 -0.0146734 0.0269291 -0.0305994 -0.00204021 
-2.01062 -2.01062 -0.0330423 0.00231324 -0.0119757 -0.0308825 -0.0119757 0.0308825 -0.0330423 -0.00231324 
-1.88496 -2.01062 -0.0360363 0.002592 -0.00867069 -0.0350735 -0.00867069 0.0350735 -0.0360363 -0.002592 
-1.75929 -2.01062 -0.0397101 0.00287547 -0.0046164 -0.0395456 -0.0046164 0.0395456 -0.0397101 -0.00287547 
-1.63363 -2.01062 -0.044236 0.00316116 0.000377321 -0.0443472 0.000377321 0.0443472 -0.044236 -0.00316116 
-1.50796 -2.01062 -0.049846 0.00344418 0.00656724 -0.0495313 0.00656724 0.0495313 -0.049846 -0.00344418 
-1.3823 -2.01062 -0.0568562 0.0037158 0.0143038 -0.0551529 0.0143038 0.0551529 -0.0568562 -0.0037158 
-1.25664 -2.01062 -0.0657011 0.00396113 0.02407 -0.0612614 0.02407 0.0612614 -0.0657011 -0.00396113 
-1.13097 -2.01062 -0.0769812 0.00415584 0.0365373 -0.0678852 0.0365373 0.0678852 -0.0769812 -0.00415584 
-1.00531 -2.01062 -0.0915268 0.00426178 0.0526408 -0.074995 0.0526408 0.074995 -0.0915268 -0.00426178 
-0.879646 -2.01062 -0.110462 0.00422307 0.0736651 -0.0824206 0.0736651 0.0824206 -0.110462 -0.00422307 
-0.753982 -2.01062 -0.135201 0.00396724 0.101273 -0.0896596 0.101273 0.0896596 -0.135201 -0.00396724 
-0.628319 -2.01062 -0.167094 0.00342148 0.137193 -0.0954475 0.137193 0.0954475 -0.167094 -0.00342148 
-0.502655 -2.01062 -0.205944 0.00254591 0.181696 -0.0969832 0.181696 0.0969832 -0.205944 -0.00254591 
-0.376991 -2.01062 -0.246824 0.00132049 0.229977 -0.0896343 0.229977 0.0896343 -0.246824 -0.00132049 
-0.251327 -2.01062 -0.279675 -0.000411588 0.270786 -0.0699509 0.270786 0.0699509 -0.279675 0.000411588 
-0.125664 -2.01062 -0.297771 -0.00294894 0.295054 -0.0402463 0.295054 0.0402463 -0.297771 0.00294894 
0 -2.01062 -0.301808 -0.00631002 0.301808 -0.00631002 0.301808 0.00631002 -0.301808 0.00631002 
0.125664 -2.01062 -0.293112 -0.00992774 0.292045 0.0268872 0.292045 -0.0268872 -0.293112 0.00992774 
0.251327 -2.01062 -0.271309 -0.0127481 0.265956 0.0551242 0.265956 -0.0551242 -0.271309 0.0127481 
0.376991 -2.01062 -0.238523 -0.0138564 0.226874 0.0749229 0.226874 -0.0749229 -0.238523 0.0138564 
0.502655 -2.01062 -0.201114 -0.0132926 0.182641 0.085239 0.182641 -0.085239 -0.201114 0.0132926 
0.628319 -2.01062 -0.165652 -0.0118499 0.14098 0.0877811 0.14098 -0.0877811 -0.165652 0.0118499 
0.753982 -2.01062 -0.135564 -0.0102412 0.105833 0.0853346 0.105833 -0.0853346 -0.135564 0.0102412 
0.879646 -2.01062 -0.111447 -0.00879289 0.0778138 0.0802663 0.0778138 -0.0802663 -0.111447 0.00879289 
1.00531 -2.01062 -0.09257 -0.00757862 0.0560004 0.0740986 0.0560004 -0.0740986 -0.09257 0.00757862 
1.13097 -2.01062 -0.0778815 -0.00657621 0.0391107 0.0676693 0.0391107 -0.0676693 -0.0778815 0.00657621 
1.25664 -2.01062 -0.0664151 -0.00574263 0.025985 0.06139 0.025985 -0.06139 -0.0664151 0.00574263 
1.3823 -2.01062 -0.0573986 -0.00503855 0.0157047 0.0554378 0.0157047 -0.0554378 -0.0573986 0.00503855 
1.50796 -2.01062 -0.0502473 -0.00443331 0.00757961 0.0498698 0.00757961 -0.0498698 -0.0502473 0.00443331 
1.63363 -2.01062 -0.0445272 -0.00390412 0.00110053 0.0446844 0.00110053 -0.0446844 -0.0445272 0.00390412 
1.75929 -2.01062 -0.0399176 -0.00343418 -0.00410647 0.0398541 -0.00410647 -0.0398541 -0.0399176 0.00343418 
1.88496 -2.01062 -0.0361813 -0.00301099 -0.00831701 0.0353409 -0.00831701 -0.0353409 -0.0361813 0.00301099 
2.01062 -2.01062 -0.0331413 -0.00262512 -0.0117356 0.0311048 -0.0117356 -0.0311048 -0.0331413 0.00262512 
2.13628 -2.01062 -0.0306649 -0.00226929 -0.0145151 0.0271072 -0.0145151 -0.0271072 -0.0306649 0.00226929 
2.26195 -2.01062 -0.0286521 -0.00193781 -0.0167704 0.023312 -0.0167704 -0.023312 -0.0286521 0.00193781 
2.38761 -2.01062 -0.0270269 -0.00162612 -0.0185886 0.0196865 -0.0185886 -0.0196865 -0.0270269 0.00162612 
2.51327 -2.01062 -0.0257318 -0.0013305 -0.0200354 0.0162012 -0.0200354 -0.0162012 -0.0257318 0.0013305 
2.63894 -2.01062 -0.0247234 -0.00104788 -0.0211605 0.0128289 -0.0211605 -0.0128289 -0.0247234 0.00104788 
2.7646 -2.01062 -0.0239695 -0.000775636 -0.0220007 0.00954492 -0.0220007 -0.00954492 -0.0239695 0.000775636 
2.89027 -2.01062 -0.0234466 -0.000511523 -0.0225828 0.00632639 -0.0225828 -0.00632639 -0.0234466 0.000511523 
3.01593 -2.01062 -0.0231391 -0.000253566 -0.0229248 0.00315166 -0.0229248 -0.00315166 -0.0231391 0.000253566 
-3.14159 -1.88496 -0.0230376 -2.66992e-16 -0.0230376 4.69009e-16 -0.0230376 6.41848e-17 -0.0230376 -2.86229e-17 
-3.01593 -1.88496 -0.0231391 0.0002507 -0.0229252 -0.00314882 -0.0229252 0.00314882 -0.0231391 -0.0002507 
-2.89027 -1.88496 -0.0234465 0.000499901 -0.0225855 -0.0063151 -0.0225855 0.0063151 -0.0234465 -0.000499901 
-2.7646 -1.88496 -0.0239682 0.000748926 -0.0220094 -0.00951962 -0.0220094 0.00951962 -0.0239682 -0.000748926 
-2.63894 -1.88496 -0.0247194 0.000998998 -0.0211805 -0.0127841 -0.0211805 0.0127841 -0.0247194 -0.000998998 
-2.51327 -1.88496 -0.0257224 0.00125124 -0.0200744 -0.0161315 -0.0200744 0.0161315 -0.0257224 -0.00125124 
-2.38761 -1.88496 -0.0270086 0.00150664 -0.0186571 -0.019587 -0.0186571 0.019587 -0.0270086 -0.00150664 
-2.26195 -1.88496 -0.0286201 0.00176603 -0.0168824 -0.0231779 -0.0168824 0.0231779 -0.0286201 -0.00176603 
-2.13628 -1.88496 -0.0306127 0.00202996 -0.0146892 -0.0269349 -0.0146892 0.0269349 -0.0306127 -0.00202996 
-2.01062 -1.88496 -0.0330602 0.00229859 -0.0119965 -0.0308925 -0.0119965 0.0308925 -0.0330602 -0.00229859 
-1.88496 -1.88496 -0.0360601 0.00257141 -0.00869762 -0.0350898 -0.00869762 0.0350898 -0.0360601 -0.00257141 
-1.75929 -1.88496 -0.0397415 0.00284687 -0.00465037 -0.039571 -0.00465037 0.039571 -0.0397415 -0.00284687 
-1.63363 -1.88496 -0.0442774 0.00312173 0.000335367 -0.044386 0.000335367 0.044386 -0.0442774 -0.00312173 
-1.50796 -1.88496 -0.0499009 0.00339004 0.00651666 -0.0495896 0.00651666 0.0495896 -0.0499009 -0.00339004 
-1.3823 -1.88496 -0.0569298 0.00364158 0.0142447 -0.0552391 0.0142447 0.0552391 -0.0569298 -0.00364158 
-1.25664 -1.88496 -0.065801 0.00385942 0.0240041 -0.0613878 0.0240041 0.0613878 -0.065801 -0.00385942 
-1.13097 -1.88496 -0.077119 0.0040166 0.03647 -0.0680692 0.03647 0.0680692 -0.077119 -0.0040166 
-1.00531 -1.88496 -0.0917203 0.00407211 0.0525844 -0.0752601 0.0525844 0.0752601 -0.0917203 -0.00407211 
-0.879646 -1.88496 -0.110738 0.00396866 0.0736449 -0.0827953 0.0736449 0.0827953 -0.110738 -0.00396866 
-0.753982 -1.88496 -0.135595 0.003639 0.101336 -0.0901684 0.101336 0.0901684 -0.135595 -0.003639 
-0.628319 -1.88496 -0.167635 0.00303401 0.137403 -0.0960788 0.137403 0.0960788 -0.167635 -0.00303401 
-0.502655 -1.88496 -0.206591 0.0021685 0.182082 -0.0976258 0.182082 0.0976258 -0.206591 -0.0021685 
-0.376991 -1.88496 -0.247363 0.00107169 0.230387 -0.0900639 0.230387 0.0900639 -0.247363 -0.00107169 
-0.251327 -1.88496 -0.279811 -0.00049741 0.270896 -0.0700678 0.270896 0.0700678 -0.279811 0.00049741 
-0.125664 -1.88496 -0.297472 -0.00303095 0.294747 -0.0402902 0.294747 0.0402902 -0.297472 0.00303095 
0 -1.88496 -0.301301 -0.00657829 0.301301 -0.00657829 0.301301 0.00657829 -0.301301 0.00657829 
0.125664 -1.88496 -0.292664 -0.0103852 0.291658 0.0263772 0.291658 -0.0263772 -0.292664 0.0103852 
0.251327 -1.88496 -0.271131 -0.0132107 0.265898 0.0546319 0.265898 -0.0546319 -0.271131 0.0132107 
0.376991 -1.88496 -0.238686 -0.0141607 0.227138 0.0746999 0.227138 -0.0746999 -0.238686 0.0141607 
0.502655 -1.88496 -0.201503 -0.013427 0.183047 0.0853089 0.183047 -0.0853089 -0.201503 0.013427 
0.628319 -1.88496 -0.166099 -0.0118826 0.141361 0.0880171 0.141361 -0.0880171 -0.166099 0.0118826 
0.753982 -1.88496 -0.135964 -0.0102317 0.106117 0.085615 0.106117 -0.085615 -0.135964 0.0102317 
0.879646 -1.88496 -0.111767 -0.00877198 0.0780016 0.0805261 0.0780016 -0.0805261 -0.111767 0.00877198 
1.00531 -1.88496 -0.092814 -0.00755865 0.0561142 0.0743153 0.0561142 -0.0743153 -0.092814 0.00755865 
1.13097 -1.88496 -0.0780641 -0.00656079 0.0391744 0.067841 0.0391744 -0.067841 -0.0780641 0.00656079 
1.25664 -1.88496 -0.0665509 -0.00573203 0.0260168 0.0615224 0.0260168 -0.0615224 -0.0665509 0.00573203 
1.3823 -1.88496 -0.0574997 -0.00503195 0.0157172 0.0555383 0.0157172 -0.0555383 -0.0574997 0.00503195 
1.50796 -1.88496 -0.0503227 -0.00442972 0.00758077 0.0499452 0.00758077 -0.0499452 -0.0503227 0.00442972 
1.63363 -1.88496 -0.0445834 -0.00390266 0.00109554 0.0447405 0.00109554 -0.0447405 -0.0445834 0.00390266 
1.75929 -1.88496 -0.0399596 -0.00343413 -0.00411438 0.0398953 -0.00411438 -0.0398953 -0.0399596 0.00343413 
1.88496 -1.88496 -0.0362124 -0.00301181 -0.00832586 0.0353708 -0.00832586 -0.0353708 -0.0362124 0.00301181 
2.01062 -1.88496 -0.0331642 -0.0026264 -0.0117442 0.0311261 -0.0117442 -0.0311261 -0.0331642 0.0026264 
2.13628 -1.88496 -0.0306815 -0.00227074 -0.0145227 0.027122 -0.0145227 -0.027122 -0.0306815 0.00227074 
2.26195 -1.88496 -0.0286639 -0.00193923 -0.0167768 0.023322 -0.0167768 -0.023322 -0.0286639 0.00193923 
2.38761 -1.88496 -0.027035 -0.00162738 -0.0185936 0.019693 -0.0185936 -0.019693 -0.027035 0.00162738 
2.51327 -1.88496 -0.0257371 -0.00133152 -0.0200391 0.0162051 -0.0200391 -0.0162051 -0.0257371 0.00133152 
2.63894 -1.88496 -0.0247267 -0.00104862 -0.021163 0.0128311 -0.021163 -0.0128311 -0.0247267 0.00104862 
2.7646 -1.88496 -0.0239712 -0.000776107 -0.0220022 0.009546 -0.0220022 -0.009546 -0.0239712 0.000776107 
2.89027 -1.88496 -0.0234474 -0.000511756 -0.0225834 0.0063268 -0.0225834 -0.0063268 -0.0234474 0.000511756 
3.01593 -1.88496 -0.0231392 -0.000253631 -0.022925 0.00315175 -0.022925 -0.00315175 -0.0231392 0.000253631 
-3.14159 -1.75929 -0.0230376 -2.66992e-16 -0.0230376 4.69009e-16 -0.0230376 1.05818e-16 -0.0230376 -1.35308e-16 
-3.01593 -1.75929 -0.0231393 0.000250644 -0.0229254 -0.00314879 -0.0229254 0.00314879 -0.0231393 -0.000250644 
-2.89027 -1.75929 -0.0234472 0.000499649 -0.0225863 -0.00631504 -0.0225863 0.00631504 -0.0234472 -0.000499649 
-2.7646 -1.75929 -0.0239699 0.000748283 -0.0220112 -0.00951965 -0.0220112 0.00951965 -0.0239699 -0.000748283 
-2.63894 -1.75929 -0.0247225 0.000997705 -0.0211838 -0.0127844 -0.0211838 0.0127844 -0.0247225 -0.000997705 
-2.51327 -1.75929 -0.0257274 0.00124895 -0.0200798 -0.0161326 -0.0200798 0.0161326 -0.0257274 -0.00124895 
-2.38761 -1.75929 -0.027016 0.00150292 -0.018665 -0.0195893 -0.018665 0.0195893 -0.027016 -0.00150292 
-2.26195 -1.75929 -0.0286306 0.00176028 -0.0168935 -0.0231823 -0.0168935 0.0231823 -0.0286306 -0.00176028 
-2.13628 -1.75929 -0.0306272 0.00202142 -0.0147041 -0.0269425 -0.0147041 0.0269425 -0.0306272 -0.00202142 
-2.01062 -1.75929 -0.0330798 0.00228624 -0.012016 -0.0309049 -0.012016 0.0309049 -0.0330798 -0.00228624 
-1.88496 -1.75929 -0.0360861 0.00255388 -0.00872235 -0.0351092 -0.00872235 0.0351092 -0.0360861 -0.00255388 
-1.75929 -1.75929 -0.0397761 0.00282231 -0.00468099 -0.0396004 -0.00468099 0.0396004 -0.0397761 -0.00282231 
-1.63363 -1.75929 -0.0443233 0.00308761 0.000298435 -0.0444297 0.000298435 0.0444297 -0.0443233 -0.00308761 
-1.50796 -1.75929 -0.049962 0.00334291 0.00647345 -0.0496535 0.00647345 0.0496535 -0.049962 -0.00334291 
-1.3823 -1.75929 -0.0570116 0.00357666 0.0141962 -0.0553316 0.0141962 0.0553316 -0.0570116 -0.00357666 
-1.25664 -1.75929 -0.0659117 0.0037702 0.0239535 -0.0615207 0.0239535 0.0615207 -0.0659117 -0.0037702 
-1.13097 -1.75929 -0.0772711 0.00389435 0.0364241 -0.0682588 0.0364241 0.0682588 -0.0772711 -0.00389435 
-1.00531 -1.75929 -0.0919317 0.00390594 0.0525574 -0.0755276 0.0525574 0.0755276 -0.0919317 -0.00390594 
-0.879646 -1.75929 -0.111035 0.0037473 0.0736634 -0.083165 0.0736634 0.083165 -0.111035 -0.0037473 
-0.753982 -1.75929 -0.136008 0.0033579 0.101444 -0.0906561 0.101444 0.0906561 -0.136008 -0.0033579 
-0.628319 -1.75929 -0.168182 0.00271396 0.137657 -0.0966593 0.137657 0.0966593 -0.168182 -0.00271396 
-0.502655 -1.75929 -0.207212 0.0018848 0.182489 -0.0981734 0.182489 0.0981734 -0.207212 -0.0018848 
-0.376991 -1.75929 -0.24783 0.000941395 0.230774 -0.0903572 0.230774 0.0903572 -0.24783 -0.000941395 
-0.251327 -1.75929 -0.279859 -0.000455527 0.270953 -0.0700393 0.270953 0.0700393 -0.279859 0.000455527 
-0.125664 -1.75929 -0.297109 -0.0029925 0.294391 -0.0402065 0.294391 0.0402065 -0.297109 0.0029925 
0 -1.75929 -0.300769 -0.00673675 0.300769 -0.00673675 0.300769 0.00673675 -0.300769 0.00673675 
0.125664 -1.75929 -0.292237 -0.0107386 0.291278 0.0259731 0.291278 -0.0259731 -0.292237 0.0107386 
0.251327 -1.75929 -0.271016 -0.013571 0.265876 0.0542542 0.265876 -0.0542542 -0.271016 0.013571 
0.376991 -1.75929 -0.238922 -0.0143663 0.227432 0.0745954 0.227432 -0.0745954 -0.238922 0.0143663 
0.502655 -1.75929 -0.201946 -0.0134725 0.183457 0.0854822 0.183457 -0.0854822 -0.201946 0.0134725 
0.628319 -1.75929 -0.166574 -0.0118417 0.141721 0.0883293 0.141721 -0.0883293 -0.166574 0.0118417 
0.753982 -1.75929 -0.136375 -0.010165 0.106372 0.0859452 0.106372 -0.0859452 -0.136375 0.010165 
0.879646 -1.75929 -0.11209 -0.00870833 0.0781588 0.080816 0.0781588 -0.080816 -0.11209 0.00870833 
1.00531 -1.75929 -0.0930583 -0.00750721 0.0562016 0.0745491 0.0562016 -0.0745491 -0.0930583 0.00750721 
1.13097 -1.75929 -0.0782457 -0.00652226 0.0392169 0.0680218 0.0392169 -0.0680218 -0.0782457 0.00652226 
1.25664 -1.75929 -0.0666857 -0.00570439 0.0260322 0.0616591 0.0260322 -0.0616591 -0.0666857 0.00570439 
1.3823 -1.75929 -0.0575999 -0.00501274 0.0157171 0.0556404 0.0157171 -0.0556404 -0.0575999 0.00501274 
1.50796 -1.75929 -0.0503974 -0.00441675 0.00757252 0.0500207 0.00757252 -0.0500207 -0.0503974 0.00441675 
1.63363 -1.75929 -0.0446393 -0.00389419 0.00108358 0.0447957 0.00108358 -0.0447957 -0.0446393 0.00389419 
1.75929 -1.75929 -0.0400013 -0.00342885 -0.00412738 0.0399353 -0.00412738 -0.0399353 -0.0400013 0.00342885 
1.88496 -1.75929 -0.0362435 -0.00300874 -0.00833838 0.0353994 -0.00833838 -0.0353994 -0.0362435 0.00300874 
2.01062 -1.75929 -0.0331871 -0.00262481 -0.0117554 0.0311462 -0.0117554 -0.0311462 -0.0331871 0.00262481 
2.13628 -1.75929 -0.0306982 -0.00227012 -0.0145322 0.0271358 -0.0145322 -0.0271358 -0.0306982 0.00227012 
2.26195 -1.75929 -0.0286758 -0.00193918 -0.0167845 0.0233312 -0.0167845 -0.0233312 -0.0286758 0.00193918 
2.38761 -1.75929 -0.0270432 -0.00162762 -0.0185995 0.0196988 -0.0185995 -0.0196988 -0.0270432 0.00162762 
2.51327 -1.75929 -0.0257425 -0.00133188 -0.0200433 0.0162086 -0.0200433 -0.0162086 -0.0257425 0.00133188 
2.63894 -1.75929 -0.02473 -0.00104896 -0.0211657 0.012833 -0.0211657 -0.012833 -0.02473 0.00104896 
2.7646 -1.75929 -0.023973 -0.000776356 -0.0220038 0.0095469 -0.0220038 -0.0095469 -0.023973 0.000776356 
2.89027 -1.75929 -0.0234481 -0.000511894 -0.0225842 0.00632713 -0.0225842 -0.00632713 -0.0234481 0.000511894 
3.01593 -1.75929 -0.0231394 -0.000253672 -0.0229252 0.00315181 -0.0229252 -0.00315181 -0.0231394 0.000253672 
-3.14159 -1.63363 -0.0230376 -2.66992e-16 -0.0230376 4.69009e-16 -0.0230376 -7.45931e-17 -0.0230376 -5.20417e-18 
-3.01593 -1.63363 -0.0231395 0.000250613 -0.0229256 -0.00314879 -0.0229256 0.00314879 -0.0231395 -0.000250613 
-2.89027 -1.63363 -0.023448 0.000499492 -0.0225871 -0.00631508 -0.0225871 0.00631508 -0.023448 -0.000499492 
-2.7646 -1.63363 -0.0239717 0.000747856 -0.022013 -0.00951991 -0.022013 0.00951991 -0.0239717 -0.000747856 
-2.63894 -1.63363 -0.0247257 0.000996803 -0.0211871 -0.0127852 -0.0211871 0.0127852 -0.0247257 -0.000996803 
-2.51327 -1.63363 -0.0257326 0.0012473 -0.0200849 -0.0161343 -0.0200849 0.0161343 -0.0257326 -0.0012473 
-2.38761 -1.63363 -0.0270238 0.00150014 -0.0186726 -0.0195926 -0.0186726 0.0195926 -0.0270238 -0.00150014 
-2.26195 -1.63363 -0.0286417 0.00175588 -0.016904 -0.023188 -0.016904 0.023188 -0.0286417 -0.00175588 
-2.13628 -1.63363 -0.0306426 0.00201474 -0.014718 -0.0269519 -0.014718 0.0269519 -0.0306426 -0.00201474 
-2.01062 -1.63363 -0.0331007 0.00227639 -0.0120338 -0.0309196 -0.0120338 0.0309196 -0.0331007 -0.00227639 
-1.88496 -1.63363 -0.0361142 0.00253968 -0.00874451 -0.0351314 -0.00874451 0.0351314 -0.0361142 -0.00253968 
-1.75929 -1.63363 -0.0398135 0.00280217 -0.00470777 -0.0396333 -0.00470777 0.0396333 -0.0398135 -0.00280217 
-1.63363 -1.63363 -0.0443729 0.00305934 0.000267107 -0.0444775 0.000267107 0.0444775 -0.0443729 -0.00305934 
-1.50796 -1.63363 -0.0500281 0.00330353 0.0064383 -0.049722 0.0064383 0.049722 -0.0500281 -0.00330353 
-1.3823 -1.63363 -0.0571003 0.00352208 0.0141592 -0.0554289 0.0141592 0.0554289 -0.0571003 -0.00352208 
-1.25664 -1.63363 -0.0660316 0.00369488 0.0239189 -0.061658 0.0239189 0.061658 -0.0660316 -0.00369488 
-1.13097 -1.63363 -0.0774349 0.00379104 0.0364004 -0.068451 0.0364004 0.068451 -0.0774349 -0.00379104 
-1.00531 -1.63363 -0.0921577 0.00376592 0.0525602 -0.0757934 0.0525602 0.0757934 -0.0921577 -0.00376592 
-0.879646 -1.63363 -0.111347 0.00356254 0.0737202 -0.0835235 0.0737202 0.0835235 -0.111347 -0.00356254 
-0.753982 -1.63363 -0.136433 0.00312851 0.101597 -0.0911144 0.101597 0.0911144 -0.136433 -0.00312851 
-0.628319 -1.63363 -0.168726 0.00246654 0.137952 -0.0971791 0.137952 0.0971791 -0.168726 -0.00246654 
-0.502655 -1.63363 -0.207795 0.00169899 0.18291 -0.098617 0.18291 0.098617 -0.207795 -0.00169899 
-0.376991 -1.63363 -0.248219 0.000929985 0.231131 -0.090511 0.231131 0.090511 -0.248219 -0.000929985 
-0.251327 -1.63363 -0.279821 -0.00028962 0.270958 -0.0698693 0.270958 0.0698693 -0.279821 0.00028962 
-0.125664 -1.63363 -0.296689 -0.00283729 0.293994 -0.0399999 0.293994 0.0399999 -0.296689 0.00283729 
0 -1.63363 -0.300219 -0.0067855 0.300219 -0.0067855 0.300219 0.0067855 -0.300219 0.0067855 
0.125664 -1.63363 -0.291835 -0.010985 0.290911 0.0256782 0.290911 -0.0256782 -0.291835 0.010985 
0.251327 -1.63363 -0.270962 -0.0138265 0.265888 0.0539934 0.265888 -0.0539934 -0.270962 0.0138265 
0.376991 -1.63363 -0.239224 -0.0144726 0.227753 0.0746081 0.227753 -0.0746081 -0.239224 0.0144726 
0.502655 -1.63363 -0.202434 -0.0134298 0.183864 0.0857547 0.183864 -0.0857547 -0.202434 0.0134298 
0.628319 -1.63363 -0.167069 -0.0117284 0.142056 0.0887124 0.142056 -0.0887124 -0.167069 0.0117284 
0.753982 -1.63363 -0.136792 -0.0100424 0.106592 0.08632 0.106592 -0.08632 -0.136792 0.0100424 
0.879646 -1.63363 -0.112412 -0.00860303 0.0782831 0.0811314 0.0782831 -0.0811314 -0.112412 0.00860303 
1.00531 -1.63363 -0.093299 -0.00742514 0.0562613 0.0747964 0.0562613 -0.0747964 -0.093299 0.00742514 
1.13097 -1.63363 -0.0784237 -0.00646124 0.0392375 0.0682088 0.0392375 -0.0682088 -0.0784237 0.00646124 
1.25664 -1.63363 -0.0668173 -0.00566016 0.0260308 0.061798 0.0260308 -0.061798 -0.0668173 0.00566016 
1.3823 -1.63363 -0.0576977 -0.00498122 0.0157045 0.0557423 0.0157045 -0.0557423 -0.0576977 0.00498122 
1.50796 -1.63363 -0.0504704 -0.0043946 0.00755499 0.0500949 0.00755499 -0.0500949 -0.0504704 0.0043946 
1.63363 -1.63363 -0.0446939 -0.00387886 0.00106485 0.0448493 0.00106485 -0.0448493 -0.0446939 0.00387886 
1.75929 -1.63363 -0.0400422 -0.00341844 -0.00414528 0.0399735 -0.00414528 -0.0399735 -0.0400422 0.00341844 
1.88496 -1.63363 -0.0362741 -0.00300184 -0.00835438 0.0354263 -0.00835438 -0.0354263 -0.0362741 0.00300184 
2.01062 -1.63363 -0.0332098 -0.00262039 -0.011769 0.0311648 -0.011769 -0.0311648 -0.0332098 0.00262039 
2.13628 -1.63363 -0.0307148 -0.00226742 -0.0145434 0.0271483 -0.0145434 -0.0271483 -0.0307148 0.00226742 
2.26195 -1.63363 -0.0286876 -0.00193764 -0.0167932 0.0233393 -0.0167932 -0.0233393 -0.0286876 0.00193764 
2.38761 -1.63363 -0.0270514 -0.00162684 -0.018606 0.0197039 -0.018606 -0.0197039 -0.0270514 0.00162684 
2.51327 -1.63363 -0.025748 -0.00133155 -0.0200479 0.0162115 -0.0200479 -0.0162115 -0.025748 0.00133155 
2.63894 -1.63363 -0.0247333 -0.00104888 -0.0211687 0.0128345 -0.0211687 -0.0128345 -0.0247333 0.00104888 
2.7646 -1.63363 -0.0239748 -0.000776379 -0.0220054 0.00954759 -0.0220054 -0.00954759 -0.0239748 0.000776379 
2.89027 -1.63363 -0.0234489 -0.000511933 -0.0225849 0.00632736 -0.0225849 -0.00632736 -0.0234489 0.000511933 
3.01593 -1.63363 -0.0231396 -0.000253689 -0.0229254 0.00315185 -0.0229254 -0.00315185 -0.0231396 0.000253689 
-3.14159 -1.50796 -0.0230376 -2.66992e-16 -0.0230376 4.69009e-16 -0.0230376 -5.63785e-17 -0.0230376 1.9082e-17 
-3.01593 -1.50796 -0.0231397 0.000250606 -0.0229258 -0.0031488 -0.0229258 0.0031488 -0.0231397 -0.000250606 
-2.89027 -1.50796 -0.0234488 0.000499433 -0.0225879 -0.00631522 -0.0225879 0.00631522 -0.0234488 -0.000499433 
-2.7646 -1.50796 -0.0239735 0.000747652 -0.0220148 -0.00952038 -0.0220148 0.00952038 -0.0239735 -0.000747652 
-2.63894 -1.50796 -0.024729 0.000996309 -0.0211902 -0.0127864 -0.0211902 0.0127864 -0.024729 -0.000996309 
-2.51327 -1.50796 -0.0257379 0.0012463 -0.0200898 -0.0161366 -0.0200898 0.0161366 -0.0257379 -0.0012463 
-2.38761 -1.50796 -0.0270318 0.00149834 -0.0186797 -0.0195968 -0.0186797 0.0195968 -0.0270318 -0.00149834 
-2.26195 -1.50796 -0.0286532 0.00175289 -0.0169136 -0.023195 -0.0169136 0.023195 -0.0286532 -0.00175289 
-2.13628 -1.50796 -0.0306586 0.00201001 -0.0147306 -0.026963 -0.0147306 0.026963 -0.0306586 -0.00201001 
-2.01062 -1.50796 -0.0331226 0.0022692 -0.0120497 -0.0309364 -0.0120497 0.0309364 -0.0331226 -0.0022692 
-1.88496 -1.50796 -0.0361437 0.00252905 -0.00876375 -0.0351562 -0.00876375 0.0351562 -0.0361437 -0.00252905 
-1.75929 -1.50796 -0.0398529 0.00278677 -0.00473028 -0.0396692 -0.00473028 0.0396692 -0.0398529 -0.00278677 
-1.63363 -1.50796 -0.0444255 0.00303737 0.000241878 -0.0445285 0.000241878 0.0445285 -0.0444255 -0.00303737 
-1.50796 -1.50796 -0.0500983 0.00327252 0.00641176 -0.0497939 0.00641176 0.0497939 -0.0500983 -0.00327252 
-1.3823 -1.50796 -0.0571944 0.0034787 0.0141342 -0.0555295 0.0141342 0.0555295 -0.0571944 -0.0034787 
-1.25664 -1.50796 -0.0661587 0.00363467 0.0239009 -0.0617975 0.0239009 0.0617975 -0.0661587 -0.00363467 
-1.13097 -1.50796 -0.0776079 0.00370832 0.0363992 -0.0686428 0.0363992 0.0686428 -0.0776079 -0.00370832 
-1.00531 -1.50796 -0.0923944 0.00365429 0.0525928 -0.0760531 0.0525928 0.0760531 -0.0923944 -0.00365429 
-0.879646 -1.50796 -0.11167 0.00341736 0.0738144 -0.083865 0.0738144 0.083865 -0.11167 -0.00341736 
-0.753982 -1.50796 -0.136864 0.00295449 0.101792 -0.091536 0.101792 0.091536 -0.136864 -0.00295449 
-0.628319 -1.50796 -0.169257 0.00229555 0.138281 -0.0976298 0.138281 0.0976298 -0.169257 -0.00229555 
-0.502655 -1.50796 -0.20833 0.00161321 0.183338 -0.09895 0.183338 0.09895 -0.20833 -0.00161321 
-0.376991 -1.50796 -0.248525 0.00103533 0.231453 -0.0905254 0.231453 0.0905254 -0.248525 -0.00103533 
-0.251327 -1.50796 -0.279701 -5.76044e-06 0.270913 -0.0695645 0.270913 0.0695645 -0.279701 5.76044e-06 
-0.125664 -1.50796 -0.296222 -0.00257103 0.293564 -0.0396772 0.293564 0.0396772 -0.296222 0.00257103 
0 -1.50796 -0.299662 -0.00672657 0.299662 -0.00672657 0.299662 0.00672657 -0.299662 0.00672657 
0.125664 -1.50796 -0.291463 -0.0111235 0.290559 0.0254943 0.290559 -0.0254943 -0.291463 0.0111235 
0.251327 -1.50796 -0.270968 -0.0139759 0.26593 0.0538501 0.26593 -0.0538501 -0.270968 0.0139759 
0.376991 -1.50796 -0.239588 -0.0144799 0.228094 0.0747351 0.228094 -0.0747351 -0.239588 0.0144799 
0.502655 -1.50796 -0.20296 -0.0133007 0.184263 0.0861213 0.184263 -0.0861213 -0.20296 0.0133007 
0.628319 -1.50796 -0.167579 -0.0115449 0.14236 0.0891602 0.14236 -0.0891602 -0.167579 0.0115449 
0.753982 -1.50796 -0.137208 -0.00986597 0.106774 0.0867335 0.106774 -0.0867335 -0.137208 0.00986597 
0.879646 -1.50796 -0.112728 -0.00845778 0.0783726 0.0814675 0.0783726 -0.0814675 -0.112728 0.00845778 
1.00531 -1.50796 -0.0935325 -0.00731375 0.0562924 0.0750532 0.0562924 -0.0750532 -0.0935325 0.00731375 
1.13097 -1.50796 -0.0785952 -0.00637869 0.0392358 0.0683992 0.0392358 -0.0683992 -0.0785952 0.00637869 
1.25664 -1.50796 -0.0669438 -0.00560005 0.0260127 0.0619368 0.0260127 -0.0619368 -0.0669438 0.00560005 
1.3823 -1.50796 -0.0577915 -0.00493789 0.0156795 0.0558426 0.0156795 -0.0558426 -0.0577915 0.00493789 
1.50796 -1.50796 -0.0505404 -0.00436362 0.00752847 0.0501667 0.00752847 -0.0501667 -0.0505404 0.00436362 
1.63363 -1.50796 -0.0447464 -0.0038569 0.00103964 0.0449003 0.00103964 -0.0449003 -0.0447464 0.0038569 
1.75929 -1.50796 -0.0400817 -0.00340304 -0.00416779 0.0400094 -0.00416779 -0.0400094 -0.0400817 0.00340304 
1.88496 -1.50796 -0.0363036 -0.00299121 -0.00837361 0.0354511 -0.00837361 -0.0354511 -0.0363036 0.00299121 
2.01062 -1.50796 -0.0332317 -0.0026132 -0.0117849 0.0311816 -0.0117849 -0.0311816 -0.0332317 0.0026132 
2.13628 -1.50796 -0.0307309 -0.00226269 -0.014556 0.0271593 -0.014556 -0.0271593 -0.0307309 0.00226269 
2.26195 -1.50796 -0.0286992 -0.00193465 -0.0168029 0.0233463 -0.0168029 -0.0233463 -0.0286992 0.00193465 
2.38761 -1.50796 -0.0270595 -0.00162505 -0.0186131 0.0197081 -0.0186131 -0.0197081 -0.0270595 0.00162505 
2.51327 -1.50796 -0.0257533 -0.00133055 -0.0200528 0.0162139 -0.0200528 -0.0162139 -0.0257533 0.00133055 
2.63894 -1.50796 -0.0247366 -0.00104839 -0.0211718 0.0128357 -0.0211718 -0.0128357 -0.0247366 0.00104839 
2.7646 -1.50796 -0.0239767 -0.000776176 -0.0220072 0.00954807 -0.0220072 -0.00954807 -0.0239767 0.000776176 
2.89027 -1.50796 -0.0234497 -0.000511874 -0.0225857 0.0063275 -0.0225857 -0.0063275 -0.0234497 0.000511874 
3.01593 -1.50796 -0.0231398 -0.000253681 -0.0229256 0.00315187 -0.0229256 -0.00315187 -0.0231398 0.000253681 
-3.14159 -1.3823 -0.0230376 -2.66992e-16 -0.0230376 4.69009e-16 -0.0230376 1.17961e-16 -0.0230376 2.22045e-16 
-3.01593 -1.3823 -0.0231399 0.000250623 -0.022926 -0.00314884 -0.022926 0.00314884 -0.0231399 -0.000250623 
-2.89027 -1.3823 -0.0234496 0.000499472 -0.0225887 -0.00631546 -0.0225887 0.00631546 -0.0234496 -0.000499472 
-2.7646 -1.3823 -0.0239753 0.000747675 -0.0220165 -0.00952108 -0.0220165 0.00952108 -0.0239753 -0.000747675 
-2.63894 -1.3823 -0.0247323 0.000996229 -0.0211932 -0.0127879 -0.0211932 0.0127879 -0.0247323 -0.000996229 
-2.51327 -1.3823 -0.0257433 0.00124598 -0.0200944 -0.0161396 -0.0200944 0.0161396 -0.0257433 -0.00124598 
-2.38761 -1.3823 -0.02704 0.00149756 -0.0186862 -0.0196018 -0.0186862 0.0196018 -0.02704 -0.00149756 
-2.26195 -1.3823 -0.0286651 0.00175135 -0.0169224 -0.0232032 -0.0169224 0.0232032 -0.0286651 -0.00175135 
-2.13628 -1.3823 -0.0306752 0.00200731 -0.0147418 -0.0269755 -0.0147418 0.0269755 -0.0306752 -0.00200731 
-2.01062 -1.3823 -0.0331452 0.00226478 -0.0120633 -0.030955 -0.0120633 0.030955 -0.0331452 -0.00226478 
-1.88496 -1.3823 -0.0361742 0.00252215 -0.00877975 -0.0351831 -0.00877975 0.0351831 -0.0361742 -0.00252215 
-1.75929 -1.3823 -0.0398938 0.00277635 -0.00474818 -0.0397074 -0.00474818 0.0397074 -0.0398938 -0.00277635 
-1.63363 -1.3823 -0.0444802 0.00302204 0.000223147 -0.0445822 0.000223147 0.0445822 -0.0444802 -0.00302204 
-1.50796 -1.3823 -0.0501714 0.00325038 0.00639426 -0.0498683 0.00639426 0.0498683 -0.0501714 -0.00325038 
-1.3823 -1.3823 -0.0572925 0.00344721 0.0141217 -0.0556317 0.0141217 0.0556317 -0.0572925 -0.00344721 
-1.25664 -1.3823 -0.066291 0.00359051 0.0238998 -0.061937 0.0238998 0.061937 -0.066291 -0.00359051 
-1.13097 -1.3823 -0.0777872 0.00364749 0.0364205 -0.068831 0.0364205 0.068831 -0.0777872 -0.00364749 
-1.00531 -1.3823 -0.0926382 0.00357282 0.0526547 -0.0763026 0.0526547 0.0763026 -0.0926382 -0.00357282 
-0.879646 -1.3823 -0.111999 0.00331404 0.0739442 -0.0841841 0.0739442 0.0841841 -0.111999 -0.00331404 
-0.753982 -1.3823 -0.137293 0.00283853 0.102025 -0.091914 0.102025 0.091914 -0.137293 -0.00283853 
-0.628319 -1.3823 -0.169767 0.00220332 0.13864 -0.0980042 0.13864 0.0980042 -0.169767 -0.00220332 
-0.502655 -1.3823 -0.208809 0.00162758 0.183765 -0.0991682 0.183765 0.0991682 -0.208809 -0.00162758 
-0.376991 -1.3823 -0.248743 0.00125299 0.231737 -0.0904035 0.231737 0.0904035 -0.248743 -0.00125299 
-0.251327 -1.3823 -0.279504 0.000387947 0.270819 -0.0691341 0.270819 0.0691341 -0.279504 -0.000387947 
-0.125664 -1.3823 -0.295718 -0.00220113 0.29311 -0.039247 0.29311 0.039247 -0.295718 0.00220113 
0 -1.3823 -0.299106 -0.00656365 0.299106 -0.00656365 0.299106 0.00656365 -0.299106 0.00656365 
0.125664 -1.3823 -0.291125 -0.0111544 0.290227 0.0254212 0.290227 -0.0254212 -0.291125 0.0111544 
0.251327 -1.3823 -0.27103 -0.0140197 0.266002 0.0538233 0.266002 -0.0538233 -0.27103 0.0140197 
0.376991 -1.3823 -0.240006 -0.0143902 0.228449 0.0749724 0.228449 -0.0749724 -0.240006 0.0143902 
0.502655 -1.3823 -0.203516 -0.0130881 0.184648 0.0865754 0.184648 -0.0865754 -0.203516 0.0130881 
0.628319 -1.3823 -0.168094 -0.0112944 0.14263 0.0896658 0.14263 -0.0896658 -0.168094 0.0112944 
0.753982 -1.3823 -0.137618 -0.0096386 0.106917 0.0871795 0.106917 -0.0871795 -0.137618 0.0096386 
0.879646 -1.3823 -0.113033 -0.00827488 0.0784261 0.0818191 0.0784261 -0.0818191 -0.113033 0.00827488 
1.00531 -1.3823 -0.0937551 -0.00717479 0.0562944 0.0753156 0.0562944 -0.0753156 -0.0937551 0.00717479 
1.13097 -1.3823 -0.0787576 -0.00627592 0.039212 0.0685899 0.039212 -0.0685899 -0.0787576 0.00627592 
1.25664 -1.3823 -0.067063 -0.00552499 0.0259782 0.0620734 0.0259782 -0.0620734 -0.067063 0.00552499 
1.3823 -1.3823 -0.0578799 -0.00488343 0.0156425 0.0559396 0.0156425 -0.0559396 -0.0578799 0.00488343 
1.50796 -1.3823 -0.0506064 -0.00432429 0.00749336 0.050235 0.00749336 -0.050235 -0.0506064 0.00432429 
1.63363 -1.3823 -0.044796 -0.00382866 0.00100834 0.044948 0.00100834 -0.044948 -0.044796 0.00382866 
1.75929 -1.3823 -0.040119 -0.00338291 -0.00419455 0.0400422 -0.00419455 -0.0400422 -0.040119 0.00338291 
1.88496 -1.3823 -0.0363316 -0.00297702 -0.00839576 0.0354733 -0.00839576 -0.0354733 -0.0363316 0.00297702 
2.01062 -1.3823 -0.0332526 -0.00260336 -0.0118027 0.0311963 -0.0118027 -0.0311963 -0.0332526 0.00260336 
2.13628 -1.3823 -0.0307463 -0.002256 -0.0145699 0.0271688 -0.0145699 -0.0271688 -0.0307463 0.002256 
2.26195 -1.3823 -0.0287103 -0.00193025 -0.0168133 0.023352 -0.0168133 -0.023352 -0.0287103 0.00193025 
2.38761 -1.3823 -0.0270673 -0.00162227 -0.0186207 0.0197114 -0.0186207 -0.0197114 -0.0270673 0.00162227 
2.51327 -1.3823 -0.0257585 -0.0013289 -0.020058 0.0162156 -0.020058 -0.0162156 -0.0257585 0.0013289 
2.63894 -1.3823 -0.0247399 -0.00104748 -0.0211751 0.0128364 -0.0211751 -0.0128364 -0.0247399 0.00104748 
2.7646 -1.3823 -0.0239784 -0.000775749 -0.022009 0.00954832 -0.022009 -0.00954832 -0.0239784 0.000775749 
2.89027 -1.3823 -0.0234505 -0.000511717 -0.0225865 0.00632754 -0.0225865 -0.00632754 -0.0234505 0.000511717 
3.01593 -1.3823 -0.02314 -0.00025365 -0.0229258 0.00315186 -0.0229258 -0.00315186 -0.02314 0.00025365 
-3.14159 -1.25664 -0.0230376 -2.66992e-16 -0.0230376 4.69009e-16 -0.0230376 -1.12757e-17 -0.0230376 -1.71738e-16 
-3.01593 -1.25664 -0.0231401 0.000250664 -0.0229262 -0.00314891 -0.0229262 0.00314891 -0.0231401 -0.000250664 
-2.89027 -1.25664 -0.0234504 0.000499609 -0.0225894 -0.00631578 -0.0225894 0.00631578 -0.0234504 -0.000499609 
-2.7646 -1.25664 -0.0239771 0.000747925 -0.022018 -0.00952197 -0.022018 0.00952197 -0.0239771 -0.000747925 
-2.63894 -1.25664 -0.0247356 0.000996565 -0.0211959 -0.0127898 -0.0211959 0.0127898 -0.0247356 -0.000996565 
-2.51327 -1.25664 -0.0257488 0.00124633 -0.0200986 -0.016143 -0.0200986 0.016143 -0.0257488 -0.00124633 
-2.38761 -1.25664 -0.0270483 0.0014978 -0.018692 -0.0196077 -0.018692 0.0196077 -0.0270483 -0.0014978 
-2.26195 -1.25664 -0.028677 0.0017513 -0.01693 -0.0232123 -0.01693 0.0232123 -0.028677 -0.0017513 
-2.13628 -1.25664 -0.0306919 0.00200669 -0.0147512 -0.0269893 -0.0147512 0.0269893 -0.0306919 -0.00200669 
-2.01062 -1.25664 -0.0331682 0.0022632 -0.0120745 -0.0309751 -0.0120745 0.0309751 -0.0331682 -0.0022632 
-1.88496 -1.25664 -0.0362053 0.00251909 -0.00879227 -0.0352118 -0.00879227 0.0352118 -0.0362053 -0.00251909 
-1.75929 -1.25664 -0.0399356 0.00277109 -0.00476118 -0.0397475 -0.00476118 0.0397475 -0.0399356 -0.00277109 
-1.63363 -1.25664 -0.0445361 0.0030136 0.000211209 -0.0446375 0.000211209 0.0446375 -0.0445361 -0.0030136 
-1.50796 -1.25664 -0.0502463 0.00323746 0.00638606 -0.0499438 0.00638606 0.0499438 -0.0502463 -0.00323746 
-1.3823 -1.25664 -0.0573929 0.0034281 0.0141217 -0.055734 0.0141217 0.055734 -0.0573929 -0.0034281 
-1.25664 -1.25664 -0.0664264 0.00356311 0.0239156 -0.0620742 0.0239156 0.0620742 -0.0664264 -0.00356311 
-1.13097 -1.25664 -0.0779702 0.0036095 0.0364641 -0.0690127 0.0364641 0.0690127 -0.0779702 -0.0036095 
-1.00531 -1.25664 -0.0928851 0.00352277 0.0527447 -0.0765379 0.0527447 0.0765379 -0.0928851 -0.00352277 
-0.879646 -1.25664 -0.112328 0.00325416 0.0741077 -0.0844756 0.0741077 0.0844756 -0.112328 -0.00325416 
-0.753982 -1.25664 -0.137712 0.00278229 0.102292 -0.0922423 0.102292 0.0922423 -0.137712 -0.00278229 
-0.628319 -1.25664 -0.170248 0.00219077 0.139021 -0.0982966 0.139021 0.0982966 -0.170248 -0.00219077 
-0.502655 -1.25664 -0.209225 0.00174031 0.184184 -0.0992698 0.184184 0.0992698 -0.209225 -0.00174031 
-0.376991 -1.25664 -0.248874 0.00157647 0.231978 -0.090151 0.231978 0.090151 -0.248874 -0.00157647 
-0.251327 -1.25664 -0.279237 0.000881756 0.270683 -0.0685893 0.270683 0.0685893 -0.279237 -0.000881756 
-0.125664 -1.25664 -0.295187 -0.00173636 0.292641 -0.0387194 0.292641 0.0387194 -0.295187 0.00173636 
0 -1.25664 -0.29856 -0.00630188 0.29856 -0.00630188 0.29856 0.00630188 -0.29856 0.00630188 
0.125664 -1.25664 -0.290825 -0.0110801 0.28992 0.0254573 0.28992 -0.0254573 -0.290825 0.0110801 
0.251327 -1.25664 -0.271148 -0.0139594 0.2661 0.0539108 0.2661 -0.0539108 -0.271148 0.0139594 
0.376991 -1.25664 -0.240471 -0.0142062 0.228814 0.0753148 0.228814 -0.0753148 -0.240471 0.0142062 
0.502655 -1.25664 -0.204094 -0.0127957 0.185013 0.0871099 0.185013 -0.0871099 -0.204094 0.0127957 
0.628319 -1.25664 -0.168608 -0.0109808 0.142861 0.0902215 0.142861 -0.0902215 -0.168608 0.0109808 
0.753982 -1.25664 -0.138014 -0.00936379 0.107018 0.087651 0.107018 -0.087651 -0.138014 0.00936379 
0.879646 -1.25664 -0.113323 -0.00805716 0.0784428 0.0821808 0.0784428 -0.0821808 -0.113323 0.00805716 
1.00531 -1.25664 -0.0939635 -0.00701043 0.0562673 0.0755796 0.0562673 -0.0755796 -0.0939635 0.00701043 
1.13097 -1.25664 -0.0789083 -0.00615453 0.0391663 0.0687779 0.0391663 -0.0687779 -0.0789083 0.00615453 
1.25664 -1.25664 -0.0671732 -0.00543617 0.0259278 0.0622057 0.0259278 -0.0622057 -0.0671732 0.00543617 
1.3823 -1.25664 -0.0579614 -0.0048187 0.0155942 0.0560318 0.0155942 -0.0560318 -0.0579614 0.0048187 
1.50796 -1.25664 -0.0506673 -0.00427724 0.00745023 0.0502988 0.00745023 -0.0502988 -0.0506673 0.00427724 
1.63363 -1.25664 -0.0448418 -0.00379458 0.000971448 0.0449916 0.000971448 -0.0449916 -0.0448418 0.00379458 
1.75929 -1.25664 -0.0401536 -0.00335837 -0.00422514 0.0400716 -0.00422514 -0.0400716 -0.0401536 0.00335837 
1.88496 -1.25664 -0.0363577 -0.0029595 -0.00842048 0.0354927 -0.00842048 -0.0354927 -0.0363577 0.0029595 
2.01062 -1.25664 -0.0332721 -0.00259101 -0.0118222 0.0312087 -0.0118222 -0.0312087 -0.0332721 0.00259101 
2.13628 -1.25664 -0.0307607 -0.00224747 -0.0145848 0.0271764 -0.0145848 -0.0271764 -0.0307607 0.00224747 
2.26195 -1.25664 -0.0287208 -0.0019245 -0.0168245 0.0233565 -0.0168245 -0.0233565 -0.0287208 0.0019245 
2.38761 -1.25664 -0.0270746 -0.00161854 -0.0186286 0.0197137 -0.0186286 -0.0197137 -0.0270746 0.00161854 
2.51327 -1.25664 -0.0257635 -0.00132661 -0.0200633 0.0162166 -0.0200633 -0.0162166 -0.0257635 0.00132661 
2.63894 -1.25664 -0.0247429 -0.00104619 -0.0211784 0.0128368 -0.0211784 -0.0128368 -0.0247429 0.00104619 
2.7646 -1.25664 -0.0239801 -0.000775106 -0.0220108 0.00954835 -0.0220108 -0.00954835 -0.0239801 0.000775106 
2.89027 -1.25664 -0.0234512 -0.000511465 -0.0225873 0.00632748 -0.0225873 -0.00632748 -0.0234512 0.000511465 
3.01593 -1.25664 -0.0231402 -0.000253595 -0.0229259 0.00315183 -0.0229259 -0.00315183 -0.0231402 0.000253595 
-3.14159 -1.13097 -0.0230376 -2.66992e-16 -0.0230376 4.69009e-16 -0.0230376 -9.54098e-17 -0.0230376 -2.94903e-17 
-3.01593 -1.13097 -0.0231403 0.000250728 -0.0229264 -0.003149 -0.0229264 0.003149 -0.0231403 -0.000250728 
-2.89027 -1.13097 -0.0234511 0.000499842 -0.0225901 -0.0063162 -0.0225901 0.0063162 -0.0234511 -0.000499842 
-2.7646 -1.13097 -0.0239789 0.000748396 -0.0220195 -0.00952306 -0.0220195 0.00952306 -0.0239789 -0.000748396 
-2.63894 -1.13097 -0.0247389 0.000997311 -0.0211984 -0.012792 -0.0211984 0.012792 -0.0247389 -0.000997311 
-2.51327 -1.13097 -0.0257541 0.00124735 -0.0201023 -0.016147 -0.0201023 0.016147 -0.0257541 -0.00124735 
-2.38761 -1.13097 -0.0270564 0.00149907 -0.0186971 -0.0196141 -0.0186971 0.0196141 -0.0270564 -0.00149907 
-2.26195 -1.13097 -0.0286888 0.00175273 -0.0169364 -0.0232223 -0.0169364 0.0232223 -0.0286888 -0.00175273 
-2.13628 -1.13097 -0.0307085 0.00200814 -0.0147589 -0.0270041 -0.0147589 0.0270041 -0.0307085 -0.00200814 
-2.01062 -1.13097 -0.0331911 0.00226448 -0.0120831 -0.0309964 -0.0120831 0.0309964 -0.0331911 -0.00226448 
-1.88496 -1.13097 -0.0362365 0.00251991 -0.00880111 -0.0352417 -0.00880111 0.0352417 -0.0362365 -0.00251991 
-1.75929 -1.13097 -0.0399776 0.00277106 -0.00476908 -0.0397887 -0.00476908 0.0397887 -0.0399776 -0.00277106 
-1.63363 -1.13097 -0.0445924 0.00301218 0.000206251 -0.0446936 0.000206251 0.0446936 -0.0445924 -0.00301218 
-1.50796 -1.13097 -0.0503218 0.00323395 0.0063873 -0.0500194 0.0063873 0.0500194 -0.0503218 -0.00323395 
-1.3823 -1.13097 -0.0574943 0.00342167 0.0141344 -0.0558347 0.0141344 0.0558347 -0.0574943 -0.00342167 
-1.25664 -1.13097 -0.0665627 0.00355288 0.023948 -0.062207 0.023948 0.062207 -0.0665627 -0.00355288 
-1.13097 -1.13097 -0.0781537 0.00359496 0.036529 -0.0691849 0.036529 0.0691849 -0.0781537 -0.00359496 
-1.00531 -1.13097 -0.0931311 0.00350491 0.0528614 -0.0767552 0.0528614 0.0767552 -0.0931311 -0.00350491 
-0.879646 -1.13097 -0.112651 0.00323857 0.0743019 -0.0847348 0.0743019 0.0847348 -0.112651 -0.00323857 
-0.753982 -1.13097 -0.138116 0.00278638 0.10259 -0.0925158 0.10259 0.0925158 -0.138116 -0.00278638 
-0.628319 -1.13097 -0.17069 0.00225735 0.139418 -0.0985031 0.139418 0.0985031 -0.17069 -0.00225735 
-0.502655 -1.13097 -0.209572 0.00194783 0.184588 -0.0992551 0.184588 0.0992551 -0.209572 -0.00194783 
-0.376991 -1.13097 -0.248919 0.00199762 0.232175 -0.089776 0.232175 0.089776 -0.248919 -0.00199762 
-0.251327 -1.13097 -0.278908 0.00146467 0.27051 -0.0679429 0.27051 0.0679429 -0.278908 -0.00146467 
-0.125664 -1.13097 -0.294639 -0.00118655 0.292167 -0.0381053 0.292167 0.0381053 -0.294639 0.00118655 
0 -1.13097 -0.298033 -0.00594764 0.298033 -0.00594764 0.298033 0.00594764 -0.298033 0.00594764 
0.125664 -1.13097 -0.290566 -0.0109038 0.289641 0.0255997 0.289641 -0.0255997 -0.290566 0.0109038 
0.251327 -1.13097 -0.271316 -0.013798 0.266224 0.054109 0.266224 -0.054109 -0.271316 0.013798 
0.376991 -1.13097 -0.240977 -0.0139318 0.229184 0.0757562 0.229184 -0.0757562 -0.240977 0.0139318 
0.502655 -1.13097 -0.204685 -0.0124284 0.185354 0.0877166 0.185354 -0.0877166 -0.204685 0.0124284 
0.628319 -1.13097 -0.169113 -0.010609 0.143051 0.090819 0.143051 -0.090819 -0.169113 0.010609 
0.753982 -1.13097 -0.138391 -0.00904573 0.107075 0.0881412 0.107075 -0.0881412 -0.138391 0.00904573 
0.879646 -1.13097 -0.113592 -0.00780798 0.0784224 0.0825471 0.0784224 -0.0825471 -0.113592 0.00780798 
1.00531 -1.13097 -0.0941544 -0.00682322 0.0562115 0.0758411 0.0562115 -0.0758411 -0.0941544 0.00682322 
1.13097 -1.13097 -0.0790451 -0.00601641 0.0390996 0.0689604 0.0390996 -0.0689604 -0.0790451 0.00601641 
1.25664 -1.13097 -0.0672727 -0.00533497 0.0258623 0.0623315 0.0258623 -0.0623315 -0.0672727 0.00533497 
1.3823 -1.13097 -0.0580348 -0.00474471 0.0155353 0.0561178 0.0155353 -0.0561178 -0.0580348 0.00474471 
1.50796 -1.13097 -0.0507222 -0.00422321 0.00739975 0.050357 0.00739975 -0.050357 -0.0507222 0.00422321 
1.63363 -1.13097 -0.0448832 -0.0037552 0.000929548 0.0450305 0.000929548 -0.0450305 -0.0448832 0.0037552 
1.75929 -1.13097 -0.0401849 -0.00332979 -0.00425909 0.0400971 -0.00425909 -0.0400971 -0.0401849 0.00332979 
1.88496 -1.13097 -0.0363814 -0.00293892 -0.00844739 0.0355089 -0.00844739 -0.0355089 -0.0363814 0.00293892 
2.01062 -1.13097 -0.03329 -0.00257636 -0.011843 0.0312187 -0.011843 -0.0312187 -0.03329 0.00257636 
2.13628 -1.13097 -0.030774 -0.00223722 -0.0146006 0.0271821 -0.0146006 -0.0271821 -0.030774 0.00223722 
2.26195 -1.13097 -0.0287305 -0.00191751 -0.016836 0.0233595 -0.016836 -0.0233595 -0.0287305 0.00191751 
2.38761 -1.13097 -0.0270815 -0.00161394 -0.0186367 0.0197151 -0.0186367 -0.0197151 -0.0270815 0.00161394 
2.51327 -1.13097 -0.0257681 -0.00132373 -0.0200687 0.016217 -0.0200687 -0.016217 -0.0257681 0.00132373 
2.63894 -1.13097 -0.0247458 -0.00104452 -0.0211817 0.0128367 -0.0211817 -0.0128367 -0.0247458 0.00104452 
2.7646 -1.13097 -0.0239817 -0.000774256 -0.0220126 0.00954815 -0.0220126 -0.00954815 -0.0239817 0.000774256 
2.89027 -1.13097 -0.023452 -0.000511122 -0.0225881 0.00632733 -0.0225881 -0.00632733 -0.023452 0.000511122 
3.01593 -1.13097 -0.0231404 -0.000253516 -0.0229261 0.00315178 -0.0229261 -0.00315178 -0.0231404 0.000253516 
-3.14159 -1.00531 -0.0230376 -2.66992e-16 -0.0230376 4.69009e-16 -0.0230376 -1.30104e-16 -0.0230376 -1.4138e-16 
-3.01593 -1.00531 -0.0231404 0.000250815 -0.0229265 -0.0031491 -0.0229265 0.0031491 -0.0231404 -0.000250815 
-2.89027 -1.00531 -0.0234518 0.000500168 -0.0225907 -0.00631669 -0.0225907 0.00631669 -0.0234518 -0.000500168 
-2.7646 -1.00531 -0.0239806 0.000749082 -0.0220208 -0.00952431 -0.0220208 0.00952431 -0.0239806 -0.000749082 
-2.63894 -1.00531 -0.024742 0.000998456 -0.0212006 -0.0127945 -0.0212006 0.0127945 -0.024742 -0.000998456 
-2.51327 -1.00531 -0.0257593 0.00124903 -0.0201055 -0.0161514 -0.0201055 0.0161514 -0.0257593 -0.00124903 
-2.38761 -1.00531 -0.0270643 0.00150134 -0.0187013 -0.0196212 -0.0187013 0.0196212 -0.0270643 -0.00150134 
-2.26195 -1.00531 -0.0287003 0.00175561 -0.0169416 -0.0232331 -0.0169416 0.0232331 -0.0287003 -0.00175561 
-2.13628 -1.00531 -0.0307248 0.00201166 -0.0147647 -0.0270197 -0.0147647 0.0270197 -0.0307248 -0.00201166 
-2.01062 -1.00531 -0.0332136 0.00226861 -0.012089 -0.0310185 -0.012089 0.0310185 -0.0332136 -0.00226861 
-1.88496 -1.00531 -0.0362672 0.00252461 -0.00880614 -0.0352723 -0.00880614 0.0352723 -0.0362672 -0.00252461 
-1.75929 -1.00531 -0.0400191 0.00277625 -0.00477175 -0.0398305 -0.00477175 0.0398305 -0.0400191 -0.00277625 
-1.63363 -1.00531 -0.0446482 0.00301779 0.000208352 -0.0447496 0.000208352 0.0447496 -0.0446482 -0.00301779 
-1.50796 -1.00531 -0.0503966 0.00323991 0.00639795 -0.0500937 0.00639795 0.0500937 -0.0503966 -0.00323991 
-1.3823 -1.00531 -0.0575948 0.00342801 0.0141595 -0.0559323 0.0141595 0.0559323 -0.0575948 -0.00342801 
-1.25664 -1.00531 -0.0666977 0.00355997 0.0239965 -0.0623332 0.0239965 0.0623332 -0.0666977 -0.00355997 
-1.13097 -1.00531 -0.078335 0.00360405 0.0366144 -0.0693451 0.0366144 0.0693451 -0.078335 -0.00360405 
-1.00531 -1.00531 -0.0933723 0.00351946 0.053003 -0.0769511 0.053003 0.0769511 -0.0933723 -0.00351946 
-0.879646 -1.00531 -0.112964 0.00326738 0.0745237 -0.0849578 0.0745237 0.0849578 -0.112964 -0.00326738 
-0.753982 -1.00531 -0.138498 0.0028504 0.102912 -0.0927304 0.102912 0.0927304 -0.138498 -0.0028504 
-0.628319 -1.00531 -0.171089 0.00240114 0.139825 -0.0986211 0.139825 0.0986211 -0.171089 -0.00240114 
-0.502655 -1.00531 -0.209846 0.00224499 0.184971 -0.0991266 0.184971 0.0991266 -0.209846 -0.00224499 
-0.376991 -1.00531 -0.24888 0.00250689 0.232326 -0.0892881 0.232326 0.0892881 -0.24888 -0.00250689 
-0.251327 -1.00531 -0.278526 0.00212483 0.270304 -0.0672085 0.270304 0.0672085 -0.278526 -0.00212483 
-0.125664 -1.00531 -0.294087 -0.000562288 0.291698 -0.0374167 0.291698 0.0374167 -0.294087 0.000562288 
0 -1.00531 -0.297534 -0.00550829 0.297534 -0.00550829 0.297534 0.00550829 -0.297534 0.00550829 
0.125664 -1.00531 -0.290351 -0.0106303 0.289394 0.0258442 0.289394 -0.0258442 -0.290351 0.0106303 
0.251327 -1.00531 -0.271533 -0.0135392 0.266369 0.0544136 0.266369 -0.0544136 -0.271533 0.0135392 
0.376991 -1.00531 -0.241517 -0.0135717 0.229552 0.0762895 0.229552 -0.0762895 -0.241517 0.0135717 
0.502655 -1.00531 -0.205282 -0.0119917 0.185667 0.0883869 0.185667 -0.0883869 -0.205282 0.0119917 
0.628319 -1.00531 -0.169601 -0.0101844 0.143197 0.0914498 0.143197 -0.0914498 -0.169601 0.0101844 
0.753982 -1.00531 -0.138744 -0.00868921 0.107088 0.0886427 0.107088 -0.0886427 -0.138744 0.00868921 
0.879646 -1.00531 -0.113837 -0.00753115 0.0783653 0.0829124 0.0783653 -0.0829124 -0.113837 0.00753115 
1.00531 -1.00531 -0.0943248 -0.00661605 0.0561279 0.076096 0.0561279 -0.076096 -0.0943248 0.00661605 
1.13097 -1.00531 -0.0791656 -0.00586373 0.0390127 0.0691346 0.0390127 -0.0691346 -0.0791656 0.00586373 
1.25664 -1.00531 -0.0673598 -0.00522298 0.0257827 0.062449 0.0257827 -0.062449 -0.0673598 0.00522298 
1.3823 -1.00531 -0.058099 -0.00466263 0.0154667 0.0561962 0.0154667 -0.0561962 -0.058099 0.00466263 
1.50796 -1.00531 -0.0507702 -0.00416305 0.00734272 0.0504087 0.00734272 -0.0504087 -0.0507702 0.00416305 
1.63363 -1.00531 -0.0449195 -0.00371114 0.000883298 0.0450639 0.000883298 -0.0450639 -0.0449195 0.00371114 
1.75929 -1.00531 -0.0402125 -0.00329764 -0.00429585 0.0401182 -0.00429585 -0.0401182 -0.0402125 0.00329764 
1.88496 -1.00531 -0.0364024 -0.0029156 -0.00847606 0.0355217 -0.00847606 -0.0355217 -0.0364024 0.0029156 
2.01062 -1.00531 -0.0333059 -0.00255964 -0.0118649 0.0312259 -0.0118649 -0.0312259 -0.0333059 0.00255964 
2.13628 -1.00531 -0.0307859 -0.00222542 -0.0146169 0.0271859 -0.0146169 -0.0271859 -0.0307859 0.00222542 
2.26195 -1.00531 -0.0287392 -0.00190938 -0.0168479 0.023361 -0.0168479 -0.023361 -0.0287392 0.00190938 
2.38761 -1.00531 -0.0270877 -0.00160853 -0.018645 0.0197154 -0.018645 -0.0197154 -0.0270877 0.00160853 
2.51327 -1.00531 -0.0257723 -0.00132031 -0.0200742 0.0162167 -0.0200742 -0.0162167 -0.0257723 0.00132031 
2.63894 -1.00531 -0.0247485 -0.00104251 -0.021185 0.0128362 -0.021185 -0.0128362 -0.0247485 0.00104251 
2.7646 -1.00531 -0.0239832 -0.000773213 -0.0220144 0.00954773 -0.0220144 -0.00954773 -0.0239832 0.000773213 
2.89027 -1.00531 -0.0234526 -0.000510693 -0.0225888 0.00632708 -0.0225888 -0.00632708 -0.0234526 0.000510693 
3.01593 -1.00531 -0.0231405 -0.000253417 -0.0229263 0.0031517 -0.0229263 -0.0031517 -0.0231405 0.000253417 
-3.14159 -0.879646 -0.0230376 -2.66992e-16 -0.0230376 4.69009e-16 -0.0230376 -7.28584e-17 -0.0230376 -5.56846e-16 
-3.01593 -0.879646 -0.0231406 0.000250923 -0.0229267 -0.00314923 -0.0229267 0.00314923 -0.0231406 -0.000250923 
-2.89027 -0.879646 -0.0234525 0.00050058 -0.0225912 -0.00631726 -0.0225912 0.00631726 -0.0234525 -0.00050058 
-2.7646 -0.879646 -0.0239821 0.000749973 -0.0220219 -0.00952572 -0.0220219 0.00952572 -0.0239821 -0.000749973 
-2.63894 -0.879646 -0.024745 0.000999982 -0.0212025 -0.0127973 -0.0212025 0.0127973 -0.024745 -0.000999982 
-2.51327 -0.879646 -0.0257642 0.00125134 -0.0201081 -0.0161561 -0.0201081 0.0161561 -0.0257642 -0.00125134 
-2.38761 -0.879646 -0.0270718 0.00150457 -0.0187046 -0.0196287 -0.0187046 0.0196287 -0.0270718 -0.00150457 
-2.26195 -0.879646 -0.0287114 0.00175991 -0.0169453 -0.0232443 -0.0169453 0.0232443 -0.0287114 -0.00175991 
-2.13628 -0.879646 -0.0307405 0.00201718 -0.0147684 -0.0270359 -0.0147684 0.0270359 -0.0307405 -0.00201718 
-2.01062 -0.879646 -0.0332354 0.00227552 -0.012092 -0.0310412 -0.012092 0.0310412 -0.0332354 -0.00227552 
-1.88496 -0.879646 -0.036297 0.00253311 -0.00880726 -0.0353033 -0.00880726 0.0353033 -0.036297 -0.00253311 
-1.75929 -0.879646 -0.0400594 0.0027866 -0.00476915 -0.039872 -0.00476915 0.039872 -0.0400594 -0.0027866 
-1.63363 -0.879646 -0.0447026 0.00303036 0.000217477 -0.0448047 0.000217477 0.0448047 -0.0447026 -0.00303036 
-1.50796 -0.879646 -0.0504697 0.00325525 0.00641785 -0.0501657 0.00641785 0.0501657 -0.0504697 -0.00325525 
-1.3823 -0.879646 -0.0576929 0.00344703 0.0141966 -0.0560251 0.0141966 0.0560251 -0.0576929 -0.00344703 
-1.25664 -0.879646 -0.0668294 0.00358427 0.0240603 -0.062451 0.0240603 0.062451 -0.0668294 -0.00358427 
-1.13097 -0.879646 -0.0785111 0.00363661 0.0367189 -0.0694905 0.0367189 0.0694905 -0.0785111 -0.00363661 
-1.00531 -0.879646 -0.093605 0.00356613 0.053167 -0.0771225 0.053167 0.0771225 -0.093605 -0.00356613 
-0.879646 -0.879646 -0.113262 0.00333999 0.0747695 -0.085141 0.0747695 0.085141 -0.113262 -0.00333999 
-0.753982 -0.879646 -0.138851 0.00297294 0.103253 -0.092883 0.103253 0.092883 -0.138851 -0.00297294 
-0.628319 -0.879646 -0.171438 0.00261896 0.140235 -0.0986497 0.140235 0.0986497 -0.171438 -0.00261896 
-0.502655 -0.879646 -0.210043 0.00262526 0.185327 -0.0988887 0.185327 0.0988887 -0.210043 -0.00262526 
-0.376991 -0.879646 -0.248761 0.00309375 0.232431 -0.0886986 0.232431 0.0886986 -0.248761 -0.00309375 
-0.251327 -0.879646 -0.2781 0.00284982 0.270072 -0.0664003 0.270072 0.0664003 -0.2781 -0.00284982 
-0.125664 -0.879646 -0.29354 0.000125356 0.291241 -0.0366659 0.291241 0.0366659 -0.29354 -0.000125356 
0 -0.879646 -0.297073 -0.00499199 0.297073 -0.00499199 0.297073 0.00499199 -0.297073 0.00499199 
0.125664 -0.879646 -0.290186 -0.010265 0.289184 0.0261858 0.289184 -0.0261858 -0.290186 0.010265 
0.251327 -0.879646 -0.271795 -0.0131878 0.266536 0.0548191 0.266536 -0.0548191 -0.271795 0.0131878 
0.376991 -0.879646 -0.242082 -0.0131313 0.229916 0.076907 0.229916 -0.076907 -0.242082 0.0131313 
0.502655 -0.879646 -0.205876 -0.0114918 0.185947 0.0891113 0.185947 -0.0891113 -0.205876 0.0114918 
0.628319 -0.879646 -0.170067 -0.00971323 0.143297 0.0921048 0.143297 -0.0921048 -0.170067 0.00971323 
0.753982 -0.879646 -0.139067 -0.00829956 0.107057 0.0891479 0.107057 -0.0891479 -0.139067 0.00829956 
0.879646 -0.879646 -0.114054 -0.00723088 0.0782723 0.0832711 0.0782723 -0.0832711 -0.114054 0.00723088 
1.00531 -0.879646 -0.0944721 -0.00639213 0.0560178 0.0763404 0.0560178 -0.0763404 -0.0944721 0.00639213 
1.13097 -0.879646 -0.0792682 -0.00569884 0.0389072 0.0692976 0.0389072 -0.0692976 -0.0792682 0.00569884 
1.25664 -0.879646 -0.0674332 -0.00510195 0.0256903 0.0625562 0.0256903 -0.0625562 -0.0674332 0.00510195 
1.3823 -0.879646 -0.0581529 -0.00457374 0.0153895 0.0562658 0.0153895 -0.0562658 -0.0581529 0.00457374 
1.50796 -0.879646 -0.0508106 -0.00409769 0.00728003 0.050453 0.00728003 -0.050453 -0.0508106 0.00409769 
1.63363 -0.879646 -0.0449501 -0.0036631 0.000833424 0.0450915 0.000833424 -0.0450915 -0.0449501 0.0036631 
1.75929 -0.879646 -0.0402359 -0.0032624 -0.00433485 0.0401346 -0.00433485 -0.0401346 -0.0402359 0.0032624 
1.88496 -0.879646 -0.0364204 -0.00288992 -0.00850604 0.0355309 -0.00850604 -0.0355309 -0.0364204 0.00288992 
2.01062 -0.879646 -0.0333196 -0.0025411 -0.0118875 0.0312304 -0.0118875 -0.0312304 -0.0333196 0.0025411 
2.13628 -0.879646 -0.0307963 -0.00221225 -0.0146336 0.0271875 -0.0146336 -0.0271875 -0.0307963 0.00221225 
2.26195 -0.879646 -0.0287469 -0.00190024 -0.0168598 0.0233611 -0.0168598 -0.0233611 -0.0287469 0.00190024 
2.38761 -0.879646 -0.0270932 -0.00160239 -0.0186532 0.0197147 -0.0186532 -0.0197147 -0.0270932 0.00160239 
2.51327 -0.879646 -0.0257761 -0.00131638 -0.0200795 0.0162158 -0.0200795 -0.0162158 -0.0257761 0.00131638 
2.63894 -0.879646 -0.0247509 -0.00104019 -0.0211883 0.0128354 -0.0211883 -0.0128354 -0.0247509 0.00104019 
2.7646 -0.879646 -0.0239846 -0.000771994 -0.0220161 0.00954709 -0.0220161 -0.00954709 -0.0239846 0.000771994 
2.89027 -0.879646 -0.0234532 -0.000510185 -0.0225895 0.00632674 -0.0225895 -0.00632674 -0.0234532 0.000510185 
3.01593 -0.879646 -0.0231407 -0.000253297 -0.0229265 0.0031516 -0.0229265 -0.0031516 -0.0231407 0.000253297 
-3.14159 -0.753982 -0.0230376 -2.66992e-16 -0.0230376 4.69009e-16 -0.0230376 2.28983e-16 -0.0230376 -1.02349e-16 
-3.01593 -0.753982 -0.0231408 0.00025105 -0.0229268 -0.00314938 -0.0229268 0.00314938 -0.0231408 -0.00025105 
-2.89027 -0.753982 -0.0234531 0.000501072 -0.0225917 -0.00631789 -0.0225917 0.00631789 -0.0234531 -0.000501072 
-2.7646 -0.753982 -0.0239836 0.000751053 -0.0220229 -0.00952726 -0.0220229 0.00952726 -0.0239836 -0.000751053 
-2.63894 -0.753982 -0.0247477 0.00100186 -0.0212039 -0.0128002 -0.0212039 0.0128002 -0.0247477 -0.00100186 
-2.51327 -0.753982 -0.0257687 0.00125424 -0.0201101 -0.0161612 -0.0201101 0.0161612 -0.0257687 -0.00125424 
-2.38761 -0.753982 -0.0270789 0.00150872 -0.0187069 -0.0196366 -0.0187069 0.0196366 -0.0270789 -0.00150872 
-2.26195 -0.753982 -0.0287218 0.00176556 -0.0169476 -0.0232559 -0.0169476 0.0232559 -0.0287218 -0.00176556 
-2.13628 -0.753982 -0.0307554 0.00202461 -0.0147701 -0.0270524 -0.0147701 0.0270524 -0.0307554 -0.00202461 
-2.01062 -0.753982 -0.0332561 0.0022851 -0.0120921 -0.031064 -0.0120921 0.031064 -0.0332561 -0.0022851 
-1.88496 -0.753982 -0.0363254 0.00254527 -0.00880447 -0.035334 -0.00880447 0.035334 -0.0363254 -0.00254527 
-1.75929 -0.753982 -0.040098 0.00280194 -0.00476132 -0.0399128 -0.00476132 0.0399128 -0.040098 -0.00280194 
-1.63363 -0.753982 -0.0447547 0.00304967 0.00023348 -0.0448579 0.00023348 0.0448579 -0.0447547 -0.00304967 
-1.50796 -0.753982 -0.0505399 0.00327971 0.00644667 -0.0502342 0.00644667 0.0502342 -0.0505399 -0.00327971 
-1.3823 -0.753982 -0.0577872 0.00347842 0.014245 -0.0561118 0.014245 0.0561118 -0.0577872 -0.00347842 
-1.25664 -0.753982 -0.0669557 0.00362538 0.0241384 -0.0625584 0.0241384 0.0625584 -0.0669557 -0.00362538 
-1.13097 -0.753982 -0.0786792 0.0036921 0.0368407 -0.069619 0.0368407 0.069619 -0.0786792 -0.0036921 
-1.00531 -0.753982 -0.0938253 0.00364411 0.0533509 -0.0772667 0.0533509 0.0772667 -0.0938253 -0.00364411 
-0.879646 -0.753982 -0.11354 0.00345506 0.0750353 -0.0852817 0.0750353 0.0852817 -0.11354 -0.00345506 
-0.753982 -0.753982 -0.139171 0.00315167 0.103609 -0.0929715 0.103609 0.0929715 -0.139171 -0.00315167 
-0.628319 -0.753982 -0.171731 0.00290644 0.140642 -0.0985895 0.140642 0.0985895 -0.171731 -0.00290644 
-0.502655 -0.753982 -0.210164 0.00308097 0.185652 -0.0985474 0.185652 0.0985474 -0.210164 -0.00308097 
-0.376991 -0.753982 -0.248567 0.00374697 0.232491 -0.0880198 0.232491 0.0880198 -0.248567 -0.00374697 
-0.251327 -0.753982 -0.27764 0.00362698 0.269819 -0.0655331 0.269819 0.0655331 -0.27764 -0.00362698 
-0.125664 -0.753982 -0.293008 0.000865043 0.290806 -0.0358654 0.290806 0.0358654 -0.293008 -0.000865043 
0 -0.753982 -0.296655 -0.00440748 0.296655 -0.00440748 0.296655 0.00440748 -0.296655 0.00440748 
0.125664 -0.753982 -0.290071 -0.00981458 0.289014 0.0266184 0.289014 -0.0266184 -0.290071 0.00981458 
0.251327 -0.753982 -0.272099 -0.0127495 0.266721 0.0553193 0.266721 -0.0553193 -0.272099 0.0127495 
0.376991 -0.753982 -0.242665 -0.012617 0.230269 0.0776002 0.230269 -0.0776002 -0.242665 0.012617 
0.502655 -0.753982 -0.20646 -0.0109357 0.186191 0.0898798 0.186191 -0.0898798 -0.20646 0.0109357 
0.628319 -0.753982 -0.170503 -0.00920228 0.143349 0.0927745 0.143349 -0.0927745 -0.170503 0.00920228 
0.753982 -0.753982 -0.139356 -0.00788255 0.106982 0.0896495 0.106982 -0.0896495 -0.139356 0.00788255 
0.879646 -0.753982 -0.11424 -0.00691174 0.0781449 0.0836178 0.0781449 -0.0836178 -0.11424 0.00691174 
1.00531 -0.753982 -0.0945941 -0.00615491 0.0558828 0.0765705 0.0558828 -0.0765705 -0.0945941 0.00615491 
1.13097 -0.753982 -0.0793511 -0.00552433 0.0387846 0.0694469 0.0387846 -0.0694469 -0.0793511 0.00552433 
1.25664 -0.753982 -0.0674918 -0.00497378 0.0255865 0.0626515 0.0255865 -0.0626515 -0.0674918 0.00497378 
1.3823 -0.753982 -0.0581956 -0.00447944 0.0153049 0.0563255 0.0153049 -0.0563255 -0.0581956 0.00447944 
1.50796 -0.753982 -0.0508426 -0.00402818 0.00721266 0.0504894 0.00721266 -0.0504894 -0.0508426 0.00402818 
1.63363 -0.753982 -0.0449746 -0.00361182 0.000780713 0.0451127 0.000780713 -0.0451127 -0.0449746 0.00361182 
1.75929 -0.753982 -0.0402548 -0.00322465 -0.00437547 0.0401461 -0.00437547 -0.0401461 -0.0402548 0.00322465 
1.88496 -0.753982 -0.036435 -0.00286227 -0.00853686 0.0355362 -0.00853686 -0.0355362 -0.036435 0.00286227 
2.01062 -0.753982 -0.0333309 -0.00252105 -0.0119105 0.0312321 -0.0119105 -0.0312321 -0.0333309 0.00252105 
2.13628 -0.753982 -0.0308049 -0.00219793 -0.0146503 0.0271871 -0.0146503 -0.0271871 -0.0308049 0.00219793 
2.26195 -0.753982 -0.0287533 -0.00189023 -0.0168716 0.0233597 -0.0168716 -0.0233597 -0.0287533 0.00189023 
2.38761 -0.753982 -0.0270979 -0.00159562 -0.0186612 0.0197129 -0.0186612 -0.0197129 -0.0270979 0.00159562 
2.51327 -0.753982 -0.0257793 -0.00131203 -0.0200847 0.0162141 -0.0200847 -0.0162141 -0.0257793 0.00131203 
2.63894 -0.753982 -0.024753 -0.00103758 -0.0211913 0.0128341 -0.0211913 -0.0128341 -0.024753 0.00103758 
2.7646 -0.753982 -0.0239858 -0.000770617 -0.0220177 0.00954625 -0.0220177 -0.00954625 -0.0239858 0.000770617 
2.89027 -0.753982 -0.0234538 -0.000509606 -0.0225902 0.00632631 -0.0225902 -0.00632631 -0.0234538 0.000509606 
3.01593 -0.753982 -0.0231408 -0.000253159 -0.0229266 0.00315148 -0.0229266 -0.00315148 -0.0231408 0.000253159 
-3.14159 -0.628319 -0.0230376 -2.66992e-16 -0.0230376 4.69009e-16 -0.0230376 3.6169e-16 -0.0230376 -2.34188e-17 
-3.01593 -0.628319 -0.0231409 0.000251194 -0.0229269 -0.00314954 -0.0229269 0.00314954 -0.0231409 -0.000251194 
-2.89027 -0.628319 -0.0234537 0.000501638 -0.0225921 -0.00631857 -0.0225921 0.00631857 -0.0234537 -0.000501638 
-2.7646 -0.628319 -0.0239849 0.000752306 -0.0220237 -0.00952891 -0.0220237 0.00952891 -0.0239849 -0.000752306 
-2.63894 -0.628319 -0.0247502 0.00100407 -0.0212051 -0.0128034 -0.0212051 0.0128034 -0.0247502 -0.00100407 
-2.51327 -0.628319 -0.0257729 0.00125769 -0.0201114 -0.0161664 -0.0201114 0.0161664 -0.0257729 -0.00125769 
-2.38761 -0.628319 -0.0270854 0.00151372 -0.0187082 -0.0196447 -0.0187082 0.0196447 -0.0270854 -0.00151372 
-2.26195 -0.628319 -0.0287314 0.00177246 -0.0169484 -0.0232677 -0.0169484 0.0232677 -0.0287314 -0.00177246 
-2.13628 -0.628319 -0.0307691 0.00203385 -0.0147697 -0.027069 -0.0147697 0.027069 -0.0307691 -0.00203385 
-2.01062 -0.628319 -0.0332754 0.00229719 -0.0120894 -0.0310866 -0.0120894 0.0310866 -0.0332754 -0.00229719 
-1.88496 -0.628319 -0.036352 0.00256091 -0.00879781 -0.0353641 -0.00879781 0.0353641 -0.036352 -0.00256091 
-1.75929 -0.628319 -0.0401343 0.00282201 -0.00474838 -0.0399522 -0.00474838 0.0399522 -0.0401343 -0.00282201 
-1.63363 -0.628319 -0.0448038 0.00307543 0.000256108 -0.0449085 0.000256108 0.0449085 -0.0448038 -0.00307543 
-1.50796 -0.628319 -0.050606 0.00331292 0.00648396 -0.0502981 0.00648396 0.0502981 -0.050606 -0.00331292 
-1.3823 -0.628319 -0.057876 0.00352167 0.0143042 -0.056191 0.0143042 0.056191 -0.057876 -0.00352167 
-1.25664 -0.628319 -0.0670745 0.00368263 0.0242296 -0.0626537 0.0242296 0.0626537 -0.0670745 -0.00368263 
-1.13097 -0.628319 -0.0788367 0.00376961 0.0369779 -0.0697286 0.0369779 0.0697286 -0.0788367 -0.00376961 
-1.00531 -0.628319 -0.0940299 0.00375208 0.0535517 -0.0773816 0.0535517 0.0773816 -0.0940299 -0.00375208 
-0.879646 -0.628319 -0.113793 0.00361061 0.0753166 -0.0853778 0.0753166 0.0853778 -0.113793 -0.00361061 
-0.753982 -0.628319 -0.139452 0.00338333 0.103972 -0.0929951 0.103972 0.0929951 -0.139452 -0.00338333 
-0.628319 -0.628319 -0.171965 0.00325818 0.141038 -0.0984427 0.141038 0.0984427 -0.171965 -0.00325818 
-0.502655 -0.628319 -0.210207 0.00360353 0.185942 -0.0981103 0.185942 0.0981103 -0.210207 -0.00360353 
-0.376991 -0.628319 -0.248304 0.00445491 0.232507 -0.0872646 0.232507 0.0872646 -0.248304 -0.00445491 
-0.251327 -0.628319 -0.277154 0.00444366 0.269551 -0.0646213 0.269551 0.0646213 -0.277154 -0.00444366 
-0.125664 -0.628319 -0.2925 0.00164534 0.2904 -0.0350276 0.2904 0.0350276 -0.2925 -0.00164534 
0 -0.628319 -0.296289 -0.00376397 0.296289 -0.00376397 0.296289 0.00376397 -0.296289 0.00376397 
0.125664 -0.628319 -0.290011 -0.0092861 0.288888 0.0271351 0.288888 -0.0271351 -0.290011 0.0092861 
0.251327 -0.628319 -0.272442 -0.0122305 0.266924 0.0559073 0.266924 -0.0559073 -0.272442 0.0122305 
0.376991 -0.628319 -0.243261 -0.0120355 0.230609 0.07836 0.230609 -0.07836 -0.243261 0.0120355 
0.502655 -0.628319 -0.207026 -0.010331 0.186395 0.0906823 0.186395 -0.0906823 -0.207026 0.010331 
0.628319 -0.628319 -0.170904 -0.00865884 0.143354 0.0934496 0.143354 -0.0934496 -0.170904 0.00865884 
0.753982 -0.628319 -0.139606 -0.0074444 0.106864 0.0901399 0.106864 -0.0901399 -0.139606 0.0074444 
0.879646 -0.628319 -0.114392 -0.0065786 0.077985 0.0839471 0.077985 -0.0839471 -0.114392 0.0065786 
1.00531 -0.628319 -0.0946888 -0.00590805 0.0557251 0.0767827 0.0557251 -0.0767827 -0.0946888 0.00590805 
1.13097 -0.628319 -0.0794131 -0.00534291 0.0386469 0.0695802 0.0386469 -0.0695802 -0.0794131 0.00534291 
1.25664 -0.628319 -0.0675346 -0.00484047 0.0254729 0.0627334 0.0254729 -0.0627334 -0.0675346 0.00484047 
1.3823 -0.628319 -0.0582266 -0.00438122 0.0152142 0.0563743 0.0152142 -0.0563743 -0.0582266 0.00438122 
1.50796 -0.628319 -0.0508659 -0.00395559 0.00714169 0.0505172 0.00714169 -0.0505172 -0.0508659 0.00395559 
1.63363 -0.628319 -0.0449926 -0.00355812 0.000725994 0.0451272 0.000725994 -0.0451272 -0.0449926 0.00355812 
1.75929 -0.628319 -0.0402689 -0.00318498 -0.00441707 0.0401524 -0.00441707 -0.0401524 -0.0402689 0.00318498 
1.88496 -0.628319 -0.0364461 -0.0028331 -0.00856802 0.0355377 -0.00856802 -0.0355377 -0.0364461 0.0028331 
2.01062 -0.628319 -0.0333396 -0.00249979 -0.0119334 0.0312309 -0.0119334 -0.0312309 -0.0333396 0.00249979 
2.13628 -0.628319 -0.0308116 -0.00218266 -0.0146668 0.0271847 -0.0146668 -0.0271847 -0.0308116 0.00218266 
2.26195 -0.628319 -0.0287584 -0.00187951 -0.0168831 0.0233568 -0.0168831 -0.0233568 -0.0287584 0.00187951 
2.38761 -0.628319 -0.0271017 -0.00158834 -0.018669 0.0197102 -0.018669 -0.0197102 -0.0271017 0.00158834 
2.51327 -0.628319 -0.025782 -0.00130731 -0.0200896 0.0162119 -0.0200896 -0.0162119 -0.025782 0.00130731 
2.63894 -0.628319 -0.0247547 -0.00103474 -0.0211942 0.0128324 -0.0211942 -0.0128324 -0.0247547 0.00103474 
2.7646 -0.628319 -0.0239868 -0.000769105 -0.0220192 0.00954521 -0.0220192 -0.00954521 -0.0239868 0.000769105 
2.89027 -0.628319 -0.0234542 -0.000508965 -0.0225908 0.0063258 -0.0225908 -0.0063258 -0.0234542 0.000508965 
3.01593 -0.628319 -0.023141 -0.000253006 -0.0229268 0.00315134 -0.0229268 -0.00315134 -0.023141 0.000253006 
-3.14159 -0.502655 -0.0230376 -2.66992e-16 -0.0230376 4.69009e-16 -0.0230376 3.59088e-16 -0.0230376 -1.47451e-16 
-3.01593 -0.502655 -0.023141 0.000251354 -0.022927 -0.00314971 -0.022927 0.00314971 -0.023141 -0.000251354 
-2.89027 -0.502655 -0.0234542 0.000502267 -0.0225924 -0.0063193 -0.0225924 0.0063193 -0.0234542 -0.000502267 
-2.7646 -0.502655 -0.023986 0.000753712 -0.0220242 -0.00953063 -0.0220242 0.00953063 -0.023986 -0.000753712 
-2.63894 -0.502655 -0.0247524 0.00100657 -0.0212058 -0.0128066 -0.0212058 0.0128066 -0.0247524 -0.00100657 
-2.51327 -0.502655 -0.0257766 0.00126163 -0.0201121 -0.0161718 -0.0201121 0.0161718 -0.0257766 -0.00126163 
-2.38761 -0.502655 -0.0270911 0.00151948 -0.0187084 -0.0196528 -0.0187084 0.0196528 -0.0270911 -0.00151948 
-2.26195 -0.502655 -0.02874 0.00178052 -0.0169477 -0.0232795 -0.0169477 0.0232795 -0.02874 -0.00178052 
-2.13628 -0.502655 -0.0307816 0.00204474 -0.0147672 -0.0270854 -0.0147672 0.0270854 -0.0307816 -0.00204474 
-2.01062 -0.502655 -0.0332929 0.00231162 -0.0120838 -0.0311086 -0.0120838 0.0311086 -0.0332929 -0.00231162 
-1.88496 -0.502655 -0.0363763 0.00257977 -0.00878738 -0.0353931 -0.00878738 0.0353931 -0.0363763 -0.00257977 
-1.75929 -0.502655 -0.0401675 0.00284651 -0.00473055 -0.0399894 -0.00473055 0.0399894 -0.0401675 -0.00284651 
-1.63363 -0.502655 -0.044849 0.00310722 0.000285003 -0.0449556 0.000285003 0.0449556 -0.044849 -0.00310722 
-1.50796 -0.502655 -0.050667 0.00335434 0.00652913 -0.0503564 0.00652913 0.0503564 -0.050667 -0.00335434 
-1.3823 -0.502655 -0.057958 0.00357609 0.014373 -0.0562613 0.014373 0.0562613 -0.057958 -0.00357609 
-1.25664 -0.502655 -0.067184 0.00375511 0.0243323 -0.0627354 0.0243323 0.0627354 -0.067184 -0.00375511 
-1.13097 -0.502655 -0.0789812 0.00386788 0.0371283 -0.0698174 0.0371283 0.0698174 -0.0789812 -0.00386788 
-1.00531 -0.502655 -0.0942155 0.00388827 0.0537662 -0.0774654 0.0537662 0.0774654 -0.0942155 -0.00388827 
-0.879646 -0.502655 -0.114018 0.003804 0.0756091 -0.085428 0.0756091 0.085428 -0.114018 -0.003804 
-0.753982 -0.502655 -0.13969 0.00366388 0.104338 -0.0929538 0.104338 0.0929538 -0.13969 -0.00366388 
-0.628319 -0.502655 -0.172138 0.00366787 0.141418 -0.0982126 0.141418 0.0982126 -0.172138 -0.00366787 
-0.502655 -0.502655 -0.210174 0.00418364 0.186192 -0.0975859 0.186192 0.0975859 -0.210174 -0.00418364 
-0.376991 -0.502655 -0.247977 0.00520575 0.232479 -0.0864461 0.232479 0.0864461 -0.247977 -0.00520575 
-0.251327 -0.502655 -0.276651 0.00528735 0.269274 -0.063679 0.269274 0.063679 -0.276651 -0.00528735 
-0.125664 -0.502655 -0.292025 0.00245486 0.29003 -0.0341649 0.29003 0.0341649 -0.292025 -0.00245486 
0 -0.502655 -0.295981 -0.00307095 0.295981 -0.00307095 0.295981 0.00307095 -0.295981 0.00307095 
0.125664 -0.502655 -0.290006 -0.00868742 0.288808 0.0277285 0.288808 -0.0277285 -0.290006 0.00868742 
0.251327 -0.502655 -0.27282 -0.011638 0.267143 0.0565753 0.267143 -0.0565753 -0.27282 0.011638 
0.376991 -0.502655 -0.243861 -0.0113944 0.23093 0.0791769 0.23093 -0.0791769 -0.243861 0.0113944 
0.502655 -0.502655 -0.207566 -0.00968575 0.186557 0.0915079 0.186557 -0.0915079 -0.207566 0.00968575 
0.628319 -0.502655 -0.171263 -0.00809065 0.14331 0.0941201 0.14331 -0.0941201 -0.171263 0.00809065 
0.753982 -0.502655 -0.139813 -0.0069916 0.106705 0.0906118 0.106705 -0.0906118 -0.139813 0.0069916 
0.879646 -0.502655 -0.114507 -0.00623652 0.0777949 0.084254 0.0777949 -0.084254 -0.114507 0.00623652 
1.00531 -0.502655 -0.0947547 -0.00565538 0.0555471 0.0769738 0.0555471 -0.0769738 -0.0947547 0.00565538 
1.13097 -0.502655 -0.0794532 -0.00515741 0.0384961 0.0696955 0.0384961 -0.0696955 -0.0794532 0.00515741 
1.25664 -0.502655 -0.0675609 -0.00470411 0.0253513 0.0628006 0.0253513 -0.0628006 -0.0675609 0.00470411 
1.3823 -0.502655 -0.0582453 -0.0042806 0.0151189 0.0564115 0.0151189 -0.0564115 -0.0582453 0.0042806 
1.50796 -0.502655 -0.05088 -0.00388109 0.00706821 0.0505359 0.00706821 -0.0505359 -0.05088 0.00388109 
1.63363 -0.502655 -0.0450037 -0.00350285 0.000670129 0.0451348 0.000670129 -0.0451348 -0.0450037 0.00350285 
1.75929 -0.502655 -0.0402779 -0.00314401 -0.004459 0.0401536 -0.004459 -0.0401536 -0.0402779 0.00314401 
1.88496 -0.502655 -0.0364534 -0.00280286 -0.00859904 0.0355354 -0.00859904 -0.0355354 -0.0364534 0.00280286 
2.01062 -0.502655 -0.0333456 -0.00247767 -0.011956 0.0312269 -0.011956 -0.0312269 -0.0333456 0.00247767 
2.13628 -0.502655 -0.0308164 -0.00216671 -0.0146829 0.0271802 -0.0146829 -0.0271802 -0.0308164 0.00216671 
2.26195 -0.502655 -0.0287622 -0.00186825 -0.0168942 0.0233525 -0.0168942 -0.0233525 -0.0287622 0.00186825 
2.38761 -0.502655 -0.0271045 -0.00158064 -0.0186763 0.0197065 -0.0186763 -0.0197065 -0.0271045 0.00158064 
2.51327 -0.502655 -0.025784 -0.0013023 -0.0200942 0.016209 -0.0200942 -0.016209 -0.025784 0.0013023 
2.63894 -0.502655 -0.0247561 -0.00103171 -0.0211969 0.0128304 -0.0211969 -0.0128304 -0.0247561 0.00103171 
2.7646 -0.502655 -0.0239876 -0.00076748 -0.0220205 0.009544 -0.0220205 -0.009544 -0.0239876 0.00076748 
2.89027 -0.502655 -0.0234546 -0.000508272 -0.0225913 0.00632522 -0.0225913 -0.00632522 -0.0234546 0.000508272 
3.01593 -0.502655 -0.023141 -0.000252838 -0.0229269 0.00315119 -0.0229269 -0.00315119 -0.023141 0.000252838 
-3.14159 -0.376991 -0.0230376 -2.66992e-16 -0.0230376 4.69009e-16 -0.0230376 -2.84061e-17 -0.0230376 2.36356e-17 
-3.01593 -0.376991 -0.0231411 0.000251526 -0.0229271 -0.00314989 -0.0229271 0.00314989 -0.0231411 -0.000251526 
-2.89027 -0.376991 -0.0234545 0.00050295 -0.0225926 -0.00632006 -0.0225926 0.00632006 -0.0234545 -0.00050295 
-2.7646 -0.376991 -0.023987 0.000755249 -0.0220245 -0.00953241 -0.0220245 0.00953241 -0.023987 -0.000755249 
-2.63894 -0.376991 -0.0247542 0.00100933 -0.021206 -0.0128099 -0.021206 0.0128099 -0.0247542 -0.00100933 
-2.51327 -0.376991 -0.0257797 0.001266 -0.0201121 -0.0161772 -0.0201121 0.0161772 -0.0257797 -0.001266 
-2.38761 -0.376991 -0.0270961 0.00152593 -0.0187077 -0.0196609 -0.0187077 0.0196609 -0.0270961 -0.00152593 
-2.26195 -0.376991 -0.0287476 0.00178959 -0.0169455 -0.0232911 -0.0169455 0.0232911 -0.0287476 -0.00178959 
-2.13628 -0.376991 -0.0307925 0.00205711 -0.0147626 -0.0271013 -0.0147626 0.0271013 -0.0307925 -0.00205711 
-2.01062 -0.376991 -0.0333085 0.00232814 -0.0120755 -0.0311297 -0.0120755 0.0311297 -0.0333085 -0.00232814 
-1.88496 -0.376991 -0.0363979 0.00260155 -0.00877335 -0.0354204 -0.00877335 0.0354204 -0.0363979 -0.00260155 
-1.75929 -0.376991 -0.0401973 0.00287505 -0.0047081 -0.0400241 -0.0047081 0.0400241 -0.0401973 -0.00287505 
-1.63363 -0.376991 -0.0448896 0.00314455 0.000319706 -0.0449985 0.000319706 0.0449985 -0.0448896 -0.00314455 
-1.50796 -0.376991 -0.050722 0.00340331 0.00658146 -0.0504082 0.00658146 0.0504082 -0.050722 -0.00340331 
-1.3823 -0.376991 -0.0580319 0.00364083 0.0144504 -0.0563218 0.0144504 0.0563218 -0.0580319 -0.00364083 
-1.25664 -0.376991 -0.0672825 0.00384166 0.0244451 -0.0628023 0.0244451 0.0628023 -0.0672825 -0.00384166 
-1.13097 -0.376991 -0.0791103 0.00398532 0.0372895 -0.0698842 0.0372895 0.0698842 -0.0791103 -0.00398532 
-1.00531 -0.376991 -0.0943793 0.00405047 0.0539909 -0.0775167 0.0539909 0.0775167 -0.0943793 -0.00405047 
-0.879646 -0.376991 -0.114212 0.00403202 0.0759081 -0.0854316 0.0759081 0.0854316 -0.114212 -0.00403202 
-0.753982 -0.376991 -0.139883 0.00398857 0.1047 -0.0928488 0.1047 0.0928488 -0.139883 -0.00398857 
-0.628319 -0.376991 -0.172246 0.00412847 0.141777 -0.0979039 0.141777 0.0979039 -0.172246 -0.00412847 
-0.502655 -0.376991 -0.210066 0.0048115 0.1864 -0.0969838 0.1864 0.0969838 -0.210066 -0.0048115 
-0.376991 -0.376991 -0.247592 0.00598767 0.23241 -0.0855776 0.23241 0.0855776 -0.247592 -0.00598767 
-0.251327 -0.376991 -0.276139 0.00614585 0.268992 -0.0627201 0.268992 0.0627201 -0.276139 -0.00614585 
-0.125664 -0.376991 -0.291589 0.00328237 0.289701 -0.0332893 0.289701 0.0332893 -0.291589 -0.00328237 
0 -0.376991 -0.295736 -0.00233815 0.295736 -0.00233815 0.295736 0.00233815 -0.295736 0.00233815 
0.125664 -0.376991 -0.29006 -0.00802688 0.288779 0.0283906 0.288779 -0.0283906 -0.29006 0.00802688 
0.251327 -0.376991 -0.273231 -0.0109796 0.267377 0.057315 0.267377 -0.057315 -0.273231 0.0109796 
0.376991 -0.376991 -0.244458 -0.0107018 0.231231 0.0800406 0.231231 -0.0800406 -0.244458 0.0107018 
0.502655 -0.376991 -0.208073 -0.0090087 0.186676 0.0923455 0.186676 -0.0923455 -0.208073 0.0090087 
0.628319 -0.376991 -0.171575 -0.00750583 0.143219 0.0947767 0.143219 -0.0947767 -0.171575 0.00750583 
0.753982 -0.376991 -0.139974 -0.00653091 0.106507 0.091058 0.106507 -0.091058 -0.139974 0.00653091 
0.879646 -0.376991 -0.114584 -0.00589075 0.0775776 0.0845337 0.0775776 -0.0845337 -0.114584 0.00589075 
1.00531 -0.376991 -0.0947908 -0.0054008 0.0553515 0.0771406 0.0553515 -0.0771406 -0.0947908 0.0054008 
1.13097 -0.376991 -0.0794707 -0.00497072 0.0383346 0.0697908 0.0383346 -0.0697908 -0.0794707 0.00497072 
1.25664 -0.376991 -0.0675704 -0.00456683 0.0252237 0.062852 0.0252237 -0.062852 -0.0675704 0.00456683 
1.3823 -0.376991 -0.0582514 -0.00417917 0.0150204 0.0564365 0.0150204 -0.0564365 -0.0582514 0.00417917 
1.50796 -0.376991 -0.0508847 -0.00380582 0.00699339 0.0505454 0.00699339 -0.0505454 -0.0508847 0.00380582 
1.63363 -0.376991 -0.0450078 -0.00344686 0.000613997 0.0451354 0.000613997 -0.0451354 -0.0450078 0.00344686 
1.75929 -0.376991 -0.0402816 -0.00310238 -0.0045006 0.0401495 -0.0045006 -0.0401495 -0.0402816 0.00310238 
1.88496 -0.376991 -0.0364569 -0.00277203 -0.00862944 0.0355291 -0.00862944 -0.0355291 -0.0364569 0.00277203 
2.01062 -0.376991 -0.0333487 -0.00245503 -0.0119778 0.0312201 -0.0119778 -0.0312201 -0.0333487 0.00245503 
2.13628 -0.376991 -0.0308192 -0.00215031 -0.0146982 0.0271737 -0.0146982 -0.0271737 -0.0308192 0.00215031 
2.26195 -0.376991 -0.0287645 -0.00185663 -0.0169046 0.0233469 -0.0169046 -0.0233469 -0.0287645 0.00185663 
2.38761 -0.376991 -0.0271064 -0.00157267 -0.0186831 0.019702 -0.0186831 -0.019702 -0.0271064 0.00157267 
2.51327 -0.376991 -0.0257854 -0.00129708 -0.0200984 0.0162056 -0.0200984 -0.0162056 -0.0257854 0.00129708 
2.63894 -0.376991 -0.0247571 -0.00102854 -0.0211993 0.0128281 -0.0211993 -0.0128281 -0.0247571 0.00102854 
2.7646 -0.376991 -0.0239882 -0.00076577 -0.0220217 0.00954262 -0.0220217 -0.00954262 -0.0239882 0.00076577 
2.89027 -0.376991 -0.0234549 -0.000507539 -0.0225918 0.00632458 -0.0225918 -0.00632458 -0.0234549 0.000507539 
3.01593 -0.376991 -0.0231411 -0.00025266 -0.022927 0.00315102 -0.022927 -0.00315102 -0.0231411 0.00025266 
-3.14159 -0.251327 -0.0230376 -2.66992e-16 -0.0230376 4.69009e-16 -0.0230376 -3.81422e-16 -0.0230376 1.09938e-16 
-3.01593 -0.251327 -0.0231412 0.000251707 -0.0229271 -0.00315008 -0.0229271 0.00315008 -0.0231412 -0.000251707 
-2.89027 -0.251327 -0.0234548 0.000503676 -0.0225927 -0.00632083 -0.0225927 0.00632083 -0.0234548 -0.000503676 
-2.7646 -0.251327 -0.0239877 0.000756893 -0.0220246 -0.00953422 -0.0220246 0.00953422 -0.0239877 -0.000756893 
-2.63894 -0.251327 -0.0247557 0.00101229 -0.0212059 -0.0128132 -0.0212059 0.0128132 -0.0247557 -0.00101229 
-2.51327 -0.251327 -0.0257823 0.00127073 -0.0201114 -0.0161825 -0.0201114 0.0161825 -0.0257823 -0.00127073 
-2.38761 -0.251327 -0.0271003 0.00153296 -0.0187059 -0.0196689 -0.0187059 0.0196689 -0.0271003 -0.00153296 
-2.26195 -0.251327 -0.0287539 0.00179954 -0.0169419 -0.0233023 -0.0169419 0.0233023 -0.0287539 -0.00179954 
-2.13628 -0.251327 -0.0308018 0.00207077 -0.014756 -0.0271164 -0.014756 0.0271164 -0.0308018 -0.00207077 
-2.01062 -0.251327 -0.0333218 0.0023465 -0.0120645 -0.0311495 -0.0120645 0.0311495 -0.0333218 -0.0023465 
-1.88496 -0.251327 -0.0364166 0.00262593 -0.00875595 -0.0354457 -0.00875595 0.0354457 -0.0364166 -0.00262593 
-1.75929 -0.251327 -0.0402232 0.00290718 -0.00468139 -0.0400555 -0.00468139 0.0400555 -0.0402232 -0.00290718 
-1.63363 -0.251327 -0.044925 0.00318682 0.000359671 -0.0450365 0.000359671 0.0450365 -0.044925 -0.00318682 
-1.50796 -0.251327 -0.0507701 0.00345907 0.00664013 -0.0504527 0.00664013 0.0504527 -0.0507701 -0.00345907 
-1.3823 -0.251327 -0.0580966 0.00371485 0.0145353 -0.0563714 0.0145353 0.0563714 -0.0580966 -0.00371485 
-1.25664 -0.251327 -0.0673684 0.00394089 0.024566 -0.0628534 0.024566 0.0628534 -0.0673684 -0.00394089 
-1.13097 -0.251327 -0.079222 0.00412006 0.037459 -0.069928 0.037459 0.069928 -0.079222 -0.00412006 
-1.00531 -0.251327 -0.0945187 0.00423603 0.0542222 -0.077535 0.0542222 0.077535 -0.0945187 -0.00423603 
-0.879646 -0.251327 -0.114371 0.00429093 0.0762088 -0.0853889 0.0762088 0.0853889 -0.114371 -0.00429093 
-0.753982 -0.251327 -0.140026 0.00435199 0.105054 -0.0926821 0.105054 0.0926821 -0.140026 -0.00435199 
-0.628319 -0.251327 -0.17229 0.00463228 0.142109 -0.0975222 0.142109 0.0975222 -0.17229 -0.00463228 
-0.502655 -0.251327 -0.209887 0.00547697 0.186564 -0.0963143 0.186564 0.0963143 -0.209887 -0.00547697 
-0.376991 -0.251327 -0.247157 0.00678903 0.2323 -0.0846724 0.2323 0.0846724 -0.247157 -0.00678903 
-0.251327 -0.251327 -0.275625 0.00700736 0.268708 -0.0617579 0.268708 0.0617579 -0.275625 -0.00700736 
-0.125664 -0.251327 -0.291199 0.00411684 0.289418 -0.0324125 0.289418 0.0324125 -0.291199 -0.00411684 
0 -0.251327 -0.295558 -0.00157542 0.295558 -0.00157542 0.295558 0.00157542 -0.295558 0.00157542 
0.125664 -0.251327 -0.290172 -0.00731325 0.2888 0.0291126 0.2888 -0.0291126 -0.290172 0.00731325 
0.251327 -0.251327 -0.27367 -0.0102636 0.267624 0.0581177 0.267624 -0.0581177 -0.27367 0.0102636 
0.376991 -0.251327 -0.245045 -0.0099665 0.231506 0.0809404 0.231506 -0.0809404 -0.245045 0.0099665 
0.502655 -0.251327 -0.20854 -0.00830892 0.186748 0.0931839 0.186748 -0.0931839 -0.20854 0.00830892 
0.628319 -0.251327 -0.171835 -0.00691279 0.143081 0.0954095 0.143081 -0.0954095 -0.171835 0.00691279 
0.753982 -0.251327 -0.140087 -0.00606926 0.106274 0.0914718 0.106274 -0.0914718 -0.140087 0.00606926 
0.879646 -0.251327 -0.114622 -0.00554659 0.0773363 0.0847819 0.0773363 -0.0847819 -0.114622 0.00554659 
1.00531 -0.251327 -0.0947964 -0.00514827 0.0551413 0.0772807 0.0551413 -0.0772807 -0.0947964 0.00514827 
1.13097 -0.251327 -0.0794654 -0.00478577 0.038165 0.0698648 0.038165 -0.0698648 -0.0794654 0.00478577 
1.25664 -0.251327 -0.0675628 -0.0044308 0.025092 0.0628869 0.025092 -0.0628869 -0.0675628 0.0044308 
1.3823 -0.251327 -0.0582448 -0.00407853 0.0149203 0.0564489 0.0149203 -0.0564489 -0.0582448 0.00407853 
1.50796 -0.251327 -0.05088 -0.00373099 0.00691841 0.0505453 0.00691841 -0.0505453 -0.05088 0.00373099 
1.63363 -0.251327 -0.0450049 -0.00339105 0.000558482 0.045129 0.000558482 -0.045129 -0.0450049 0.00339105 
1.75929 -0.251327 -0.0402801 -0.00306075 -0.00454121 0.0401402 -0.00454121 -0.0401402 -0.0402801 0.00306075 
1.88496 -0.251327 -0.0364564 -0.00274109 -0.00865872 0.0355192 -0.00865872 -0.0355192 -0.0364564 0.00274109 
2.01062 -0.251327 -0.033349 -0.00243222 -0.0119986 0.0312106 -0.0119986 -0.0312106 -0.033349 0.00243222 
2.13628 -0.251327 -0.0308198 -0.00213373 -0.0147125 0.0271653 -0.0147125 -0.0271653 -0.0308198 0.00213373 
2.26195 -0.251327 -0.0287653 -0.00184483 -0.0169142 0.02334 -0.0169142 -0.02334 -0.0287653 0.00184483 
2.38761 -0.251327 -0.0271072 -0.00156453 -0.0186893 0.0196966 -0.0186893 -0.0196966 -0.0271072 0.00156453 
2.51327 -0.251327 -0.0257861 -0.00129173 -0.0201022 0.0162017 -0.0201022 -0.0162017 -0.0257861 0.00129173 
2.63894 -0.251327 -0.0247576 -0.00102527 -0.0212013 0.0128255 -0.0212013 -0.0128255 -0.0247576 0.00102527 
2.7646 -0.251327 -0.0239885 -0.000764 -0.0220227 0.00954112 -0.0220227 -0.00954112 -0.0239885 0.000764 
2.89027 -0.251327 -0.0234551 -0.000506776 -0.0225922 0.00632389 -0.0225922 -0.00632389 -0.0234551 0.000506776 
3.01593 -0.251327 -0.0231412 -0.000252474 -0.0229271 0.00315084 -0.0229271 -0.00315084 -0.0231412 0.000252474 
-3.14159 -0.125664 -0.0230376 -2.66992e-16 -0.0230376 4.69009e-16 -0.0230376 -3.64292e-17 -0.0230376 1.35308e-16 
-3.01593 -0.125664 -0.0231412 0.000251896 -0.0229271 -0.00315027 -0.0229271 0.00315027 -0.0231412 -0.000251896 
-2.89027 -0.125664 -0.023455 0.000504434 -0.0225927 -0.00632162 -0.0225927 0.00632162 -0.023455 -0.000504434 
-2.7646 -0.125664 -0.0239883 0.000758617 -0.0220245 -0.00953602 -0.0220245 0.00953602 -0.0239883 -0.000758617 
-2.63894 -0.125664 -0.0247568 0.00101542 -0.0212054 -0.0128165 -0.0212054 0.0128165 -0.0247568 -0.00101542 
-2.51327 -0.125664 -0.0257843 0.00127575 -0.02011 -0.0161877 -0.02011 0.0161877 -0.0257843 -0.00127575 
-2.38761 -0.125664 -0.0271035 0.00154045 -0.0187031 -0.0196766 -0.0187031 0.0196766 -0.0271035 -0.00154045 
-2.26195 -0.125664 -0.0287589 0.00181021 -0.0169368 -0.023313 -0.0169368 0.023313 -0.0287589 -0.00181021 
-2.13628 -0.125664 -0.0308093 0.0020855 -0.0147476 -0.0271306 -0.0147476 0.0271306 -0.0308093 -0.0020855 
-2.01062 -0.125664 -0.0333326 0.00236642 -0.0120511 -0.0311678 -0.0120511 0.0311678 -0.0333326 -0.00236642 
-1.88496 -0.125664 -0.036432 0.0026525 -0.00873544 -0.0354686 -0.00873544 0.0354686 -0.036432 -0.0026525 
-1.75929 -0.125664 -0.0402447 0.00294239 -0.00465084 -0.0400832 -0.00465084 0.0400832 -0.0402447 -0.00294239 
-1.63363 -0.125664 -0.0449547 0.00323337 0.000404264 -0.045069 0.000404264 0.045069 -0.0449547 -0.00323337 
-1.50796 -0.125664 -0.0508105 0.00352073 0.0067042 -0.0504891 0.0067042 0.0504891 -0.0508105 -0.00352073 
-1.3823 -0.125664 -0.058151 0.00379698 0.0146261 -0.0564095 0.0146261 0.0564095 -0.058151 -0.00379698 
-1.25664 -0.125664 -0.0674404 0.00405124 0.0246932 -0.0628877 0.0246932 0.0628877 -0.0674404 -0.00405124 
-1.13097 -0.125664 -0.0793147 0.00426995 0.0376341 -0.069948 0.0376341 0.069948 -0.0793147 -0.00426995 
-1.00531 -0.125664 -0.0946316 0.004442 0.0544566 -0.0775199 0.0544566 0.0775199 -0.0946316 -0.004442 
-0.879646 -0.125664 -0.114492 0.00457655 0.0765065 -0.0853007 0.0765065 0.0853007 -0.114492 -0.00457655 
-0.753982 -0.125664 -0.140119 0.00474825 0.105393 -0.0924568 0.105393 0.0924568 -0.140119 -0.00474825 
-0.628319 -0.125664 -0.17227 0.00517119 0.142409 -0.0970741 0.142409 0.0970741 -0.17227 -0.00517119 
-0.502655 -0.125664 -0.20964 0.00616975 0.186681 -0.0955882 0.186681 0.0955882 -0.20964 -0.00616975 
-0.376991 -0.125664 -0.246678 0.00759844 0.232153 -0.0837436 0.232153 0.0837436 -0.246678 -0.00759844 
-0.251327 -0.125664 -0.275115 0.00786052 0.268427 -0.0608048 0.268427 0.0608048 -0.275115 -0.00786052 
-0.125664 -0.125664 -0.290858 0.0049475 0.289185 -0.0315458 0.289185 0.0315458 -0.290858 -0.0049475 
0 -0.125664 -0.295449 -0.000792712 0.295449 -0.000792712 0.295449 0.000792712 -0.295449 0.000792712 
0.125664 -0.125664 -0.290343 -0.00655573 0.288875 0.0298856 0.288875 -0.0298856 -0.290343 0.00655573 
0.251327 -0.125664 -0.274133 -0.00949876 0.267883 0.0589737 0.267883 -0.0589737 -0.274133 0.00949876 
0.376991 -0.125664 -0.245615 -0.00919759 0.231753 0.0818654 0.231753 -0.0818654 -0.245615 0.00919759 
0.502655 -0.125664 -0.208961 -0.0075959 0.186773 0.0940115 0.186773 -0.0940115 -0.208961 0.0075959 
0.628319 -0.125664 -0.17204 -0.00632017 0.142898 0.0960094 0.142898 -0.0960094 -0.17204 0.00632017 
0.753982 -0.125664 -0.140149 -0.00561364 0.106007 0.0918467 0.106007 -0.0918467 -0.140149 0.00561364 
0.879646 -0.125664 -0.114619 -0.00520937 0.0770746 0.0849947 0.0770746 -0.0849947 -0.114619 0.00520937 
1.00531 -0.125664 -0.0947715 -0.00490175 0.0549198 0.0773917 0.0549198 -0.0773917 -0.0947715 0.00490175 
1.13097 -0.125664 -0.0794373 -0.00460545 0.0379899 0.0699161 0.0379899 -0.0699161 -0.0794373 0.00460545 
1.25664 -0.125664 -0.0675384 -0.00429814 0.0249583 0.0629046 0.0249583 -0.0629046 -0.0675384 0.00429814 
1.3823 -0.125664 -0.0582257 -0.00398027 0.0148202 0.0564485 0.0148202 -0.0564485 -0.0582257 0.00398027 
1.50796 -0.125664 -0.0508659 -0.00365777 0.00684445 0.0505358 0.00684445 -0.0505358 -0.0508659 0.00365777 
1.63363 -0.125664 -0.0449949 -0.0033363 0.00050446 0.0451156 0.00050446 -0.0451156 -0.0449949 0.0033363 
1.75929 -0.125664 -0.0402734 -0.00301979 -0.00458019 0.0401259 -0.00458019 -0.0401259 -0.0402734 0.00301979 
1.88496 -0.125664 -0.0364521 -0.00271054 -0.00868644 0.0355056 -0.00868644 -0.0355056 -0.0364521 0.00271054 
2.01062 -0.125664 -0.0333463 -0.00240962 -0.0120179 0.0311986 -0.0120179 -0.0311986 -0.0333463 0.00240962 
2.13628 -0.125664 -0.0308184 -0.00211723 -0.0147257 0.0271553 -0.0147257 -0.0271553 -0.0308184 0.00211723 
2.26195 -0.125664 -0.0287647 -0.00183304 -0.0169229 0.023332 -0.0169229 -0.023332 -0.0287647 0.00183304 
2.38761 -0.125664 -0.027107 -0.00155636 -0.0186947 0.0196905 -0.0186947 -0.0196905 -0.027107 0.00155636 
2.51327 -0.125664 -0.0257862 -0.00128633 -0.0201054 0.0161974 -0.0201054 -0.0161974 -0.0257862 0.00128633 
2.63894 -0.125664 -0.0247578 -0.00102196 -0.0212031 0.0128227 -0.0212031 -0.0128227 -0.0247578 0.00102196 
2.7646 -0.125664 -0.0239887 -0.000762199 -0.0220235 0.00953949 -0.0220235 -0.00953949 -0.0239887 0.000762199 
2.89027 -0.125664 -0.0234552 -0.000505996 -0.0225924 0.00632316 -0.0225924 -0.00632316 -0.0234552 0.000505996 
3.01593 -0.125664 -0.0231412 -0.000252282 -0.0229271 0.00315066 -0.0229271 -0.00315066 -0.0231412 0.000252282 
-3.14159 0 -0.0230376 -2.66992e-16 -0.0230376 4.69009e-16 -0.0230376 2.37603e-16 -0.0230376 -4.44198e-16 
-3.01593 0 -0.0231412 0.000252089 -0.0229271 -0.00315046 -0.0229271 0.00315046 -0.0231412 -0.000252089 
-2.89027 0 -0.0234551 0.000505211 -0.0225926 -0.0063224 -0.0225926 0.0063224 -0.0234551 -0.000505211 
-2.7646 0 -0.0239886 0.000760396 -0.0220241 -0.00953779 -0.0220241 0.00953779 -0.0239886 -0.000760396 
-2.63894 0 -0.0247575 0.00101866 -0.0212044 -0.0128197 -0.0212044 0.0128197 -0.0247575 -0.00101866 
-2.51327 0 -0.0257856 0.00128098 -0.020108 -0.0161927 -0.020108 0.0161927 -0.0257856 -0.00128098 
-2.38761 0 -0.0271058 0.0015483 -0.0186994 -0.0196838 -0.0186994 0.0196838 -0.0271058 -0.0015483 
-2.26195 0 -0.0287625 0.00182144 -0.0169305 -0.0233229 -0.0169305 0.0233229 -0.0287625 -0.00182144 
-2.13628 0 -0.0308149 0.00210107 -0.0147374 -0.0271436 -0.0147374 0.0271436 -0.0308149 -0.00210107 
-2.01062 0 -0.0333409 0.00238757 -0.0120355 -0.0311843 -0.0120355 0.0311843 -0.0333409 -0.00238757 
-1.88496 0 -0.0364439 0.00268085 -0.00871214 -0.0354886 -0.00871214 0.0354886 -0.0364439 -0.00268085 
-1.75929 0 -0.0402615 0.00298012 -0.00461692 -0.0401068 -0.00461692 0.0401068 -0.0402615 -0.00298012 
-1.63363 0 -0.0449781 0.00328346 0.000452782 -0.0450955 0.000452782 0.0450955 -0.0449781 -0.00328346 
-1.50796 0 -0.0508426 0.00358731 0.00677267 -0.050517 0.00677267 0.050517 -0.0508426 -0.00358731 
-1.3823 0 -0.0581942 0.00388592 0.0147216 -0.0564353 0.0147216 0.0564353 -0.0581942 -0.00388592 
-1.25664 0 -0.0674973 0.00417096 0.0248246 -0.0629049 0.0248246 0.0629049 -0.0674973 -0.00417096 
-1.13097 0 -0.0793868 0.0044326 0.037812 -0.069944 0.037812 0.069944 -0.0793868 -0.0044326 
-1.00531 0 -0.0947163 0.00466508 0.0546904 -0.0774719 0.0546904 0.0774719 -0.0947163 -0.00466508 
-0.879646 0 -0.114575 0.00488432 0.0767966 -0.0851685 0.0767966 0.0851685 -0.114575 -0.00488432 
-0.753982 0 -0.14016 0.00517101 0.105712 -0.0921768 0.105712 0.0921768 -0.14016 -0.00517101 
-0.628319 0 -0.172186 0.00573671 0.142673 -0.0965671 0.142673 0.0965671 -0.172186 -0.00573671 
-0.502655 0 -0.20933 0.00687948 0.186751 -0.0948168 0.186751 0.0948168 -0.20933 -0.00687948 
-0.376991 0 -0.246162 0.00840484 0.23197 -0.0828037 0.23197 0.0828037 -0.246162 -0.00840484 
-0.251327 0 -0.274616 0.00869444 0.268151 -0.059873 0.268151 0.059873 -0.274616 -0.00869444 
-0.125664 0 -0.290572 0.00576385 0.289004 -0.0307 0.289004 0.0307 -0.290572 -0.00576385 
0 0 -0.295413 1.83915e-13 0.295413 -2.68353e-13 0.295413 -1.90616e-13 -0.295413 1.33609e-13 
0.125664 0 -0.290572 -0.00576385 0.289004 0.0307 0.289004 -0.0307 -0.290572 0.00576385 
0.251327 0 -0.274616 -0.00869444 0.268151 0.059873 0.268151 -0.059873 -0.274616 0.00869444 
0.376991 0 -0.246162 -0.00840484 0.23197 0.0828037 0.23197 -0.0828037 -0.246162 0.00840484 
0.502655 0 -0.20933 -0.00687948 0.186751 0.0948168 0.186751 -0.0948168 -0.20933 0.00687948 
0.628319 0 -0.172186 -0.00573671 0.142673 0.0965671 0.142673 -0.0965671 -0.172186 0.00573671 
0.753982 0 -0.14016 -0.00517101 0.105712 0.0921768 0.105712 -0.0921768 -0.14016 0.00517101 
0.879646 0 -0.114575 -0.00488432 0.0767966 0.0851685 0.0767966 -0.0851685 -0.114575 0.00488432 
1.00531 0 -0.0947163 -0.00466508 0.0546904 0.0774719 0.0546904 -0.0774719 -0.0947163 0.00466508 
1.13097 0 -0.0793868 -0.0044326 0.037812 0.069944 0.037812 -0.069944 -0.0793868 0.0044326 
1.25664 0 -0.0674973 -0.00417096 0.0248246 0.0629049 0.0248246 -0.0629049 -0.0674973 0.00417096 
1.3823 0 -0.0581942 -0.00388592 0.0147216 0.0564353 0.0147216 -0.0564353 -0.0581942 0.00388592 
1.50796 0 -0.0508426 -0.00358731 0.00677267 0.050517 0.00677267 -0.050517 -0.0508426 0.00358731 
1.63363 0 -0.0449781 -0.00328346 0.000452782 0.0450955 0.000452782 -0.0450955 -0.0449781 0.00328346 
1.75929 0 -0.0402615 -0.00298012 -0.00461692 0.0401068 -0.00461692 -0.0401068 -0.0402615 0.00298012 
1.88496 0 -0.0364439 -0.00268085 -0.00871214 0.0354886 -0.00871214 -0.0354886 -0.0364439 0.00268085 
2.01062 0 -0.0333409 -0.00238757 -0.0120355 0.0311843 -0.0120355 -0.0311843 -0.0333409 0.00238757 
2.13628 0 -0.0308149 -0.00210107 -0.0147374 0.0271436 -0.0147374 -0.0271436 -0.0308149 0.00210107 
2.26195 0 -0.0287625 -0.00182144 -0.0169305 0.0233229 -0.0169305 -0.0233229 -0.0287625 0.00182144 
2.38761 0 -0.0271058 -0.0015483 -0.0186994 0.0196838 -0.0186994 -0.0196838 -0.0271058 0.0015483 
2.51327 0 -0.0257856 -0.00128098 -0.020108 0.0161927 -0.020108 -0.0161927 -0.0257856 0.00128098 
2.63894 0 -0.0247575 -0.00101866 -0.0212044 0.0128197 -0.0212044 -0.0128197 -0.0247575 0.00101866 
2.7646 0 -0.0239886 -0.000760396 -0.0220241 0.00953779 -0.0220241 -0.00953779 -0.0239886 0.000760396 
2.89027 0 -0.0234551 -0.000505211 -0.0225926 0.0063224 -0.0225926 -0.0063224 -0.0234551 0.000505211 
3.01593 0 -0.0231412 -0.000252089 -0.0229271 0.00315046 -0.0229271 -0.00315046 -0.0231412 0.000252089 
-3.14159 0.125664 -0.0230376 -2.66992e-16 -0.0230376 4.69009e-16 -0.0230376 9.25909e-17 -0.0230376 2.95879e-16 
-3.01593 0.125664 -0.0231412 0.000252282 -0.0229271 -0.00315066 -0.0229271 0.00315066 -0.0231412 -0.000252282 
-2.89027 0.125664 -0.0234552 0.000505996 -0.0225924 -0.00632316 -0.0225924 0.00632316 -0.0234552 -0.000505996 
-2.7646 0.125664 -0.0239887 0.000762199 -0.0220235 -0.00953949 -0.0220235 0.00953949 -0.0239887 -0.000762199 
-2.63894 0.125664 -0.0247578 0.00102196 -0.0212031 -0.0128227 -0.0212031 0.0128227 -0.0247578 -0.00102196 
-2.51327 0.125664 -0.0257862 0.00128633 -0.0201054 -0.0161974 -0.0201054 0.0161974 -0.0257862 -0.00128633 
-2.38761 0.125664 -0.027107 0.00155636 -0.0186947 -0.0196905 -0.0186947 0.0196905 -0.027107 -0.00155636 
-2.26195 0.125664 -0.0287647 0.00183304 -0.0169229 -0.023332 -0.0169229 0.023332 -0.0287647 -0.00183304 
-2.13628 0.125664 -0.0308184 0.00211723 -0.0147257 -0.0271553 -0.0147257 0.0271553 -0.0308184 -0.00211723 
-2.01062 0.125664 -0.0333463 0.00240962 -0.0120179 -0.0311986 -0.0120179 0.0311986 -0.0333463 -0.00240962 
-1.88496 0.125664 -0.0364521 0.00271054 -0.00868644 -0.0355056 -0.00868644 0.0355056 -0.0364521 -0.00271054 
-1.75929 0.125664 -0.0402734 0.00301979 -0.00458019 -0.0401259 -0.00458019 0.0401259 -0.0402734 -0.00301979 
-1.63363 0.125664 -0.0449949 0.0033363 0.00050446 -0.0451156 0.00050446 0.0451156 -0.0449949 -0.0033363 
-1.50796 0.125664 -0.0508659 0.00365777 0.00684445 -0.0505358 0.00684445 0.0505358 -0.0508659 -0.00365777 
-1.3823 0.125664 -0.0582257 0.00398027 0.0148202 -0.0564485 0.0148202 0.0564485 -0.0582257 -0.00398027 
-1.25664 0.125664 -0.0675384 0.00429814 0.0249583 -0.0629046 0.0249583 0.0629046 -0.0675384 -0.00429814 
-1.13097 0.125664 -0.0794373 0.00460545 0.0379899 -0.0699161 0.0379899 0.0699161 -0.0794373 -0.00460545 
-1.00531 0.125664 -0.0947715 0.00490175 0.0549198 -0.0773917 0.0549198 0.0773917 -0.0947715 -0.00490175 
-0.879646 0.125664 -0.114619 0.00520937 0.0770746 -0.0849947 0.0770746 0.0849947 -0.114619 -0.00520937 
-0.753982 0.125664 -0.140149 0.00561364 0.106007 -0.0918467 0.106007 0.0918467 -0.140149 -0.00561364 
-0.628319 0.125664 -0.17204 0.00632017 0.142898 -0.0960094 0.142898 0.0960094 -0.17204 -0.00632017 
-0.502655 0.125664 -0.208961 0.0075959 0.186773 -0.0940115 0.186773 0.0940115 -0.208961 -0.0075959 
-0.376991 0.125664 -0.245615 0.00919759 0.231753 -0.0818654 0.231753 0.0818654 -0.245615 -0.00919759 
-0.251327 0.125664 -0.274133 0.00949876 0.267883 -0.0589737 0.267883 0.0589737 -0.274133 -0.00949876 
-0.125664 0.125664 -0.290343 0.00655573 0.288875 -0.0298856 0.288875 0.0298856 -0.290343 -0.00655573 
0 0.125664 -0.295449 0.000792712 0.295449 0.000792712 0.295449 -0.000792712 -0.295449 -0.000792712 
0.125664 0.125664 -0.290858 -0.0049475 0.289185 0.0315458 0.289185 -0.0315458 -0.290858 0.0049475 
0.251327 0.125664 -0.275115 -0.00786052 0.268427 0.0608048 0.268427 -0.0608048 -0.275115 0.00786052 
0.376991 0.125664 -0.246678 -0.00759844 0.232153 0.0837436 0.232153 -0.0837436 -0.246678 0.00759844 
0.502655 0.125664 -0.20964 -0.00616975 0.186681 0.0955882 0.186681 -0.0955882 -0.20964 0.00616975 
0.628319 0.125664 -0.17227 -0.00517119 0.142409 0.0970741 0.142409 -0.0970741 -0.17227 0.00517119 
0.753982 0.125664 -0.140119 -0.00474825 0.105393 0.0924568 0.105393 -0.0924568 -0.140119 0.00474825 
0.879646 0.125664 -0.114492 -0.00457655 0.0765065 0.0853007 0.0765065 -0.0853007 -0.114492 0.00457655 
1.00531 0.125664 -0.0946316 -0.004442 0.0544566 0.0775199 0.0544566 -0.0775199 -0.0946316 0.004442 
1.13097 0.125664 -0.0793147 -0.00426995 0.0376341 0.069948 0.0376341 -0.069948 -0.0793147 0.00426995 
1.25664 0.125664 -0.0674404 -0.00405124 0.0246932 0.0628877 0.0246932 -0.0628877 -0.0674404 0.00405124 
1.3823 0.125664 -0.058151 -0.00379698 0.0146261 0.0564095 0.0146261 -0.0564095 -0.058151 0.00379698 
1.50796 0.125664 -0.0508105 -0.00352073 0.0067042 0.0504891 0.0067042 -0.0504891 -0.0508105 0.00352073 
1.63363 0.125664 -0.0449547 -0.00323337 0.000404264 0.045069 0.000404264 -0.045069 -0.0449547 0.00323337 
1.75929 0.125664 -0.0402447 -0.00294239 -0.00465084 0.0400832 -0.00465084 -0.0400832 -0.0402447 0.00294239 
1.88496 0.125664 -0.036432 -0.0026525 -0.00873544 0.0354686 -0.00873544 -0.0354686 -0.036432 0.0026525 
2.01062 0.125664 -0.0333326 -0.00236642 -0.0120511 0.0311678 -0.0120511 -0.0311678 -0.0333326 0.00236642 
2.13628 0.125664 -0.0308093 -0.0020855 -0.0147476 0.0271306 -0.0147476 -0.0271306 -0.0308093 0.0020855 
2.26195 0.125664 -0.0287589 -0.00181021 -0.0169368 0.023313 -0.0169368 -0.023313 -0.0287589 0.00181021 
2.38761 0.125664 -0.0271035 -0.00154045 -0.0187031 0.0196766 -0.0187031 -0.0196766 -0.0271035 0.00154045 
2.51327 0.125664 -0.0257843 -0.00127575 -0.02011 0.0161877 -0.02011 -0.0161877 -0.0257843 0.00127575 
2.63894 0.125664 -0.0247568 -0.00101542 -0.0212054 0.0128165 -0.0212054 -0.0128165 -0.0247568 0.00101542 
2.7646 0.125664 -0.0239883 -0.000758617 -0.0220245 0.00953602 -0.0220245 -0.00953602 -0.0239883 0.000758617 
2.89027 0.125664 -0.023455 -0.000504434 -0.0225927 0.00632162 -0.0225927 -0.00632162 -0.023455 0.000504434 
3.01593 0.125664 -0.0231412 -0.000251896 -0.0229271 0.00315027 -0.0229271 -0.00315027 -0.0231412 0.000251896 
-3.14159 0.251327 -0.0230376 -2.66992e-16 -0.0230376 4.69009e-16 -0.0230376 8.19657e-17 -0.0230376 8.67362e-17 
-3.01593 0.251327 -0.0231412 0.000252474 -0.0229271 -0.00315084 -0.0229271 0.00315084 -0.0231412 -0.000252474 
-2.89027 0.251327 -0.0234551 0.000506776 -0.0225922 -0.00632389 -0.0225922 0.00632389 -0.0234551 -0.000506776 
-2.7646 0.251327 -0.0239885 0.000764 -0.0220227 -0.00954112 -0.0220227 0.00954112 -0.0239885 -0.000764 
-2.63894 0.251327 -0.0247576 0.00102527 -0.0212013 -0.0128255 -0.0212013 0.0128255 -0.0247576 -0.00102527 
-2.51327 0.251327 -0.0257861 0.00129173 -0.0201022 -0.0162017 -0.0201022 0.0162017 -0.0257861 -0.00129173 
-2.38761 0.251327 -0.0271072 0.00156453 -0.0186893 -0.0196966 -0.0186893 0.0196966 -0.0271072 -0.00156453 
-2.26195 0.251327 -0.0287653 0.00184483 -0.0169142 -0.02334 -0.0169142 0.02334 -0.0287653 -0.00184483 
-2.13628 0.251327 -0.0308198 0.00213373 -0.0147125 -0.0271653 -0.0147125 0.0271653 -0.0308198 -0.00213373 
-2.01062 0.251327 -0.033349 0.00243222 -0.0119986 -0.0312106 -0.0119986 0.0312106 -0.033349 -0.00243222 
-1.88496 0.251327 -0.0364564 0.00274109 -0.00865872 -0.0355192 -0.00865872 0.0355192 -0.0364564 -0.00274109 
-1.75929 0.251327 -0.0402801 0.00306075 -0.00454121 -0.0401402 -0.00454121 0.0401402 -0.0402801 -0.00306075 
-1.63363 0.251327 -0.0450049 0.00339105 0.000558482 -0.045129 0.000558482 0.045129 -0.0450049 -0.00339105 
-1.50796 0.251327 -0.05088 0.00373099 0.00691841 -0.0505453 0.00691841 0.0505453 -0.05088 -0.00373099 
-1.3823 0.251327 -0.0582448 0.00407853 0.0149203 -0.0564489 0.0149203 0.0564489 -0.0582448 -0.00407853 
-1.25664 0.251327 -0.0675628 0.0044308 0.025092 -0.0628869 0.025092 0.0628869 -0.0675628 -0.0044308 
-1.13097 0.251327 -0.0794654 0.00478577 0.038165 -0.0698648 0.038165 0.0698648 -0.0794654 -0.00478577 
-1.00531 0.251327 -0.0947964 0.00514827 0.0551413 -0.0772807 0.0551413 0.0772807 -0.0947964 -0.00514827 
-0.879646 0.251327 -0.114622 0.00554659 0.0773363 -0.0847819 0.0773363 0.0847819 -0.114622 -0.00554659 
-0.753982 0.251327 -0.140087 0.00606926 0.106274 -0.0914718 0.106274 0.0914718 -0.140087 -0.00606926 
-0.628319 0.251327 -0.171835 0.00691279 0.143081 -0.0954095 0.143081 0.0954095 -0.171835 -0.00691279 
-0.502655 0.251327 -0.20854 0.00830892 0.186748 -0.0931839 0.186748 0.0931839 -0.20854 -0.00830892 
-0.376991 0.251327 -0.245045 0.0099665 0.231506 -0.0809404 0.231506 0.0809404 -0.245045 -0.0099665 
-0.251327 0.251327 -0.27367 0.0102636 0.267624 -0.0581177 0.267624 0.0581177 -0.27367 -0.0102636 
-0.125664 0.251327 -0.290172 0.00731325 0.2888 -0.0291126 0.2888 0.0291126 -0.290172 -0.00731325 
0 0.251327 -0.295558 0.00157542 0.295558 0.00157542 0.295558 -0.00157542 -0.295558 -0.00157542 
0.125664 0.251327 -0.291199 -0.00411684 0.289418 0.0324125 0.289418 -0.0324125 -0.291199 0.00411684 
0.251327 0.251327 -0.275625 -0.00700736 0.268708 0.0617579 0.268708 -0.0617579 -0.275625 0.00700736 
0.376991 0.251327 -0.247157 -0.00678903 0.2323 0.0846724 0.2323 -0.0846724 -0.247157 0.00678903 
0.502655 0.251327 -0.209887 -0.00547697 0.186564 0.0963143 0.186564 -0.0963143 -0.209887 0.00547697 
0.628319 0.251327 -0.17229 -0.00463228 0.142109 0.0975222 0.142109 -0.0975222 -0.17229 0.00463228 
0.753982 0.251327 -0.140026 -0.00435199 0.105054 0.0926821 0.105054 -0.0926821 -0.140026 0.00435199 
0.879646 0.251327 -0.114371 -0.00429093 0.0762088 0.0853889 0.0762088 -0.0853889 -0.114371 0.00429093 
1.00531 0.251327 -0.0945187 -0.00423603 0.0542222 0.077535 0.0542222 -0.077535 -0.0945187 0.00423603 
1.13097 0.251327 -0.079222 -0.00412006 0.037459 0.069928 0.037459 -0.069928 -0.079222 0.00412006 
1.25664 0.251327 -0.0673684 -0.00394089 0.024566 0.0628534 0.024566 -0.0628534 -0.0673684 0.00394089 
1.3823 0.251327 -0.0580966 -0.00371485 0.0145353 0.0563714 0.0145353 -0.0563714 -0.0580966 0.00371485 
1.50796 0.251327 -0.0507701 -0.00345907 0.00664013 0.0504527 0.00664013 -0.0504527 -0.0507701 0.00345907 
1.63363 0.251327 -0.044925 -0.00318682 0.000359671 0.0450365 0.000359671 -0.0450365 -0.044925 0.00318682 
1.75929 0.251327 -0.0402232 -0.00290718 -0.00468139 0.0400555 -0.00468139 -0.0400555 -0.0402232 0.00290718 
1.88496 0.251327 -0.0364166 -0.00262593 -0.00875595 0.0354457 -0.00875595 -0.0354457 -0.0364166 0.00262593 
2.01062 0.251327 -0.0333218 -0.0023465 -0.0120645 0.0311495 -0.0120645 -0.0311495 -0.0333218 0.0023465 
2.13628 0.251327 -0.0308018 -0.00207077 -0.014756 0.0271164 -0.014756 -0.0271164 -0.0308018 0.00207077 
2.26195 0.251327 -0.0287539 -0.00179954 -0.0169419 0.0233023 -0.0169419 -0.0233023 -0.0287539 0.00179954 
2.38761 0.251327 -0.0271003 -0.00153296 -0.0187059 0.0196689 -0.0187059 -0.0196689 -0.0271003 0.00153296 
2.51327 0.251327 -0.0257823 -0.00127073 -0.0201114 0.0161825 -0.0201114 -0.0161825 -0.0257823 0.00127073 
2.63894 0.251327 -0.0247557 -0.00101229 -0.0212059 0.0128132 -0.0212059 -0.0128132 -0.0247557 0.00101229 
2.7646 0.251327 -0.0239877 -0.000756893 -0.0220246 0.00953422 -0.0220246 -0.00953422 -0.0239877 0.000756893 
2.89027 0.251327 -0.0234548 -0.000503676 -0.0225927 0.00632083 -0.0225927 -0.00632083 -0.0234548 0.000503676 
3.01593 0.251327 -0.0231412 -0.000251707 -0.0229271 0.00315008 -0.0229271 -0.00315008 -0.0231412 0.000251707 
-3.14159 0.376991 -0.0230376 -2.66992e-16 -0.0230376 4.69009e-16 -0.0230376 -9.58435e-17 -0.0230376 -1.81712e-16 
-3.01593 0.376991 -0.0231411 0.00025266 -0.022927 -0.00315102 -0.022927 0.00315102 -0.0231411 -0.00025266 
-2.89027 0.376991 -0.0234549 0.000507539 -0.0225918 -0.00632458 -0.0225918 0.00632458 -0.0234549 -0.000507539 
-2.7646 0.376991 -0.0239882 0.00076577 -0.0220217 -0.00954262 -0.0220217 0.00954262 -0.0239882 -0.00076577 
-2.63894 0.376991 -0.0247571 0.00102854 -0.0211993 -0.0128281 -0.0211993 0.0128281 -0.0247571 -0.00102854 
-2.51327 0.376991 -0.0257854 0.00129708 -0.0200984 -0.0162056 -0.0200984 0.0162056 -0.0257854 -0.00129708 
-2.38761 0.376991 -0.0271064 0.00157267 -0.0186831 -0.019702 -0.0186831 0.019702 -0.0271064 -0.00157267 
-2.26195 0.376991 -0.0287645 0.00185663 -0.0169046 -0.0233469 -0.0169046 0.0233469 -0.0287645 -0.00185663 
-2.13628 0.376991 -0.0308192 0.00215031 -0.0146982 -0.0271737 -0.0146982 0.0271737 -0.0308192 -0.00215031 
-2.01062 0.376991 -0.0333487 0.00245503 -0.0119778 -0.0312201 -0.0119778 0.0312201 -0.0333487 -0.00245503 
-1.88496 0.376991 -0.0364569 0.00277203 -0.00862944 -0.0355291 -0.00862944 0.0355291 -0.0364569 -0.00277203 
-1.75929 0.376991 -0.0402816 0.00310238 -0.0045006 -0.0401495 -0.0045006 0.0401495 -0.0402816 -0.00310238 
-1.63363 0.376991 -0.0450078 0.00344686 0.000613997 -0.0451354 0.000613997 0.0451354 -0.0450078 -0.00344686 
-1.50796 0.376991 -0.0508847 0.00380582 0.00699339 -0.0505454 0.00699339 0.0505454 -0.0508847 -0.00380582 
-1.3823 0.376991 -0.0582514 0.00417917 0.0150204 -0.0564365 0.0150204 0.0564365 -0.0582514 -0.00417917 
-1.25664 0.376991 -0.0675704 0.00456683 0.0252237 -0.062852 0.0252237 0.062852 -0.0675704 -0.00456683 
-1.13097 0.376991 -0.0794707 0.00497072 0.0383346 -0.0697908 0.0383346 0.0697908 -0.0794707 -0.00497072 
-1.00531 0.376991 -0.0947908 0.0054008 0.0553515 -0.0771406 0.0553515 0.0771406 -0.0947908 -0.0054008 
-0.879646 0.376991 -0.114584 0.00589075 0.0775776 -0.0845337 0.0775776 0.0845337 -0.114584 -0.00589075 
-0.753982 0.376991 -0.139974 0.00653091 0.106507 -0.091058 0.106507 0.091058 -0.139974 -0.00653091 
-0.628319 0.376991 -0.171575 0.00750583 0.143219 -0.0947767 0.143219 0.0947767 -0.171575 -0.00750583 
-0.502655 0.376991 -0.208073 0.0090087 0.186676 -0.0923455 0.186676 0.0923455 -0.208073 -0.0090087 
-0.376991 0.376991 -0.244458 0.0107018 0.231231 -0.0800406 0.231231 0.0800406 -0.244458 -0.0107018 
-0.251327 0.376991 -0.273231 0.0109796 0.267377 -0.057315 0.267377 0.057315 -0.273231 -0.0109796 
-0.125664 0.376991 -0.29006 0.00802688 0.288779 -0.0283906 0.288779 0.0283906 -0.29006 -0.00802688 
0 0.376991 -0.295736 0.00233815 0.295736 0.00233815 0.295736 -0.00233815 -0.295736 -0.00233815 
0.125664 0.376991 -0.291589 -0.00328237 0.289701 0.0332893 0.289701 -0.0332893 -0.291589 0.00328237 
0.251327 0.376991 -0.276139 -0.00614585 0.268992 0.0627201 0.268992 -0.0627201 -0.276139 0.00614585 
0.376991 0.376991 -0.247592 -0.00598767 0.23241 0.0855776 0.23241 -0.0855776 -0.247592 0.00598767 
0.502655 0.376991 -0.210066 -0.0048115 0.1864 0.0969838 0.1864 -0.0969838 -0.210066 0.0048115 
0.628319 0.376991 -0.172246 -0.00412847 0.141777 0.0979039 0.141777 -0.0979039 -0.172246 0.00412847 
0.753982 0.376991 -0.139883 -0.00398857 0.1047 0.0928488 0.1047 -0.0928488 -0.139883 0.00398857 
0.879646 0.376991 -0.114212 -0.00403202 0.0759081 0.0854316 0.0759081 -0.0854316 -0.114212 0.00403202 
1.00531 0.376991 -0.0943793 -0.00405047 0.0539909 0.0775167 0.0539909 -0.0775167 -0.0943793 0.00405047 
1.13097 0.376991 -0.0791103 -0.00398532 0.0372895 0.0698842 0.0372895 -0.0698842 -0.0791103 0.00398532 
1.25664 0.376991 -0.0672825 -0.00384166 0.0244451 0.0628023 0.0244451 -0.0628023 -0.0672825 0.00384166 
1.3823 0.376991 -0.0580319 -0.00364083 0.0144504 0.0563218 0.0144504 -0.0563218 -0.0580319 0.00364083 
1.50796 0.376991 -0.050722 -0.00340331 0.00658146 0.0504082 0.00658146 -0.0504082 -0.050722 0.00340331 
1.63363 0.376991 -0.0448896 -0.00314455 0.000319706 0.0449985 0.000319706 -0.0449985 -0.0448896 0.00314455 
1.75929 0.376991 -0.0401973 -0.00287505 -0.0047081 0.0400241 -0.0047081 -0.0400241 -0.0401973 0.00287505 
1.88496 0.376991 -0.0363979 -0.00260155 -0.00877335 0.0354204 -0.00877335 -0.0354204 -0.0363979 0.00260155 
2.01062 0.376991 -0.0333085 -0.00232814 -0.0120755 0.0311297 -0.0120755 -0.0311297 -0.0333085 0.00232814 
2.13628 0.376991 -0.0307925 -0.00205711 -0.0147626 0.0271013 -0.0147626 -0.0271013 -0.0307925 0.00205711 
2.26195 0.376991 -0.0287476 -0.00178959 -0.0169455 0.0232911 -0.0169455 -0.0232911 -0.0287476 0.00178959 
2.38761 0.376991 -0.0270961 -0.00152593 -0.0187077 0.0196609 -0.0187077 -0.0196609 -0.0270961 0.00152593 
2.51327 0.376991 -0.0257797 -0.001266 -0.0201121 0.0161772 -0.0201121 -0.0161772 -0.0257797 0.001266 
2.63894 0.376991 -0.0247542 -0.00100933 -0.021206 0.0128099 -0.021206 -0.0128099 -0.0247542 0.00100933 
2.7646 0.376991 -0.023987 -0.000755249 -0.0220245 0.00953241 -0.0220245 -0.00953241 -0.023987 0.000755249 
2.89027 0.376991 -0.0234545 -0.00050295 -0.0225926 0.00632006 -0.0225926 -0.00632006 -0.0234545 0.00050295 
3.01593 0.376991 -0.0231411 -0.000251526 -0.0229271 0.00314989 -0.0229271 -0.00314989 -0.0231411 0.000251526 
-3.14159 0.502655 -0.0230376 -2.66992e-16 -0.0230376 4.69009e-16 -0.0230376 8.61941e-17 -0.0230376 -3.91397e-17 
-3.01593 0.502655 -0.023141 0.000252838 -0.0229269 -0.00315119 -0.0229269 0.00315119 -0.023141 -0.000252838 
-2.89027 0.502655 -0.0234546 0.000508272 -0.0225913 -0.00632522 -0.0225913 0.00632522 -0.0234546 -0.000508272 
-2.7646 0.502655 -0.0239876 0.00076748 -0.0220205 -0.009544 -0.0220205 0.009544 -0.0239876 -0.00076748 
-2.63894 0.502655 -0.0247561 0.00103171 -0.0211969 -0.0128304 -0.0211969 0.0128304 -0.0247561 -0.00103171 
-2.51327 0.502655 -0.025784 0.0013023 -0.0200942 -0.016209 -0.0200942 0.016209 -0.025784 -0.0013023 
-2.38761 0.502655 -0.0271045 0.00158064 -0.0186763 -0.0197065 -0.0186763 0.0197065 -0.0271045 -0.00158064 
-2.26195 0.502655 -0.0287622 0.00186825 -0.0168942 -0.0233525 -0.0168942 0.0233525 -0.0287622 -0.00186825 
-2.13628 0.502655 -0.0308164 0.00216671 -0.0146829 -0.0271802 -0.0146829 0.0271802 -0.0308164 -0.00216671 
-2.01062 0.502655 -0.0333456 0.00247767 -0.011956 -0.0312269 -0.011956 0.0312269 -0.0333456 -0.00247767 
-1.88496 0.502655 -0.0364534 0.00280286 -0.00859904 -0.0355354 -0.00859904 0.0355354 -0.0364534 -0.00280286 
-1.75929 0.502655 -0.0402779 0.00314401 -0.004459 -0.0401536 -0.004459 0.0401536 -0.0402779 -0.00314401 
-1.63363 0.502655 -0.0450037 0.00350285 0.000670129 -0.0451348 0.000670129 0.0451348 -0.0450037 -0.00350285 
-1.50796 0.502655 -0.05088 0.00388109 0.00706821 -0.0505359 0.00706821 0.0505359 -0.05088 -0.00388109 
-1.3823 0.502655 -0.0582453 0.0042806 0.0151189 -0.0564115 0.0151189 0.0564115 -0.0582453 -0.0042806 
-1.25664 0.502655 -0.0675609 0.00470411 0.0253513 -0.0628006 0.0253513 0.0628006 -0.0675609 -0.00470411 
-1.13097 0.502655 -0.0794532 0.00515741 0.0384961 -0.0696955 0.0384961 0.0696955 -0.0794532 -0.00515741 
-1.00531 0.502655 -0.0947547 0.00565538 0.0555471 -0.0769738 0.0555471 0.0769738 -0.0947547 -0.00565538 
-0.879646 0.502655 -0.114507 0.00623652 0.0777949 -0.084254 0.0777949 0.084254 -0.114507 -0.00623652 
-0.753982 0.502655 -0.139813 0.0069916 0.106705 -0.0906118 0.106705 0.0906118 -0.139813 -0.0069916 
-0.628319 0.502655 -0.171263 0.00809065 0.14331 -0.0941201 0.14331 0.0941201 -0.171263 -0.00809065 
-0.502655 0.502655 -0.207566 0.00968575 0.186557 -0.0915079 0.186557 0.0915079 -0.207566 -0.00968575 
-0.376991 0.502655 -0.243861 0.0113944 0.23093 -0.0791769 0.23093 0.0791769 -0.243861 -0.0113944 
-0.251327 0.502655 -0.27282 0.011638 0.267143 -0.0565753 0.267143 0.0565753 -0.27282 -0.011638 
-0.125664 0.502655 -0.290006 0.00868742 0.288808 -0.0277285 0.288808 0.0277285 -0.290006 -0.00868742 
0 0.502655 -0.295981 0.00307095 0.295981 0.00307095 0.295981 -0.00307095 -0.295981 -0.00307095 
0.125664 0.502655 -0.292025 -0.00245486 0.29003 0.0341649 0.29003 -0.0341649 -0.292025 0.00245486 
0.251327 0.502655 -0.276651 -0.00528735 0.269274 0.063679 0.269274 -0.063679 -0.276651 0.00528735 
0.376991 0.502655 -0.247977 -0.00520575 0.232479 0.0864461 0.232479 -0.0864461 -0.247977 0.00520575 
0.502655 0.502655 -0.210174 -0.00418364 0.186192 0.0975859 0.186192 -0.0975859 -0.210174 0.00418364 
0.628319 0.502655 -0.172138 -0.00366787 0.141418 0.0982126 0.141418 -0.0982126 -0.172138 0.00366787 
0.753982 0.502655 -0.13969 -0.00366388 0.104338 0.0929538 0.104338 -0.0929538 -0.13969 0.00366388 
0.879646 0.502655 -0.114018 -0.003804 0.0756091 0.085428 0.0756091 -0.085428 -0.114018 0.003804 
1.00531 0.502655 -0.0942155 -0.00388827 0.0537662 0.0774654 0.0537662 -0.0774654 -0.0942155 0.00388827 
1.13097 0.502655 -0.0789812 -0.00386788 0.0371283 0.0698174 0.0371283 -0.0698174 -0.0789812 0.00386788 
1.25664 0.502655 -0.067184 -0.00375511 0.0243323 0.0627354 0.0243323 -0.0627354 -0.067184 0.00375511 
1.3823 0.502655 -0.057958 -0.00357609 0.014373 0.0562613 0.014373 -0.0562613 -0.057958 0.00357609 
1.50796 0.502655 -0.050667 -0.00335434 0.00652913 0.0503564 0.00652913 -0.0503564 -0.050667 0.00335434 
1.63363 0.502655 -0.044849 -0.00310722 0.000285003 0.0449556 0.000285003 -0.0449556 -0.044849 0.00310722 
1.75929 0.502655 -0.0401675 -0.00284651 -0.00473055 0.0399894 -0.00473055 -0.0399894 -0.0401675 0.00284651 
1.88496 0.502655 -0.0363763 -0.00257977 -0.00878738 0.0353931 -0.00878738 -0.0353931 -0.0363763 0.00257977 
2.01062 0.502655 -0.0332929 -0.00231162 -0.0120838 0.0311086 -0.0120838 -0.0311086 -0.0332929 0.00231162 
2.13628 0.502655 -0.0307816 -0.00204474 -0.0147672 0.0270854 -0.0147672 -0.0270854 -0.0307816 0.00204474 
2.26195 0.502655 -0.02874 -0.00178052 -0.0169477 0.0232795 -0.0169477 -0.0232795 -0.02874 0.00178052 
2.38761 0.502655 -0.0270911 -0.00151948 -0.0187084 0.0196528 -0.0187084 -0.0196528 -0.0270911 0.00151948 
2.51327 0.502655 -0.0257766 -0.00126163 -0.0201121 0.0161718 -0.0201121 -0.0161718 -0.0257766 0.00126163 
2.63894 0.502655 -0.0247524 -0.00100657 -0.0212058 0.0128066 -0.0212058 -0.0128066 -0.0247524 0.00100657 
2.7646 0.502655 -0.023986 -0.000753712 -0.0220242 0.00953063 -0.0220242 -0.00953063 -0.023986 0.000753712 
2.89027 0.502655 -0.0234542 -0.000502267 -0.0225924 0.0063193 -0.0225924 -0.0063193 -0.0234542 0.000502267 
3.01593 0.502655 -0.023141 -0.000251354 -0.022927 0.00314971 -0.022927 -0.00314971 -0.023141 0.000251354 
-3.14159 0.628319 -0.0230376 -2.66992e-16 -0.0230376 4.69009e-16 -0.0230376 3.89445e-16 -0.0230376 -5.37764e-17 
-3.01593 0.628319 -0.023141 0.000253006 -0.0229268 -0.00315134 -0.0229268 0.00315134 -0.023141 -0.000253006 
-2.89027 0.628319 -0.0234542 0.000508965 -0.0225908 -0.0063258 -0.0225908 0.0063258 -0.0234542 -0.000508965 
-2.7646 0.628319 -0.0239868 0.000769105 -0.0220192 -0.00954521 -0.0220192 0.00954521 -0.0239868 -0.000769105 
-2.63894 0.628319 -0.0247547 0.00103474 -0.0211942 -0.0128324 -0.0211942 0.0128324 -0.0247547 -0.00103474 
-2.51327 0.628319 -0.025782 0.00130731 -0.0200896 -0.0162119 -0.0200896 0.0162119 -0.025782 -0.00130731 
-2.38761 0.628319 -0.0271017 0.00158834 -0.018669 -0.0197102 -0.018669 0.0197102 -0.0271017 -0.00158834 
-2.26195 0.628319 -0.0287584 0.00187951 -0.0168831 -0.0233568 -0.0168831 0.0233568 -0.0287584 -0.00187951 
-2.13628 0.628319 -0.0308116 0.00218266 -0.0146668 -0.0271847 -0.0146668 0.0271847 -0.0308116 -0.00218266 
-2.01062 0.628319 -0.0333396 0.00249979 -0.0119334 -0.0312309 -0.0119334 0.0312309 -0.0333396 -0.00249979 
-1.88496 0.628319 -0.0364461 0.0028331 -0.00856802 -0.0355377 -0.00856802 0.0355377 -0.0364461 -0.0028331 
-1.75929 0.628319 -0.0402689 0.00318498 -0.00441707 -0.0401524 -0.00441707 0.0401524 -0.0402689 -0.00318498 
-1.63363 0.628319 -0.0449926 0.00355812 0.000725994 -0.0451272 0.000725994 0.0451272 -0.0449926 -0.00355812 
-1.50796 0.628319 -0.0508659 0.00395559 0.00714169 -0.0505172 0.00714169 0.0505172 -0.0508659 -0.00395559 
-1.3823 0.628319 -0.0582266 0.00438122 0.0152142 -0.0563743 0.0152142 0.0563743 -0.0582266 -0.00438122 
-1.25664 0.628319 -0.0675346 0.00484047 0.0254729 -0.0627334 0.0254729 0.0627334 -0.0675346 -0.00484047 
-1.13097 0.628319 -0.0794131 0.00534291 0.0386469 -0.0695802 0.0386469 0.0695802 -0.0794131 -0.00534291 
-1.00531 0.628319 -0.0946888 0.00590805 0.0557251 -0.0767827 0.0557251 0.0767827 -0.0946888 -0.00590805 
-0.879646 0.628319 -0.114392 0.0065786 0.077985 -0.0839471 0.077985 0.0839471 -0.114392 -0.0065786 
-0.753982 0.628319 -0.139606 0.0074444 0.106864 -0.0901399 0.106864 0.0901399 -0.139606 -0.0074444 
-0.628319 0.628319 -0.170904 0.00865884 0.143354 -0.0934496 0.143354 0.0934496 -0.170904 -0.00865884 
-0.502655 0.628319 -0.207026 0.010331 0.186395 -0.0906823 0.186395 0.0906823 -0.207026 -0.010331 
-0.376991 0.628319 -0.243261 0.0120355 0.230609 -0.07836 0.230609 0.07836 -0.243261 -0.0120355 
-0.251327 0.628319 -0.272442 0.0122305 0.266924 -0.0559073 0.266924 0.0559073 -0.272442 -0.0122305 
-0.125664 0.628319 -0.290011 0.0092861 0.288888 -0.0271351 0.288888 0.0271351 -0.290011 -0.0092861 
0 0.628319 -0.296289 0.00376397 0.296289 0.00376397 0.296289 -0.00376397 -0.296289 -0.00376397 
0.125664 0.628319 -0.2925 -0.00164534 0.2904 0.0350276 0.2904 -0.0350276 -0.2925 0.00164534 
0.251327 0.628319 -0.277154 -0.00444366 0.269551 0.0646213 0.269551 -0.0646213 -0.277154 0.00444366 
0.376991 0.628319 -0.248304 -0.00445491 0.232507 0.0872646 0.232507 -0.0872646 -0.248304 0.00445491 
0.502655 0.628319 -0.210207 -0.00360353 0.185942 0.0981103 0.185942 -0.0981103 -0.210207 0.00360353 
0.628319 0.628319 -0.171965 -0.00325818 0.141038 0.0984427 0.141038 -0.0984427 -0.171965 0.00325818 
0.753982 0.628319 -0.139452 -0.00338333 0.103972 0.0929951 0.103972 -0.0929951 -0.139452 0.00338333 
0.879646 0.628319 -0.113793 -0.00361061 0.0753166 0.0853778 0.0753166 -0.0853778 -0.113793 0.00361061 
1.00531 0.628319 -0.0940299 -0.00375208 0.0535517 0.0773816 0.0535517 -0.0773816 -0.0940299 0.00375208 
1.13097 0.628319 -0.0788367 -0.00376961 0.0369779 0.0697286 0.0369779 -0.0697286 -0.0788367 0.00376961 
1.25664 0.628319 -0.0670745 -0.00368263 0.0242296 0.0626537 0.0242296 -0.0626537 -0.0670745 0.00368263 
1.3823 0.628319 -0.057876 -0.00352167 0.0143042 0.056191 0.0143042 -0.056191 -0.057876 0.00352167 
1.50796 0.628319 -0.050606 -0.00331292 0.00648396 0.0502981 0.00648396 -0.0502981 -0.050606 0.00331292 
1.63363 0.628319 -0.0448038 -0.00307543 0.000256108 0.0449085 0.000256108 -0.0449085 -0.0448038 0.00307543 
1.75929 0.628319 -0.0401343 -0.00282201 -0.00474838 0.0399522 -0.00474838 -0.0399522 -0.0401343 0.00282201 
1.88496 0.628319 -0.036352 -0.00256091 -0.00879781 0.0353641 -0.00879781 -0.0353641 -0.036352 0.00256091 
2.01062 0.628319 -0.0332754 -0.00229719 -0.0120894 0.0310866 -0.0120894 -0.0310866 -0.0332754 0.00229719 
2.13628 0.628319 -0.0307691 -0.00203385 -0.0147697 0.027069 -0.0147697 -0.027069 -0.0307691 0.00203385 
2.26195 0.628319 -0.0287314 -0.00177246 -0.0169484 0.0232677 -0.0169484 -0.0232677 -0.0287314 0.00177246 
2.38761 0.628319 -0.0270854 -0.00151372 -0.0187082 0.0196447 -0.0187082 -0.0196447 -0.0270854 0.00151372 
2.51327 0.628319 -0.0257729 -0.00125769 -0.0201114 0.0161664 -0.0201114 -0.0161664 -0.0257729 0.00125769 
2.63894 0.628319 -0.0247502 -0.00100407 -0.0212051 0.0128034 -0.0212051 -0.0128034 -0.0247502 0.00100407 
2.7646 0.628319 -0.0239849 -0.000752306 -0.0220237 0.00952891 -0.0220237 -0.00952891 -0.0239849 0.000752306 
2.89027 0.628319 -0.0234537 -0.000501638 -0.0225921 0.00631857 -0.0225921 -0.00631857 -0.0234537 0.000501638 
3.01593 0.628319 -0.0231409 -0.000251194 -0.0229269 0.00314954 -0.0229269 -0.00314954 -0.0231409 0.000251194 
-3.14159 0.753982 -0.0230376 -2.66992e-16 -0.0230376 4.69009e-16 -0.0230376 -5.59448e-17 -0.0230376 -4.77049e-17 
-3.01593 0.753982 -0.0231408 0.000253159 -0.0229266 -0.00315148 -0.0229266 0.00315148 -0.0231408 -0.000253159 
-2.89027 0.753982 -0.0234538 0.000509606 -0.0225902 -0.00632631 -0.0225902 0.00632631 -0.0234538 -0.000509606 
-2.7646 0.753982 -0.0239858 0.000770617 -0.0220177 -0.00954625 -0.0220177 0.00954625 -0.0239858 -0.000770617 
-2.63894 0.753982 -0.024753 0.00103758 -0.0211913 -0.0128341 -0.0211913 0.0128341 -0.024753 -0.00103758 
-2.51327 0.753982 -0.0257793 0.00131203 -0.0200847 -0.0162141 -0.0200847 0.0162141 -0.0257793 -0.00131203 
-2.38761 0.753982 -0.0270979 0.00159562 -0.0186612 -0.0197129 -0.0186612 0.0197129 -0.0270979 -0.00159562 
-2.26195 0.753982 -0.0287533 0.00189023 -0.0168716 -0.0233597 -0.0168716 0.0233597 -0.0287533 -0.00189023 
-2.13628 0.753982 -0.0308049 0.00219793 -0.0146503 -0.0271871 -0.0146503 0.0271871 -0.0308049 -0.00219793 
-2.01062 0.753982 -0.0333309 0.00252105 -0.0119105 -0.0312321 -0.0119105 0.0312321 -0.0333309 -0.00252105 
-1.88496 0.753982 -0.036435 0.00286227 -0.00853686 -0.0355362 -0.00853686 0.0355362 -0.036435 -0.00286227 
-1.75929 0.753982 -0.0402548 0.00322465 -0.00437547 -0.0401461 -0.00437547 0.0401461 -0.0402548 -0.00322465 
-1.63363 0.753982 -0.0449746 0.00361182 0.000780713 -0.0451127 0.000780713 0.0451127 -0.0449746 -0.00361182 
-1.50796 0.753982 -0.0508426 0.00402818 0.00721266 -0.0504894 0.00721266 0.0504894 -0.0508426 -0.00402818 
-1.3823 0.753982 -0.0581956 0.00447944 0.0153049 -0.0563255 0.0153049 0.0563255 -0.0581956 -0.00447944 
-1.25664 0.753982 -0.0674918 0.00497378 0.0255865 -0.0626515 0.0255865 0.0626515 -0.0674918 -0.00497378 
-1.13097 0.753982 -0.0793511 0.00552433 0.0387846 -0.0694469 0.0387846 0.0694469 -0.0793511 -0.00552433 
-1.00531 0.753982 -0.0945941 0.00615491 0.0558828 -0.0765705 0.0558828 0.0765705 -0.0945941 -0.00615491 
-0.879646 0.753982 -0.11424 0.00691174 0.0781449 -0.0836178 0.0781449 0.0836178 -0.11424 -0.00691174 
-0.753982 0.753982 -0.139356 0.00788255 0.106982 -0.0896495 0.106982 0.0896495 -0.139356 -0.00788255 
-0.628319 0.753982 -0.170503 0.00920228 0.143349 -0.0927745 0.143349 0.0927745 -0.170503 -0.00920228 
-0.502655 0.753982 -0.20646 0.0109357 0.186191 -0.0898798 0.186191 0.0898798 -0.20646 -0.0109357 
-0.376991 0.753982 -0.242665 0.012617 0.230269 -0.0776002 0.230269 0.0776002 -0.242665 -0.012617 
-0.251327 0.753982 -0.272099 0.0127495 0.266721 -0.0553193 0.266721 0.0553193 -0.272099 -0.0127495 
-0.125664 0.753982 -0.290071 0.00981458 0.289014 -0.0266184 0.289014 0.0266184 -0.290071 -0.00981458 
0 0.753982 -0.296655 0.00440748 0.296655 0.00440748 0.296655 -0.00440748 -0.296655 -0.00440748 
0.125664 0.753982 -0.293008 -0.000865043 0.290806 0.0358654 0.290806 -0.0358654 -0.293008 0.000865043 
0.251327 0.753982 -0.27764 -0.00362698 0.269819 0.0655331 0.269819 -0.0655331 -0.27764 0.00362698 
0.376991 0.753982 -0.248567 -0.00374697 0.232491 0.0880198 0.232491 -0.0880198 -0.248567 0.00374697 
0.502655 0.753982 -0.210164 -0.00308097 0.185652 0.0985474 0.185652 -0.0985474 -0.210164 0.00308097 
0.628319 0.753982 -0.171731 -0.00290644 0.140642 0.0985895 0.140642 -0.0985895 -0.171731 0.00290644 
0.753982 0.753982 -0.139171 -0.00315167 0.103609 0.0929715 0.103609 -0.0929715 -0.139171 0.00315167 
0.879646 0.753982 -0.11354 -0.00345506 0.0750353 0.0852817 0.0750353 -0.0852817 -0.11354 0.00345506 
1.00531 0.753982 -0.0938253 -0.00364411 0.0533509 0.0772667 0.0533509 -0.0772667 -0.0938253 0.00364411 
1.13097 0.753982 -0.0786792 -0.0036921 0.0368407 0.069619 0.0368407 -0.069619 -0.0786792 0.0036921 
1.25664 0.753982 -0.0669557 -0.00362538 0.0241384 0.0625584 0.0241384 -0.0625584 -0.0669557 0.00362538 
1.3823 0.753982 -0.0577872 -0.00347842 0.014245 0.0561118 0.014245 -0.0561118 -0.0577872 0.00347842 
1.50796 0.753982 -0.0505399 -0.00327971 0.00644667 0.0502342 0.00644667 -0.0502342 -0.0505399 0.00327971 
1.63363 0.753982 -0.0447547 -0.00304967 0.00023348 0.0448579 0.00023348 -0.0448579 -0.0447547 0.00304967 
1.75929 0.753982 -0.040098 -0.00280194 -0.00476132 0.0399128 -0.00476132 -0.0399128 -0.040098 0.00280194 
1.88496 0.753982 -0.0363254 -0.00254527 -0.00880447 0.035334 -0.00880447 -0.035334 -0.0363254 0.00254527 
2.01062 0.753982 -0.0332561 -0.0022851 -0.0120921 0.031064 -0.0120921 -0.031064 -0.0332561 0.0022851 
2.13628 0.753982 -0.0307554 -0.00202461 -0.0147701 0.0270524 -0.0147701 -0.0270524 -0.0307554 0.00202461 
2.26195 0.753982 -0.0287218 -0.00176556 -0.0169476 0.0232559 -0.0169476 -0.0232559 -0.0287218 0.00176556 
2.38761 0.753982 -0.0270789 -0.00150872 -0.0187069 0.0196366 -0.0187069 -0.0196366 -0.0270789 0.00150872 
2.51327 0.753982 -0.0257687 -0.00125424 -0.0201101 0.0161612 -0.0201101 -0.0161612 -0.0257687 0.00125424 
2.63894 0.753982 -0.0247477 -0.00100186 -0.0212039 0.0128002 -0.0212039 -0.0128002 -0.0247477 0.00100186 
2.7646 0.753982 -0.0239836 -0.000751053 -0.0220229 0.00952726 -0.0220229 -0.00952726 -0.0239836 0.000751053 
2.89027 0.753982 -0.0234531 -0.000501072 -0.0225917 0.00631789 -0.0225917 -0.00631789 -0.0234531 0.000501072 
3.01593 0.753982 -0.0231408 -0.00025105 -0.0229268 0.00314938 -0.0229268 -0.00314938 -0.0231408 0.00025105 
-3.14159 0.879646 -0.0230376 -2.66992e-16 -0.0230376 4.69009e-16 -0.0230376 9.88792e-17 -0.0230376 -2.77556e-17 
-3.01593 0.879646 -0.0231407 0.000253297 -0.0229265 -0.0031516 -0.0229265 0.0031516 -0.0231407 -0.000253297 
-2.89027 0.879646 -0.0234532 0.000510185 -0.0225895 -0.00632674 -0.0225895 0.00632674 -0.0234532 -0.000510185 
-2.7646 0.879646 -0.0239846 0.000771994 -0.0220161 -0.00954709 -0.0220161 0.00954709 -0.0239846 -0.000771994 
-2.63894 0.879646 -0.0247509 0.00104019 -0.0211883 -0.0128354 -0.0211883 0.0128354 -0.0247509 -0.00104019 
-2.51327 0.879646 -0.0257761 0.00131638 -0.0200795 -0.0162158 -0.0200795 0.0162158 -0.0257761 -0.00131638 
-2.38761 0.879646 -0.0270932 0.00160239 -0.0186532 -0.0197147 -0.0186532 0.0197147 -0.0270932 -0.00160239 
-2.26195 0.879646 -0.0287469 0.00190024 -0.0168598 -0.0233611 -0.0168598 0.0233611 -0.0287469 -0.00190024 
-2.13628 0.879646 -0.0307963 0.00221225 -0.0146336 -0.0271875 -0.0146336 0.0271875 -0.0307963 -0.00221225 
-2.01062 0.879646 -0.0333196 0.0025411 -0.0118875 -0.0312304 -0.0118875 0.0312304 -0.0333196 -0.0025411 
-1.88496 0.879646 -0.0364204 0.00288992 -0.00850604 -0.0355309 -0.00850604 0.0355309 -0.0364204 -0.00288992 
-1.75929 0.879646 -0.0402359 0.0032624 -0.00433485 -0.0401346 -0.00433485 0.0401346 -0.0402359 -0.0032624 
-1.63363 0.879646 -0.0449501 0.0036631 0.000833424 -0.0450915 0.000833424 0.0450915 -0.0449501 -0.0036631 
-1.50796 0.879646 -0.0508106 0.00409769 0.00728003 -0.050453 0.00728003 0.050453 -0.0508106 -0.00409769 
-1.3823 0.879646 -0.0581529 0.00457374 0.0153895 -0.0562658 0.0153895 0.0562658 -0.0581529 -0.00457374 
-1.25664 0.879646 -0.0674332 0.00510195 0.0256903 -0.0625562 0.0256903 0.0625562 -0.0674332 -0.00510195 
-1.13097 0.879646 -0.0792682 0.00569884 0.0389072 -0.0692976 0.0389072 0.0692976 -0.0792682 -0.00569884 
-1.00531 0.879646 -0.0944721 0.00639213 0.0560178 -0.0763404 0.0560178 0.0763404 -0.0944721 -0.00639213 
-0.879646 0.879646 -0.114054 0.00723088 0.0782723 -0.0832711 0.0782723 0.0832711 -0.114054 -0.00723088 
-0.753982 0.879646 -0.139067 0.00829956 0.107057 -0.0891479 0.107057 0.0891479 -0.139067 -0.00829956 
-0.628319 0.879646 -0.170067 0.00971323 0.143297 -0.0921048 0.143297 0.0921048 -0.170067 -0.00971323 
-0.502655 0.879646 -0.205876 0.0114918 0.185947 -0.0891113 0.185947 0.0891113 -0.205876 -0.0114918 
-0.376991 0.879646 -0.242082 0.0131313 0.229916 -0.076907 0.229916 0.076907 -0.242082 -0.0131313 
-0.251327 0.879646 -0.271795 0.0131878 0.266536 -0.0548191 0.266536 0.0548191 -0.271795 -0.0131878 
-0.125664 0.879646 -0.290186 0.010265 0.289184 -0.0261858 0.289184 0.0261858 -0.290186 -0.010265 
0 0.879646 -0.297073 0.00499199 0.297073 0.00499199 0.297073 -0.00499199 -0.297073 -0.00499199 
0.125664 0.879646 -0.29354 -0.000125356 0.291241 0.0366659 0.291241 -0.0366659 -0.29354 0.000125356 
0.251327 0.879646 -0.2781 -0.00284982 0.270072 0.0664003 0.270072 -0.0664003 -0.2781 0.00284982 
0.376991 0.879646 -0.248761 -0.00309375 0.232431 0.0886986 0.232431 -0.0886986 -0.248761 0.00309375 
0.502655 0.879646 -0.210043 -0.00262526 0.185327 0.0988887 0.185327 -0.0988887 -0.210043 0.00262526 
0.628319 0.879646 -0.171438 -0.00261896 0.140235 0.0986497 0.140235 -0.0986497 -0.171438 0.00261896 
0.753982 0.879646 -0.138851 -0.00297294 0.103253 0.092883 0.103253 -0.092883 -0.138851 0.00297294 
0.879646 0.879646 -0.113262 -0.00333999 0.0747695 0.085141 0.0747695 -0.085141 -0.113262 0.00333999 
1.00531 0.879646 -0.093605 -0.00356613 0.053167 0.0771225 0.053167 -0.0771225 -0.093605 0.00356613 
1.13097 0.879646 -0.0785111 -0.00363661 0.0367189 0.0694905 0.0367189 -0.0694905 -0.0785111 0.00363661 
1.25664 0.879646 -0.0668294 -0.00358427 0.0240603 0.062451 0.0240603 -0.062451 -0.0668294 0.00358427 
1.3823 0.879646 -0.0576929 -0.00344703 0.0141966 0.0560251 0.0141966 -0.0560251 -0.0576929 0.00344703 
1.50796 0.879646 -0.0504697 -0.00325525 0.00641785 0.0501657 0.00641785 -0.0501657 -0.0504697 0.00325525 
1.63363 0.879646 -0.0447026 -0.00303036 0.000217477 0.0448047 0.000217477 -0.0448047 -0.0447026 0.00303036 
1.75929 0.879646 -0.0400594 -0.0027866 -0.00476915 0.039872 -0.00476915 -0.039872 -0.0400594 0.0027866 
1.88496 0.879646 -0.036297 -0.00253311 -0.00880726 0.0353033 -0.00880726 -0.0353033 -0.036297 0.00253311 
2.01062 0.879646 -0.0332354 -0.00227552 -0.012092 0.0310412 -0.012092 -0.0310412 -0.0332354 0.00227552 
2.13628 0.879646 -0.0307405 -0.00201718 -0.0147684 0.0270359 -0.0147684 -0.0270359 -0.0307405 0.00201718 
2.26195 0.879646 -0.0287114 -0.00175991 -0.0169453 0.0232443 -0.0169453 -0.0232443 -0.0287114 0.00175991 
2.38761 0.879646 -0.0270718 -0.00150457 -0.0187046 0.0196287 -0.0187046 -0.0196287 -0.0270718 0.00150457 
2.51327 0.879646 -0.0257642 -0.00125134 -0.0201081 0.0161561 -0.0201081 -0.0161561 -0.0257642 0.00125134 
2.63894 0.879646 -0.024745 -0.000999982 -0.0212025 0.0127973 -0.0212025 -0.0127973 -0.024745 0.000999982 
2.7646 0.879646 -0.0239821 -0.000749973 -0.0220219 0.00952572 -0.0220219 -0.00952572 -0.0239821 0.000749973 
2.89027 0.879646 -0.0234525 -0.00050058 -0.0225912 0.00631726 -0.0225912 -0.00631726 -0.0234525 0.00050058 
3.01593 0.879646 -0.0231406 -0.000250923 -0.0229267 0.00314923 -0.0229267 -0.00314923 -0.0231406 0.000250923 
-3.14159 1.00531 -0.0230376 -2.66992e-16 -0.0230376 4.69009e-16 -0.0230376 -2.15106e-16 -0.0230376 1.09288e-16 
-3.01593 1.00531 -0.0231405 0.000253417 -0.0229263 -0.0031517 -0.0229263 0.0031517 -0.0231405 -0.000253417 
-2.89027 1.00531 -0.0234526 0.000510693 -0.0225888 -0.00632708 -0.0225888 0.00632708 -0.0234526 -0.000510693 
-2.7646 1.00531 -0.0239832 0.000773213 -0.0220144 -0.00954773 -0.0220144 0.00954773 -0.0239832 -0.000773213 
-2.63894 1.00531 -0.0247485 0.00104251 -0.021185 -0.0128362 -0.021185 0.0128362 -0.0247485 -0.00104251 
-2.51327 1.00531 -0.0257723 0.00132031 -0.0200742 -0.0162167 -0.0200742 0.0162167 -0.0257723 -0.00132031 
-2.38761 1.00531 -0.0270877 0.00160853 -0.018645 -0.0197154 -0.018645 0.0197154 -0.0270877 -0.00160853 
-2.26195 1.00531 -0.0287392 0.00190938 -0.0168479 -0.023361 -0.0168479 0.023361 -0.0287392 -0.00190938 
-2.13628 1.00531 -0.0307859 0.00222542 -0.0146169 -0.0271859 -0.0146169 0.0271859 -0.0307859 -0.00222542 
-2.01062 1.00531 -0.0333059 0.00255964 -0.0118649 -0.0312259 -0.0118649 0.0312259 -0.0333059 -0.00255964 
-1.88496 1.00531 -0.0364024 0.0029156 -0.00847606 -0.0355217 -0.00847606 0.0355217 -0.0364024 -0.0029156 
-1.75929 1.00531 -0.0402125 0.00329764 -0.00429585 -0.0401182 -0.00429585 0.0401182 -0.0402125 -0.00329764 
-1.63363 1.00531 -0.0449195 0.00371114 0.000883298 -0.0450639 0.000883298 0.0450639 -0.0449195 -0.00371114 
-1.50796 1.00531 -0.0507702 0.00416305 0.00734272 -0.0504087 0.00734272 0.0504087 -0.0507702 -0.00416305 
-1.3823 1.00531 -0.058099 0.00466263 0.0154667 -0.0561962 0.0154667 0.0561962 -0.058099 -0.00466263 
-1.25664 1.00531 -0.0673598 0.00522298 0.0257827 -0.062449 0.0257827 0.062449 -0.0673598 -0.00522298 
-1.13097 1.00531 -0.0791656 0.00586373 0.0390127 -0.0691346 0.0390127 0.0691346 -0.0791656 -0.00586373 
-1.00531 1.00531 -0.0943248 0.00661605 0.0561279 -0.076096 0.0561279 0.076096 -0.0943248 -0.00661605 
-0.879646 1.00531 -0.113837 0.00753115 0.0783653 -0.0829124 0.0783653 0.0829124 -0.113837 -0.00753115 
-0.753982 1.00531 -0.138744 0.00868921 0.107088 -0.0886427 0.107088 0.0886427 -0.138744 -0.00868921 
-0.628319 1.00531 -0.169601 0.0101844 0.143197 -0.0914498 0.143197 0.0914498 -0.169601 -0.0101844 
-0.502655 1.00531 -0.205282 0.0119917 0.185667 -0.0883869 0.185667 0.0883869 -0.205282 -0.0119917 
-0.376991 1.00531 -0.241517 0.0135717 0.229552 -0.0762895 0.229552 0.0762895 -0.241517 -0.0135717 
-0.251327 1.00531 -0.271533 0.0135392 0.266369 -0.0544136 0.266369 0.0544136 -0.271533 -0.0135392 
-0.125664 1.00531 -0.290351 0.0106303 0.289394 -0.0258442 0.289394 0.0258442 -0.290351 -0.0106303 
0 1.00531 -0.297534 0.00550829 0.297534 0.00550829 0.297534 -0.00550829 -0.297534 -0.00550829 
0.125664 1.00531 -0.294087 0.000562288 0.291698 0.0374167 0.291698 -0.0374167 -0.294087 -0.000562288 
0.251327 1.00531 -0.278526 -0.00212483 0.270304 0.0672085 0.270304 -0.0672085 -0.278526 0.00212483 
0.376991 1.00531 -0.24888 -0.00250689 0.232326 0.0892881 0.232326 -0.0892881 -0.24888 0.00250689 
0.502655 1.00531 -0.209846 -0.00224499 0.184971 0.0991266 0.184971 -0.0991266 -0.209846 0.00224499 
0.628319 1.00531 -0.171089 -0.00240114 0.139825 0.0986211 0.139825 -0.0986211 -0.171089 0.00240114 
0.753982 1.00531 -0.138498 -0.0028504 0.102912 0.0927304 0.102912 -0.0927304 -0.138498 0.0028504 
0.879646 1.00531 -0.112964 -0.00326738 0.0745237 0.0849578 0.0745237 -0.0849578 -0.112964 0.00326738 
1.00531 1.00531 -0.0933723 -0.00351946 0.053003 0.0769511 0.053003 -0.0769511 -0.0933723 0.00351946 
1.13097 1.00531 -0.078335 -0.00360405 0.0366144 0.0693451 0.0366144 -0.0693451 -0.078335 0.00360405 
1.25664 1.00531 -0.0666977 -0.00355997 0.0239965 0.0623332 0.0239965 -0.0623332 -0.0666977 0.00355997 
1.3823 1.00531 -0.0575948 -0.00342801 0.0141595 0.0559323 0.0141595 -0.0559323 -0.0575948 0.00342801 
1.50796 1.00531 -0.0503966 -0.00323991 0.00639795 0.0500937 0.00639795 -0.0500937 -0.0503966 0.00323991 
1.63363 1.00531 -0.0446482 -0.00301779 0.000208352 0.0447496 0.000208352 -0.0447496 -0.0446482 0.00301779 
1.75929 1.00531 -0.0400191 -0.00277625 -0.00477175 0.0398305 -0.00477175 -0.0398305 -0.0400191 0.00277625 
1.88496 1.00531 -0.0362672 -0.00252461 -0.00880614 0.0352723 -0.00880614 -0.0352723 -0.0362672 0.00252461 
2.01062 1.00531 -0.0332136 -0.00226861 -0.012089 0.0310185 -0.012089 -0.0310185 -0.0332136 0.00226861 
2.13628 1.00531 -0.0307248 -0.00201166 -0.0147647 0.0270197 -0.0147647 -0.0270197 -0.0307248 0.00201166 
2.26195 1.00531 -0.0287003 -0.00175561 -0.0169416 0.0232331 -0.0169416 -0.0232331 -0.0287003 0.00175561 
2.38761 1.00531 -0.0270643 -0.00150134 -0.0187013 0.0196212 -0.0187013 -0.0196212 -0.0270643 0.00150134 
2.51327 1.00531 -0.0257593 -0.00124903 -0.0201055 0.0161514 -0.0201055 -0.0161514 -0.0257593 0.00124903 
2.63894 1.00531 -0.024742 -0.000998456 -0.0212006 0.0127945 -0.0212006 -0.0127945 -0.024742 0.000998456 
2.7646 1.00531 -0.0239806 -0.000749082 -0.0220208 0.00952431 -0.0220208 -0.00952431 -0.0239806 0.000749082 
2.89027 1.00531 -0.0234518 -0.000500168 -0.0225907 0.00631669 -0.0225907 -0.00631669 -0.0234518 0.000500168 
3.01593 1.00531 -0.0231404 -0.000250815 -0.0229265 0.0031491 -0.0229265 -0.0031491 -0.0231404 0.000250815 
-3.14159 1.13097 -0.0230376 -2.66992e-16 -0.0230376 4.69009e-16 -0.0230376 2.32019e-17 -0.0230376 2.66714e-16 
-3.01593 1.13097 -0.0231404 0.000253516 -0.0229261 -0.00315178 -0.0229261 0.00315178 -0.0231404 -0.000253516 
-2.89027 1.13097 -0.023452 0.000511122 -0.0225881 -0.00632733 -0.0225881 0.00632733 -0.023452 -0.000511122 
-2.7646 1.13097 -0.0239817 0.000774256 -0.0220126 -0.00954815 -0.0220126 0.00954815 -0.0239817 -0.000774256 
-2.63894 1.13097 -0.0247458 0.00104452 -0.0211817 -0.0128367 -0.0211817 0.0128367 -0.0247458 -0.00104452 
-2.51327 1.13097 -0.0257681 0.00132373 -0.0200687 -0.016217 -0.0200687 0.016217 -0.0257681 -0.00132373 
-2.38761 1.13097 -0.0270815 0.00161394 -0.0186367 -0.0197151 -0.0186367 0.0197151 -0.0270815 -0.00161394 
-2.26195 1.13097 -0.0287305 0.00191751 -0.016836 -0.0233595 -0.016836 0.0233595 -0.0287305 -0.00191751 
-2.13628 1.13097 -0.030774 0.00223722 -0.0146006 -0.0271821 -0.0146006 0.0271821 -0.030774 -0.00223722 
-2.01062 1.13097 -0.03329 0.00257636 -0.011843 -0.0312187 -0.011843 0.0312187 -0.03329 -0.00257636 
-1.88496 1.13097 -0.0363814 0.00293892 -0.00844739 -0.0355089 -0.00844739 0.0355089 -0.0363814 -0.00293892 
-1.75929 1.13097 -0.0401849 0.00332979 -0.00425909 -0.0400971 -0.00425909 0.0400971 -0.0401849 -0.00332979 
-1.63363 1.13097 -0.0448832 0.0037552 0.000929548 -0.0450305 0.000929548 0.0450305 -0.0448832 -0.0037552 
-1.50796 1.13097 -0.0507222 0.00422321 0.00739975 -0.050357 0.00739975 0.050357 -0.0507222 -0.00422321 
-1.3823 1.13097 -0.0580348 0.00474471 0.0155353 -0.0561178 0.0155353 0.0561178 -0.0580348 -0.00474471 
-1.25664 1.13097 -0.0672727 0.00533497 0.0258623 -0.0623315 0.0258623 0.0623315 -0.0672727 -0.00533497 
-1.13097 1.13097 -0.0790451 0.00601641 0.0390996 -0.0689604 0.0390996 0.0689604 -0.0790451 -0.00601641 
-1.00531 1.13097 -0.0941544 0.00682322 0.0562115 -0.0758411 0.0562115 0.0758411 -0.0941544 -0.00682322 
-0.879646 1.13097 -0.113592 0.00780798 0.0784224 -0.0825471 0.0784224 0.0825471 -0.113592 -0.00780798 
-0.753982 1.13097 -0.138391 0.00904573 0.107075 -0.0881412 0.107075 0.0881412 -0.138391 -0.00904573 
-0.628319 1.13097 -0.169113 0.010609 0.143051 -0.090819 0.143051 0.090819 -0.169113 -0.010609 
-0.502655 1.13097 -0.204685 0.0124284 0.185354 -0.0877166 0.185354 0.0877166 -0.204685 -0.0124284 
-0.376991 1.13097 -0.240977 0.0139318 0.229184 -0.0757562 0.229184 0.0757562 -0.240977 -0.0139318 
-0.251327 1.13097 -0.271316 0.013798 0.266224 -0.054109 0.266224 0.054109 -0.271316 -0.013798 
-0.125664 1.13097 -0.290566 0.0109038 0.289641 -0.0255997 0.289641 0.0255997 -0.290566 -0.0109038 
0 1.13097 -0.298033 0.00594764 0.298033 0.00594764 0.298033 -0.00594764 -0.298033 -0.00594764 
0.125664 1.13097 -0.294639 0.00118655 0.292167 0.0381053 0.292167 -0.0381053 -0.294639 -0.00118655 
0.251327 1.13097 -0.278908 -0.00146467 0.27051 0.0679429 0.27051 -0.0679429 -0.278908 0.00146467 
0.376991 1.13097 -0.248919 -0.00199762 0.232175 0.089776 0.232175 -0.089776 -0.248919 0.00199762 
0.502655 1.13097 -0.209572 -0.00194783 0.184588 0.0992551 0.184588 -0.0992551 -0.209572 0.00194783 
0.628319 1.13097 -0.17069 -0.00225735 0.139418 0.0985031 0.139418 -0.0985031 -0.17069 0.00225735 
0.753982 1.13097 -0.138116 -0.00278638 0.10259 0.0925158 0.10259 -0.0925158 -0.138116 0.00278638 
0.879646 1.13097 -0.112651 -0.00323857 0.0743019 0.0847348 0.0743019 -0.0847348 -0.112651 0.00323857 
1.00531 1.13097 -0.0931311 -0.00350491 0.0528614 0.0767552 0.0528614 -0.0767552 -0.0931311 0.00350491 
1.13097 1.13097 -0.0781537 -0.00359496 0.036529 0.0691849 0.036529 -0.0691849 -0.0781537 0.00359496 
1.25664 1.13097 -0.0665627 -0.00355288 0.023948 0.062207 0.023948 -0.062207 -0.0665627 0.00355288 
1.3823 1.13097 -0.0574943 -0.00342167 0.0141344 0.0558347 0.0141344 -0.0558347 -0.0574943 0.00342167 
1.50796 1.13097 -0.0503218 -0.00323395 0.0063873 0.0500194 0.0063873 -0.0500194 -0.0503218 0.00323395 
1.63363 1.13097 -0.0445924 -0.00301218 0.000206251 0.0446936 0.000206251 -0.0446936 -0.0445924 0.00301218 
1.75929 1.13097 -0.0399776 -0.00277106 -0.00476908 0.0397887 -0.00476908 -0.0397887 -0.0399776 0.00277106 
1.88496 1.13097 -0.0362365 -0.00251991 -0.00880111 0.0352417 -0.00880111 -0.0352417 -0.0362365 0.00251991 
2.01062 1.13097 -0.0331911 -0.00226448 -0.0120831 0.0309964 -0.0120831 -0.0309964 -0.0331911 0.00226448 
2.13628 1.13097 -0.0307085 -0.00200814 -0.0147589 0.0270041 -0.0147589 -0.0270041 -0.0307085 0.00200814 
2.26195 1.13097 -0.0286888 -0.00175273 -0.0169364 0.0232223 -0.0169364 -0.0232223 -0.0286888 0.00175273 
2.38761 1.13097 -0.0270564 -0.00149907 -0.0186971 0.0196141 -0.0186971 -0.0196141 -0.0270564 0.00149907 
2.51327 1.13097 -0.0257541 -0.00124735 -0.0201023 0.016147 -0.0201023 -0.016147 -0.0257541 0.00124735 
2.63894 1.13097 -0.0247389 -0.000997311 -0.0211984 0.012792 -0.0211984 -0.012792 -0.0247389 0.000997311 
2.7646 1.13097 -0.0239789 -0.000748396 -0.0220195 0.00952306 -0.0220195 -0.00952306 -0.0239789 0.000748396 
2.89027 1.13097 -0.0234511 -0.000499842 -0.0225901 0.0063162 -0.0225901 -0.0063162 -0.0234511 0.000499842 
3.01593 1.13097 -0.0231403 -0.000250728 -0.0229264 0.003149 -0.0229264 -0.003149 -0.0231403 0.000250728 
-3.14159 1.25664 -0.0230376 -2.66992e-16 -0.0230376 4.69009e-16 -0.0230376 2.44596e-16 -0.0230376 -3.81639e-17 
-3.01593 1.25664 -0.0231402 0.000253595 -0.0229259 -0.00315183 -0.0229259 0.00315183 -0.0231402 -0.000253595 
-2.89027 1.25664 -0.0234512 0.000511465 -0.0225873 -0.00632748 -0.0225873 0.00632748 -0.0234512 -0.000511465 
-2.7646 1.25664 -0.0239801 0.000775106 -0.0220108 -0.00954835 -0.0220108 0.00954835 -0.0239801 -0.000775106 
-2.63894 1.25664 -0.0247429 0.00104619 -0.0211784 -0.0128368 -0.0211784 0.0128368 -0.0247429 -0.00104619 
-2.51327 1.25664 -0.0257635 0.00132661 -0.0200633 -0.0162166 -0.0200633 0.0162166 -0.0257635 -0.00132661 
-2.38761 1.25664 -0.0270746 0.00161854 -0.0186286 -0.0197137 -0.0186286 0.0197137 -0.0270746 -0.00161854 
-2.26195 1.25664 -0.0287208 0.0019245 -0.0168245 -0.0233565 -0.0168245 0.0233565 -0.0287208 -0.0019245 
-2.13628 1.25664 -0.0307607 0.00224747 -0.0145848 -0.0271764 -0.0145848 0.0271764 -0.0307607 -0.00224747 
-2.01062 1.25664 -0.0332721 0.00259101 -0.0118222 -0.0312087 -0.0118222 0.0312087 -0.0332721 -0.00259101 
-1.88496 1.25664 -0.0363577 0.0029595 -0.00842048 -0.0354927 -0.00842048 0.0354927 -0.0363577 -0.0029595 
-1.75929 1.25664 -0.0401536 0.00335837 -0.00422514 -0.0400716 -0.00422514 0.0400716 -0.0401536 -0.00335837 
-1.63363 1.25664 -0.0448418 0.00379458 0.000971448 -0.0449916 0.000971448 0.0449916 -0.0448418 -0.00379458 
-1.50796 1.25664 -0.0506673 0.00427724 0.00745023 -0.0502988 0.00745023 0.0502988 -0.0506673 -0.00427724 
-1.3823 1.25664 -0.0579614 0.0048187 0.0155942 -0.0560318 0.0155942 0.0560318 -0.0579614 -0.0048187 
-1.25664 1.25664 -0.0671732 0.00543617 0.0259278 -0.0622057 0.0259278 0.0622057 -0.0671732 -0.00543617 
-1.13097 1.25664 -0.0789083 0.00615453 0.0391663 -0.0687779 0.0391663 0.0687779 -0.0789083 -0.00615453 
-1.00531 1.25664 -0.0939635 0.00701043 0.0562673 -0.0755796 0.0562673 0.0755796 -0.0939635 -0.00701043 
-0.879646 1.25664 -0.113323 0.00805716 0.0784428 -0.0821808 0.0784428 0.0821808 -0.113323 -0.00805716 
-0.753982 1.25664 -0.138014 0.00936379 0.107018 -0.087651 0.107018 0.087651 -0.138014 -0.00936379 
-0.628319 1.25664 -0.168608 0.0109808 0.142861 -0.0902215 0.142861 0.0902215 -0.168608 -0.0109808 
-0.502655 1.25664 -0.204094 0.0127957 0.185013 -0.0871099 0.185013 0.0871099 -0.204094 -0.0127957 
-0.376991 1.25664 -0.240471 0.0142062 0.228814 -0.0753148 0.228814 0.0753148 -0.240471 -0.0142062 
-0.251327 1.25664 -0.271148 0.0139594 0.2661 -0.0539108 0.2661 0.0539108 -0.271148 -0.0139594 
-0.125664 1.25664 -0.290825 0.0110801 0.28992 -0.0254573 0.28992 0.0254573 -0.290825 -0.0110801 
0 1.25664 -0.29856 0.00630188 0.29856 0.00630188 0.29856 -0.00630188 -0.29856 -0.00630188 
0.125664 1.25664 -0.295187 0.00173636 0.292641 0.0387194 0.292641 -0.0387194 -0.295187 -0.00173636 
0.251327 1.25664 -0.279237 -0.000881756 0.270683 0.0685893 0.270683 -0.0685893 -0.279237 0.000881756 
0.376991 1.25664 -0.248874 -0.00157647 0.231978 0.090151 0.231978 -0.090151 -0.248874 0.00157647 
0.502655 1.25664 -0.209225 -0.00174031 0.184184 0.0992698 0.184184 -0.0992698 -0.209225 0.00174031 
0.628319 1.25664 -0.170248 -0.00219077 0.139021 0.0982966 0.139021 -0.0982966 -0.170248 0.00219077 
0.753982 1.25664 -0.137712 -0.00278229 0.102292 0.0922423 0.102292 -0.0922423 -0.137712 0.00278229 
0.879646 1.25664 -0.112328 -0.00325416 0.0741077 0.0844756 0.0741077 -0.0844756 -0.112328 0.00325416 
1.00531 1.25664 -0.0928851 -0.00352277 0.0527447 0.0765379 0.0527447 -0.0765379 -0.0928851 0.00352277 
1.13097 1.25664 -0.0779702 -0.0036095 0.0364641 0.0690127 0.0364641 -0.0690127 -0.0779702 0.0036095 
1.25664 1.25664 -0.0664264 -0.00356311 0.0239156 0.0620742 0.0239156 -0.0620742 -0.0664264 0.00356311 
1.3823 1.25664 -0.0573929 -0.0034281 0.0141217 0.055734 0.0141217 -0.055734 -0.0573929 0.0034281 
1.50796 1.25664 -0.0502463 -0.00323746 0.00638606 0.0499438 0.00638606 -0.0499438 -0.0502463 0.00323746 
1.63363 1.25664 -0.0445361 -0.0030136 0.000211209 0.0446375 0.000211209 -0.0446375 -0.0445361 0.0030136 
1.75929 1.25664 -0.0399356 -0.00277109 -0.00476118 0.0397475 -0.00476118 -0.0397475 -0.0399356 0.00277109 
1.88496 1.25664 -0.0362053 -0.00251909 -0.00879227 0.0352118 -0.00879227 -0.0352118 -0.0362053 0.00251909 
2.01062 1.25664 -0.0331682 -0.0022632 -0.0120745 0.0309751 -0.0120745 -0.0309751 -0.0331682 0.0022632 
2.13628 1.25664 -0.0306919 -0.00200669 -0.0147512 0.0269893 -0.0147512 -0.0269893 -0.0306919 0.00200669 
2.26195 1.25664 -0.028677 -0.0017513 -0.01693 0.0232123 -0.01693 -0.0232123 -0.028677 0.0017513 
2.38761 1.25664 -0.0270483 -0.0014978 -0.018692 0.0196077 -0.018692 -0.0196077 -0.0270483 0.0014978 
2.51327 1.25664 -0.0257488 -0.00124633 -0.0200986 0.016143 -0.0200986 -0.016143 -0.0257488 0.00124633 
2.63894 1.25664 -0.0247356 -0.000996565 -0.0211959 0.0127898 -0.0211959 -0.0127898 -0.0247356 0.000996565 
2.7646 1.25664 -0.0239771 -0.000747925 -0.022018 0.00952197 -0.022018 -0.00952197 -0.0239771 0.000747925 
2.89027 1.25664 -0.0234504 -0.000499609 -0.0225894 0.00631578 -0.0225894 -0.00631578 -0.0234504 0.000499609 
3.01593 1.25664 -0.0231401 -0.000250664 -0.0229262 0.00314891 -0.0229262 -0.00314891 -0.0231401 0.000250664 
-3.14159 1.3823 -0.0230376 -2.66992e-16 -0.0230376 4.69009e-16 -0.0230376 2.81025e-16 -0.0230376 8.1532e-17 
-3.01593 1.3823 -0.02314 0.00025365 -0.0229258 -0.00315186 -0.0229258 0.00315186 -0.02314 -0.00025365 
-2.89027 1.3823 -0.0234505 0.000511717 -0.0225865 -0.00632754 -0.0225865 0.00632754 -0.0234505 -0.000511717 
-2.7646 1.3823 -0.0239784 0.000775749 -0.022009 -0.00954832 -0.022009 0.00954832 -0.0239784 -0.000775749 
-2.63894 1.3823 -0.0247399 0.00104748 -0.0211751 -0.0128364 -0.0211751 0.0128364 -0.0247399 -0.00104748 
-2.51327 1.3823 -0.0257585 0.0013289 -0.020058 -0.0162156 -0.020058 0.0162156 -0.0257585 -0.0013289 
-2.38761 1.3823 -0.0270673 0.00162227 -0.0186207 -0.0197114 -0.0186207 0.0197114 -0.0270673 -0.00162227 
-2.26195 1.3823 -0.0287103 0.00193025 -0.0168133 -0.023352 -0.0168133 0.023352 -0.0287103 -0.00193025 
-2.13628 1.3823 -0.0307463 0.002256 -0.0145699 -0.0271688 -0.0145699 0.0271688 -0.0307463 -0.002256 
-2.01062 1.3823 -0.0332526 0.00260336 -0.0118027 -0.0311963 -0.0118027 0.0311963 -0.0332526 -0.00260336 
-1.88496 1.3823 -0.0363316 0.00297702 -0.00839576 -0.0354733 -0.00839576 0.0354733 -0.0363316 -0.00297702 
-1.75929 1.3823 -0.040119 0.00338291 -0.00419455 -0.0400422 -0.00419455 0.0400422 -0.040119 -0.00338291 
-1.63363 1.3823 -0.044796 0.00382866 0.00100834 -0.044948 0.00100834 0.044948 -0.044796 -0.00382866 
-1.50796 1.3823 -0.0506064 0.00432429 0.00749336 -0.050235 0.00749336 0.050235 -0.0506064 -0.00432429 
-1.3823 1.3823 -0.0578799 0.00488343 0.0156425 -0.0559396 0.0156425 0.0559396 -0.0578799 -0.00488343 
-1.25664 1.3823 -0.067063 0.00552499 0.0259782 -0.0620734 0.0259782 0.0620734 -0.067063 -0.00552499 
-1.13097 1.3823 -0.0787576 0.00627592 0.039212 -0.0685899 0.039212 0.0685899 -0.0787576 -0.00627592 
-1.00531 1.3823 -0.0937551 0.00717479 0.0562944 -0.0753156 0.0562944 0.0753156 -0.0937551 -0.00717479 
-0.879646 1.3823 -0.113033 0.00827488 0.0784261 -0.0818191 0.0784261 0.0818191 -0.113033 -0.00827488 
-0.753982 1.3823 -0.137618 0.0096386 0.106917 -0.0871795 0.106917 0.0871795 -0.137618 -0.0096386 
-0.628319 1.3823 -0.168094 0.0112944 0.14263 -0.0896658 0.14263 0.0896658 -0.168094 -0.0112944 
-0.502655 1.3823 -0.203516 0.0130881 0.184648 -0.0865754 0.184648 0.0865754 -0.203516 -0.0130881 
-0.376991 1.3823 -0.240006 0.0143902 0.228449 -0.0749724 0.228449 0.0749724 -0.240006 -0.0143902 
-0.251327 1.3823 -0.27103 0.0140197 0.266002 -0.0538233 0.266002 0.0538233 -0.27103 -0.0140197 
-0.125664 1.3823 -0.291125 0.0111544 0.290227 -0.0254212 0.290227 0.0254212 -0.291125 -0.0111544 
0 1.3823 -0.299106 0.00656365 0.299106 0.00656365 0.299106 -0.00656365 -0.299106 -0.00656365 
0.125664 1.3823 -0.295718 0.00220113 0.29311 0.039247 0.29311 -0.039247 -0.295718 -0.00220113 
0.251327 1.3823 -0.279504 -0.000387947 0.270819 0.0691341 0.270819 -0.0691341 -0.279504 0.000387947 
0.376991 1.3823 -0.248743 -0.00125299 0.231737 0.0904035 0.231737 -0.0904035 -0.248743 0.00125299 
0.502655 1.3823 -0.208809 -0.00162758 0.183765 0.0991682 0.183765 -0.0991682 -0.208809 0.00162758 
0.628319 1.3823 -0.169767 -0.00220332 0.13864 0.0980042 0.13864 -0.0980042 -0.169767 0.00220332 
0.753982 1.3823 -0.137293 -0.00283853 0.102025 0.091914 0.102025 -0.091914 -0.137293 0.00283853 
0.879646 1.3823 -0.111999 -0.00331404 0.0739442 0.0841841 0.0739442 -0.0841841 -0.111999 0.00331404 
1.00531 1.3823 -0.0926382 -0.00357282 0.0526547 0.0763026 0.0526547 -0.0763026 -0.0926382 0.00357282 
1.13097 1.3823 -0.0777872 -0.00364749 0.0364205 0.068831 0.0364205 -0.068831 -0.0777872 0.00364749 
1.25664 1.3823 -0.066291 -0.00359051 0.0238998 0.061937 0.0238998 -0.061937 -0.066291 0.00359051 
1.3823 1.3823 -0.0572925 -0.00344721 0.0141217 0.0556317 0.0141217 -0.0556317 -0.0572925 0.00344721 
1.50796 1.3823 -0.0501714 -0.00325038 0.00639426 0.0498683 0.00639426 -0.0498683 -0.0501714 0.00325038 
1.63363 1.3823 -0.0444802 -0.00302204 0.000223147 0.0445822 0.000223147 -0.0445822 -0.0444802 0.00302204 
1.75929 1.3823 -0.0398938 -0.00277635 -0.00474818 0.0397074 -0.00474818 -0.0397074 -0.0398938 0.00277635 
1.88496 1.3823 -0.0361742 -0.00252215 -0.00877975 0.0351831 -0.00877975 -0.0351831 -0.0361742 0.00252215 
2.01062 1.3823 -0.0331452 -0.00226478 -0.0120633 0.030955 -0.0120633 -0.030955 -0.0331452 0.00226478 
2.13628 1.3823 -0.0306752 -0.00200731 -0.0147418 0.0269755 -0.0147418 -0.0269755 -0.0306752 0.00200731 
2.26195 1.3823 -0.0286651 -0.00175135 -0.0169224 0.0232032 -0.0169224 -0.0232032 -0.0286651 0.00175135 
2.38761 1.3823 -0.02704 -0.00149756 -0.0186862 0.0196018 -0.0186862 -0.0196018 -0.02704 0.00149756 
2.51327 1.3823 -0.0257433 -0.00124598 -0.0200944 0.0161396 -0.0200944 -0.0161396 -0.0257433 0.00124598 
2.63894 1.3823 -0.0247323 -0.000996229 -0.0211932 0.0127879 -0.0211932 -0.0127879 -0.0247323 0.000996229 
2.7646 1.3823 -0.0239753 -0.000747675 -0.0220165 0.00952108 -0.0220165 -0.00952108 -0.0239753 0.000747675 
2.89027 1.3823 -0.0234496 -0.000499472 -0.0225887 0.00631546 -0.0225887 -0.00631546 -0.0234496 0.000499472 
3.01593 1.3823 -0.0231399 -0.000250623 -0.022926 0.00314884 -0.022926 -0.00314884 -0.0231399 0.000250623 
-3.14159 1.50796 -0.0230376 -2.66992e-16 -0.0230376 4.69009e-16 -0.0230376 2.39392e-16 -0.0230376 -5.55112e-17 
-3.01593 1.50796 -0.0231398 0.000253681 -0.0229256 -0.00315187 -0.0229256 0.00315187 -0.0231398 -0.000253681 
-2.89027 1.50796 -0.0234497 0.000511874 -0.0225857 -0.0063275 -0.0225857 0.0063275 -0.0234497 -0.000511874 
-2.7646 1.50796 -0.0239767 0.000776176 -0.0220072 -0.00954807 -0.0220072 0.00954807 -0.0239767 -0.000776176 
-2.63894 1.50796 -0.0247366 0.00104839 -0.0211718 -0.0128357 -0.0211718 0.0128357 -0.0247366 -0.00104839 
-2.51327 1.50796 -0.0257533 0.00133055 -0.0200528 -0.0162139 -0.0200528 0.0162139 -0.0257533 -0.00133055 
-2.38761 1.50796 -0.0270595 0.00162505 -0.0186131 -0.0197081 -0.0186131 0.0197081 -0.0270595 -0.00162505 
-2.26195 1.50796 -0.0286992 0.00193465 -0.0168029 -0.0233463 -0.0168029 0.0233463 -0.0286992 -0.00193465 
-2.13628 1.50796 -0.0307309 0.00226269 -0.014556 -0.0271593 -0.014556 0.0271593 -0.0307309 -0.00226269 
-2.01062 1.50796 -0.0332317 0.0026132 -0.0117849 -0.0311816 -0.0117849 0.0311816 -0.0332317 -0.0026132 
-1.88496 1.50796 -0.0363036 0.00299121 -0.00837361 -0.0354511 -0.00837361 0.0354511 -0.0363036 -0.00299121 
-1.75929 1.50796 -0.0400817 0.00340304 -0.00416779 -0.0400094 -0.00416779 0.0400094 -0.0400817 -0.00340304 
-1.63363 1.50796 -0.0447464 0.0038569 0.00103964 -0.0449003 0.00103964 0.0449003 -0.0447464 -0.0038569 
-1.50796 1.50796 -0.0505404 0.00436362 0.00752847 -0.0501667 0.00752847 0.0501667 -0.0505404 -0.00436362 
-1.3823 1.50796 -0.0577915 0.00493789 0.0156795 -0.0558426 0.0156795 0.0558426 -0.0577915 -0.00493789 
-1.25664 1.50796 -0.0669438 0.00560005 0.0260127 -0.0619368 0.0260127 0.0619368 -0.0669438 -0.00560005 
-1.13097 1.50796 -0.0785952 0.00637869 0.0392358 -0.0683992 0.0392358 0.0683992 -0.0785952 -0.00637869 
-1.00531 1.50796 -0.0935325 0.00731375 0.0562924 -0.0750532 0.0562924 0.0750532 -0.0935325 -0.00731375 
-0.879646 1.50796 -0.112728 0.00845778 0.0783726 -0.0814675 0.0783726 0.0814675 -0.112728 -0.00845778 
-0.753982 1.50796 -0.137208 0.00986597 0.106774 -0.0867335 0.106774 0.0867335 -0.137208 -0.00986597 
-0.628319 1.50796 -0.167579 0.0115449 0.14236 -0.0891602 0.14236 0.0891602 -0.167579 -0.0115449 
-0.502655 1.50796 -0.20296 0.0133007 0.184263 -0.0861213 0.184263 0.0861213 -0.20296 -0.0133007 
-0.376991 1.50796 -0.239588 0.0144799 0.228094 -0.0747351 0.228094 0.0747351 -0.239588 -0.0144799 
-0.251327 1.50796 -0.270968 0.0139759 0.26593 -0.0538501 0.26593 0.0538501 -0.270968 -0.0139759 
-0.125664 1.50796 -0.291463 0.0111235 0.290559 -0.0254943 0.290559 0.0254943 -0.291463 -0.0111235 
0 1.50796 -0.299662 0.00672657 0.299662 0.00672657 0.299662 -0.00672657 -0.299662 -0.00672657 
0.125664 1.50796 -0.296222 0.00257103 0.293564 0.0396772 0.293564 -0.0396772 -0.296222 -0.00257103 
0.251327 1.50796 -0.279701 5.76044e-06 0.270913 0.0695645 0.270913 -0.0695645 -0.279701 -5.76044e-06 
0.376991 1.50796 -0.248525 -0.00103533 0.231453 0.0905254 0.231453 -0.0905254 -0.248525 0.00103533 
0.502655 1.50796 -0.20833 -0.00161321 0.183338 0.09895 0.183338 -0.09895 -0.20833 0.00161321 
0.628319 1.50796 -0.169257 -0.00229555 0.138281 0.0976298 0.138281 -0.0976298 -0.169257 0.00229555 
0.753982 1.50796 -0.136864 -0.00295449 0.101792 0.091536 0.101792 -0.091536 -0.136864 0.00295449 
0.879646 1.50796 -0.11167 -0.00341736 0.0738144 0.083865 0.0738144 -0.083865 -0.11167 0.00341736 
1.00531 1.50796 -0.0923944 -0.00365429 0.0525928 0.0760531 0.0525928 -0.0760531 -0.0923944 0.00365429 
1.13097 1.50796 -0.0776079 -0.00370832 0.0363992 0.0686428 0.0363992 -0.0686428 -0.0776079 0.00370832 
1.25664 1.50796 -0.0661587 -0.00363467 0.0239009 0.0617975 0.0239009 -0.0617975 -0.0661587 0.00363467 
1.3823 1.50796 -0.0571944 -0.0034787 0.0141342 0.0555295 0.0141342 -0.0555295 -0.0571944 0.0034787 
1.50796 1.50796 -0.0500983 -0.00327252 0.00641176 0.0497939 0.00641176 -0.0497939 -0.0500983 0.00327252 
1.63363 1.50796 -0.0444255 -0.00303737 0.000241878 0.0445285 0.000241878 -0.0445285 -0.0444255 0.00303737 
1.75929 1.50796 -0.0398529 -0.00278677 -0.00473028 0.0396692 -0.00473028 -0.0396692 -0.0398529 0.00278677 
1.88496 1.50796 -0.0361437 -0.00252905 -0.00876375 0.0351562 -0.00876375 -0.0351562 -0.0361437 0.00252905 
2.01062 1.50796 -0.0331226 -0.0022692 -0.0120497 0.0309364 -0.0120497 -0.0309364 -0.0331226 0.0022692 
2.13628 1.50796 -0.0306586 -0.00201001 -0.0147306 0.026963 -0.0147306 -0.026963 -0.0306586 0.00201001 
2.26195 1.50796 -0.0286532 -0.00175289 -0.0169136 0.023195 -0.0169136 -0.023195 -0.0286532 0.00175289 
2.38761 1.50796 -0.0270318 -0.00149834 -0.0186797 0.0195968 -0.0186797 -0.0195968 -0.0270318 0.00149834 
2.51327 1.50796 -0.0257379 -0.0012463 -0.0200898 0.0161366 -0.0200898 -0.0161366 -0.0257379 0.0012463 
2.63894 1.50796 -0.024729 -0.000996309 -0.0211902 0.0127864 -0.0211902 -0.0127864 -0.024729 0.000996309 
2.7646 1.50796 -0.0239735 -0.000747652 -0.0220148 0.00952038 -0.0220148 -0.00952038 -0.0239735 0.000747652 
2.89027 1.50796 -0.0234488 -0.000499433 -0.0225879 0.00631522 -0.0225879 -0.00631522 -0.0234488 0.000499433 
3.01593 1.50796 -0.0231397 -0.000250606 -0.0229258 0.0031488 -0.0229258 -0.0031488 -0.0231397 0.000250606 
-3.14159 1.63363 -0.0230376 -2.66992e-16 -0.0230376 4.69009e-16 -0.0230376 2.94903e-17 -0.0230376 1.17961e-16 
-3.01593 1.63363 -0.0231396 0.000253689 -0.0229254 -0.00315185 -0.0229254 0.00315185 -0.0231396 -0.000253689 
-2.89027 1.63363 -0.0234489 0.000511933 -0.0225849 -0.00632736 -0.0225849 0.00632736 -0.0234489 -0.000511933 
-2.7646 1.63363 -0.0239748 0.000776379 -0.0220054 -0.00954759 -0.0220054 0.00954759 -0.0239748 -0.000776379 
-2.63894 1.63363 -0.0247333 0.00104888 -0.0211687 -0.0128345 -0.0211687 0.0128345 -0.0247333 -0.00104888 
-2.51327 1.63363 -0.025748 0.00133155 -0.0200479 -0.0162115 -0.0200479 0.0162115 -0.025748 -0.00133155 
-2.38761 1.63363 -0.0270514 0.00162684 -0.018606 -0.0197039 -0.018606 0.0197039 -0.0270514 -0.00162684 
-2.26195 1.63363 -0.0286876 0.00193764 -0.0167932 -0.0233393 -0.0167932 0.0233393 -0.0286876 -0.00193764 
-2.13628 1.63363 -0.0307148 0.00226742 -0.0145434 -0.0271483 -0.0145434 0.0271483 -0.0307148 -0.00226742 
-2.01062 1.63363 -0.0332098 0.00262039 -0.011769 -0.0311648 -0.011769 0.0311648 -0.0332098 -0.00262039 
-1.88496 1.63363 -0.0362741 0.00300184 -0.00835438 -0.0354263 -0.00835438 0.0354263 -0.0362741 -0.00300184 
-1.75929 1.63363 -0.0400422 0.00341844 -0.00414528 -0.0399735 -0.00414528 0.0399735 -0.0400422 -0.00341844 
-1.63363 1.63363 -0.0446939 0.00387886 0.00106485 -0.0448493 0.00106485 0.0448493 -0.0446939 -0.00387886 
-1.50796 1.63363 -0.0504704 0.0043946 0.00755499 -0.0500949 0.00755499 0.0500949 -0.0504704 -0.0043946 
-1.3823 1.63363 -0.0576977 0.00498122 0.0157045 -0.0557423 0.0157045 0.0557423 -0.0576977 -0.00498122 
-1.25664 1.63363 -0.0668173 0.00566016 0.0260308 -0.061798 0.0260308 0.061798 -0.0668173 -0.00566016 
-1.13097 1.63363 -0.0784237 0.00646124 0.0392375 -0.0682088 0.0392375 0.0682088 -0.0784237 -0.00646124 
-1.00531 1.63363 -0.093299 0.00742514 0.0562613 -0.0747964 0.0562613 0.0747964 -0.093299 -0.00742514 
-0.879646 1.63363 -0.112412 0.00860303 0.0782831 -0.0811314 0.0782831 0.0811314 -0.112412 -0.00860303 
-0.753982 1.63363 -0.136792 0.0100424 0.106592 -0.08632 0.106592 0.08632 -0.136792 -0.0100424 
-0.628319 1.63363 -0.167069 0.0117284 0.142056 -0.0887124 0.142056 0.0887124 -0.167069 -0.0117284 
-0.502655 1.63363 -0.202434 0.0134298 0.183864 -0.0857547 0.183864 0.0857547 -0.202434 -0.0134298 
-0.376991 1.63363 -0.239224 0.0144726 0.227753 -0.0746081 0.227753 0.0746081 -0.239224 -0.0144726 
-0.251327 1.63363 -0.270962 0.0138265 0.265888 -0.0539934 0.265888 0.0539934 -0.270962 -0.0138265 
-0.125664 1.63363 -0.291835 0.010985 0.290911 -0.0256782 0.290911 0.0256782 -0.291835 -0.010985 
0 1.63363 -0.300219 0.0067855 0.300219 0.0067855 0.300219 -0.0067855 -0.300219 -0.0067855 
0.125664 1.63363 -0.296689 0.00283729 0.293994 0.0399999 0.293994 -0.0399999 -0.296689 -0.00283729 
0.251327 1.63363 -0.279821 0.00028962 0.270958 0.0698693 0.270958 -0.0698693 -0.279821 -0.00028962 
0.376991 1.63363 -0.248219 -0.000929985 0.231131 0.090511 0.231131 -0.090511 -0.248219 0.000929985 
0.502655 1.63363 -0.207795 -0.00169899 0.18291 0.098617 0.18291 -0.098617 -0.207795 0.00169899 
0.628319 1.63363 -0.168726 -0.00246654 0.137952 0.0971791 0.137952 -0.0971791 -0.168726 0.00246654 
0.753982 1.63363 -0.136433 -0.00312851 0.101597 0.0911144 0.101597 -0.0911144 -0.136433 0.00312851 
0.879646 1.63363 -0.111347 -0.00356254 0.0737202 0.0835235 0.0737202 -0.0835235 -0.111347 0.00356254 
1.00531 1.63363 -0.0921577 -0.00376592 0.0525602 0.0757934 0.0525602 -0.0757934 -0.0921577 0.00376592 
1.13097 1.63363 -0.0774349 -0.00379104 0.0364004 0.068451 0.0364004 -0.068451 -0.0774349 0.00379104 
1.25664 1.63363 -0.0660316 -0.00369488 0.0239189 0.061658 0.0239189 -0.061658 -0.0660316 0.00369488 
1.3823 1.63363 -0.0571003 -0.00352208 0.0141592 0.0554289 0.0141592 -0.0554289 -0.0571003 0.00352208 
1.50796 1.63363 -0.0500281 -0.00330353 0.0064383 0.049722 0.0064383 -0.049722 -0.0500281 0.00330353 
1.63363 1.63363 -0.0443729 -0.00305934 0.000267107 0.0444775 0.000267107 -0.0444775 -0.0443729 0.00305934 
1.75929 1.63363 -0.0398135 -0.00280217 -0.00470777 0.0396333 -0.00470777 -0.0396333 -0.0398135 0.00280217 
1.88496 1.63363 -0.0361142 -0.00253968 -0.00874451 0.0351314 -0.00874451 -0.0351314 -0.0361142 0.00253968 
2.01062 1.63363 -0.0331007 -0.00227639 -0.0120338 0.0309196 -0.0120338 -0.0309196 -0.0331007 0.00227639 
2.13628 1.63363 -0.0306426 -0.00201474 -0.014718 0.0269519 -0.014718 -0.0269519 -0.0306426 0.00201474 
2.26195 1.63363 -0.0286417 -0.00175588 -0.016904 0.023188 -0.016904 -0.023188 -0.0286417 0.00175588 
2.38761 1.63363 -0.0270238 -0.00150014 -0.0186726 0.0195926 -0.0186726 -0.0195926 -0.0270238 0.00150014 
2.51327 1.63363 -0.0257326 -0.0012473 -0.0200849 0.0161343 -0.0200849 -0.0161343 -0.0257326 0.0012473 
2.63894 1.63363 -0.0247257 -0.000996803 -0.0211871 0.0127852 -0.0211871 -0.0127852 -0.0247257 0.000996803 
2.7646 1.63363 -0.0239717 -0.000747856 -0.022013 0.00951991 -0.022013 -0.00951991 -0.0239717 0.000747856 
2.89027 1.63363 -0.023448 -0.000499492 -0.0225871 0.00631508 -0.0225871 -0.00631508 -0.023448 0.000499492 
3.01593 1.63363 -0.0231395 -0.000250613 -0.0229256 0.00314879 -0.0229256 -0.00314879 -0.0231395 0.000250613 
-3.14159 1.75929 -0.0230376 -2.66992e-16 -0.0230376 4.69009e-16 -0.0230376 1.56125e-17 -0.0230376 2.15106e-16 
-3.01593 1.75929 -0.0231394 0.000253672 -0.0229252 -0.00315181 -0.0229252 0.00315181 -0.0231394 -0.000253672 
-2.89027 1.75929 -0.0234481 0.000511894 -0.0225842 -0.00632713 -0.0225842 0.00632713 -0.0234481 -0.000511894 
-2.7646 1.75929 -0.023973 0.000776356 -0.0220038 -0.0095469 -0.0220038 0.0095469 -0.023973 -0.000776356 
-2.63894 1.75929 -0.02473 0.00104896 -0.0211657 -0.012833 -0.0211657 0.012833 -0.02473 -0.00104896 
-2.51327 1.75929 -0.0257425 0.00133188 -0.0200433 -0.0162086 -0.0200433 0.0162086 -0.0257425 -0.00133188 
-2.38761 1.75929 -0.0270432 0.00162762 -0.0185995 -0.0196988 -0.0185995 0.0196988 -0.0270432 -0.00162762 
-2.26195 1.75929 -0.0286758 0.00193918 -0.0167845 -0.0233312 -0.0167845 0.0233312 -0.0286758 -0.00193918 
-2.13628 1.75929 -0.0306982 0.00227012 -0.0145322 -0.0271358 -0.0145322 0.0271358 -0.0306982 -0.00227012 
-2.01062 1.75929 -0.0331871 0.00262481 -0.0117554 -0.0311462 -0.0117554 0.0311462 -0.0331871 -0.00262481 
-1.88496 1.75929 -0.0362435 0.00300874 -0.00833838 -0.0353994 -0.00833838 0.0353994 -0.0362435 -0.00300874 
-1.75929 1.75929 -0.0400013 0.00342885 -0.00412738 -0.0399353 -0.00412738 0.0399353 -0.0400013 -0.00342885 
-1.63363 1.75929 -0.0446393 0.00389419 0.00108358 -0.0447957 0.00108358 0.0447957 -0.0446393 -0.00389419 
-1.50796 1.75929 -0.0503974 0.00441675 0.00757252 -0.0500207 0.00757252 0.0500207 -0.0503974 -0.00441675 
-1.3823 1.75929 -0.0575999 0.00501274 0.0157171 -0.0556404 0.0157171 0.0556404 -0.0575999 -0.00501274 
-1.25664 1.75929 -0.0666857 0.00570439 0.0260322 -0.0616591 0.0260322 0.0616591 -0.0666857 -0.00570439 
-1.13097 1.75929 -0.0782457 0.00652226 0.0392169 -0.0680218 0.0392169 0.0680218 -0.0782457 -0.00652226 
-1.00531 1.75929 -0.0930583 0.00750721 0.0562016 -0.0745491 0.0562016 0.0745491 -0.0930583 -0.00750721 
-0.879646 1.75929 -0.11209 0.00870833 0.0781588 -0.080816 0.0781588 0.080816 -0.11209 -0.00870833 
-0.753982 1.75929 -0.136375 0.010165 0.106372 -0.0859452 0.106372 0.0859452 -0.136375 -0.010165 
-0.628319 1.75929 -0.166574 0.0118417 0.141721 -0.0883293 0.141721 0.0883293 -0.166574 -0.0118417 
-0.502655 1.75929 -0.201946 0.0134725 0.183457 -0.0854822 0.183457 0.0854822 -0.201946 -0.0134725 
-0.376991 1.75929 -0.238922 0.0143663 0.227432 -0.0745954 0.227432 0.0745954 -0.238922 -0.0143663 
-0.251327 1.75929 -0.271016 0.013571 0.265876 -0.0542542 0.265876 0.0542542 -0.271016 -0.013571 
-0.125664 1.75929 -0.292237 0.0107386 0.291278 -0.0259731 0.291278 0.0259731 -0.292237 -0.0107386 
0 1.75929 -0.300769 0.00673675 0.300769 0.00673675 0.300769 -0.00673675 -0.300769 -0.00673675 
0.125664 1.75929 -0.297109 0.0029925 0.294391 0.0402065 0.294391 -0.0402065 -0.297109 -0.0029925 
0.251327 1.75929 -0.279859 0.000455527 0.270953 0.0700393 0.270953 -0.0700393 -0.279859 -0.000455527 
0.376991 1.75929 -0.24783 -0.000941395 0.230774 0.0903572 0.230774 -0.0903572 -0.24783 0.000941395 
0.502655 1.75929 -0.207212 -0.0018848 0.182489 0.0981734 0.182489 -0.0981734 -0.207212 0.0018848 
0.628319 1.75929 -0.168182 -0.00271396 0.137657 0.0966593 0.137657 -0.0966593 -0.168182 0.00271396 
0.753982 1.75929 -0.136008 -0.0033579 0.101444 0.0906561 0.101444 -0.0906561 -0.136008 0.0033579 
0.879646 1.75929 -0.111035 -0.0037473 0.0736634 0.083165 0.0736634 -0.083165 -0.111035 0.0037473 
1.00531 1.75929 -0.0919317 -0.00390594 0.0525574 0.0755276 0.0525574 -0.0755276 -0.0919317 0.00390594 
1.13097 1.75929 -0.0772711 -0.00389435 0.0364241 0.0682588 0.0364241 -0.0682588 -0.0772711 0.00389435 
1.25664 1.75929 -0.0659117 -0.0037702 0.0239535 0.0615207 0.0239535 -0.0615207 -0.0659117 0.0037702 
1.3823 1.75929 -0.0570116 -0.00357666 0.0141962 0.0553316 0.0141962 -0.0553316 -0.0570116 0.00357666 
1.50796 1.75929 -0.049962 -0.00334291 0.00647345 0.0496535 0.00647345 -0.0496535 -0.049962 0.00334291 
1.63363 1.75929 -0.0443233 -0.00308761 0.000298435 0.0444297 0.000298435 -0.0444297 -0.0443233 0.00308761 
1.75929 1.75929 -0.0397761 -0.00282231 -0.00468099 0.0396004 -0.00468099 -0.0396004 -0.0397761 0.00282231 
1.88496 1.75929 -0.0360861 -0.00255388 -0.00872235 0.0351092 -0.00872235 -0.0351092 -0.0360861 0.00255388 
2.01062 1.75929 -0.0330798 -0.00228624 -0.012016 0.0309049 -0.012016 -0.0309049 -0.0330798 0.00228624 
2.13628 1.75929 -0.0306272 -0.00202142 -0.0147041 0.0269425 -0.0147041 -0.0269425 -0.0306272 0.00202142 
2.26195 1.75929 -0.0286306 -0.00176028 -0.0168935 0.0231823 -0.0168935 -0.0231823 -0.0286306 0.00176028 
2.38761 1.75929 -0.027016 -0.00150292 -0.018665 0.0195893 -0.018665 -0.0195893 -0.027016 0.00150292 
2.51327 1.75929 -0.0257274 -0.00124895 -0.0200798 0.0161326 -0.0200798 -0.0161326 -0.0257274 0.00124895 
2.63894 1.75929 -0.0247225 -0.000997705 -0.0211838 0.0127844 -0.0211838 -0.0127844 -0.0247225 0.000997705 
2.7646 1.75929 -0.0239699 -0.000748283 -0.0220112 0.00951965 -0.0220112 -0.00951965 -0.0239699 0.000748283 
2.89027 1.75929 -0.0234472 -0.000499649 -0.0225863 0.00631504 -0.0225863 -0.00631504 -0.0234472 0.000499649 
3.01593 1.75929 -0.0231393 -0.000250644 -0.0229254 0.00314879 -0.0229254 -0.00314879 -0.0231393 0.000250644 
-3.14159 1.88496 -0.0230376 -2.66992e-16 -0.0230376 4.69009e-16 -0.0230376 -8.67362e-17 -0.0230376 -6.76542e-17 
-3.01593 1.88496 -0.0231392 0.000253631 -0.022925 -0.00315175 -0.022925 0.00315175 -0.0231392 -0.000253631 
-2.89027 1.88496 -0.0234474 0.000511756 -0.0225834 -0.0063268 -0.0225834 0.0063268 -0.0234474 -0.000511756 
-2.7646 1.88496 -0.0239712 0.000776107 -0.0220022 -0.009546 -0.0220022 0.009546 -0.0239712 -0.000776107 
-2.63894 1.88496 -0.0247267 0.00104862 -0.021163 -0.0128311 -0.021163 0.0128311 -0.0247267 -0.00104862 
-2.51327 1.88496 -0.0257371 0.00133152 -0.0200391 -0.0162051 -0.0200391 0.0162051 -0.0257371 -0.00133152 
-2.38761 1.88496 -0.027035 0.00162738 -0.0185936 -0.019693 -0.0185936 0.019693 -0.027035 -0.00162738 
-2.26195 1.88496 -0.0286639 0.00193923 -0.0167768 -0.023322 -0.0167768 0.023322 -0.0286639 -0.00193923 
-2.13628 1.88496 -0.0306815 0.00227074 -0.0145227 -0.027122 -0.0145227 0.027122 -0.0306815 -0.00227074 
-2.01062 1.88496 -0.0331642 0.0026264 -0.0117442 -0.0311261 -0.0117442 0.0311261 -0.0331642 -0.0026264 
-1.88496 1.88496 -0.0362124 0.00301181 -0.00832586 -0.0353708 -0.00832586 0.0353708 -0.0362124 -0.00301181 
-1.75929 1.88496 -0.0399596 0.00343413 -0.00411438 -0.0398953 -0.00411438 0.0398953 -0.0399596 -0.00343413 
-1.63363 1.88496 -0.0445834 0.00390266 0.00109554 -0.0447405 0.00109554 0.0447405 -0.0445834 -0.00390266 
-1.50796 1.88496 -0.0503227 0.00442972 0.00758077 -0.0499452 0.00758077 0.0499452 -0.0503227 -0.00442972 
-1.3823 1.88496 -0.0574997 0.00503195 0.0157172 -0.0555383 0.0157172 0.0555383 -0.0574997 -0.00503195 
-1.25664 1.88496 -0.0665509 0.00573203 0.0260168 -0.0615224 0.0260168 0.0615224 -0.0665509 -0.00573203 
-1.13097 1.88496 -0.0780641 0.00656079 0.0391744 -0.067841 0.0391744 0.067841 -0.0780641 -0.00656079 
-1.00531 1.88496 -0.092814 0.00755865 0.0561142 -0.0743153 0.0561142 0.0743153 -0.092814 -0.00755865 
-0.879646 1.88496 -0.111767 0.00877198 0.0780016 -0.0805261 0.0780016 0.0805261 -0.111767 -0.00877198 
-0.753982 1.88496 -0.135964 0.0102317 0.106117 -0.085615 0.106117 0.085615 -0.135964 -0.0102317 
-0.628319 1.88496 -0.166099 0.0118826 0.141361 -0.0880171 0.141361 0.0880171 -0.166099 -0.0118826 
-0.502655 1.88496 -0.201503 0.013427 0.183047 -0.0853089 0.183047 0.0853089 -0.201503 -0.013427 
-0.376991 1.88496 -0.238686 0.0141607 0.227138 -0.0746999 0.227138 0.0746999 -0.238686 -0.0141607 
-0.251327 1.88496 -0.271131 0.0132107 0.265898 -0.0546319 0.265898 0.0546319 -0.271131 -0.0132107 
-0.125664 1.88496 -0.292664 0.0103852 0.291658 -0.0263772 0.291658 0.0263772 -0.292664 -0.0103852 
0 1.88496 -0.301301 0.00657829 0.301301 0.00657829 0.301301 -0.00657829 -0.301301 -0.00657829 
0.125664 1.88496 -0.297472 0.00303095 0.294747 0.0402902 0.294747 -0.0402902 -0.297472 -0.00303095 
0.251327 1.88496 -0.279811 0.00049741 0.270896 0.0700678 0.270896 -0.0700678 -0.279811 -0.00049741 
0.376991 1.88496 -0.247363 -0.00107169 0.230387 0.0900639 0.230387 -0.0900639 -0.247363 0.00107169 
0.502655 1.88496 -0.206591 -0.0021685 0.182082 0.0976258 0.182082 -0.0976258 -0.206591 0.0021685 
0.628319 1.88496 -0.167635 -0.00303401 0.137403 0.0960788 0.137403 -0.0960788 -0.167635 0.00303401 
0.753982 1.88496 -0.135595 -0.003639 0.101336 0.0901684 0.101336 -0.0901684 -0.135595 0.003639 
0.879646 1.88496 -0.110738 -0.00396866 0.0736449 0.0827953 0.0736449 -0.0827953 -0.110738 0.00396866 
1.00531 1.88496 -0.0917203 -0.00407211 0.0525844 0.0752601 0.0525844 -0.0752601 -0.0917203 0.00407211 
1.13097 1.88496 -0.077119 -0.0040166 0.03647 0.0680692 0.03647 -0.0680692 -0.077119 0.0040166 
1.25664 1.88496 -0.065801 -0.00385942 0.0240041 0.0613878 0.0240041 -0.0613878 -0.065801 0.00385942 
1.3823 1.88496 -0.0569298 -0.00364158 0.0142447 0.0552391 0.0142447 -0.0552391 -0.0569298 0.00364158 
1.50796 1.88496 -0.0499009 -0.00339004 0.00651666 0.0495896 0.00651666 -0.0495896 -0.0499009 0.00339004 
1.63363 1.88496 -0.0442774 -0.00312173 0.000335367 0.044386 0.000335367 -0.044386 -0.0442774 0.00312173 
1.75929 1.88496 -0.0397415 -0.00284687 -0.00465037 0.039571 -0.00465037 -0.039571 -0.0397415 0.00284687 
1.88496 1.88496 -0.0360601 -0.00257141 -0.00869762 0.0350898 -0.00869762 -0.0350898 -0.0360601 0.00257141 
2.01062 1.88496 -0.0330602 -0.00229859 -0.0119965 0.0308925 -0.0119965 -0.0308925 -0.0330602 0.00229859 
2.13628 1.88496 -0.0306127 -0.00202996 -0.0146892 0.0269349 -0.0146892 -0.0269349 -0.0306127 0.00202996 
2.26195 1.88496 -0.0286201 -0.00176603 -0.0168824 0.0231779 -0.0168824 -0.0231779 -0.0286201 0.00176603 
2.38761 1.88496 -0.0270086 -0.00150664 -0.0186571 0.019587 -0.0186571 -0.019587 -0.0270086 0.00150664 
2.51327 1.88496 -0.0257224 -0.00125124 -0.0200744 0.0161315 -0.0200744 -0.0161315 -0.0257224 0.00125124 
2.63894 1.88496 -0.0247194 -0.000998998 -0.0211805 0.0127841 -0.0211805 -0.0127841 -0.0247194 0.000998998 
2.7646 1.88496 -0.0239682 -0.000748926 -0.0220094 0.00951962 -0.0220094 -0.00951962 -0.0239682 0.000748926 
2.89027 1.88496 -0.0234465 -0.000499901 -0.0225855 0.0063151 -0.0225855 -0.0063151 -0.0234465 0.000499901 
3.01593 1.88496 -0.0231391 -0.0002507 -0.0229252 0.00314882 -0.0229252 -0.00314882 -0.0231391 0.0002507 
-3.14159 2.01062 -0.0230376 -2.66992e-16 -0.0230376 4.69009e-16 -0.0230376 3.81639e-17 -0.0230376 6.07153e-17 
-3.01593 2.01062 -0.0231391 0.000253566 -0.0229248 -0.00315166 -0.0229248 0.00315166 -0.0231391 -0.000253566 
-2.89027 2.01062 -0.0234466 0.000511523 -0.0225828 -0.00632639 -0.0225828 0.00632639 -0.0234466 -0.000511523 
-2.7646 2.01062 -0.0239695 0.000775636 -0.0220007 -0.00954492 -0.0220007 0.00954492 -0.0239695 -0.000775636 
-2.63894 2.01062 -0.0247234 0.00104788 -0.0211605 -0.0128289 -0.0211605 0.0128289 -0.0247234 -0.00104788 
-2.51327 2.01062 -0.0257318 0.0013305 -0.0200354 -0.0162012 -0.0200354 0.0162012 -0.0257318 -0.0013305 
-2.38761 2.01062 -0.0270269 0.00162612 -0.0185886 -0.0196865 -0.0185886 0.0196865 -0.0270269 -0.00162612 
-2.26195 2.01062 -0.0286521 0.00193781 -0.0167704 -0.023312 -0.0167704 0.023312 -0.0286521 -0.00193781 
-2.13628 2.01062 -0.0306649 0.00226929 -0.0145151 -0.0271072 -0.0145151 0.0271072 -0.0306649 -0.00226929 
-2.01062 2.01062 -0.0331413 0.00262512 -0.0117356 -0.0311048 -0.0117356 0.0311048 -0.0331413 -0.00262512 
-1.88496 2.01062 -0.0361813 0.00301099 -0.00831701 -0.0353409 -0.00831701 0.0353409 -0.0361813 -0.00301099 
-1.75929 2.01062 -0.0399176 0.00343418 -0.00410647 -0.0398541 -0.00410647 0.0398541 -0.0399176 -0.00343418 
-1.63363 2.01062 -0.0445272 0.00390412 0.00110053 -0.0446844 0.00110053 0.0446844 -0.0445272 -0.00390412 
-1.50796 2.01062 -0.0502473 0.00443331 0.00757961 -0.0498698 0.00757961 0.0498698 -0.0502473 -0.00443331 
-1.3823 2.01062 -0.0573986 0.00503855 0.0157047 -0.0554378 0.0157047 0.0554378 -0.0573986 -0.00503855 
-1.25664 2.01062 -0.0664151 0.00574263 0.025985 -0.06139 0.025985 0.06139 -0.0664151 -0.00574263 
-1.13097 2.01062 -0.0778815 0.00657621 0.0391107 -0.0676693 0.0391107 0.0676693 -0.0778815 -0.00657621 
-1.00531 2.01062 -0.09257 0.00757862 0.0560004 -0.0740986 0.0560004 0.0740986 -0.09257 -0.00757862 
-0.879646 2.01062 -0.111447 0.00879289 0.0778138 -0.0802663 0.0778138 0.0802663 -0.111447 -0.00879289 
-0.753982 2.01062 -0.135564 0.0102412 0.105833 -0.0853346 0.105833 0.0853346 -0.135564 -0.0102412 
-0.628319 2.01062 -0.165652 0.0118499 0.14098 -0.0877811 0.14098 0.0877811 -0.165652 -0.0118499 
-0.502655 2.01062 -0.201114 0.0132926 0.182641 -0.085239 0.182641 0.085239 -0.201114 -0.0132926 
-0.376991 2.01062 -0.238523 0.0138564 0.226874 -0.0749229 0.226874 0.0749229 -0.238523 -0.0138564 
-0.251327 2.01062 -0.271309 0.0127481 0.265956 -0.0551242 0.265956 0.0551242 -0.271309 -0.0127481 
-0.125664 2.01062 -0.293112 0.00992774 0.292045 -0.0268872 0.292045 0.0268872 -0.293112 -0.00992774 
0 2.01062 -0.301808 0.00631002 0.301808 0.00631002 0.301808 -0.00631002 -0.301808 -0.00631002 
0.125664 2.01062 -0.297771 0.00294894 0.295054 0.0402463 0.295054 -0.0402463 -0.297771 -0.00294894 
0.251327 2.01062 -0.279675 0.000411588 0.270786 0.0699509 0.270786 -0.0699509 -0.279675 -0.000411588 
0.376991 2.01062 -0.246824 -0.00132049 0.229977 0.0896343 0.229977 -0.0896343 -0.246824 0.00132049 
0.502655 2.01062 -0.205944 -0.00254591 0.181696 0.0969832 0.181696 -0.0969832 -0.205944 0.00254591 
0.628319 2.01062 -0.167094 -0.00342148 0.137193 0.0954475 0.137193 -0.0954475 -0.167094 0.00342148 
0.753982 2.01062 -0.135201 -0.00396724 0.101273 0.0896596 0.101273 -0.0896596 -0.135201 0.00396724 
0.879646 2.01062 -0.110462 -0.00422307 0.0736651 0.0824206 0.0736651 -0.0824206 -0.110462 0.00422307 
1.00531 2.01062 -0.0915268 -0.00426178 0.0526408 0.074995 0.0526408 -0.074995 -0.0915268 0.00426178 
1.13097 2.01062 -0.0769812 -0.00415584 0.0365373 0.0678852 0.0365373 -0.0678852 -0.0769812 0.00415584 
1.25664 2.01062 -0.0657011 -0.00396113 0.02407 0.0612614 0.02407 -0.0612614 -0.0657011 0.00396113 
1.3823 2.01062 -0.0568562 -0.0037158 0.0143038 0.0551529 0.0143038 -0.0551529 -0.0568562 0.0037158 
1.50796 2.01062 -0.049846 -0.00344418 0.00656724 0.0495313 0.00656724 -0.0495313 -0.049846 0.00344418 
1.63363 2.01062 -0.044236 -0.00316116 0.000377321 0.0443472 0.000377321 -0.0443472 -0.044236 0.00316116 
1.75929 2.01062 -0.0397101 -0.00287547 -0.0046164 0.0395456 -0.0046164 -0.0395456 -0.0397101 0.00287547 
1.88496 2.01062 -0.0360363 -0.002592 -0.00867069 0.0350735 -0.00867069 -0.0350735 -0.0360363 0.002592 
2.01062 2.01062 -0.0330423 -0.00231324 -0.0119757 0.0308825 -0.0119757 -0.0308825 -0.0330423 0.00231324 
2.13628 2.01062 -0.0305994 -0.00204021 -0.0146734 0.0269291 -0.0146734 -0.0269291 -0.0305994 0.00204021 
2.26195 2.01062 -0.0286104 -0.00177302 -0.0168708 0.0231749 -0.0168708 -0.0231749 -0.0286104 0.00177302 
2.38761 2.01062 -0.0270018 -0.00151124 -0.0186489 0.0195856 -0.0186489 -0.0195856 -0.0270018 0.00151124 
2.51327 2.01062 -0.0257178 -0.00125412 -0.020069 0.0161312 -0.020069 -0.0161312 -0.0257178 0.00125412 
2.63894 2.01062 -0.0247165 -0.00100066 -0.0211771 0.0127841 -0.0211771 -0.0127841 -0.0247165 0.00100066 
2.7646 2.01062 -0.0239666 -0.000749776 -0.0220076 0.00951982 -0.0220076 -0.00951982 -0.0239666 0.000749776 
2.89027 2.01062 -0.0234458 -0.000500244 -0.0225848 0.00631525 -0.0225848 -0.00631525 -0.0234458 0.000500244 
3.01593 2.01062 -0.0231389 -0.000250778 -0.0229251 0.00314888 -0.0229251 -0.00314888 -0.0231389 0.000250778 
-3.14159 2.13628 -0.0230376 -2.66992e-16 -0.0230376 4.69009e-16 -0.0230376 7.97973e-17 -0.0230376 3.33067e-16 
-3.01593 2.13628 -0.0231389 0.000253479 -0.0229246 -0.00315155 -0.0229246 0.00315155 -0.0231389 -0.000253479 
-2.89027 2.13628 -0.0234459 0.000511198 -0.0225822 -0.00632589 -0.0225822 0.00632589 -0.0234459 -0.000511198 
-2.7646 2.13628 -0.0239678 0.000774949 -0.0219994 -0.00954366 -0.0219994 0.00954366 -0.0239678 -0.000774949 
-2.63894 2.13628 -0.0247203 0.00104673 -0.0211583 -0.0128264 -0.0211583 0.0128264 -0.0247203 -0.00104673 
-2.51327 2.13628 -0.0257266 0.00132882 -0.0200322 -0.0161968 -0.0200322 0.0161968 -0.0257266 -0.00132882 
-2.38761 2.13628 -0.027019 0.00162385 -0.0185844 -0.0196795 -0.0185844 0.0196795 -0.027019 -0.00162385 
-2.26195 2.13628 -0.0286405 0.00193492 -0.0167653 -0.0233013 -0.0167653 0.0233013 -0.0286405 -0.00193492 
-2.13628 2.13628 -0.0306486 0.00226578 -0.0145093 -0.0270915 -0.0145093 0.0270915 -0.0306486 -0.00226578 
-2.01062 2.13628 -0.0331187 0.002621 -0.0117297 -0.0310827 -0.0117297 0.0310827 -0.0331187 -0.002621 
-1.88496 2.13628 -0.0361506 0.00300631 -0.00831198 -0.0353103 -0.00831198 0.0353103 -0.0361506 -0.00300631 
-1.75929 2.13628 -0.0398762 0.00342901 -0.00410378 -0.0398124 -0.00410378 0.0398124 -0.0398762 -0.00342901 
-1.63363 2.13628 -0.0444714 0.00389855 0.00109848 -0.0446285 0.00109848 0.0446285 -0.0444714 -0.00389855 
-1.50796 2.13628 -0.0501725 0.00442745 0.00756907 -0.0497955 0.00756907 0.0497955 -0.0501725 -0.00442745 
-1.3823 2.13628 -0.0572983 0.00503243 0.0156799 -0.0553404 0.0156799 0.0553404 -0.0572983 -0.00503243 
-1.25664 2.13628 -0.0662804 0.00573603 0.0259371 -0.0612639 0.0259371 0.0612639 -0.0662804 -0.00573603 
-1.13097 2.13628 -0.077701 0.00656826 0.0390266 -0.0675094 0.0390266 0.0675094 -0.077701 -0.00656826 
-1.00531 2.13628 -0.0923301 0.00756676 0.0558618 -0.0739024 0.0558618 0.0739024 -0.0923301 -0.00756676 
-0.879646 2.13628 -0.111135 0.00877061 0.0775982 -0.0800407 0.0775982 0.0800407 -0.111135 -0.00877061 
-0.753982 2.13628 -0.135183 0.0101931 0.105522 -0.0851086 0.105522 0.0851086 -0.135183 -0.0101931 
-0.628319 2.13628 -0.165241 0.0117432 0.140585 -0.0876256 0.140585 0.0876256 -0.165241 -0.0117432 
-0.502655 2.13628 -0.200784 0.0130698 0.182245 -0.0852754 0.182245 0.0852754 -0.200784 -0.0130698 
-0.376991 2.13628 -0.238439 0.0134557 0.226648 -0.0752643 0.226648 0.0752643 -0.238439 -0.0134557 
-0.251327 2.13628 -0.27155 0.0121877 0.26605 -0.055727 0.26605 0.055727 -0.27155 -0.0121877 
-0.125664 2.13628 -0.293577 0.0093711 0.292436 -0.0274977 0.292436 0.0274977 -0.293577 -0.0093711 
0 2.13628 -0.302282 0.0059339 0.302282 0.0059339 0.302282 -0.0059339 -0.302282 -0.0059339 
0.125664 2.13628 -0.298 0.0027451 0.295307 0.0400728 0.295307 -0.0400728 -0.298 -0.0027451 
0.251327 2.13628 -0.279452 0.000197072 0.270623 0.0696878 0.270623 -0.0696878 -0.279452 -0.000197072 
0.376991 2.13628 -0.246223 -0.00168471 0.229553 0.0890744 0.229553 -0.0890744 -0.246223 0.00168471 
0.502655 2.13628 -0.205281 -0.00301087 0.18134 0.0962565 0.18134 -0.0962565 -0.205281 0.00301087 
0.628319 2.13628 -0.166569 -0.00386988 0.137032 0.0947761 0.137032 -0.0947761 -0.166569 0.00386988 
0.753982 2.13628 -0.134833 -0.00433717 0.101258 0.0891381 0.101258 -0.0891381 -0.134833 0.00433717 
0.879646 2.13628 -0.110211 -0.00450637 0.0737235 0.0820468 0.0737235 -0.0820468 -0.110211 0.00450637 
1.00531 2.13628 -0.0913542 -0.00447189 0.0527258 0.0747367 0.0527258 -0.0747367 -0.0913542 0.00447189 
1.13097 2.13628 -0.0768598 -0.00430985 0.036625 0.0677098 0.036625 -0.0677098 -0.0768598 0.00430985 
1.25664 2.13628 -0.0656136 -0.00407372 0.0241501 0.0611434 0.0241501 -0.0611434 -0.0656136 0.00407372 
1.3823 2.13628 -0.0567919 -0.00379816 0.0143726 0.0550743 0.0143726 -0.0550743 -0.0567919 0.00379816 
1.50796 2.13628 -0.0497979 -0.00350448 0.0066244 0.0494796 0.0066244 -0.0494796 -0.0497979 0.00350448 
1.63363 2.13628 -0.0441996 -0.00320528 0.000423633 0.0443137 0.000423633 -0.0443137 -0.0441996 0.00320528 
1.75929 2.13628 -0.0396825 -0.00290766 -0.00457961 0.0395245 -0.00457961 -0.0395245 -0.0396825 0.00290766 
1.88496 2.13628 -0.0360153 -0.00261533 -0.00864201 0.0350608 -0.00864201 -0.0350608 -0.0360153 0.00261533 
2.01062 2.13628 -0.0330264 -0.00232997 -0.0119537 0.0308753 -0.0119537 -0.0308753 -0.0330264 0.00232997 
2.13628 2.13628 -0.0305875 -0.00205201 -0.014657 0.0269254 -0.014657 -0.0269254 -0.0305875 0.00205201 
2.26195 2.13628 -0.0286017 -0.00178115 -0.016859 0.0231733 -0.016859 -0.0231733 -0.0286017 0.00178115 
2.38761 2.13628 -0.0269956 -0.00151666 -0.0186407 0.0195853 -0.0186407 -0.0195853 -0.0269956 0.00151666 
2.51327 2.13628 -0.0257136 -0.00125755 -0.0200636 0.0161314 -0.0200636 -0.0161314 -0.0257136 0.00125755 
2.63894 2.13628 -0.0247138 -0.00100268 -0.0211738 0.0127846 -0.0211738 -0.0127846 -0.0247138 0.00100268 
2.7646 2.13628 -0.0239651 -0.000750819 -0.0220058 0.00952024 -0.0220058 -0.00952024 -0.0239651 0.000750819 
2.89027 2.13628 -0.0234451 -0.000500673 -0.022584 0.0063155 -0.022584 -0.0063155 -0.0234451 0.000500673 
3.01593 2.13628 -0.0231388 -0.000250877 -0.0229249 0.00314896 -0.0229249 -0.00314896 -0.0231388 0.000250877 
-3.14159 2.26195 -0.0230376 -2.66992e-16 -0.0230376 4.69009e-16 -0.0230376 -2.51535e-17 -0.0230376 3.81639e-17 
-3.01593 2.26195 -0.0231387 0.000253372 -0.0229245 -0.00315142 -0.0229245 0.00315142 -0.0231387 -0.000253372 
-2.89027 2.26195 -0.0234452 0.000510786 -0.0225816 -0.00632533 -0.0225816 0.00632533 -0.0234452 -0.000510786 
-2.7646 2.26195 -0.0239662 0.000774059 -0.0219983 -0.00954225 -0.0219983 0.00954225 -0.0239662 -0.000774059 
-2.63894 2.26195 -0.0247173 0.00104521 -0.0211564 -0.0128236 -0.0211564 0.0128236 -0.0247173 -0.00104521 
-2.51327 2.26195 -0.0257217 0.00132651 -0.0200296 -0.016192 -0.0200296 0.016192 -0.0257217 -0.00132651 
-2.38761 2.26195 -0.0270114 0.00162062 -0.0185811 -0.019672 -0.0185811 0.019672 -0.0270114 -0.00162062 
-2.26195 2.26195 -0.0286295 0.00193062 -0.0167615 -0.02329 -0.0167615 0.02329 -0.0286295 -0.00193062 
-2.13628 2.26195 -0.0306329 0.00226026 -0.0145055 -0.0270753 -0.0145055 0.0270753 -0.0306329 -0.00226026 
-2.01062 2.26195 -0.033097 0.00261409 -0.0117267 -0.0310601 -0.0117267 0.0310601 -0.033097 -0.00261409 
-1.88496 2.26195 -0.0361208 0.00299782 -0.00831084 -0.0352793 -0.00831084 0.0352793 -0.0361208 -0.00299782 
-1.75929 2.26195 -0.0398358 0.00341869 -0.00410636 -0.0397708 -0.00410636 0.0397708 -0.0398358 -0.00341869 
-1.63363 2.26195 -0.0444171 0.00388605 0.00108941 -0.0445734 0.00108941 0.0445734 -0.0444171 -0.00388605 
-1.50796 2.26195 -0.0500995 0.00441224 0.0075493 -0.0497236 0.0075493 0.0497236 -0.0500995 -0.00441224 
-1.3823 2.26195 -0.0572002 0.00501367 0.0156431 -0.0552476 0.0156431 0.0552476 -0.0572002 -0.00501367 
-1.25664 2.26195 -0.0661489 0.00571232 0.0258739 -0.0611462 0.0258739 0.0611462 -0.0661489 -0.00571232 
-1.13097 2.26195 -0.0775253 0.00653703 0.0389236 -0.0673637 0.0389236 0.0673637 -0.0775253 -0.00653703 
-1.00531 2.26195 -0.0920981 0.0075232 0.0557007 -0.0737299 0.0557007 0.0737299 -0.0920981 -0.0075232 
-0.879646 2.26195 -0.110838 0.00870535 0.0773582 -0.0798529 0.0773582 0.0798529 -0.110838 -0.00870535 
-0.753982 2.26195 -0.134826 0.0100879 0.105189 -0.0849408 0.105189 0.0849408 -0.134826 -0.0100879 
-0.628319 2.26195 -0.164872 0.0115635 0.140181 -0.087554 0.140181 0.087554 -0.164872 -0.0115635 
-0.502655 2.26195 -0.200521 0.0127605 0.181865 -0.0854196 0.181865 0.0854196 -0.200521 -0.0127605 
-0.376991 2.26195 -0.238435 0.0129623 0.226463 -0.0757219 0.226463 0.0757219 -0.238435 -0.0129623 
-0.251327 2.26195 -0.271854 0.0115357 0.266182 -0.0564341 0.266182 0.0564341 -0.271854 -0.0115357 
-0.125664 2.26195 -0.294053 0.00872212 0.292827 -0.0282013 0.292827 0.0282013 -0.294053 -0.00872212 
0 2.26195 -0.302716 0.0054541 0.302716 0.0054541 0.302716 -0.0054541 -0.302716 -0.0054541 
0.125664 2.26195 -0.298155 0.00242059 0.2955 0.0397702 0.2955 -0.0397702 -0.298155 -0.00242059 
0.251327 2.26195 -0.279146 -0.000144222 0.270412 0.0692812 0.270412 -0.0692812 -0.279146 0.000144222 
0.376991 2.26195 -0.245572 -0.00215861 0.229121 0.0883939 0.229121 -0.0883939 -0.245572 0.00215861 
0.502655 2.26195 -0.204615 -0.0035553 0.181019 0.0954587 0.181019 -0.0954587 -0.204615 0.0035553 
0.628319 2.26195 -0.166069 -0.00437152 0.136922 0.0940763 0.136922 -0.0940763 -0.166069 0.00437152 
0.753982 2.26195 -0.134497 -0.00474263 0.101291 0.0886126 0.101291 -0.0886126 -0.134497 0.00474263 
0.879646 2.26195 -0.10999 -0.00481394 0.0738194 0.0816801 0.0738194 -0.0816801 -0.10999 0.00481394 
1.00531 2.26195 -0.0912054 -0.00469906 0.0528379 0.0744894 0.0528379 -0.0744894 -0.0912054 0.00469906 
1.13097 2.26195 -0.0767568 -0.00447618 0.0367316 0.0675457 0.0367316 -0.0675457 -0.0767568 0.00447618 
1.25664 2.26195 -0.06554 -0.0041954 0.024243 0.0610358 0.024243 -0.0610358 -0.06554 0.0041954 
1.3823 2.26195 -0.0567379 -0.00388734 0.0144501 0.0550045 0.0144501 -0.0550045 -0.0567379 0.00388734 
1.50796 2.26195 -0.0497575 -0.00356997 0.00668722 0.0494352 0.00668722 -0.0494352 -0.0497575 0.00356997 
1.63363 2.26195 -0.044169 -0.00325339 0.000473572 0.0442861 0.000473572 -0.0442861 -0.044169 0.00325339 
1.75929 2.26195 -0.0396591 -0.00294292 -0.00454058 0.039508 -0.00454058 -0.039508 -0.0396591 0.00294292 
1.88496 2.26195 -0.0359973 -0.00264103 -0.00861202 0.0350516 -0.00861202 -0.0350516 -0.0359973 0.00264103 
2.01062 2.26195 -0.0330127 -0.00234851 -0.0119311 0.0308707 -0.0119311 -0.0308707 -0.0330127 0.00234851 
2.13628 2.26195 -0.0305771 -0.00206518 -0.0146404 0.0269237 -0.0146404 -0.0269237 -0.0305771 0.00206518 
2.26195 2.26195 -0.028594 -0.0017903 -0.0168471 0.0231732 -0.0168471 -0.0231732 -0.028594 0.0017903 
2.38761 2.26195 -0.0269901 -0.0015228 -0.0186325 0.019586 -0.0186325 -0.019586 -0.0269901 0.0015228 
2.51327 2.26195 -0.0257098 -0.00126147 -0.0200582 0.0161324 -0.0200582 -0.0161324 -0.0257098 0.00126147 
2.63894 2.26195 -0.0247114 -0.001005 -0.0211706 0.0127855 -0.0211706 -0.0127855 -0.0247114 0.001005 
2.7646 2.26195 -0.0239638 -0.000752038 -0.0220041 0.00952088 -0.0220041 -0.00952088 -0.0239638 0.000752038 
2.89027 2.26195 -0.0234445 -0.000501181 -0.0225833 0.00631585 -0.0225833 -0.00631585 -0.0234445 0.000501181 
3.01593 2.26195 -0.0231386 -0.000250997 -0.0229247 0.00314906 -0.0229247 -0.00314906 -0.0231386 0.000250997 
-3.14159 2.38761 -0.0230376 -2.66992e-16 -0.0230376 4.69009e-16 -0.0230376 5.80048e-17 -0.0230376 -2.12504e-17 
-3.01593 2.38761 -0.0231386 0.000253244 -0.0229244 -0.00315128 -0.0229244 0.00315128 -0.0231386 -0.000253244 
-2.89027 2.38761 -0.0234446 0.000510293 -0.0225811 -0.0063247 -0.0225811 0.0063247 -0.0234446 -0.000510293 
-2.7646 2.38761 -0.0239647 0.000772979 -0.0219973 -0.00954071 -0.0219973 0.00954071 -0.0239647 -0.000772979 
-2.63894 2.38761 -0.0247146 0.00104333 -0.0211549 -0.0128206 -0.0211549 0.0128206 -0.0247146 -0.00104333 
-2.51327 2.38761 -0.0257172 0.00132361 -0.0200276 -0.016187 -0.0200276 0.016187 -0.0257172 -0.00132361 
-2.38761 2.38761 -0.0270044 0.00161647 -0.0185788 -0.0196641 -0.0185788 0.0196641 -0.0270044 -0.00161647 
-2.26195 2.38761 -0.0286191 0.00192498 -0.0167593 -0.0232784 -0.0167593 0.0232784 -0.0286191 -0.00192498 
-2.13628 2.38761 -0.0306181 0.00225282 -0.0145039 -0.0270588 -0.0145039 0.0270588 -0.0306181 -0.00225282 
-2.01062 2.38761 -0.0330763 0.00260452 -0.0117266 -0.0310373 -0.0117266 0.0310373 -0.0330763 -0.00260452 
-1.88496 2.38761 -0.0360924 0.00298568 -0.00831362 -0.0352485 -0.00831362 0.0352485 -0.0360924 -0.00298568 
-1.75929 2.38761 -0.0397972 0.00340338 -0.00411416 -0.03973 -0.00411416 0.03973 -0.0397972 -0.00340338 
-1.63363 2.38761 -0.0443649 0.0038668 0.00107347 -0.0445202 0.00107347 0.0445202 -0.0443649 -0.0038668 
-1.50796 2.38761 -0.0500293 0.00438791 0.00752062 -0.0496551 0.00752062 0.0496551 -0.0500293 -0.00438791 
-1.3823 2.38761 -0.057106 0.00498258 0.0155949 -0.0551609 0.0155949 0.0551609 -0.057106 -0.00498258 
-1.25664 2.38761 -0.0660227 0.00567186 0.0257964 -0.0610386 0.0257964 0.0610386 -0.0660227 -0.00567186 
-1.13097 2.38761 -0.0773573 0.00648298 0.0388031 -0.0672346 0.0388031 0.0672346 -0.0773573 -0.00648298 
-1.00531 2.38761 -0.0918775 0.00744854 0.0555194 -0.0735836 0.0555194 0.0735836 -0.0918775 -0.00744854 
-0.879646 2.38761 -0.110558 0.00859796 0.0770972 -0.079706 0.0770972 0.079706 -0.110558 -0.00859796 
-0.753982 2.38761 -0.134498 0.00992664 0.10484 -0.0848341 0.10484 0.0848341 -0.134498 -0.00992664 
-0.628319 2.38761 -0.164551 0.0113128 0.139774 -0.0875682 0.139774 0.0875682 -0.164551 -0.0113128 
-0.502655 2.38761 -0.200329 0.012368 0.181508 -0.0856712 0.181508 0.0856712 -0.200329 -0.012368 
-0.376991 2.38761 -0.238517 0.0123817 0.226325 -0.0762918 0.226325 0.0762918 -0.238517 -0.0123817 
-0.251327 2.38761 -0.27222 0.0108003 0.266354 -0.0572374 0.266354 0.0572374 -0.27222 -0.0108003 
-0.125664 2.38761 -0.294535 0.00798972 0.293214 -0.0289883 0.293214 0.0289883 -0.294535 -0.00798972 
0 2.38761 -0.303104 0.00487708 0.303104 0.00487708 0.303104 -0.00487708 -0.303104 -0.00487708 
0.125664 2.38761 -0.298232 0.00197925 0.295632 0.039342 0.295632 -0.039342 -0.298232 -0.00197925 
0.251327 2.38761 -0.278763 -0.000607369 0.270157 0.0687374 0.270157 -0.0687374 -0.278763 0.000607369 
0.376991 2.38761 -0.244882 -0.00273384 0.228692 0.0876052 0.228692 -0.0876052 -0.244882 0.00273384 
0.502655 2.38761 -0.203959 -0.00416942 0.18074 0.0946044 0.18074 -0.0946044 -0.203959 0.00416942 
0.628319 2.38761 -0.165603 -0.00491772 0.136866 0.0933602 0.136866 -0.0933602 -0.165603 0.00491772 
0.753982 2.38761 -0.134199 -0.00517684 0.101371 0.0880919 0.101371 -0.0880919 -0.134199 0.00517684 
0.879646 2.38761 -0.109801 -0.00514075 0.073951 0.0813265 0.073951 -0.0813265 -0.109801 0.00514075 
1.00531 2.38761 -0.0910828 -0.00493963 0.0529753 0.074257 0.0529753 -0.074257 -0.0910828 0.00493963 
1.13097 2.38761 -0.0766737 -0.00465215 0.0368555 0.0673956 0.0368555 -0.0673956 -0.0766737 0.00465215 
1.25664 2.38761 -0.0654814 -0.00432423 0.0243475 0.0609403 0.0243475 -0.0609403 -0.0654814 0.00432423 
1.3823 2.38761 -0.0566952 -0.00398194 0.014535 0.0549448 0.014535 -0.0549448 -0.0566952 0.00398194 
1.50796 2.38761 -0.0497255 -0.00363962 0.00675473 0.0493988 0.00675473 -0.0493988 -0.0497255 0.00363962 
1.63363 2.38761 -0.0441445 -0.00330473 0.000526348 0.0442649 0.000526348 -0.0442649 -0.0441445 0.00330473 
1.75929 2.38761 -0.0396402 -0.0029807 -0.00449993 0.0394966 -0.00449993 -0.0394966 -0.0396402 0.0029807 
1.88496 2.38761 -0.0359827 -0.00266869 -0.00858119 0.0350462 -0.00858119 -0.0350462 -0.0359827 0.00266869 
2.01062 2.38761 -0.0330014 -0.00236857 -0.0119082 0.0308691 -0.0119082 -0.0308691 -0.0330014 0.00236857 
2.13628 2.38761 -0.0305685 -0.00207951 -0.0146236 0.0269241 -0.0146236 -0.0269241 -0.0305685 0.00207951 
2.26195 2.38761 -0.0285876 -0.00180031 -0.0168352 0.0231746 -0.0168352 -0.0231746 -0.0285876 0.00180031 
2.38761 2.38761 -0.0269854 -0.00152956 -0.0186244 0.0195878 -0.0186244 -0.0195878 -0.0269854 0.00152956 
2.51327 2.38761 -0.0257066 -0.00126582 -0.020053 0.016134 -0.020053 -0.016134 -0.0257066 0.00126582 
2.63894 2.38761 -0.0247093 -0.00100761 -0.0211675 0.0127868 -0.0211675 -0.0127868 -0.0247093 0.00100761 
2.7646 2.38761 -0.0239626 -0.000753415 -0.0220025 0.00952172 -0.0220025 -0.00952172 -0.0239626 0.000753415 
2.89027 2.38761 -0.023444 -0.00050176 -0.0225826 0.00631627 -0.0225826 -0.00631627 -0.023444 0.00050176 
3.01593 2.38761 -0.0231385 -0.000251135 -0.0229246 0.00314918 -0.0229246 -0.00314918 -0.0231385 0.000251135 
-3.14159 2.51327 -0.0230376 -2.66992e-16 -0.0230376 4.69009e-16 -0.0230376 1.56125e-16 -0.0230376 -7.97973e-17 
-3.01593 2.51327 -0.0231384 0.0002531 -0.0229243 -0.00315112 -0.0229243 0.00315112 -0.0231384 -0.0002531 
-2.89027 2.51327 -0.0234441 0.000509728 -0.0225807 -0.00632401 -0.0225807 0.00632401 -0.0234441 -0.000509728 
-2.7646 2.51327 -0.0239634 0.000771726 -0.0219966 -0.00953906 -0.0219966 0.00953906 -0.0239634 -0.000771726 
-2.63894 2.51327 -0.0247121 0.00104112 -0.0211538 -0.0128175 -0.0211538 0.0128175 -0.0247121 -0.00104112 
-2.51327 2.51327 -0.025713 0.00132017 -0.0200263 -0.0161818 -0.0200263 0.0161818 -0.025713 -0.00132017 
-2.38761 2.51327 -0.0269979 0.00161147 -0.0185775 -0.019656 -0.0185775 0.019656 -0.0269979 -0.00161147 
-2.26195 2.51327 -0.0286095 0.00191807 -0.0167585 -0.0232666 -0.0167585 0.0232666 -0.0286095 -0.00191807 
-2.13628 2.51327 -0.0306043 0.00224359 -0.0145043 -0.0270423 -0.0145043 0.0270423 -0.0306043 -0.00224359 
-2.01062 2.51327 -0.033057 0.00259243 -0.0117293 -0.0310147 -0.0117293 0.0310147 -0.033057 -0.00259243 
-1.88496 2.51327 -0.0360658 0.00297006 -0.00832027 -0.0352185 -0.00832027 0.0352185 -0.0360658 -0.00297006 
-1.75929 2.51327 -0.039761 0.00338334 -0.00412706 -0.0396907 -0.00412706 0.0396907 -0.039761 -0.00338334 
-1.63363 2.51327 -0.0443159 0.0038411 0.00105091 -0.0444696 0.00105091 0.0444696 -0.0443159 -0.0038411 
-1.50796 2.51327 -0.0499632 0.00435484 0.00748346 -0.0495912 0.00748346 0.0495912 -0.0499632 -0.00435484 
-1.3823 2.51327 -0.0570172 0.00493963 0.0155361 -0.0550817 0.0155361 0.0550817 -0.0570172 -0.00493963 
-1.25664 2.51327 -0.0659038 0.00561526 0.0257058 -0.060943 0.0257058 0.060943 -0.0659038 -0.00561526 
-1.13097 2.51327 -0.0771994 0.00640694 0.0386671 -0.0671242 0.0386671 0.0671242 -0.0771994 -0.00640694 
-1.00531 2.51327 -0.0916719 0.00734388 0.0553209 -0.0734661 0.0553209 0.0734661 -0.0916719 -0.00734388 
-0.879646 2.51327 -0.110301 0.00844996 0.0768195 -0.0796024 0.0768195 0.0796024 -0.110301 -0.00844996 
-0.753982 2.51327 -0.134206 0.0097116 0.10448 -0.0847907 0.10448 0.0847907 -0.134206 -0.0097116 
-0.628319 2.51327 -0.164284 0.0109942 0.139371 -0.0876692 0.139371 0.0876692 -0.164284 -0.0109942 
-0.502655 2.51327 -0.200214 0.0118968 0.18118 -0.0860286 0.18118 0.0860286 -0.200214 -0.0118968 
-0.376991 2.51327 -0.238684 0.0117209 0.226238 -0.0769678 0.226238 0.0769678 -0.238684 -0.0117209 
-0.251327 2.51327 -0.272644 0.00999138 0.266563 -0.0581263 0.266563 0.0581263 -0.272644 -0.00999138 
-0.125664 2.51327 -0.295017 0.00718486 0.293592 -0.0298473 0.293592 0.0298473 -0.295017 -0.00718486 
0 2.51327 -0.303441 0.00421153 0.303441 0.00421153 0.303441 -0.00421153 -0.303441 -0.00421153 
0.125664 2.51327 -0.298232 0.00142768 0.295701 0.0387948 0.295701 -0.0387948 -0.298232 -0.00142768 
0.251327 2.51327 -0.278312 -0.00118446 0.269862 0.068066 0.269862 -0.068066 -0.278312 0.00118446 
0.376991 2.51327 -0.244168 -0.00339962 0.228273 0.0867234 0.228273 -0.0867234 -0.244168 0.00339962 
0.502655 2.51327 -0.203325 -0.00484198 0.180508 0.0937094 0.180508 -0.0937094 -0.203325 0.00484198 
0.628319 2.51327 -0.165178 -0.00549896 0.136864 0.0926404 0.136864 -0.0926404 -0.165178 0.00549896 
0.753982 2.51327 -0.133943 -0.00563252 0.101496 0.0875847 0.101496 -0.0875847 -0.133943 0.00563252 
0.879646 2.51327 -0.109649 -0.00548147 0.0741163 0.0809918 0.0741163 -0.0809918 -0.109649 0.00548147 
1.00531 2.51327 -0.0909883 -0.00518972 0.0531358 0.0740431 0.0531358 -0.0740431 -0.0909883 0.00518972 
1.13097 2.51327 -0.0766119 -0.00483498 0.0369946 0.0672619 0.0369946 -0.0672619 -0.0766119 0.00483498 
1.25664 2.51327 -0.0654388 -0.00445816 0.0244617 0.0608583 0.0244617 -0.0608583 -0.0654388 0.00445816 
1.3823 2.51327 -0.0566643 -0.00408045 0.014626 0.054896 0.014626 -0.054896 -0.0566643 0.00408045 
1.50796 2.51327 -0.0497022 -0.00371233 0.00682584 0.0493711 0.00682584 -0.0493711 -0.0497022 0.00371233 
1.63363 2.51327 -0.0441266 -0.00335849 0.000581127 0.0442504 0.000581127 -0.0442504 -0.0441266 0.00335849 
1.75929 2.51327 -0.0396261 -0.0030204 -0.0044583 0.0394902 -0.0044583 -0.0394902 -0.0396261 0.0030204 
1.88496 2.51327 -0.0359716 -0.00269788 -0.00855001 0.0350447 -0.00855001 -0.0350447 -0.0359716 0.00269788 
2.01062 2.51327 -0.0329927 -0.00238984 -0.0118852 0.0308703 -0.0118852 -0.0308703 -0.0329927 0.00238984 
2.13628 2.51327 -0.0305618 -0.00209478 -0.0146071 0.0269266 -0.0146071 -0.0269266 -0.0305618 0.00209478 
2.26195 2.51327 -0.0285824 -0.00181103 -0.0168237 0.0231775 -0.0168237 -0.0231775 -0.0285824 0.00181103 
2.38761 2.51327 -0.0269816 -0.00153685 -0.0186167 0.0195905 -0.0186167 -0.0195905 -0.0269816 0.00153685 
2.51327 2.51327 -0.0257039 -0.00127055 -0.0200481 0.0161363 -0.0200481 -0.0161363 -0.0257039 0.00127055 
2.63894 2.51327 -0.0247076 -0.00101045 -0.0211647 0.0127884 -0.0211647 -0.0127884 -0.0247076 0.00101045 
2.7646 2.51327 -0.0239616 -0.000754927 -0.022001 0.00952276 -0.022001 -0.00952276 -0.0239616 0.000754927 
2.89027 2.51327 -0.0234435 -0.000502401 -0.022582 0.00631678 -0.022582 -0.00631678 -0.0234435 0.000502401 
3.01593 2.51327 -0.0231384 -0.000251289 -0.0229244 0.00314931 -0.0229244 -0.00314931 -0.0231384 0.000251289 
-3.14159 2.63894 -0.0230376 -2.66992e-16 -0.0230376 4.69009e-16 -0.0230376 -1.9082e-17 -0.0230376 2.1684e-16 
-3.01593 2.63894 -0.0231383 0.00025294 -0.0229242 -0.00315095 -0.0229242 0.00315095 -0.0231383 -0.00025294 
-2.89027 2.63894 -0.0234436 0.000509099 -0.0225804 -0.00632329 -0.0225804 0.00632329 -0.0234436 -0.000509099 
-2.7646 2.63894 -0.0239623 0.00077032 -0.021996 -0.00953734 -0.021996 0.00953734 -0.0239623 -0.00077032 
-2.63894 2.63894 -0.0247099 0.00103861 -0.0211531 -0.0128142 -0.0211531 0.0128142 -0.0247099 -0.00103861 
-2.51327 2.63894 -0.0257093 0.00131622 -0.0200256 -0.0161764 -0.0200256 0.0161764 -0.0257093 -0.00131622 
-2.38761 2.63894 -0.0269921 0.0016057 -0.0185772 -0.0196479 -0.0185772 0.0196479 -0.0269921 -0.0016057 
-2.26195 2.63894 -0.0286008 0.00191002 -0.0167592 -0.0232548 -0.0167592 0.0232548 -0.0286008 -0.00191002 
-2.13628 2.63894 -0.0305919 0.0022327 -0.0145068 -0.0270259 -0.0145068 0.0270259 -0.0305919 -0.0022327 
-2.01062 2.63894 -0.0330395 0.00257802 -0.0117349 -0.0309927 -0.0117349 0.0309927 -0.0330395 -0.00257802 
-1.88496 2.63894 -0.0360415 0.00295121 -0.00833068 -0.0351895 -0.00833068 0.0351895 -0.0360415 -0.00295121 
-1.75929 2.63894 -0.0397277 0.00335887 -0.00414486 -0.0396534 -0.00414486 0.0396534 -0.0397277 -0.00335887 
-1.63363 2.63894 -0.0442707 0.00380937 0.00102208 -0.0444225 0.00102208 0.0444225 -0.0442707 -0.00380937 
-1.50796 2.63894 -0.0499021 0.00431355 0.00743842 -0.0495328 0.00743842 0.0495328 -0.0499021 -0.00431355 
-1.3823 2.63894 -0.0569351 0.0048855 0.0154675 -0.0550111 0.0154675 0.0550111 -0.0569351 -0.0048855 
-1.25664 2.63894 -0.065794 0.00554341 0.0256036 -0.0608608 0.0256036 0.0608608 -0.065794 -0.00554341 
-1.13097 2.63894 -0.0770543 0.00631007 0.0385176 -0.0670341 0.0385176 0.0670341 -0.0770543 -0.00631007 
-1.00531 2.63894 -0.0914845 0.00721081 0.0551081 -0.0733791 0.0551081 0.0733791 -0.0914845 -0.00721081 
-0.879646 2.63894 -0.110071 0.0082635 0.0765291 -0.0795439 0.0765291 0.0795439 -0.110071 -0.0082635 
-0.753982 2.63894 -0.133953 0.00944577 0.104114 -0.0848117 0.104114 0.0848117 -0.133953 -0.00944577 
-0.628319 2.63894 -0.164076 0.0106118 0.138978 -0.0878563 0.138978 0.0878563 -0.164076 -0.0106118 
-0.502655 2.63894 -0.200179 0.0113531 0.180887 -0.086488 0.180887 0.086488 -0.200179 -0.0113531 
-0.376991 2.63894 -0.238938 0.0109888 0.226204 -0.0777418 0.226204 0.0777418 -0.238938 -0.0109888 
-0.251327 2.63894 -0.273122 0.00912103 0.266809 -0.0590881 0.266809 0.0590881 -0.273122 -0.00912103 
-0.125664 2.63894 -0.295493 0.00632042 0.293955 -0.0307645 0.293955 0.0307645 -0.295493 -0.00632042 
0 2.63894 -0.303722 0.00346834 0.303722 0.00346834 0.303722 -0.00346834 -0.303722 -0.00346834 
0.125664 2.63894 -0.298156 0.00077512 0.295708 0.0381379 0.295708 -0.0381379 -0.298156 -0.00077512 
0.251327 2.63894 -0.277801 -0.00186477 0.269537 0.0672801 0.269537 -0.0672801 -0.277801 0.00186477 
0.376991 2.63894 -0.243445 -0.00414308 0.227874 0.0857659 0.227874 -0.0857659 -0.243445 0.00414308 
0.502655 2.63894 -0.202724 -0.00556058 0.180327 0.0927902 0.180327 -0.0927902 -0.202724 0.00556058 
0.628319 2.63894 -0.164802 -0.00610511 0.136916 0.0919293 0.136916 -0.0919293 -0.164802 0.00610511 
0.753982 2.63894 -0.133735 -0.00610207 0.101665 0.0870994 0.101665 -0.0870994 -0.133735 0.00610207 
0.879646 2.63894 -0.109534 -0.00583054 0.0743124 0.0806812 0.0743124 -0.0806812 -0.109534 0.00583054 
1.00531 2.63894 -0.0909233 -0.00544532 0.0533168 0.0738514 0.0533168 -0.0738514 -0.0909233 0.00544532 
1.13097 2.63894 -0.0765724 -0.00502172 0.0371467 0.0671466 0.0371467 -0.0671466 -0.0765724 0.00502172 
1.25664 2.63894 -0.0654127 -0.00459507 0.0245838 0.0607912 0.0245838 -0.0607912 -0.0654127 0.00459507 
1.3823 2.63894 -0.0566457 -0.00418131 0.0147216 0.0548589 0.0147216 -0.0548589 -0.0566457 0.00418131 
1.50796 2.63894 -0.0496882 -0.00378696 0.00689943 0.0493524 0.00689943 -0.0493524 -0.0496882 0.00378696 
1.63363 2.63894 -0.0441155 -0.00341382 0.000637044 0.0442428 0.000637044 -0.0442428 -0.0441155 0.00341382 
1.75929 2.63894 -0.0396172 -0.0030614 -0.00441634 0.0394891 -0.00441634 -0.0394891 -0.0396172 0.0030614 
1.88496 2.63894 -0.0359643 -0.00272813 -0.00851898 0.0350471 -0.00851898 -0.0350471 -0.0359643 0.00272813 
2.01062 2.63894 -0.0329868 -0.00241197 -0.0118627 0.0308743 -0.0118627 -0.0308743 -0.0329868 0.00241197 
2.13628 2.63894 -0.030557 -0.00211074 -0.0145911 0.0269311 -0.0145911 -0.0269311 -0.030557 0.00211074 
2.26195 2.63894 -0.0285787 -0.00182228 -0.0168126 0.0231818 -0.0168126 -0.0231818 -0.0285787 0.00182228 
2.38761 2.63894 -0.0269787 -0.00154454 -0.0186093 0.0195941 -0.0186093 -0.0195941 -0.0269787 0.00154454 
2.51327 2.63894 -0.0257019 -0.00127556 -0.0200435 0.0161391 -0.0200435 -0.0161391 -0.0257019 0.00127556 
2.63894 2.63894 -0.0247062 -0.00101348 -0.021162 0.0127904 -0.021162 -0.0127904 -0.0247062 0.00101348 
2.7646 2.63894 -0.0239608 -0.000756551 -0.0219997 0.00952398 -0.0219997 -0.00952398 -0.0239608 0.000756551 
2.89027 2.63894 -0.0234431 -0.000503093 -0.0225815 0.00631736 -0.0225815 -0.00631736 -0.0234431 0.000503093 
3.01593 2.63894 -0.0231383 -0.000251456 -0.0229243 0.00314947 -0.0229243 -0.00314947 -0.0231383 0.000251456 
-3.14159 2.7646 -0.0230376 -2.66992e-16 -0.0230376 4.69009e-16 -0.0230376 -8.1532e-17 -0.0230376 -6.93889e-18 
-3.01593 2.7646 -0.0231382 0.000252769 -0.0229241 -0.00315077 -0.0229241 0.00315077 -0.0231382 -0.000252769 
-2.89027 2.7646 -0.0234432 0.000508416 -0.0225802 -0.00632253 -0.0225802 0.00632253 -0.0234432 -0.000508416 
-2.7646 2.7646 -0.0239614 0.000768783 -0.0219957 -0.00953556 -0.0219957 0.00953556 -0.0239614 -0.000768783 
-2.63894 2.7646 -0.0247081 0.00103586 -0.0211528 -0.0128109 -0.0211528 0.0128109 -0.0247081 -0.00103586 
-2.51327 2.7646 -0.0257062 0.00131185 -0.0200256 -0.016171 -0.0200256 0.016171 -0.0257062 -0.00131185 
-2.38761 2.7646 -0.0269871 0.00159926 -0.018578 -0.0196397 -0.018578 0.0196397 -0.0269871 -0.00159926 
-2.26195 2.7646 -0.0285933 0.00190095 -0.0167613 -0.0232432 -0.0167613 0.0232432 -0.0285933 -0.00190095 
-2.13628 2.7646 -0.0305809 0.00222034 -0.0145114 -0.02701 -0.0145114 0.02701 -0.0305809 -0.00222034 
-2.01062 2.7646 -0.0330239 0.0025615 -0.0117432 -0.0309716 -0.0117432 0.0309716 -0.0330239 -0.0025615 
-1.88496 2.7646 -0.0360199 0.00292943 -0.00834469 -0.0351622 -0.00834469 0.0351622 -0.0360199 -0.00292943 
-1.75929 2.7646 -0.0396979 0.00333035 -0.00416728 -0.0396188 -0.00416728 0.0396188 -0.0396979 -0.00333035 
-1.63363 2.7646 -0.04423 0.0037721 0.000987431 -0.0443796 0.000987431 0.0443796 -0.04423 -0.0037721 
-1.50796 2.7646 -0.0498471 0.0042647 0.00738621 -0.0494809 0.00738621 0.0494809 -0.0498471 -0.0042647 
-1.3823 2.7646 -0.056861 0.00482102 0.0153903 -0.0549504 0.0153903 0.0549504 -0.056861 -0.00482102 
-1.25664 2.7646 -0.0656952 0.00545743 0.0254912 -0.0607934 0.0254912 0.0607934 -0.0656952 -0.00545743 
-1.13097 2.7646 -0.0769242 0.00619386 0.0383571 -0.0669659 0.0383571 0.0669659 -0.0769242 -0.00619386 
-1.00531 2.7646 -0.0913183 0.00705134 0.0548844 -0.0733243 0.0548844 0.0733243 -0.0913183 -0.00705134 
-0.879646 2.7646 -0.109872 0.00804137 0.0762307 -0.0795317 0.0762307 0.0795317 -0.109872 -0.00804137 
-0.753982 2.7646 -0.133745 0.00913296 0.103748 -0.0848973 0.103748 0.0848973 -0.133745 -0.00913296 
-0.628319 2.7646 -0.163931 0.010171 0.138601 -0.0881277 0.138601 0.0881277 -0.163931 -0.010171 
-0.502655 2.7646 -0.200226 0.0107444 0.180635 -0.087044 0.180635 0.087044 -0.200226 -0.0107444 
-0.376991 2.7646 -0.239276 0.0101962 0.226226 -0.078603 0.226226 0.078603 -0.239276 -0.0101962 
-0.251327 2.7646 -0.273647 0.00820303 0.26709 -0.0601079 0.26709 0.0601079 -0.273647 -0.00820303 
-0.125664 2.7646 -0.295956 0.00541102 0.2943 -0.0317248 0.2943 0.0317248 -0.295956 -0.00541102 
0 2.7646 -0.303944 0.00266038 0.303944 0.00266038 0.303944 -0.00266038 -0.303944 -0.00266038 
0.125664 2.7646 -0.298008 3.33368e-05 0.295654 0.0373834 0.295654 -0.0373834 -0.298008 -3.33368e-05 
0.251327 2.7646 -0.277243 -0.00263504 0.269188 0.0663952 0.269188 -0.0663952 -0.277243 0.00263504 
0.376991 2.7646 -0.242727 -0.0049496 0.227504 0.0847517 0.227504 -0.0847517 -0.242727 0.0049496 
0.502655 2.7646 -0.202168 -0.00631193 0.180202 0.0918638 0.180202 -0.0918638 -0.202168 0.00631193 
0.628319 2.7646 -0.164482 -0.00672568 0.137022 0.091239 0.137022 -0.091239 -0.164482 0.00672568 
0.753982 2.7646 -0.133576 -0.00657766 0.101875 0.0866439 0.101875 -0.0866439 -0.133576 0.00657766 
0.879646 2.7646 -0.10946 -0.00618228 0.0745361 0.0803999 0.0745361 -0.0803999 -0.10946 0.00618228 
1.00531 2.7646 -0.090889 -0.00570231 0.0535154 0.0736846 0.0535154 -0.0736846 -0.090889 0.00570231 
1.13097 2.7646 -0.0765558 -0.00520942 0.0373095 0.0670517 0.0373095 -0.0670517 -0.0765558 0.00520942 
1.25664 2.7646 -0.0654037 -0.00473278 0.024712 0.0607401 0.024712 -0.0607401 -0.0654037 0.00473278 
1.3823 2.7646 -0.0566398 -0.00428294 0.0148203 0.054834 0.0148203 -0.054834 -0.0566398 0.00428294 
1.50796 2.7646 -0.0496836 -0.00386231 0.00697435 0.049343 0.00697435 -0.049343 -0.0496836 0.00386231 
1.63363 2.7646 -0.0441114 -0.00346984 0.000693217 0.0442423 0.000693217 -0.0442423 -0.0441114 0.00346984 
1.75929 2.7646 -0.0396134 -0.00310305 -0.00437473 0.0394932 -0.00437473 -0.0394932 -0.0396134 0.00310305 
1.88496 2.7646 -0.0359609 -0.00275897 -0.00848858 0.0350534 -0.00848858 -0.0350534 -0.0359609 0.00275897 
2.01062 2.7646 -0.0329836 -0.00243461 -0.0118409 0.0308811 -0.0118409 -0.0308811 -0.0329836 0.00243461 
2.13628 2.7646 -0.0305542 -0.00212714 -0.0145758 0.0269376 -0.0145758 -0.0269376 -0.0305542 0.00212714 
2.26195 2.7646 -0.0285763 -0.00183391 -0.0168022 0.0231874 -0.0168022 -0.0231874 -0.0285763 0.00183391 
2.38761 2.7646 -0.0269769 -0.00155252 -0.0186025 0.0195987 -0.0186025 -0.0195987 -0.0269769 0.00155252 
2.51327 2.7646 -0.0257005 -0.00128078 -0.0200393 0.0161425 -0.0200393 -0.0161425 -0.0257005 0.00128078 
2.63894 2.7646 -0.0247053 -0.00101665 -0.0211596 0.0127928 -0.0211596 -0.0127928 -0.0247053 0.00101665 
2.7646 2.7646 -0.0239602 -0.000758262 -0.0219985 0.00952535 -0.0219985 -0.00952535 -0.0239602 0.000758262 
2.89027 2.7646 -0.0234429 -0.000503827 -0.0225811 0.006318 -0.0225811 -0.006318 -0.0234429 0.000503827 
3.01593 2.7646 -0.0231382 -0.000251634 -0.0229242 0.00314963 -0.0229242 -0.00314963 -0.0231382 0.000251634 
-3.14159 2.89027 -0.0230376 -2.66992e-16 -0.0230376 4.69009e-16 -0.0230376 6.06069e-17 -0.0230376 -7.69784e-18 
-3.01593 2.89027 -0.0231382 0.000252587 -0.0229241 -0.00315058 -0.0229241 0.00315058 -0.0231382 -0.000252587 
-2.89027 2.89027 -0.0234429 0.00050769 -0.0225801 -0.00632175 -0.0225801 0.00632175 -0.0234429 -0.00050769 
-2.7646 2.89027 -0.0239606 0.000767139 -0.0219956 -0.00953375 -0.0219956 0.00953375 -0.0239606 -0.000767139 
-2.63894 2.89027 -0.0247066 0.0010329 -0.021153 -0.0128076 -0.021153 0.0128076 -0.0247066 -0.0010329 
-2.51327 2.89027 -0.0257036 0.00130712 -0.0200263 -0.0161657 -0.0200263 0.0161657 -0.0257036 -0.00130712 
-2.38761 2.89027 -0.026983 0.00159223 -0.0185798 -0.0196318 -0.0185798 0.0196318 -0.026983 -0.00159223 
-2.26195 2.89027 -0.028587 0.001891 -0.016765 -0.023232 -0.016765 0.023232 -0.028587 -0.001891 
-2.13628 2.89027 -0.0305716 0.00220668 -0.0145179 -0.0269949 -0.0145179 0.0269949 -0.0305716 -0.00220668 
-2.01062 2.89027 -0.0330106 0.00254314 -0.0117541 -0.0309517 -0.0117541 0.0309517 -0.0330106 -0.00254314 
-1.88496 2.89027 -0.0360012 0.00290507 -0.00836209 -0.0351369 -0.00836209 0.0351369 -0.0360012 -0.00290507 
-1.75929 2.89027 -0.039672 0.00329824 -0.00419397 -0.0395873 -0.00419397 0.0395873 -0.039672 -0.00329824 
-1.63363 2.89027 -0.0441946 0.00372987 0.000947515 -0.0443415 0.000947515 0.0443415 -0.0441946 -0.00372987 
-1.50796 2.89027 -0.0497989 0.00420904 0.00732763 -0.0494363 0.00732763 0.0494363 -0.0497989 -0.00420904 
-1.3823 2.89027 -0.0567961 0.00474721 0.0153056 -0.0549005 0.0153056 0.0549005 -0.0567961 -0.00474721 
-1.25664 2.89027 -0.0656087 0.00535866 0.0253706 -0.0607417 0.0253706 0.0607417 -0.0656087 -0.00535866 
-1.13097 2.89027 -0.0768113 0.00606012 0.038188 -0.0669206 0.038188 0.0669206 -0.0768113 -0.00606012 
-1.00531 2.89027 -0.091176 0.00686793 0.0546533 -0.0733024 0.0546533 0.0733024 -0.091176 -0.00686793 
-0.879646 2.89027 -0.109706 0.00778693 0.075929 -0.0795661 0.075929 0.0795661 -0.109706 -0.00778693 
-0.753982 2.89027 -0.133585 0.00877783 0.103388 -0.0850465 0.103388 0.0850465 -0.133585 -0.00877783 
-0.628319 2.89027 -0.163852 0.00967832 0.138248 -0.08848 0.138248 0.08848 -0.163852 -0.00967832 
-0.502655 2.89027 -0.200355 0.0100797 0.180429 -0.087689 0.180429 0.087689 -0.200355 -0.0100797 
-0.376991 2.89027 -0.239694 0.00935533 0.226305 -0.0795388 0.226305 0.0795388 -0.239694 -0.00935533 
-0.251327 2.89027 -0.274211 0.00725285 0.2674 -0.0611686 0.2674 0.0611686 -0.274211 -0.00725285 
-0.125664 2.89027 -0.296397 0.00447275 0.294621 -0.032711 0.294621 0.032711 -0.296397 -0.00447275 
0 2.89027 -0.304104 0.00180222 0.304104 0.00180222 0.304104 -0.00180222 -0.304104 -0.00180222 
0.125664 2.89027 -0.297792 -0.000783723 0.295542 0.0365457 0.295542 -0.0365457 -0.297792 0.000783723 
0.251327 2.89027 -0.276651 -0.0034799 0.268825 0.0654297 0.268825 -0.0654297 -0.276651 0.0034799 
0.376991 2.89027 -0.242029 -0.00580331 0.227169 0.083701 0.227169 -0.083701 -0.242029 0.00580331 
0.502655 2.89027 -0.201666 -0.00708226 0.180133 0.0909471 0.180133 -0.0909471 -0.201666 0.00708226 
0.628319 2.89027 -0.164223 -0.00734999 0.137179 0.0905814 0.137179 -0.0905814 -0.164223 0.00734999 
0.753982 2.89027 -0.133469 -0.00705145 0.102122 0.0862258 0.102122 -0.0862258 -0.133469 0.00705145 
0.879646 2.89027 -0.109427 -0.00653102 0.0747838 0.0801522 0.0747838 -0.0801522 -0.109427 0.00653102 
1.00531 2.89027 -0.0908857 -0.0059566 0.0537283 0.0735456 0.0537283 -0.0735456 -0.0908857 0.0059566 
1.13097 2.89027 -0.0765622 -0.00539509 0.0374802 0.0669785 0.0374802 -0.0669785 -0.0765622 0.00539509 
1.25664 2.89027 -0.0654118 -0.00486912 0.0248442 0.0607056 0.0248442 -0.0607056 -0.0654118 0.00486912 
1.3823 2.89027 -0.0566467 -0.00438371 0.0149206 0.0548219 0.0149206 -0.0548219 -0.0566467 0.00438371 
1.50796 2.89027 -0.0496884 -0.00393721 0.0070494 0.0493432 0.0070494 -0.0493432 -0.0496884 0.00393721 
1.63363 2.89027 -0.0441144 -0.00352568 0.000748758 0.0442488 0.000748758 -0.0442488 -0.0441144 0.00352568 
1.75929 2.89027 -0.0396149 -0.00314469 -0.00433411 0.0395025 -0.00433411 -0.0395025 -0.0396149 0.00314469 
1.88496 2.89027 -0.0359613 -0.00278991 -0.00845929 0.0350634 -0.00845929 -0.0350634 -0.0359613 0.00278991 
2.01062 2.89027 -0.0329834 -0.00245742 -0.0118201 0.0308906 -0.0118201 -0.0308906 -0.0329834 0.00245742 
2.13628 2.89027 -0.0305536 -0.00214372 -0.0145614 0.0269459 -0.0145614 -0.0269459 -0.0305536 0.00214372 
2.26195 2.89027 -0.0285755 -0.00184571 -0.0167926 0.0231943 -0.0167926 -0.0231943 -0.0285755 0.00184571 
2.38761 2.89027 -0.0269761 -0.00156066 -0.0185964 0.0196041 -0.0185964 -0.0196041 -0.0269761 0.00156066 
2.51327 2.89027 -0.0256997 -0.00128613 -0.0200356 0.0161464 -0.0200356 -0.0161464 -0.0256997 0.00128613 
2.63894 2.89027 -0.0247047 -0.00101992 -0.0211576 0.0127953 -0.0211576 -0.0127953 -0.0247047 0.00101992 
2.7646 2.89027 -0.0239598 -0.000760031 -0.0219975 0.00952686 -0.0219975 -0.00952686 -0.0239598 0.000760031 
2.89027 2.89027 -0.0234427 -0.00050459 -0.0225807 0.00631869 -0.0225807 -0.00631869 -0.0234427 0.00050459 
3.01593 2.89027 -0.0231381 -0.00025182 -0.0229241 0.00314981 -0.0229241 -0.00314981 -0.0231381 0.00025182 
-3.14159 3.01593 -0.0230376 -2.66992e-16 -0.0230376 4.69009e-16 -0.0230376 6.59195e-17 -0.0230376 -3.98986e-17 
-3.01593 3.01593 -0.0231381 0.000252398 -0.022924 -0.00315038 -0.022924 0.00315038 -0.0231381 -0.000252398 
-2.89027 3.01593 -0.0234427 0.000506932 -0.0225801 -0.00632096 -0.0225801 0.00632096 -0.0234427 -0.000506932 
-2.7646 3.01593 -0.0239601 0.000765414 -0.0219957 -0.00953195 -0.0219957 0.00953195 -0.0239601 -0.000765414 
-2.63894 3.01593 -0.0247055 0.00102977 -0.0211535 -0.0128044 -0.0211535 0.0128044 -0.0247055 -0.00102977 
-2.51327 3.01593 -0.0257016 0.0013021 -0.0200277 -0.0161605 -0.0200277 0.0161605 -0.0257016 -0.0013021 
-2.38761 3.01593 -0.0269797 0.00158474 -0.0185826 -0.0196241 -0.0185826 0.0196241 -0.0269797 -0.00158474 
-2.26195 3.01593 -0.028582 0.00188033 -0.01677 -0.0232213 -0.01677 0.0232213 -0.028582 -0.00188033 
-2.13628 3.01593 -0.0305641 0.00219195 -0.0145264 -0.0269806 -0.0145264 0.0269806 -0.0305641 -0.00219195 
-2.01062 3.01593 -0.0329997 0.00252323 -0.0117675 -0.0309334 -0.0117675 0.0309334 -0.0329997 -0.00252323 
-1.88496 3.01593 -0.0359858 0.0028785 -0.00838259 -0.035114 -0.00838259 0.035114 -0.0359858 -0.0028785 
-1.75929 3.01593 -0.0396505 0.00326305 -0.0042245 -0.0395596 -0.0042245 0.0395596 -0.0396505 -0.00326305 
-1.63363 3.01593 -0.0441648 0.00368336 0.000902958 -0.044309 0.000902958 0.044309 -0.0441648 -0.00368336 
-1.50796 3.01593 -0.0497584 0.00414745 0.00726362 -0.0493998 0.00726362 0.0493998 -0.0497584 -0.00414745 
-1.3823 3.01593 -0.0567414 0.00466524 0.0152149 -0.0548622 0.0152149 0.0548622 -0.0567414 -0.00466524 
-1.25664 3.01593 -0.0655361 0.00524864 0.0252435 -0.0607067 0.0252435 0.0607067 -0.0655361 -0.00524864 
-1.13097 3.01593 -0.0767172 0.00591094 0.038013 -0.0668991 0.038013 0.0668991 -0.0767172 -0.00591094 
-1.00531 3.01593 -0.0910599 0.00666342 0.0544184 -0.073314 0.0544184 0.073314 -0.0910599 -0.00666342 
-0.879646 3.01593 -0.109576 0.00750408 0.0756287 -0.0796468 0.0756287 0.0796468 -0.109576 -0.00750408 
-0.753982 3.01593 -0.133476 0.00838576 0.10304 -0.0852574 0.10304 0.0852574 -0.133476 -0.00838576 
-0.628319 3.01593 -0.163842 0.00914111 0.137924 -0.0889084 0.137924 0.0889084 -0.163842 -0.00914111 
-0.502655 3.01593 -0.200567 0.00936923 0.180272 -0.0884137 0.180272 0.0884137 -0.200567 -0.00936923 
-0.376991 3.01593 -0.240187 0.00848001 0.226442 -0.0805341 0.226442 0.0805341 -0.240187 -0.00848001 
-0.251327 3.01593 -0.274806 0.00628733 0.267736 -0.0622516 0.267736 0.0622516 -0.274806 -0.00628733 
-0.125664 3.01593 -0.29681 0.00352287 0.294911 -0.0337051 0.294911 0.0337051 -0.29681 -0.00352287 
0 3.01593 -0.304201 0.000909794 0.304201 0.000909794 0.304201 -0.000909794 -0.304201 -0.000909794 
0.125664 3.01593 -0.297516 -0.00166031 0.295378 0.0356414 0.295378 -0.0356414 -0.297516 0.00166031 
0.251327 3.01593 -0.276038 -0.00438235 0.268456 0.0644033 0.268456 -0.0644033 -0.276038 0.00438235 
0.376991 3.01593 -0.241365 -0.00668755 0.226877 0.0826343 0.226877 -0.0826343 -0.241365 0.00668755 
0.502655 3.01593 -0.201227 -0.00785766 0.180122 0.0900563 0.180122 -0.0900563 -0.201227 0.00785766 
0.628319 3.01593 -0.164028 -0.00796745 0.137384 0.0899673 0.137384 -0.0899673 -0.164028 0.00796745 
0.753982 3.01593 -0.133417 -0.00751567 0.102402 0.0858515 0.102402 -0.0858515 -0.133417 0.00751567 
0.879646 3.01593 -0.109436 -0.00687114 0.0750514 0.0799421 0.0750514 -0.0799421 -0.109436 0.00687114 
1.00531 3.01593 -0.0909135 -0.00620414 0.0539522 0.0734365 0.0539522 -0.0734365 -0.0909135 0.00620414 
1.13097 3.01593 -0.0765917 -0.00557578 0.0376563 0.0669282 0.0376563 -0.0669282 -0.0765917 0.00557578 
1.25664 3.01593 -0.0654369 -0.00500193 0.0249782 0.0606885 0.0249782 -0.0606885 -0.0654369 0.00500193 
1.3823 3.01593 -0.0566661 -0.00448204 0.0150208 0.0548225 0.0150208 -0.0548225 -0.0566661 0.00448204 
1.50796 3.01593 -0.0497027 -0.00401046 0.0071234 0.0493528 0.0071234 -0.0493528 -0.0497027 0.00401046 
1.63363 3.01593 -0.0441245 -0.00358045 0.00080279 0.0442622 0.00080279 -0.0442622 -0.0441245 0.00358045 
1.75929 3.01593 -0.0396217 -0.00318566 -0.00429513 0.0395168 -0.00429513 -0.0395168 -0.0396217 0.00318566 
1.88496 3.01593 -0.0359657 -0.00282047 -0.00843158 0.0350769 -0.00843158 -0.0350769 -0.0359657 0.00282047 
2.01062 3.01593 -0.032986 -0.00248003 -0.0118008 0.0309026 -0.0118008 -0.0309026 -0.032986 0.00248003 
2.13628 3.01593 -0.030555 -0.00216022 -0.0145483 0.026956 -0.0145483 -0.026956 -0.030555 0.00216022 
2.26195 3.01593 -0.0285762 -0.0018575 -0.0167839 0.0232024 -0.0167839 -0.0232024 -0.0285762 0.0018575 
2.38761 3.01593 -0.0269763 -0.00156882 -0.0185909 0.0196101 -0.0185909 -0.0196101 -0.0269763 0.00156882 
2.51327 3.01593 -0.0256997 -0.00129152 -0.0200324 0.0161508 -0.0200324 -0.0161508 -0.0256997 0.00129152 
2.63894 3.01593 -0.0247046 -0.00102323 -0.0211558 0.0127982 -0.0211558 -0.0127982 -0.0247046 0.00102323 
2.7646 3.01593 -0.0239597 -0.000761832 -0.0219967 0.00952848 -0.0219967 -0.00952848 -0.0239597 0.000761832 
2.89027 3.01593 -0.0234426 -0.000505369 -0.0225804 0.00631942 -0.0225804 -0.00631942 -0.0234426 0.000505369 
3.01593 3.01593 -0.0231381 -0.000252012 -0.0229241 0.00315 -0.0229241 -0.00315 -0.0231381 0.000252012 
