-3.14159 -3.14159 0.00106259 0.998937 0.00106259 0.998937 1 7.54801e-29 1 3.29241e-31 0.998937 0.00106259 0.998937 0.00106259
-3.01593 -3.14159 0.00109874 0.998901 0.00106715 0.998933 0.999892 0.000107512 0.999836 0.000163563 0.999096 0.000903591 0.999009 0.000991231
-2.89027 -3.14159 0.00120879 0.998791 0.00108087 0.998919 0.999893 0.000106847 0.999725 0.000274593 0.999194 0.000806279 0.998898 0.00110194
-2.7646 -3.14159 0.00139759 0.998602 0.00110381 0.998896 0.999934 6.5808e-05 0.999681 0.000319043 0.999215 0.000784765 0.998668 0.00133178
-2.63894 -3.14159 0.00167371 0.998326 0.00113609 0.998864 0.999972 2.77431e-05 0.999659 0.000341427 0.999205 0.00079466 0.998354 0.00164596
-2.51327 -3.14159 0.00205011 0.99795 0.00117792 0.998822 0.999995 4.62284e-06 0.999642 0.000358018 0.99918 0.0008199 0.997955 0.00204548
-2.38761 -3.14159 0.00254528 0.997455 0.00122964 0.99877 0.999999 1.31277e-06 0.999624 0.00037625 0.999147 0.000853392 0.997456 0.00254397
-2.26195 -3.14159 0.00318499 0.996815 0.00129184 0.998708 0.999979 2.12234e-05 0.999599 0.000400992 0.999109 0.000890846 0.996836 0.00316376
-2.13628 -3.14159 0.00400471 0.995995 0.00136551 0.998634 0.999932 6.81349e-05 0.999563 0.000436858 0.999071 0.000928654 0.996063 0.00393658
-2.01062 -3.14159 0.00505343 0.994947 0.00145246 0.998548 0.999853 0.000147139 0.99951 0.000489559 0.999037 0.000962901 0.995094 0.00490629
-1.88496 -3.14159 0.00639905 0.993601 0.00155599 0.998444 0.999735 0.000265455 0.999433 0.000567298 0.999011 0.000988689 0.993866 0.0061336
-1.75929 -3.14159 0.00813668 0.991863 0.00168228 0.998318 0.999567 0.000433431 0.999317 0.000682784 0.999001 0.000999495 0.992297 0.00770325
-1.63363 -3.14159 0.0104009 0.989599 0.00184313 0.998157 0.999143 0.000856623 0.999334 0.000665943 0.999013 0.000986506 0.990265 0.00973492
-1.50796 -3.14159 0.0133843 0.986616 0.00206141 0.997939 0.998877 0.0011234 0.999016 0.000984463 0.999062 0.000938007 0.9876 0.0123998
-1.3823 -3.14159 0.0173657 0.982634 0.0023823 0.997618 0.998457 0.00154299 0.99858 0.00142016 0.999161 0.000839311 0.984054 0.0159456
-1.25664 -3.14159 0.0227522 0.977248 0.00289681 0.997103 0.997778 0.00222203 0.997981 0.00201853 0.999325 0.000674776 0.979266 0.0207336
-1.13097 -3.14159 0.0301383 0.969862 0.00379229 0.996208 0.996644 0.00335556 0.997154 0.00284628 0.999563 0.000436729 0.972708 0.0272921
-1.00531 -3.14159 0.0403846 0.959615 0.00546278 0.994537 0.994693 0.00530666 0.995999 0.00400103 0.999844 0.000156121 0.963616 0.0363836
-0.879646 -3.14159 0.0546934 0.945307 0.00875076 0.991249 0.991251 0.00874888 0.994376 0.00562388 0.999998 1.88342e-06 0.95093 0.0490695
-0.753982 -3.14159 0.0746093 0.925391 0.015456 0.984544 0.985143 0.0148566 0.992088 0.00791231 0.999401 0.00059942 0.933303 0.066697
-0.628319 -3.14159 0.101746 0.898254 0.029248 0.970752 0.988876 0.0111241 0.974768 0.0252317 0.995984 0.0040163 0.909379 0.0906214
-0.502655 -3.14159 0.136879 0.863121 0.0564637 0.943536 0.984449 0.0155506 0.959771 0.040229 0.983765 0.0162347 0.878671 0.121329
-0.376991 -3.14159 0.178153 0.821847 0.103523 0.896477 0.978572 0.0214282 0.945415 0.0545847 0.951062 0.0489384 0.843276 0.156724
-0.251327 -3.14159 0.219037 0.780963 0.166288 0.833712 0.971215 0.028785 0.94056 0.0594402 0.893152 0.106848 0.809748 0.190252
-0.125664 -3.14159 0.248108 0.751892 0.223211 0.776789 0.962684 0.0373158 0.945185 0.0548151 0.831604 0.168396 0.789207 0.210793
0 -3.14159 0.252269 0.747731 0.252269 0.747731 0.953612 0.0463877 0.953612 0.0463877 0.794119 0.205881 0.794119 0.205881
0.125664 -3.14159 0.248108 0.751892 0.223211 0.776789 0.962684 0.0373158 0.945185 0.0548151 0.831604 0.168396 0.789207 0.210793
0.251327 -3.14159 0.219037 0.780963 0.166288 0.833712 0.971215 0.028785 0.94056 0.0594402 0.893152 0.106848 0.809748 0.190252
0.376991 -3.14159 0.178153 0.821847 0.103523 0.896477 0.978572 0.0214282 0.945415 0.0545847 0.951062 0.0489384 0.843276 0.156724
0.502655 -3.14159 0.136879 0.863121 0.0564637 0.943536 0.984449 0.0155506 0.959771 0.040229 0.983765 0.0162347 0.878671 0.121329
0.628319 -3.14159 0.101746 0.898254 0.029248 0.970752 0.988876 0.0111241 0.974768 0.0252317 0.995984 0.0040163 0.909379 0.0906214
0.753982 -3.14159 0.0746093 0.925391 0.015456 0.984544 0.985143 0.0148566 0.992088 0.00791231 0.999401 0.00059942 0.933303 0.066697
0.879646 -3.14159 0.0546934 0.945307 0.00875076 0.991249 0.991251 0.00874888 0.994376 0.00562388 0.999998 1.88342e-06 0.95093 0.0490695
1.00531 -3.14159 0.0403846 0.959615 0.00546278 0.994537 0.994693 0.00530666 0.995999 0.00400103 0.999844 0.000156121 0.963616 0.0363836
1.13097 -3.14159 0.0301383 0.969862 0.00379229 0.996208 0.996644 0.00335556 0.997154 0.00284628 0.999563 0.000436729 0.972708 0.0272921
1.25664 -3.14159 0.0227522 0.977248 0.00289681 0.997103 0.997778 0.00222203 0.997981 0.00201853 0.999325 0.000674776 0.979266 0.0207336
1.3823 -3.14159 0.0173657 0.982634 0.0023823 0.997618 0.998457 0.00154299 0.99858 0.00142016 0.999161 0.000839311 0.984054 0.0159456
1.50796 -3.14159 0.0133843 0.986616 0.00206141 0.997939 0.998877 0.0011234 0.999016 0.000984463 0.999062 0.000938007 0.9876 0.0123998
1.63363 -3.14159 0.0104009 0.989599 0.00184313 0.998157 0.999143 0.000856623 0.999334 0.000665943 0.999013 0.000986506 0.990265 0.00973492
1.75929 -3.14159 0.00813668 0.991863 0.00168228 0.998318 0.999567 0.000433431 0.999317 0.000682784 0.999001 0.000999495 0.992297 0.00770325
1.88496 -3.14159 0.00639905 0.993601 0.00155599 0.998444 0.999735 0.000265455 0.999433 0.000567298 0.999011 0.000988689 0.993866 0.0061336
2.01062 -3.14159 0.00505343 0.994947 0.00145246 0.998548 0.999853 0.000147139 0.99951 0.000489559 0.999037 0.000962901 0.995094 0.00490629
2.13628 -3.14159 0.00400471 0.995995 0.00136551 0.998634 0.999932 6.81349e-05 0.999563 0.000436858 0.999071 0.000928654 0.996063 0.00393658
2.26195 -3.14159 0.00318499 0.996815 0.00129184 0.998708 0.999979 2.12234e-05 0.999599 0.000400992 0.999109 0.000890846 0.996836 0.00316376
2.38761 -3.14159 0.00254528 0.997455 0.00122964 0.99877 0.999999 1.31277e-06 0.999624 0.00037625 0.999147 0.000853392 0.997456 0.00254397
2.51327 -3.14159 0.00205011 0.99795 0.00117792 0.998822 0.999995 4.62284e-06 0.999642 0.000358018 0.99918 0.0008199 0.997955 0.00204548
2.63894 -3.14159 0.00167371 0.998326 0.00113609 0.998864 0.999972 2.77431e-05 0.999659 0.000341427 0.999205 0.00079466 0.998354 0.00164596
2.7646 -3.14159 0.00139759 0.998602 0.00110381 0.998896 0.999934 6.5808e-05 0.999681 0.000319043 0.999215 0.000784765 0.998668 0.00133178
2.89027 -3.14159 0.00120879 0.998791 0.00108087 0.998919 0.999893 0.000106847 0.999725 0.000274593 0.999194 0.000806279 0.998898 0.00110194
3.01593 -3.14159 0.00109874 0.998901 0.00106715 0.998933 0.999892 0.000107512 0.999836 0.000163563 0.999096 0.000903591 0.999009 0.000991231
-3.14159 -3.01593 0.00106259 0.998937 0.00106259 0.998937 1 7.54802e-29 1 3.10484e-30 0.998937 0.00106259 0.998937 0.00106259
-3.01593 -3.01593 0.00108497 0.998915 0.00108093 0.998919 0.999882 0.000118323 0.999849 0.000150594 0.99907 0.000930336 0.999033 0.000966644
-2.89027 -3.01593 0.00118091 0.998819 0.00110874 0.998891 0.99988 0.00011958 0.999745 0.000254701 0.999146 0.000854034 0.998939 0.00106133
-2.7646 -3.01593 0.00135499 0.998645 0.00114633 0.998854 0.999924 7.56132e-05 0.9997 0.000300233 0.999154 0.000846098 0.998721 0.00127937
-2.63894 -3.01593 0.00161545 0.998385 0.00119412 0.998806 0.999966 3.39008e-05 0.999674 0.000325985 0.999132 0.000868139 0.998418 0.00158155
-2.51327 -3.01593 0.00197488 0.998025 0.00125264 0.998747 0.999993 7.16991e-06 0.999653 0.000346772 0.999094 0.000905871 0.998032 0.00196771
-2.38761 -3.01593 0.00245133 0.997549 0.00132261 0.998677 1 4.12368e-07 0.99963 0.000369713 0.999047 0.000952895 0.997549 0.00245092
-2.26195 -3.01593 0.00307 0.99693 0.00140505 0.998595 0.999983 1.69911e-05 0.9996 0.00039974 0.998995 0.00100531 0.996947 0.00305301
-2.13628 -3.01593 0.00386565 0.996134 0.00150152 0.998498 0.999939 6.05541e-05 0.999558 0.000441742 0.99894 0.00105978 0.996195 0.0038051
-2.01062 -3.01593 0.00488632 0.995114 0.00161453 0.998385 0.999864 0.000135985 0.999498 0.000501922 0.998887 0.00111261 0.99525 0.00475033
-1.88496 -3.01593 0.00619863 0.993801 0.00174828 0.998252 0.99975 0.000250195 0.999411 0.000589271 0.998841 0.00115901 0.994052 0.00594844
-1.75929 -3.01593 0.00789588 0.992104 0.00191013 0.99809 0.999587 0.000413074 0.999282 0.000717759 0.998808 0.00119237 0.992517 0.00748281
-1.63363 -3.01593 0.01011 0.98989 0.00211349 0.997887 0.999361 0.000638807 0.99909 0.000910068 0.998797 0.00120342 0.990529 0.00947123
-1.50796 -3.01593 0.0130299 0.98697 0.00238348 0.997617 0.998796 0.00120431 0.999052 0.0009478 0.998821 0.00117917 0.987918 0.0120821
-1.3823 -3.01593 0.0169285 0.983071 0.00276859 0.997231 0.998333 0.00166655 0.99863 0.00136956 0.998898 0.00110204 0.984441 0.015559
-1.25664 -3.01593 0.0222035 0.977796 0.00336503 0.996635 0.997585 0.0024149 0.998053 0.00194695 0.99905 0.000950137 0.979743 0.0202566
-1.13097 -3.01593 0.0294346 0.970565 0.004369 0.995631 0.996334 0.00366649 0.997258 0.00274249 0.999297 0.00070251 0.973308 0.0266921
-1.00531 -3.01593 0.0394576 0.960542 0.00619121 0.993809 0.994171 0.00582915 0.996153 0.00384714 0.999638 0.000362064 0.96439 0.0356105
-0.879646 -3.01593 0.0534341 0.946566 0.00970913 0.990291 0.99033 0.00966994 0.994608 0.00539162 0.999961 3.91864e-05 0.951957 0.0480425
-0.753982 -3.01593 0.0728443 0.927156 0.016802 0.983198 0.992442 0.00755792 0.983444 0.0165557 0.999754 0.000246262 0.934714 0.0652864
-0.628319 -3.01593 0.0992095 0.90079 0.0313199 0.96868 0.989417 0.0105829 0.971586 0.0284139 0.997094 0.00290599 0.911373 0.0886267
-0.502655 -3.01593 0.133207 0.866793 0.0599416 0.940058 0.985265 0.0147347 0.954301 0.0456989 0.985757 0.0142426 0.881528 0.118472
-0.376991 -3.01593 0.172937 0.827063 0.109377 0.890623 0.979766 0.0202344 0.938366 0.0616341 0.952258 0.0477424 0.847298 0.152702
-0.251327 -3.01593 0.212 0.788 0.174899 0.825101 0.972887 0.0271126 0.934576 0.0654236 0.890524 0.109476 0.815112 0.184888
-0.125664 -3.01593 0.239321 0.760679 0.233498 0.766502 0.964937 0.0350634 0.941119 0.0588812 0.825383 0.174617 0.795742 0.204258
0 -3.01593 0.242331 0.757669 0.262537 0.737463 0.956637 0.0433631 0.950743 0.0492573 0.801032 0.198968 0.78672 0.21328
0.125664 -3.01593 0.257126 0.742874 0.213361 0.786639 0.94942 0.0505796 0.960499 0.0395012 0.837218 0.162782 0.782375 0.217625
0.251327 -3.01593 0.226207 0.773793 0.158188 0.841812 0.96955 0.0304504 0.946423 0.0535765 0.895388 0.104612 0.804243 0.195757
0.376991 -3.01593 0.183411 0.816589 0.0981449 0.901855 0.977363 0.0226373 0.951924 0.048076 0.949931 0.0500689 0.839226 0.160774
0.502655 -3.01593 0.140531 0.859469 0.0533506 0.946649 0.983617 0.016383 0.964795 0.0352053 0.981855 0.0181453 0.875852 0.124148
0.628319 -3.01593 0.104229 0.895771 0.0274343 0.972566 0.977768 0.0222321 0.988323 0.0116765 0.994798 0.0052022 0.907448 0.0925521
0.753982 -3.01593 0.0763131 0.923687 0.0142902 0.98571 0.986786 0.0132139 0.991727 0.00827276 0.998924 0.00107635 0.93196 0.0680404
0.879646 -3.01593 0.0558957 0.944104 0.00791886 0.992081 0.992157 0.0078427 0.994141 0.00585878 0.999924 7.61551e-05 0.949963 0.0500369
1.00531 -3.01593 0.0412632 0.958737 0.0048242 0.995176 0.995213 0.0047867 0.995844 0.00415566 0.999962 3.7506e-05 0.962892 0.0371075
1.13097 -3.01593 0.0308027 0.969197 0.00328026 0.99672 0.996956 0.00304357 0.99705 0.0029499 0.999763 0.000236685 0.972147 0.0278528
1.25664 -3.01593 0.0232697 0.97673 0.00247572 0.997524 0.997973 0.00202715 0.99791 0.00208958 0.999551 0.000448573 0.97882 0.0211801
1.3823 -3.01593 0.0177786 0.982221 0.00203071 0.997969 0.998583 0.00141722 0.99853 0.00147016 0.999387 0.000613491 0.983692 0.0163084
1.50796 -3.01593 0.0137197 0.98628 0.00176508 0.998235 0.99896 0.00104032 0.998979 0.00102061 0.999275 0.000724754 0.987301 0.0126991
1.63363 -3.01593 0.0106771 0.989323 0.00159194 0.998408 0.999199 0.000801108 0.999307 0.000692704 0.999209 0.000790832 0.990016 0.0099844
1.75929 -3.01593 0.00836631 0.991634 0.00146872 0.998531 0.999546 0.000453575 0.999354 0.000645875 0.999177 0.000822848 0.992087 0.00791274
1.88496 -3.01593 0.006591 0.993409 0.00137433 0.998626 0.999719 0.000280663 0.999456 0.000543547 0.999169 0.000830779 0.99369 0.00631034
2.01062 -3.01593 0.00521417 0.994786 0.00129823 0.998702 0.999842 0.000158393 0.999524 0.000475594 0.999177 0.00082264 0.994944 0.00505578
2.13628 -3.01593 0.00413908 0.995861 0.00123522 0.998765 0.999924 7.59555e-05 0.999569 0.000430575 0.999195 0.000804641 0.995937 0.00406312
2.26195 -3.01593 0.00329659 0.996703 0.00118271 0.998817 0.999974 2.58212e-05 0.999599 0.000401085 0.999218 0.000781626 0.996729 0.00327077
2.38761 -3.01593 0.00263687 0.997363 0.0011395 0.99886 0.999997 2.69148e-06 0.999618 0.00038191 0.999242 0.000757593 0.997366 0.00263418
2.51327 -3.01593 0.00110506 0.998895 0.00212376 0.997876 0.999997 2.65676e-06 0.999631 0.000368729 0.999264 0.000736332 0.997879 0.0021211
2.63894 -3.01593 0.0010792 0.998921 0.00173099 0.998269 0.999978 2.22633e-05 0.999643 0.000356754 0.999278 0.000722446 0.998291 0.00170873
2.7646 -3.01593 0.00106191 0.998938 0.00143966 0.99856 0.999943 5.6778e-05 0.999662 0.00033825 0.999276 0.000723662 0.998617 0.00138288
2.89027 -3.01593 0.00105328 0.998947 0.00123643 0.998764 0.999905 9.49733e-05 0.999705 0.000295422 0.999242 0.000757858 0.998859 0.00114146
3.01593 -3.01593 0.00105345 0.998947 0.00111246 0.998888 0.999903 9.73355e-05 0.999823 0.000177279 0.999124 0.000876167 0.998985 0.00101512
-3.14159 -2.89027 0.00106259 0.998937 0.00106259 0.998937 1 2.13746e-28 1 7.54805e-29 0.998937 0.00106259 0.998937 0.00106259
-3.01593 -2.89027 0.00107119 0.998929 0.00109472 0.998905 0.99987 0.000129797 0.999862 0.000138331 0.999059 0.000941391 0.999044 0.000956387
-2.89027 -2.89027 0.0011529 0.998847 0.00113676 0.998863 0.999867 0.000133202 0.999764 0.000235742 0.999099 0.00090102 0.99898 0.0010197
-2.7646 -2.89027 0.00131202 0.998688 0.00118931 0.998811 0.999914 8.62143e-05 0.999718 0.000281887 0.999093 0.000907426 0.998774 0.00122581
-2.63894 -2.89027 0.00155645 0.998444 0.00125308 0.998747 0.999959 4.07576e-05 0.999689 0.000310526 0.999057 0.000942555 0.998484 0.00151569
-2.51327 -2.89027 0.00189838 0.998102 0.00132894 0.998671 0.99999 1.03219e-05 0.999665 0.000335096 0.999006 0.000993849 0.998112 0.00188806
-2.38761 -2.89027 0.0023554 0.997645 0.00141804 0.998582 1 1.67909e-08 0.999638 0.000362392 0.998944 0.00105565 0.997645 0.00235538
-2.26195 -2.89027 0.00295209 0.997048 0.00152191 0.998478 0.999987 1.31518e-05 0.999603 0.000397396 0.998875 0.00112451 0.997061 0.00293893
-2.13628 -2.89027 0.00372246 0.996278 0.00164274 0.998357 0.999947 5.32399e-05 0.999555 0.000445258 0.998803 0.00119748 0.996331 0.00366922
-2.01062 -2.89027 0.00471354 0.995286 0.00178385 0.998216 0.999875 0.000124955 0.999487 0.000512657 0.998729 0.00127119 0.995411 0.00458858
-1.88496 -2.89027 0.00599057 0.994009 0.00195049 0.99805 0.999765 0.000234902 0.999391 0.000609354 0.998659 0.00134114 0.994244 0.00575567
-1.75929 -2.89027 0.00764494 0.992355 0.00215146 0.997849 0.999607 0.000392516 0.999249 0.000750562 0.998599 0.0014009 0.992748 0.00725242
-1.63363 -2.89027 0.00980589 0.990194 0.00240209 0.997598 0.999389 0.000611297 0.999039 0.00096101 0.998559 0.00144108 0.990805 0.00919459
-1.50796 -2.89027 0.0126582 0.987342 0.00273024 0.99727 0.999089 0.000910608 0.998718 0.00128228 0.998552 0.00144795 0.988252 0.0117476
-1.3823 -2.89027 0.0164689 0.983531 0.00318843 0.996812 0.998213 0.00178662 0.998682 0.00131833 0.998598 0.00140182 0.984849 0.0151506
-1.25664 -2.89027 0.0216262 0.978374 0.00387917 0.996121 0.997396 0.00260353 0.998125 0.00187477 0.998724 0.00127563 0.980249 0.0197514
-1.13097 -2.89027 0.0286949 0.971305 0.00500915 0.994991 0.996028 0.00397244 0.997362 0.00263841 0.998963 0.00103671 0.973944 0.0260565
-1.00531 -2.89027 0.0384865 0.961514 0.00700838 0.992992 0.993653 0.00634694 0.996306 0.00369378 0.999339 0.000661436 0.965207 0.0347927
-0.879646 -2.89027 0.0521237 0.947876 0.0107932 0.989207 0.994838 0.00516164 0.989408 0.0105923 0.999799 0.000200866 0.953038 0.0469621
-0.753982 -2.89027 0.0710261 0.928974 0.0183279 0.981672 0.992791 0.007209 0.981713 0.0182869 0.999959 4.10648e-05 0.936183 0.0638171
-0.628319 -2.89027 0.0966306 0.903369 0.03365 0.96635 0.989948 0.010052 0.968253 0.0317465 0.998097 0.00190341 0.913421 0.0865785
-0.502655 -2.89027 0.129525 0.870475 0.0637805 0.936219 0.986065 0.0139348 0.948386 0.051614 0.987833 0.0121665 0.88441 0.11559
-0.376991 -2.89027 0.167779 0.832221 0.115688 0.884312 0.980942 0.0190579 0.930769 0.0692312 0.953543 0.0464566 0.851279 0.148721
-0.251327 -2.89027 0.205116 0.794884 0.18398 0.81602 0.974557 0.0254429 0.928592 0.0714076 0.887427 0.112573 0.820327 0.179673
-0.125664 -2.89027 0.230794 0.769206 0.244168 0.755832 0.967228 0.032772 0.937344 0.0626556 0.818488 0.181512 0.801978 0.198022
0 -2.89027 0.232764 0.767236 0.273087 0.726913 0.959755 0.0402454 0.948096 0.0519042 0.807482 0.192518 0.778818 0.221182
0.125664 -2.89027 0.26634 0.73366 0.203994 0.796006 0.953721 0.0462795 0.95841 0.0415895 0.842285 0.157715 0.775249 0.224751
0.251327 -2.89027 0.233487 0.766513 0.15063 0.84937 0.952078 0.0479222 0.967902 0.0320985 0.897292 0.102708 0.798611 0.201389
0.376991 -2.89027 0.188695 0.811305 0.0932513 0.906749 0.957902 0.0420984 0.97614 0.0238597 0.948847 0.051153 0.835164 0.164836
0.502655 -2.89027 0.144148 0.855852 0.050601 0.949399 0.96938 0.0306201 0.982767 0.0172325 0.980019 0.0199809 0.873084 0.126916
0.628319 -2.89027 0.106648 0.893352 0.0258765 0.974124 0.980564 0.0194359 0.987759 0.0122411 0.993559 0.00644053 0.905593 0.0944072
0.753982 -2.89027 0.0779479 0.922052 0.0133033 0.986697 0.988353 0.0116468 0.99136 0.00863992 0.998344 0.00165644 0.930692 0.069308
0.879646 -2.89027 0.0570349 0.942965 0.00721323 0.992787 0.993037 0.00696327 0.993903 0.00609672 0.99975 0.000249963 0.949062 0.0509382
1.00531 -2.89027 0.0420889 0.957911 0.00427598 0.995724 0.995724 0.00427598 0.995689 0.00431126 1 6.6803e-09 0.962222 0.0377776
1.13097 -2.89027 0.0314244 0.968576 0.00283375 0.997166 0.997266 0.00273436 0.996947 0.00305347 0.999901 9.9391e-05 0.971629 0.028371
1.25664 -2.89027 0.0237535 0.976247 0.00210272 0.997897 0.998168 0.00183247 0.99784 0.00216016 0.99973 0.00027025 0.978407 0.0215933
1.3823 -2.89027 0.0181651 0.981835 0.00171477 0.998285 0.998709 0.00129056 0.99848 0.00151961 0.999576 0.00042421 0.983355 0.0166454
1.50796 -2.89027 0.0140347 0.985965 0.00149538 0.998505 0.999044 0.00095587 0.998944 0.00105626 0.99946 0.00053951 0.987022 0.0129784
1.63363 -2.89027 0.0109375 0.989062 0.00136075 0.998639 0.999256 0.000744006 0.999281 0.000719093 0.999383 0.000616739 0.989782 0.0102184
1.75929 -2.89027 0.00858379 0.991416 0.0012702 0.99873 0.999393 0.000607309 0.999527 0.000473497 0.999337 0.00066289 0.99189 0.00811029
1.88496 -2.89027 0.00120395 0.998796 0.00677366 0.993226 0.999704 0.000295805 0.999482 0.000518159 0.999314 0.000685786 0.993522 0.00647785
2.01062 -2.89027 0.00115242 0.998848 0.00536789 0.994632 0.99983 0.000169727 0.99954 0.000460076 0.999308 0.000692344 0.994802 0.00519816
2.13628 -2.89027 0.00111113 0.998889 0.00426819 0.995732 0.999916 8.3992e-05 0.999577 0.00042288 0.999312 0.000688247 0.995816 0.0041842
2.26195 -2.89027 0.00107808 0.998922 0.00340435 0.996596 0.999969 3.07589e-05 0.9996 0.000399957 0.999322 0.000678123 0.996626 0.00337359
2.38761 -2.89027 0.00105254 0.998947 0.00272572 0.997274 0.999995 4.5233e-06 0.999613 0.000386602 0.999334 0.000665934 0.997279 0.0027212
2.51327 -2.89027 0.00103435 0.998966 0.00219554 0.997804 0.999999 1.24814e-06 0.999621 0.000378795 0.999344 0.00065556 0.997806 0.00219429
2.63894 -2.89027 0.00102368 0.998976 0.00178708 0.998213 0.999983 1.744e-05 0.999628 0.000371854 0.999348 0.00065183 0.99823 0.00176964
2.7646 -2.89027 0.00102081 0.998979 0.00148102 0.998519 0.999951 4.85017e-05 0.999642 0.000357771 0.999337 0.000663036 0.998567 0.00143252
2.89027 -2.89027 0.00102607 0.998974 0.00126374 0.998736 0.999916 8.39308e-05 0.999683 0.000317186 0.999291 0.000708884 0.99882 0.00117981
3.01593 -2.89027 0.00103986 0.99896 0.00112607 0.998874 0.999912 8.77699e-05 0.999808 0.000191788 0.999152 0.00084807 0.998962 0.0010383
-3.14159 -2.7646 0.00106259 0.998937 0.00106259 0.998937 1 7.54811e-29 1 1.15399e-29 0.998937 0.00106259 0.998937 0.00106259
-3.01593 -2.7646 0.00105746 0.998943 0.00110847 0.998892 0.999873 0.000126741 0.999858 0.000141966 0.999085 0.000915496 0.999018 0.000981725
-2.89027 -2.7646 0.00112489 0.998875 0.00116484 0.998835 0.999852 0.000147742 0.999782 0.000217702 0.999053 0.000947139 0.999023 0.000977149
-2.7646 -2.7646 0.00126886 0.998731 0.00123259 0.998767 0.999902 9.76305e-05 0.999736 0.000264059 0.999031 0.000968526 0.998829 0.00117123
-2.63894 -2.7646 0.00149694 0.998503 0.00131273 0.998687 0.999952 4.83336e-05 0.999705 0.000295137 0.998982 0.00101759 0.998551 0.00144861
-2.51327 -2.7646 0.00182091 0.998179 0.00140652 0.998593 0.999986 1.4103e-05 0.999677 0.000323086 0.998917 0.00108344 0.998193 0.00180681
-2.38761 -2.7646 0.00225785 0.997742 0.00151557 0.998484 1 1.53751e-07 0.999646 0.00035438 0.998839 0.00116118 0.997742 0.0022577
-2.26195 -2.7646 0.00283172 0.997168 0.00164196 0.998358 0.99999 9.73526e-06 0.999606 0.000394035 0.998752 0.00124792 0.997178 0.00282198
-2.13628 -2.7646 0.00357572 0.996424 0.00178861 0.998211 0.999954 4.62222e-05 0.999553 0.000447448 0.998659 0.00134116 0.996471 0.0035295
-2.01062 -2.7646 0.00453578 0.995464 0.00195976 0.99804 0.999886 0.000114078 0.999478 0.000521755 0.998562 0.001438 0.995578 0.0044217
-1.88496 -2.7646 0.00577572 0.994224 0.00216188 0.997838 0.99978 0.000219599 0.999373 0.000627465 0.998466 0.00153441 0.994444 0.00555612
-1.75929 -2.7646 0.00738488 0.992615 0.00240539 0.997595 0.999628 0.000371771 0.999219 0.000780997 0.998376 0.0016244 0.992987 0.00701311
-1.63363 -2.7646 0.00948968 0.99051 0.00270791 0.997292 0.999417 0.000583419 0.998991 0.00100907 0.998301 0.00169884 0.991094 0.00890626
-1.50796 -2.7646 0.0122708 0.987729 0.0031005 0.996899 0.999127 0.000872878 0.998643 0.00135665 0.998256 0.00174385 0.988602 0.0113979
-1.3823 -2.7646 0.0159889 0.984011 0.00364047 0.99636 0.998734 0.00126644 0.998098 0.00190199 0.998262 0.00173848 0.985278 0.0147224
-1.25664 -2.7646 0.0210227 0.978977 0.00443769 0.995562 0.998198 0.00180194 0.997214 0.00278581 0.998348 0.00165188 0.980779 0.0192208
-1.13097 -2.7646 0.0279223 0.972078 0.00571109 0.994289 0.997466 0.00253392 0.99573 0.00426952 0.998558 0.00144157 0.974612 0.0253884
-1.00531 -2.7646 0.0374755 0.962524 0.00791254 0.992087 0.996459 0.00354076 0.993147 0.00685257 0.99894 0.00105997 0.966065 0.0339348
-0.879646 -2.7646 0.0507678 0.949232 0.0120012 0.987999 0.995066 0.00493359 0.988499 0.0115011 0.9995 0.000500097 0.954166 0.0458342
-0.753982 -2.7646 0.0691619 0.930838 0.020032 0.979968 0.993135 0.00686501 0.979979 0.0200205 0.999988 1.15059e-05 0.937703 0.0622968
-0.628319 -2.7646 0.0940181 0.905982 0.0362352 0.963765 0.990469 0.00953093 0.964817 0.0351831 0.998948 0.00105206 0.915513 0.0844871
-0.502655 -2.7646 0.125845 0.874155 0.0679715 0.932028 0.986849 0.0131505 0.942041 0.0579592 0.989988 0.0100123 0.887305 0.112695
-0.376991 -2.7646 0.162691 0.837309 0.12243 0.87757 0.9821 0.0179003 0.922618 0.0773819 0.954952 0.0450481 0.855209 0.144791
-0.251327 -2.7646 0.1984 0.8016 0.193478 0.806522 0.976215 0.0237849 0.922763 0.0772369 0.883759 0.116241 0.825385 0.174615
-0.125664 -2.7646 0.222552 0.777448 0.255154 0.744846 0.969533 0.0304672 0.934002 0.0659983 0.810844 0.189156 0.807915 0.192085
0 -2.7646 0.223602 0.776398 0.283861 0.716139 0.96291 0.0370896 0.945744 0.0542562 0.813488 0.186512 0.770395 0.229605
0.125664 -2.7646 0.195145 0.804855 0.275713 0.724287 0.957998 0.0420018 0.956451 0.0435486 0.846857 0.153143 0.767836 0.232164
0.251327 -2.7646 0.240853 0.759147 0.143633 0.856367 0.957457 0.0425429 0.966282 0.0337179 0.89891 0.10109 0.792865 0.207135
0.376991 -2.7646 0.193988 0.806012 0.0888437 0.911156 0.963362 0.0366384 0.974906 0.0250935 0.947795 0.0522052 0.831106 0.168894
0.502655 -2.7646 0.147717 0.852283 0.0482097 0.95179 0.973541 0.0264594 0.9819 0.0180999 0.97825 0.0217503 0.870383 0.129617
0.628319 -2.7646 0.108993 0.891007 0.0245696 0.97543 0.983145 0.0168546 0.987181 0.0128188 0.992285 0.00771499 0.903825 0.0961745
0.753982 -2.7646 0.0795053 0.920495 0.0124925 0.987507 0.98983 0.0101699 0.990985 0.00901453 0.997677 0.00232257 0.929509 0.0704907
0.879646 -2.7646 0.0581052 0.941895 0.00663289 0.993367 0.993879 0.00612061 0.993662 0.00633811 0.999488 0.000512284 0.948233 0.0517671
1.00531 -2.7646 0.0428573 0.957143 0.00381809 0.996182 0.996219 0.00378059 0.995532 0.00446806 0.999963 3.74998e-05 0.961611 0.0383892
1.13097 -2.7646 0.0320003 0.968 0.00245323 0.997547 0.997568 0.00243156 0.996843 0.00315712 0.999978 2.16783e-05 0.971157 0.0288432
1.25664 -2.7646 0.0242012 0.975799 0.0017785 0.998222 0.99836 0.0016402 0.99777 0.00223037 0.999862 0.000138302 0.978029 0.0219708
1.3823 -2.7646 0.00143524 0.998565 0.0185234 0.981477 0.998836 0.00116437 0.998431 0.00156854 0.999729 0.000270879 0.983045 0.0169548
1.50796 -2.7646 0.00125308 0.998747 0.0143277 0.985672 0.999129 0.000870881 0.998909 0.00109143 0.999618 0.000382197 0.986764 0.0132363
1.63363 -2.7646 0.00115026 0.99885 0.011181 0.988819 0.999314 0.000685836 0.999255 0.000745117 0.999536 0.000464427 0.989564 0.0104359
1.75929 -2.7646 0.00108737 0.998913 0.00878815 0.991212 0.999433 0.000567399 0.999507 0.000493195 0.99948 0.000519969 0.991705 0.00829496
1.88496 -2.7646 0.00104544 0.998955 0.00694624 0.993054 0.999689 0.000310867 0.999509 0.000491306 0.999446 0.000554132 0.993365 0.00663537
2.01062 -2.7646 0.00101555 0.998984 0.00551393 0.994486 0.999819 0.000181124 0.999557 0.00044308 0.999428 0.000572467 0.994667 0.00533281
2.13628 -2.7646 0.000993702 0.999006 0.00439152 0.995608 0.999908 9.2223e-05 0.999586 0.000413774 0.99942 0.000579928 0.995701 0.0042993
2.26195 -2.7646 0.000978341 0.999022 0.00350782 0.996492 0.999964 3.60132e-05 0.999602 0.00039756 0.999419 0.000580781 0.996528 0.00347181
2.38761 -2.7646 0.000969074 0.999031 0.00281147 0.997189 0.999993 6.78449e-06 0.99961 0.000390237 0.999421 0.000578837 0.997195 0.00280469
2.51327 -2.7646 0.000966072 0.999034 0.00226517 0.997735 1 3.74143e-07 0.999612 0.000388104 0.999422 0.000577968 0.997735 0.00226479
2.63894 -2.7646 0.000969754 0.99903 0.00184174 0.998158 0.999987 1.32517e-05 0.999613 0.000386605 0.999417 0.000583149 0.998172 0.00182849
2.7646 -2.7646 0.000980653 0.999019 0.00152153 0.998478 0.999959 4.09571e-05 0.999622 0.000377505 0.999397 0.000603148 0.998519 0.00148057
2.89027 -2.7646 0.000999348 0.999001 0.00129059 0.998709 0.999926 7.36905e-05 0.99966 0.000339868 0.999341 0.000659479 0.998783 0.0012169
3.01593 -2.7646 0.00102645 0.998974 0.00113951 0.99886 0.999921 7.87919e-05 0.999793 0.000207143 0.999181 0.000819303 0.998939 0.00106072
-3.14159 -2.63894 0.00106259 0.998937 0.00106259 0.998937 1 7.54978e-29 1 1.6488e-28 0.998937 0.00106259 0.998937 0.00106259
-3.01593 -2.63894 0.00104384 0.998956 0.00112212 0.998878 0.999884 0.00011579 0.999845 0.000154862 0.999111 0.000888978 0.998994 0.00100633
-2.89027 -2.63894 0.00109698 0.998903 0.00119286 0.998807 0.999837 0.000163229 0.999799 0.000200564 0.999066 0.000933747 0.999008 0.000992296
-2.7646 -2.63894 0.00122568 0.998774 0.00127598 0.998724 0.99989 0.000109879 0.999753 0.000246792 0.998971 0.00102918 0.998884 0.0011158
-2.63894 -2.63894 0.00143716 0.998563 0.00137283 0.998627 0.999943 5.66476e-05 0.99972 0.000279895 0.998907 0.00109293 0.998619 0.00138051
-2.51327 -2.63894 0.00174277 0.998257 0.00148507 0.998515 0.999981 1.8537e-05 0.999689 0.000310834 0.998826 0.00117424 0.998276 0.00172423
-2.38761 -2.63894 0.00215908 0.997841 0.0016148 0.998385 0.999999 8.51936e-07 0.999654 0.000345768 0.998731 0.00126903 0.997842 0.00215823
-2.26195 -2.63894 0.00270937 0.997291 0.00176473 0.998235 0.999993 6.7734e-06 0.99961 0.000389736 0.998625 0.00137499 0.997297 0.0027026
-2.13628 -2.63894 0.003426 0.996574 0.00193857 0.998061 0.99996 3.95338e-05 0.999552 0.000448367 0.99851 0.0014902 0.996614 0.00338647
-2.01062 -2.63894 0.00435376 0.995646 0.00214158 0.997858 0.999897 0.000103384 0.999471 0.000529233 0.998388 0.00161235 0.99575 0.00425038
-1.88496 -2.63894 0.00555493 0.994445 0.00238162 0.997618 0.999796 0.000204315 0.999356 0.000643555 0.998262 0.00173807 0.994649 0.00535062
-1.75929 -2.63894 0.00711677 0.992883 0.00267097 0.997329 0.999649 0.000350862 0.999191 0.00080891 0.998138 0.00186206 0.993234 0.00676591
-1.63363 -2.63894 0.0091627 0.990837 0.00302982 0.99697 0.999445 0.000555184 0.998946 0.00105392 0.998024 0.0019759 0.991392 0.00860752
-1.50796 -2.63894 0.0118691 0.988131 0.00349295 0.996507 0.999165 0.000834607 0.998573 0.00142681 0.997934 0.00206615 0.988966 0.0110345
-1.3823 -2.63894 0.0154904 0.98451 0.00412315 0.995877 0.998786 0.00121387 0.997988 0.00201158 0.997888 0.00211157 0.985723 0.0142765
-1.25664 -2.63894 0.0203957 0.979604 0.00503878 0.994961 0.998272 0.00172839 0.99704 0.00295973 0.997921 0.00207906 0.981333 0.0186673
-1.13097 -2.63894 0.0271203 0.97288 0.00647271 0.993527 0.997571 0.00242892 0.995446 0.00455395 0.998081 0.00191876 0.975309 0.0246913
-1.00531 -2.63894 0.036429 0.963571 0.00890129 0.991099 0.996612 0.00338789 0.992661 0.00733853 0.998437 0.00156276 0.966959 0.0330411
-0.879646 -2.63894 0.0493718 0.950628 0.0133304 0.98667 0.995293 0.0047072 0.987619 0.0123805 0.99905 0.000949897 0.955335 0.0446646
-0.753982 -2.63894 0.0672588 0.932741 0.0219107 0.978089 0.993475 0.00652549 0.978278 0.0217225 0.999812 0.00018821 0.939267 0.0607333
-0.628319 -2.63894 0.0913807 0.908619 0.0390694 0.960931 0.990981 0.00901891 0.96134 0.0386602 0.999591 0.000409241 0.917638 0.0823618
-0.502655 -2.63894 0.122179 0.877821 0.0724997 0.9275 0.987618 0.0123816 0.935302 0.0646982 0.992198 0.00780159 0.890203 0.109797
-0.376991 -2.63894 0.157686 0.842314 0.129567 0.870433 0.983237 0.0167634 0.913905 0.0860954 0.956528 0.0434715 0.859077 0.140923
-0.251327 -2.63894 0.191869 0.808131 0.203327 0.796673 0.977853 0.0221467 0.917289 0.0827111 0.879384 0.120616 0.830278 0.169722
-0.125664 -2.63894 0.214614 0.785386 0.266382 0.733618 0.971828 0.0281718 0.931246 0.0687535 0.802371 0.197629 0.813558 0.186442
0 -2.63894 0.214872 0.785128 0.294799 0.705201 0.966056 0.0339435 0.943762 0.0562381 0.819072 0.180928 0.761439 0.238561
0.125664 -2.63894 0.186838 0.813162 0.285202 0.714798 0.962183 0.0378173 0.954655 0.045345 0.85098 0.14902 0.760143 0.239857
0.251327 -2.63894 0.137205 0.862795 0.248277 0.751723 0.962516 0.037484 0.964703 0.0352968 0.900279 0.0997215 0.78702 0.21298
0.376991 -2.63894 0.199269 0.800731 0.0849167 0.915083 0.968321 0.031679 0.973663 0.0263366 0.946762 0.0532377 0.827067 0.172933
0.502655 -2.63894 0.151221 0.848779 0.0461679 0.953832 0.977295 0.0227054 0.981014 0.0189861 0.976538 0.0234625 0.867765 0.132235
0.628319 -2.63894 0.111252 0.888748 0.0235072 0.976493 0.985507 0.0144927 0.986589 0.0134109 0.990986 0.00901443 0.902159 0.0978414
0.753982 -2.63894 0.0809766 0.919023 0.0118542 0.988146 0.991207 0.00879346 0.990603 0.00939735 0.996939 0.0030607 0.928421 0.0715793
0.879646 -2.63894 0.0591003 0.9409 0.00617609 0.993824 0.994677 0.00532285 0.993417 0.00658342 0.999147 0.000853245 0.947483 0.0525169
1.00531 -2.63894 0.00344996 0.99655 0.043564 0.956436 0.996694 0.00330585 0.995374 0.00462631 0.999856 0.000144113 0.961062 0.0389377
1.13097 -2.63894 0.0021388 0.997861 0.0325271 0.967473 0.997862 0.00213849 0.996739 0.00326099 1 3.07506e-07 0.970734 0.0292661
1.25664 -2.63894 0.00150349 0.998497 0.0246104 0.97539 0.998548 0.00145243 0.9977 0.00230026 0.999949 5.10579e-05 0.97769 0.0223101
1.3823 -2.63894 0.00119272 0.998807 0.0188517 0.981148 0.99896 0.00103998 0.998383 0.001617 0.999847 0.000152741 0.982765 0.0172347
1.50796 -2.63894 0.0010388 0.998961 0.0145974 0.985403 0.999214 0.000786216 0.998874 0.00112614 0.999747 0.000252583 0.986529 0.0134713
1.63363 -2.63894 0.000961114 0.999039 0.0114063 0.988594 0.999373 0.000627147 0.999229 0.000770784 0.999666 0.000333968 0.989364 0.0106356
1.75929 -2.63894 0.000920815 0.999079 0.00897847 0.991022 0.999474 0.000526486 0.999487 0.000512667 0.999606 0.000394328 0.991534 0.00846581
1.88496 -2.63894 0.000899343 0.999101 0.00710799 0.992892 0.999674 0.000325842 0.999537 0.000463187 0.999564 0.000436155 0.993218 0.00678214
2.01062 -2.63894 0.000888095 0.999112 0.00565166 0.994348 0.999807 0.000192569 0.999575 0.000424701 0.999537 0.000463394 0.994541 0.00545909
2.13628 -2.63894 0.000883369 0.999117 0.00450855 0.995491 0.999899 0.00010063 0.999597 0.000403279 0.99952 0.00048009 0.995592 0.00440792
2.26195 -2.63894 0.000883863 0.999116 0.00360658 0.996393 0.999958 4.15629e-05 0.999606 0.000393855 0.99951 0.000490008 0.996435 0.00356502
2.38761 -2.63894 0.000889433 0.999111 0.00289378 0.997106 0.999991 9.45285e-06 0.999607 0.000392734 0.999503 0.000496698 0.997116 0.00288433
2.51327 -2.63894 0.000900473 0.9991 0.00233235 0.997668 1 1.28135e-08 0.999603 0.000396538 0.999496 0.000503935 0.997668 0.00233234
2.63894 -2.63894 0.00091762 0.999082 0.00189475 0.998105 0.99999 9.67702e-06 0.999599 0.000400875 0.999483 0.000516745 0.998115 0.00188507
2.7646 -2.63894 0.000941608 0.999058 0.001561 0.998439 0.999966 3.41218e-05 0.999603 0.000397333 0.999456 0.000544275 0.998473 0.00152688
2.89027 -2.63894 0.000973218 0.999027 0.00131689 0.998683 0.999936 6.42247e-05 0.999637 0.00036344 0.99939 0.000609778 0.998747 0.00125267
3.01593 -2.63894 0.00101326 0.998987 0.00115273 0.998847 0.99993 7.03806e-05 0.999777 0.000223405 0.99921 0.000789856 0.998918 0.00108235
-3.14159 -2.51327 0.00106259 0.998937 0.00106259 0.998937 1 2.33013e-28 1 7.54825e-29 0.998937 0.00106259 0.998937 0.00106259
-3.01593 -2.51327 0.00103038 0.99897 0.00113562 0.998864 0.999895 0.000105452 0.999831 0.000168526 0.999138 0.000861851 0.99897 0.00103017
-2.89027 -2.51327 0.00106927 0.998931 0.00122071 0.998779 0.99982 0.00017969 0.999816 0.000184308 0.99911 0.000889579 0.998964 0.0010364
-2.7646 -2.51327 0.00118264 0.998817 0.00131931 0.998681 0.999877 0.000122974 0.99977 0.000230116 0.998911 0.0010892 0.99894 0.00105967
-2.63894 -2.51327 0.00137733 0.998623 0.00143314 0.998567 0.999934 6.57166e-05 0.999735 0.000264866 0.998832 0.00116827 0.998688 0.00131161
-2.51327 -2.51327 0.00166427 0.998336 0.00156428 0.998436 0.999976 2.36474e-05 0.999702 0.000298422 0.998734 0.00126586 0.998359 0.00164062
-2.38761 -2.51327 0.00205947 0.997941 0.00171535 0.998285 0.999998 2.14076e-06 0.999663 0.000336642 0.998621 0.0013787 0.997943 0.00205733
-2.26195 -2.51327 0.00258553 0.997414 0.00188974 0.99811 0.999996 4.29997e-06 0.999615 0.000384581 0.998495 0.00150516 0.997419 0.00258123
-2.13628 -2.51327 0.0032739 0.996726 0.00209203 0.997908 0.999967 3.32107e-05 0.999552 0.00044808 0.998356 0.00164395 0.996759 0.00324069
-2.01062 -2.51327 0.00416819 0.995832 0.00232861 0.997671 0.999907 9.29095e-05 0.999465 0.00053512 0.998207 0.00179349 0.995925 0.00407528
-1.88496 -2.51327 0.00532909 0.994671 0.00260887 0.997391 0.999811 0.000189081 0.999342 0.0006576 0.998049 0.00195127 0.99486 0.00514001
-1.75929 -2.51327 0.00684166 0.993158 0.00294716 0.997053 0.99967 0.000329815 0.999166 0.000834189 0.997887 0.00211298 0.993488 0.00651185
-1.63363 -2.51327 0.00882626 0.991174 0.00336659 0.996633 0.999473 0.000526611 0.998905 0.00109531 0.997729 0.00227128 0.9917 0.00829965
-1.50796 -2.51327 0.0114549 0.988545 0.00390612 0.996094 0.999204 0.000795803 0.998508 0.00149224 0.997586 0.00241388 0.989341 0.0106591
-1.3823 -2.51327 0.0149754 0.985025 0.00463473 0.995365 0.998839 0.00116061 0.997886 0.00211444 0.99748 0.00252029 0.986185 0.0138148
-1.25664 -2.51327 0.0197476 0.980252 0.00568036 0.99432 0.998346 0.00165409 0.996876 0.00312351 0.997443 0.00255686 0.981907 0.0180935
-1.13097 -2.51327 0.0262919 0.973708 0.00729149 0.992709 0.997677 0.00232334 0.995178 0.00482223 0.997531 0.00246926 0.976031 0.0239685
-1.00531 -2.51327 0.035351 0.964649 0.00997152 0.990028 0.996765 0.00323503 0.992202 0.00779758 0.997826 0.00217394 0.967884 0.032116
-0.879646 -2.51327 0.0479411 0.952059 0.0147769 0.985223 0.995518 0.00448219 0.986786 0.0132144 0.998438 0.00156244 0.956541 0.0434589
-0.753982 -2.51327 0.0653236 0.934676 0.0239584 0.976042 0.99381 0.00619002 0.976645 0.0233548 0.999396 0.000603668 0.940866 0.0591335
-0.628319 -2.51327 0.0887267 0.911273 0.0421431 0.957857 0.991485 0.00851548 0.957905 0.0420952 0.999952 4.79163e-05 0.919789 0.0802112
-0.502655 -2.51327 0.118534 0.881466 0.0773444 0.922656 0.988372 0.0116277 0.92824 0.0717602 0.994416 0.00558424 0.893094 0.106906
-0.376991 -2.51327 0.152774 0.847226 0.137053 0.862947 0.984351 0.0156488 0.904609 0.095391 0.958338 0.041662 0.862875 0.137125
-0.251327 -2.51327 0.185533 0.814467 0.213454 0.786546 0.979465 0.0205354 0.912429 0.0875714 0.874118 0.125882 0.835002 0.164998
-0.125664 -2.51327 0.206996 0.793004 0.27777 0.72223 0.974094 0.0259058 0.929247 0.0707526 0.792982 0.207018 0.818909 0.181091
0 -2.51327 0.206593 0.793407 0.305833 0.694167 0.969152 0.030848 0.942225 0.0577745 0.824255 0.175745 0.751941 0.248059
0.125664 -2.51327 0.179087 0.820913 0.29476 0.70524 0.966219 0.0337813 0.953055 0.0469448 0.854694 0.145306 0.752184 0.247816
0.251327 -2.51327 0.131349 0.868651 0.255729 0.744271 0.967225 0.0327748 0.963177 0.036823 0.901426 0.0985742 0.781094 0.218906
0.376991 -2.51327 0.0814596 0.91854 0.204518 0.795482 0.972801 0.0271994 0.972413 0.0275868 0.94574 0.0542602 0.823069 0.176931
0.502655 -2.51327 0.0444637 0.955536 0.154646 0.845354 0.980663 0.0193371 0.980108 0.0198922 0.974873 0.0251266 0.865246 0.134754
0.628319 -2.51327 0.0226809 0.977319 0.113413 0.886587 0.987651 0.0123494 0.985981 0.0140185 0.989669 0.0103315 0.900606 0.0993943
0.753982 -2.51327 0.0113835 0.988616 0.0823533 0.917647 0.992476 0.00752393 0.990211 0.00978924 0.99614 0.00385957 0.927436 0.072564
0.879646 -2.51327 0.00584043 0.99416 0.0600141 0.939986 0.995424 0.00457626 0.993167 0.0068331 0.998736 0.00126417 0.946819 0.0531809
1.00531 -2.51327 0.00317062 0.996829 0.0442048 0.955795 0.997144 0.00285628 0.995214 0.00478625 0.999686 0.000314342 0.960581 0.0394185
1.13097 -2.51327 0.00189023 0.99811 0.0330017 0.966998 0.998142 0.00185817 0.996635 0.00336522 0.999968 3.20603e-05 0.970363 0.0296365
1.25664 -2.51327 0.00127788 0.998722 0.0249788 0.975021 0.998729 0.00127113 0.99763 0.00236991 0.999993 6.74585e-06 0.977391 0.0226089
1.3823 -2.51327 0.000987586 0.999012 0.0191482 0.980852 0.999081 0.000918683 0.998335 0.00166503 0.999931 6.89031e-05 0.982517 0.0174832
1.50796 -2.51327 0.000853034 0.999147 0.0148425 0.985158 0.999297 0.00070273 0.99884 0.00116042 0.99985 0.000150304 0.986318 0.013682
1.63363 -2.51327 0.000793817 0.999206 0.0116125 0.988388 0.999431 0.000568502 0.999204 0.000796104 0.999775 0.000225314 0.989184 0.0108164
1.75929 -2.51327 0.000771048 0.999229 0.00915388 0.990846 0.999515 0.000484936 0.999468 0.000531913 0.999714 0.000286112 0.991378 0.00862196
1.88496 -2.51327 0.000766138 0.999234 0.00725817 0.992742 0.999566 0.000434027 0.999659 0.000340723 0.999668 0.000332111 0.993083 0.00691745
2.01062 -2.51327 0.000770505 0.999229 0.00578048 0.99422 0.999796 0.000204049 0.999595 0.000405061 0.999635 0.000365444 0.994424 0.00557643
2.13628 -2.51327 0.000780521 0.999219 0.00461877 0.995381 0.999891 0.000109196 0.999609 0.000391434 0.999611 0.000389087 0.99549 0.00450957
2.26195 -2.51327 0.000794993 0.999205 0.00370022 0.9963 0.999953 4.73887e-05 0.999611 0.00038882 0.999594 0.000406173 0.996347 0.00365283
2.38761 -2.51327 0.000813909 0.999186 0.0029723 0.997028 0.999987 1.25078e-05 0.999606 0.000394018 0.99958 0.000419891 0.99704 0.00295979
2.51327 -2.51327 0.000837808 0.999162 0.00239682 0.997603 1 1.43212e-07 0.999596 0.000403984 0.999566 0.000433824 0.997603 0.00239668
2.63894 -2.51327 0.000867481 0.999133 0.0019459 0.998054 0.999993 6.69508e-06 0.999585 0.00041452 0.999547 0.000452961 0.998061 0.00193921
2.7646 -2.51327 0.000903822 0.999096 0.0015993 0.998401 0.999972 2.79738e-05 0.999583 0.000417117 0.999513 0.000486705 0.998429 0.00157132
2.89027 -2.51327 0.000947783 0.999052 0.00134253 0.998657 0.999944 5.55064e-05 0.999612 0.00038785 0.99944 0.000559933 0.998713 0.00128702
3.01593 -2.51327 0.00100036 0.999 0.00116568 0.998834 0.999937 6.25169e-05 0.999759 0.000240647 0.99924 0.000759708 0.998897 0.00110316
-3.14159 -2.38761 0.00106259 0.998937 0.00106259 0.998937 1 7.54862e-29 1 2.92298e-28 0.998937 0.00106259 0.998937 0.00106259
-3.01593 -2.38761 0.00101713 0.998983 0.00114892 0.998851 0.999904 9.57013e-05 0.999817 0.000183 0.999166 0.000834126 0.998947 0.00105321
-2.89027 -2.38761 0.00104188 0.998958 0.00124828 0.998752 0.999831 0.00016891 0.999803 0.000197149 0.999155 0.000844729 0.998921 0.00107937
-2.7646 -2.38761 0.00113991 0.99886 0.00136242 0.998638 0.999863 0.000136926 0.999786 0.000214054 0.998997 0.00100299 0.998852 0.00114837
-2.63894 -2.38761 0.0013177 0.998682 0.00149343 0.998507 0.999924 7.55552e-05 0.99975 0.000250104 0.998757 0.00124332 0.998758 0.00124214
-2.51327 -2.38761 0.00158572 0.998414 0.00164383 0.998356 0.999971 2.94564e-05 0.999714 0.000285925 0.998642 0.0013579 0.998444 0.00155626
-2.38761 -2.38761 0.00195941 0.998041 0.00181681 0.998183 0.999996 4.05006e-06 0.999673 0.000327087 0.99851 0.00148972 0.998045 0.00195536
-2.26195 -2.38761 0.00246067 0.997539 0.00201648 0.997984 0.999998 2.35056e-06 0.999621 0.000378651 0.998362 0.00163783 0.997542 0.00245832
-2.13628 -2.38761 0.00312 0.99688 0.00224837 0.997752 0.999973 2.7292e-05 0.999553 0.000446656 0.998198 0.00180171 0.996907 0.00309271
-2.01062 -2.38761 0.00397979 0.99602 0.0025201 0.99748 0.999917 8.26947e-05 0.999461 0.000539463 0.998019 0.00198064 0.996103 0.00389709
-1.88496 -2.38761 0.00509907 0.994901 0.00284272 0.997157 0.999826 0.000173936 0.99933 0.000669603 0.997827 0.00217312 0.995075 0.00492513
-1.75929 -2.38761 0.00656063 0.993439 0.00323289 0.996767 0.999691 0.000308665 0.999143 0.000856763 0.997624 0.00237613 0.993748 0.00625197
-1.63363 -2.38761 0.00848167 0.991518 0.00371692 0.996283 0.999502 0.000497728 0.998867 0.00113304 0.997416 0.00258388 0.992016 0.00798394
-1.50796 -2.38761 0.0110297 0.98897 0.00433842 0.995662 0.999244 0.00075648 0.998447 0.00155256 0.997214 0.00278586 0.989727 0.0102732
-1.3823 -2.38761 0.0144461 0.985554 0.00517325 0.994827 0.998893 0.00110665 0.99779 0.00220976 0.997037 0.0029635 0.986661 0.0133394
-1.25664 -2.38761 0.0190809 0.980919 0.00636003 0.99364 0.998421 0.00157902 0.996724 0.00327558 0.996916 0.00308445 0.982498 0.0175019
-1.13097 -2.38761 0.0254404 0.97456 0.00816444 0.991836 0.997783 0.0022171 0.994929 0.00507124 0.996907 0.0030932 0.976777 0.0232233
-1.00531 -2.38761 0.0342456 0.965754 0.0111195 0.988881 0.996918 0.00308206 0.991777 0.00822305 0.997104 0.00289641 0.968836 0.0311636
-0.879646 -2.38761 0.0464808 0.953519 0.0163355 0.983665 0.995742 0.00425835 0.986013 0.0139872 0.997652 0.0023483 0.957777 0.0422225
-0.753982 -2.38761 0.0633625 0.936637 0.0261678 0.973832 0.994142 0.00585828 0.975123 0.0248773 0.998709 0.0012905 0.942496 0.0575042
-0.628319 -2.38761 0.0860636 0.913936 0.0454434 0.954557 0.99198 0.00802025 0.954614 0.0453864 0.999943 5.70171e-05 0.921957 0.0780433
-0.502655 -2.38761 0.114919 0.885081 0.0824788 0.917521 0.989111 0.0108889 0.92098 0.0790201 0.996541 0.00345872 0.89597 0.10403
-0.376991 -2.38761 0.147963 0.852037 0.144834 0.855166 0.985442 0.014558 0.894689 0.105311 0.960477 0.039523 0.866595 0.133405
-0.251327 -2.38761 0.179404 0.820596 0.223775 0.776225 0.981042 0.0189576 0.908518 0.0914823 0.867707 0.132293 0.839554 0.160446
-0.125664 -2.38761 0.199712 0.800288 0.28923 0.71077 0.976314 0.0236865 0.92818 0.0718196 0.782589 0.217411 0.823975 0.176025
0 -2.38761 0.198779 0.801221 0.316891 0.683109 0.972163 0.0278366 0.941208 0.0587922 0.829058 0.170942 0.741901 0.258099
0.125664 -2.38761 0.1719 0.8281 0.304339 0.695661 0.970064 0.0299361 0.951686 0.048314 0.858036 0.141964 0.743975 0.256025
0.251327 -2.38761 0.126056 0.873944 0.263175 0.736825 0.971569 0.0284311 0.961716 0.0382837 0.902375 0.0976249 0.775108 0.224892
0.376991 -2.38761 0.0784572 0.921543 0.209711 0.790289 0.976824 0.0231763 0.971158 0.0288422 0.944719 0.0552809 0.819131 0.180869
0.502655 -2.38761 0.0430835 0.956917 0.157974 0.842026 0.983668 0.0163322 0.979181 0.0208193 0.973249 0.0267512 0.862845 0.137155
0.628319 -2.38761 0.0220815 0.977918 0.115463 0.884537 0.98958 0.0104199 0.985357 0.0146432 0.988338 0.0116616 0.899181 0.100819
0.753982 -2.38761 0.011075 0.988925 0.0836262 0.916374 0.993635 0.0063648 0.989809 0.0101911 0.99529 0.00471024 0.926565 0.0734352
0.879646 -2.38761 0.00562298 0.994377 0.0608403 0.93916 0.996115 0.00388543 0.992912 0.00708765 0.998262 0.00173754 0.946247 0.0537527
1.00531 -2.38761 0.00297865 0.997021 0.0447752 0.955225 0.997564 0.00243553 0.995052 0.00494815 0.999457 0.000543119 0.960173 0.0398271
1.13097 -2.38761 0.00170701 0.998293 0.0334211 0.966579 0.998407 0.00159319 0.99653 0.00346993 0.999886 0.000113814 0.970049 0.0299512
1.25664 -2.38761 0.00110163 0.998898 0.0253042 0.974696 0.998902 0.00109808 0.997561 0.0024394 0.999996 3.54693e-06 0.977135 0.0228648
1.3823 -2.38761 0.000820078 0.99918 0.0194113 0.980589 0.999198 0.000801703 0.998287 0.00171266 0.999982 1.83746e-05 0.982301 0.0176986
1.50796 -2.38761 0.000696144 0.999304 0.0150615 0.984939 0.999379 0.000621256 0.998806 0.00119429 0.999925 7.4888e-05 0.986133 0.0138672
1.63363 -2.38761 0.00064879 0.999351 0.0117983 0.988202 0.99949 0.000510472 0.999179 0.000821087 0.999862 0.000138317 0.989023 0.0109773
1.75929 -2.38761 0.000638502 0.999361 0.00931352 0.990686 0.999557 0.00044313 0.999449 0.000550935 0.999805 0.000195372 0.991237 0.00876258
1.88496 -2.38761 0.000646246 0.999354 0.00739611 0.992604 0.999596 0.00040407 0.999644 0.000355504 0.999758 0.000242177 0.992959 0.0070406
2.01062 -2.38761 0.000663173 0.999337 0.00589982 0.9941 0.999784 0.000215554 0.999616 0.000384301 0.999721 0.000278873 0.994316 0.00568427
2.13628 -2.38761 0.00068552 0.999314 0.0047217 0.995278 0.999882 0.000117906 0.999622 0.0003783 0.999693 0.000307221 0.995396 0.0046038
2.26195 -2.38761 0.000712054 0.999288 0.00378832 0.996212 0.999947 5.34733e-05 0.999618 0.000382448 0.99967 0.000329606 0.996265 0.00373485
2.38761 -2.38761 0.000742783 0.999257 0.00304671 0.996953 0.999984 1.59302e-05 0.999606 0.000394023 0.999651 0.00034876 0.996969 0.00303078
2.51327 -2.38761 0.000778314 0.999222 0.00245831 0.997542 0.999999 7.45557e-07 0.99959 0.000410327 0.999632 0.000367987 0.997542 0.00245757
2.63894 -2.38761 0.000819529 0.99918 0.00199499 0.998005 0.999996 4.28571e-06 0.999573 0.000427389 0.999608 0.00039214 0.998009 0.00199071
2.7646 -2.38761 0.000867442 0.999133 0.00163625 0.998364 0.999978 2.24917e-05 0.999563 0.000436696 0.999569 0.000430746 0.998386 0.00161376
2.89027 -2.38761 0.000923142 0.999077 0.0013674 0.998633 0.999952 4.75099e-05 0.999587 0.000413025 0.99949 0.000510117 0.99868 0.00131989
3.01593 -2.38761 0.00098778 0.999012 0.00117831 0.998822 0.999945 5.51833e-05 0.999741 0.000258954 0.999271 0.000728826 0.998877 0.00112313
-3.14159 -2.26195 0.00106259 0.998937 0.00106259 0.998937 1 7.5488e-29 1 9.74839e-29 0.998937 0.00106259 0.998937 0.00106259
-3.01593 -2.26195 0.00100414 0.998996 0.00116196 0.998838 0.999913 8.65147e-05 0.999802 0.000198336 0.999194 0.000805803 0.998925 0.00107544
-2.89027 -2.26195 0.00101491 0.998985 0.00127545 0.998725 0.999846 0.000154345 0.999784 0.000215628 0.999201 0.000799283 0.998879 0.00112111
-2.7646 -2.26195 0.00109766 0.998902 0.00140513 0.998595 0.999848 0.000151741 0.999801 0.000198621 0.999054 0.00094592 0.998793 0.00120651
-2.63894 -2.26195 0.00125849 0.998742 0.00155344 0.998447 0.999914 8.61746e-05 0.999764 0.000235657 0.998828 0.00117232 0.998682 0.00131779
-2.51327 -2.26195 0.00150741 0.998493 0.0017234 0.998277 0.999964 3.59849e-05 0.999727 0.000273411 0.99855 0.00144999 0.998529 0.00147143
-2.38761 -2.26195 0.00185929 0.998141 0.00191877 0.998081 0.999993 6.60973e-06 0.999683 0.00031718 0.998398 0.00160159 0.998147 0.00185268
-2.26195 -2.26195 0.00233527 0.997665 0.00214446 0.997856 0.999999 9.62413e-07 0.999628 0.000372029 0.998228 0.00177243 0.997666 0.00233431
-2.13628 -2.26195 0.0029649 0.997035 0.00240696 0.997593 0.999978 2.18199e-05 0.999556 0.000444172 0.998037 0.00196279 0.997057 0.00294308
-2.01062 -2.26195 0.00378929 0.996211 0.00271527 0.997285 0.999927 7.2784e-05 0.999458 0.000542323 0.997827 0.00217295 0.996283 0.0037165
-1.88496 -2.26195 0.00486575 0.995134 0.00308224 0.996918 0.999841 0.000158926 0.99932 0.000679591 0.997597 0.00240265 0.995293 0.00470682
-1.75929 -2.26195 0.00627475 0.993725 0.003527 0.996473 0.999713 0.000287454 0.999123 0.000876603 0.99735 0.0026504 0.994013 0.0059873
-1.63363 -2.26195 0.00813025 0.99187 0.0040794 0.995921 0.999531 0.00046857 0.998833 0.00116698 0.997088 0.00291242 0.992338 0.00766168
-1.50796 -2.26195 0.0105951 0.989405 0.00478812 0.995212 0.999283 0.000716665 0.998393 0.00160743 0.996819 0.00318069 0.990122 0.00987847
-1.3823 -2.26195 0.0139043 0.986096 0.00573659 0.994263 0.998948 0.00105202 0.997703 0.0022969 0.99656 0.00343969 0.987148 0.0128523
-1.25664 -2.26195 0.0183982 0.981602 0.0070751 0.992925 0.998497 0.00150316 0.996585 0.00341466 0.99634 0.00366045 0.983105 0.016895
-1.13097 -2.26195 0.0245689 0.975431 0.00908816 0.990912 0.99789 0.00211018 0.994702 0.00529833 0.99621 0.00378983 0.977541 0.0224587
-1.00531 -2.26195 0.0331168 0.966883 0.0123406 0.987659 0.997071 0.00292888 0.991391 0.00860908 0.996268 0.00373152 0.969812 0.0301879
-0.879646 -2.26195 0.0449959 0.955004 0.018 0.982 0.995964 0.00403551 0.985316 0.0146844 0.996684 0.0033156 0.95904 0.0409604
-0.753982 -2.26195 0.0613816 0.938618 0.0285293 0.971471 0.99447 0.00553001 0.97375 0.0262502 0.997721 0.00227908 0.944148 0.0558516
-0.628319 -2.26195 0.0833984 0.916602 0.0489536 0.951046 0.992467 0.00753291 0.951585 0.0484149 0.999461 0.000538746 0.924135 0.0758655
-0.502655 -2.26195 0.111343 0.888657 0.0878701 0.91213 0.989835 0.0101651 0.913733 0.0862665 0.998396 0.00160358 0.898822 0.101178
-0.376991 -2.26195 0.143263 0.856737 0.152848 0.847152 0.986508 0.0134925 0.884057 0.115943 0.963095 0.036905 0.87023 0.12977
-0.251327 -2.26195 0.173488 0.826512 0.234201 0.765799 0.982581 0.0174189 0.905996 0.0940043 0.859803 0.140197 0.843931 0.156069
-0.125664 -2.26195 0.192768 0.807232 0.30067 0.69933 0.978471 0.0215286 0.92822 0.0717798 0.77111 0.22889 0.82876 0.17124
0 -2.26195 0.191436 0.808564 0.327898 0.672102 0.975063 0.0249367 0.940776 0.0592236 0.8335 0.1665 0.731326 0.268674
0.125664 -2.26195 0.165276 0.834724 0.313883 0.686117 0.973688 0.0263118 0.950581 0.0494195 0.861035 0.138965 0.735536 0.264464
0.251327 -2.26195 0.121313 0.878687 0.270582 0.729418 0.975542 0.0244582 0.960334 0.0396659 0.903145 0.096855 0.769083 0.230917
0.376991 -2.26195 0.075891 0.924109 0.214826 0.785174 0.980416 0.0195839 0.969899 0.0301005 0.943693 0.056307 0.815275 0.184725
0.502655 -2.26195 0.0420118 0.957988 0.161187 0.838813 0.986333 0.0136673 0.978231 0.0217689 0.971655 0.0283445 0.860582 0.139418
0.628319 -2.26195 0.0216988 0.978301 0.117388 0.882612 0.991303 0.00869663 0.984714 0.0152864 0.986998 0.0130022 0.897898 0.102102
0.753982 -2.26195 0.0109227 0.989077 0.0847866 0.915213 0.994683 0.00531694 0.989396 0.0106039 0.994394 0.00560574 0.925817 0.0741827
0.879646 -2.26195 0.00552033 0.99448 0.061573 0.938427 0.996747 0.00325336 0.992652 0.00734758 0.997733 0.00226697 0.945775 0.0542254
1.00531 -2.26195 0.00287229 0.997128 0.0452712 0.954729 0.997954 0.00204643 0.994888 0.00511225 0.999174 0.000825858 0.959841 0.040159
1.13097 -2.26195 0.00158832 0.998412 0.0337824 0.966218 0.998654 0.00134572 0.996425 0.00357525 0.999757 0.000242596 0.969793 0.0302072
1.25664 -2.26195 0.000974504 0.999025 0.0255845 0.974415 0.999065 0.000934863 0.997491 0.00250879 0.99996 3.96415e-05 0.976924 0.0230757
1.3823 -2.26195 0.000690261 0.99931 0.0196394 0.980361 0.99931 0.00069016 0.99824 0.00175995 1 1.00988e-07 0.982121 0.0178795
1.50796 -2.26195 0.000568368 0.999432 0.0152533 0.984747 0.999457 0.000542592 0.998772 0.00122777 0.999974 2.57764e-05 0.985974 0.0140255
1.63363 -2.26195 0.000526357 0.999474 0.011963 0.988037 0.999546 0.000453619 0.999154 0.000845745 0.999927 7.27384e-05 0.988883 0.0111173
1.75929 -2.26195 0.000523535 0.999476 0.00945661 0.990543 0.999599 0.00040146 0.99943 0.000569737 0.999878 0.000122075 0.991113 0.00888688
1.88496 -2.26195 0.000540032 0.99946 0.00752114 0.992479 0.999626 0.000373578 0.99963 0.000370183 0.999834 0.000166454 0.992849 0.00715096
2.01062 -2.26195 0.000566451 0.999434 0.00600914 0.993991 0.999773 0.000227076 0.999637 0.000362582 0.999796 0.000203869 0.994218 0.00578206
2.13628 -2.26195 0.000598694 0.999401 0.00481691 0.995183 0.999873 0.00012675 0.999636 0.000363956 0.999765 0.000234738 0.99531 0.00469016
2.26195 -2.26195 0.000635341 0.999365 0.00387053 0.996129 0.99994 5.98013e-05 0.999625 0.000374748 0.999739 0.000260593 0.996189 0.00381073
2.38761 -2.26195 0.000676317 0.999324 0.00311668 0.996883 0.99998 1.97028e-05 0.999607 0.000392699 0.999716 0.000283618 0.996903 0.00309698
2.51327 -2.26195 0.000722213 0.999278 0.00251657 0.997483 0.999998 1.80131e-06 0.999585 0.00041546 0.999693 0.000306753 0.997485 0.00251477
2.63894 -2.26195 0.000773946 0.999226 0.00204181 0.997958 0.999998 2.4296e-06 0.999561 0.000439327 0.999665 0.00033462 0.997961 0.00203938
2.7646 -2.26195 0.000832607 0.999167 0.00167172 0.998328 0.999982 1.76544e-05 0.999544 0.000455889 0.999623 0.000376718 0.998346 0.00165406
2.89027 -2.26195 0.00089939 0.999101 0.00139141 0.998609 0.99996 4.02109e-05 0.999561 0.00043886 0.999539 0.00046053 0.998649 0.0013512
3.01593 -2.26195 0.000975584 0.999024 0.00119057 0.998809 0.999952 4.83636e-05 0.999722 0.00027843 0.999303 0.000697154 0.998858 0.0011422
-3.14159 -2.13628 0.00106259 0.998937 0.00106259 0.998937 1 7.54842e-29 1 1.19998e-28 0.998937 0.00106259 0.998937 0.00106259
-3.01593 -2.13628 0.000991467 0.999009 0.00117469 0.998825 0.999922 7.78722e-05 0.999785 0.00021459 0.999223 0.000776876 0.998903 0.00109682
-2.89027 -2.13628 0.000988473 0.999012 0.00130213 0.998698 0.999859 0.000140588 0.999765 0.000235145 0.999247 0.000753328 0.998838 0.00116154
-2.7646 -2.13628 0.00105605 0.998944 0.00144727 0.998553 0.999833 0.000167421 0.999816 0.000183825 0.999111 0.000888634 0.998737 0.00126345
-2.63894 -2.13628 0.00119994 0.9988 0.00161295 0.998387 0.999902 9.75822e-05 0.999778 0.000221563 0.998898 0.00110235 0.998609 0.00139139
-2.51327 -2.13628 0.00142966 0.99857 0.00180267 0.998197 0.999957 4.32514e-05 0.999739 0.000260938 0.998614 0.00138641 0.998458 0.00154173
-2.38761 -2.13628 0.00175949 0.998241 0.00202083 0.997979 0.99999 9.84926e-06 0.999693 0.000306994 0.998286 0.00171384 0.99825 0.00174964
-2.26195 -2.13628 0.00220982 0.99779 0.00227314 0.997727 1 1.74062e-07 0.999635 0.000364793 0.998092 0.00190834 0.99779 0.00220964
-2.13628 -2.13628 0.00280919 0.997191 0.00256717 0.997433 0.999983 1.68396e-05 0.999559 0.000440707 0.997874 0.00212646 0.997208 0.00279235
-2.01062 -2.13628 0.0035974 0.996403 0.00291334 0.997087 0.999937 6.32272e-05 0.999456 0.000543767 0.99763 0.00236957 0.996466 0.00353417
-1.88496 -2.13628 0.00463002 0.99537 0.00332644 0.996674 0.999856 0.000144101 0.999312 0.000687611 0.997361 0.00263883 0.995514 0.00448591
-1.75929 -2.13628 0.0059851 0.994015 0.0038283 0.996172 0.999734 0.000266232 0.999106 0.000893713 0.997065 0.00293458 0.994281 0.00571887
-1.63363 -2.13628 0.0077733 0.992227 0.00445254 0.995547 0.999561 0.000439183 0.998803 0.00119707 0.996745 0.00325548 0.992666 0.00733411
-1.50796 -2.13628 0.0101529 0.989847 0.00525337 0.994747 0.999324 0.000676398 0.998343 0.00165665 0.996403 0.00359672 0.990524 0.00947647
-1.3823 -2.13628 0.0133521 0.986648 0.00632242 0.993678 0.999003 0.000996725 0.997625 0.00237539 0.996053 0.00394703 0.987645 0.0123554
-1.25664 -2.13628 0.0177018 0.982298 0.00782263 0.992177 0.998573 0.00142653 0.99646 0.00353976 0.995717 0.00428287 0.983725 0.0162753
-1.13097 -2.13628 0.0236804 0.97632 0.0100588 0.989941 0.997997 0.00200254 0.994499 0.00550139 0.995443 0.00455738 0.978322 0.0216779
-1.00531 -2.13628 0.0319682 0.968032 0.0136297 0.98637 0.997225 0.00277544 0.991049 0.00895086 0.995321 0.00467888 0.970807 0.0291927
-0.879646 -2.13628 0.0434909 0.956509 0.0197632 0.980237 0.996186 0.00381356 0.984706 0.015294 0.995531 0.00446919 0.960323 0.0396773
-0.753982 -2.13628 0.0593865 0.940613 0.0310316 0.968968 0.994795 0.00520502 0.972563 0.027437 0.996405 0.00359463 0.945818 0.0541815
-0.628319 -2.13628 0.0807375 0.919263 0.052654 0.947346 0.992947 0.00705328 0.948947 0.0510527 0.998399 0.0016013 0.926316 0.0736842
-0.502655 -2.13628 0.107812 0.892188 0.0934802 0.90652 0.990544 0.00945636 0.906839 0.093161 0.999681 0.000319251 0.901645 0.0983551
-0.376991 -2.13628 0.138678 0.861322 0.161025 0.838975 0.987546 0.0124536 0.872538 0.127462 0.966436 0.0335636 0.873776 0.126224
-0.251327 -2.13628 0.167792 0.832208 0.244638 0.755362 0.984076 0.0159243 0.905442 0.0945582 0.84992 0.15008 0.848133 0.151867
-0.125664 -2.13628 0.186171 0.813829 0.311996 0.688004 0.980556 0.0194445 0.929528 0.0704724 0.758476 0.241524 0.833273 0.166727
0 -2.13628 0.184568 0.815432 0.338777 0.661223 0.977831 0.0221693 0.94099 0.0590105 0.837601 0.162399 0.720233 0.279767
0.125664 -2.13628 0.159209 0.840791 0.32334 0.67666 0.977071 0.0229286 0.94977 0.0502299 0.86372 0.13628 0.72689 0.27311
0.251327 -2.13628 0.117103 0.882897 0.277913 0.722087 0.979147 0.0208532 0.959044 0.0409563 0.90375 0.0962499 0.763044 0.236956
0.376991 -2.13628 0.0737401 0.92626 0.219835 0.780165 0.983605 0.0163954 0.96864 0.03136 0.942655 0.0573447 0.811525 0.188475
0.502655 -2.13628 0.0412322 0.958768 0.164267 0.835733 0.988682 0.0113184 0.977257 0.0227428 0.970086 0.0299138 0.858476 0.141524
0.628319 -2.13628 0.0215219 0.978478 0.119177 0.880823 0.99283 0.00716988 0.98405 0.0159498 0.985648 0.0143521 0.896773 0.103227
0.753982 -2.13628 0.0109199 0.98908 0.0858253 0.914175 0.995621 0.00437917 0.988971 0.0110286 0.993459 0.00654071 0.925203 0.0747967
0.879646 -2.13628 0.00552871 0.994471 0.0622061 0.937794 0.997318 0.00268167 0.992387 0.00761339 0.997153 0.00284704 0.945407 0.0545927
1.00531 -2.13628 0.00284947 0.997151 0.0456888 0.954311 0.998309 0.00169101 0.994721 0.0052788 0.998842 0.00115846 0.95959 0.04041
1.13097 -2.13628 0.00153314 0.998467 0.0340829 0.965917 0.998882 0.00111751 0.996319 0.0036813 0.999584 0.000415626 0.969598 0.0304016
1.25664 -2.13628 0.000896062 0.999104 0.0258178 0.974182 0.999217 0.000782815 0.997422 0.00257815 0.999887 0.000113247 0.97676 0.0232396
1.3823 -2.13628 0.000598051 0.999402 0.0198311 0.980169 0.999415 0.000585059 0.998193 0.00180691 0.999987 1.29929e-05 0.981976 0.0180242
1.50796 -2.13628 0.000469823 0.99953 0.0154168 0.984583 0.999533 0.000467478 0.998739 0.00126088 0.999998 2.34551e-06 0.985844 0.0141559
1.63363 -2.13628 0.000426748 0.999573 0.0121056 0.987894 0.999602 0.000398484 0.99913 0.000870086 0.999972 2.82637e-05 0.988764 0.0112355
1.75929 -2.13628 0.000426433 0.999574 0.00958243 0.990418 0.99964 0.000360317 0.999412 0.00058832 0.999934 6.61162e-05 0.991006 0.00899411
1.88496 -2.13628 0.000447801 0.999552 0.00763268 0.992367 0.999657 0.000342826 0.999615 0.000384757 0.999895 0.000104975 0.992752 0.00724792
2.01062 -2.13628 0.000480643 0.999519 0.00610793 0.993892 0.999761 0.000238608 0.99966 0.000340083 0.999859 0.000140561 0.994131 0.00586932
2.13628 -2.13628 0.000520334 0.99948 0.00490395 0.995096 0.999864 0.000135715 0.999651 0.000348501 0.999828 0.000171833 0.995232 0.00476823
2.26195 -2.13628 0.000565125 0.999435 0.00394647 0.996054 0.999934 6.6359e-05 0.999634 0.000365748 0.999801 0.000199377 0.99612 0.00388011
2.38761 -2.13628 0.000614752 0.999385 0.00318194 0.996818 0.999976 2.38096e-05 0.99961 0.000390009 0.999775 0.000224743 0.996842 0.00315813
2.51327 -2.13628 0.000669713 0.99933 0.00257135 0.997429 0.999997 3.29324e-06 0.999581 0.000419282 0.99975 0.000250431 0.997432 0.00256805
2.63894 -2.13628 0.000730906 0.999269 0.00208617 0.997914 0.999999 1.10842e-06 0.99955 0.000450174 0.999719 0.000280732 0.997915 0.00208506
2.7646 -2.13628 0.000799452 0.999201 0.00170555 0.998294 0.999987 1.3442e-05 0.999526 0.000474497 0.999675 0.000324956 0.998308 0.00169211
2.89027 -2.13628 0.000876621 0.999123 0.00141446 0.998586 0.999966 3.35859e-05 0.999535 0.000465216 0.999589 0.000411404 0.998619 0.00138088
3.01593 -2.13628 0.000963815 0.999036 0.0012024 0.998798 0.999958 4.20429e-05 0.999701 0.000299197 0.999335 0.000664618 0.99884 0.00116036
-3.14159 -2.01062 0.00106259 0.998937 0.00106259 0.998937 1 7.55182e-29 1 8.47714e-31 0.998937 0.00106259 0.998937 0.00106259
-3.01593 -2.01062 0.000979159 0.999021 0.00118707 0.998813 0.99993 6.97551e-05 0.999768 0.000231832 0.999253 0.000747327 0.998883 0.00111731
-2.89027 -2.01062 0.000962666 0.999037 0.0013282 0.998672 0.999872 0.000127613 0.999744 0.000255709 0.999293 0.000706956 0.998799 0.00120059
-2.7646 -2.01062 0.00101525 0.998985 0.00148867 0.998511 0.999816 0.000183958 0.99983 0.000169669 0.999169 0.000831294 0.998681 0.001319
-2.63894 -2.01062 0.00114226 0.998858 0.00167171 0.998328 0.99989 0.000109781 0.999792 0.000207852 0.998968 0.00103248 0.998536 0.00146386
-2.51327 -2.01062 0.00135275 0.998647 0.00188132 0.998119 0.999949 5.12718e-05 0.999751 0.00024856 0.998699 0.00130148 0.998367 0.00163276
-2.38761 -2.01062 0.00166039 0.99834 0.00212256 0.997877 0.999986 1.37973e-05 0.999703 0.000296598 0.998353 0.0016466 0.998174 0.00182597
-2.26195 -2.01062 0.00208478 0.997915 0.00240199 0.997598 1 2.50514e-08 0.999643 0.000357021 0.997955 0.00204497 0.997915 0.00208476
-2.13628 -2.01062 0.00265345 0.997347 0.00272833 0.997272 0.999988 1.23995e-05 0.999564 0.000436341 0.997708 0.00229198 0.997359 0.00264105
-2.01062 -2.01062 0.00340485 0.996595 0.00311348 0.996887 0.999946 5.40785e-05 0.999456 0.000543874 0.99743 0.00256961 0.996649 0.00335077
-1.88496 -2.01062 0.00439274 0.995607 0.00357431 0.996426 0.99987 0.00012952 0.999306 0.00069373 0.997119 0.00288058 0.995737 0.00426322
-1.75929 -2.01062 0.00569275 0.994307 0.00413551 0.995864 0.999755 0.000245058 0.999092 0.00090813 0.996773 0.00322738 0.994552 0.00544769
-1.63363 -2.01062 0.00741213 0.992588 0.00483478 0.995165 0.99959 0.000409625 0.998777 0.00122327 0.996388 0.00361151 0.992997 0.00700251
-1.50796 -2.01062 0.00970447 0.990296 0.00573222 0.994268 0.999364 0.000635732 0.9983 0.00170011 0.995968 0.0040321 0.990931 0.00906874
-1.3823 -2.01062 0.0127914 0.987209 0.00692825 0.993072 0.999059 0.000940827 0.997555 0.00244493 0.995517 0.00448332 0.988149 0.0118506
-1.25664 -2.01062 0.0169943 0.983006 0.00859938 0.991401 0.998651 0.00134916 0.99635 0.0036502 0.995051 0.00494918 0.984355 0.0156452
-1.13097 -2.01062 0.022778 0.977222 0.011072 0.988928 0.998106 0.00189421 0.994321 0.00567891 0.994607 0.0053931 0.979116 0.0208838
-1.00531 -2.01062 0.0308036 0.969196 0.014981 0.985019 0.997378 0.00262171 0.990755 0.00924486 0.994264 0.00573617 0.971818 0.0281819
-0.879646 -2.01062 0.0419703 0.95803 0.0216164 0.978384 0.996408 0.00359244 0.984194 0.0158064 0.99419 0.00581005 0.961622 0.0383779
-0.753982 -2.01062 0.0573825 0.942617 0.0336614 0.966339 0.995117 0.0048832 0.971593 0.0284072 0.994746 0.00525422 0.947501 0.0524993
-0.628319 -2.01062 0.0780868 0.921913 0.0565213 0.943479 0.993419 0.00658125 0.946825 0.0531752 0.996654 0.00334612 0.928494 0.0715056
-0.502655 -2.01062 0.104331 0.895669 0.0992662 0.900734 0.991237 0.008763 0.900801 0.0991991 0.999933 6.70693e-05 0.904432 0.095568
-0.376991 -2.01062 0.134215 0.865785 0.169294 0.830706 0.988557 0.0114427 0.859785 0.140215 0.970921 0.0290787 0.877228 0.122772
-0.251327 -2.01062 0.16232 0.83768 0.254991 0.745009 0.985522 0.0144782 0.907615 0.0923846 0.837394 0.162606 0.852158 0.147842
-0.125664 -2.01062 0.179924 0.820076 0.323116 0.676884 0.982556 0.0174441 0.932231 0.0677688 0.744652 0.255348 0.83752 0.16248
0 -2.01062 0.178172 0.821828 0.349454 0.650546 0.98045 0.0195504 0.941892 0.0581079 0.841378 0.158622 0.708654 0.291346
0.125664 -2.01062 0.153686 0.846314 0.332652 0.667348 0.980201 0.0197986 0.949284 0.0507163 0.866113 0.133887 0.718064 0.281936
0.251327 -2.01062 0.113404 0.886596 0.285128 0.714872 0.982393 0.0176068 0.957858 0.042142 0.904203 0.0957974 0.757014 0.242986
0.376991 -2.01062 0.0719823 0.928018 0.224712 0.775288 0.986417 0.0135829 0.967381 0.0326186 0.941601 0.0583994 0.807907 0.192093
0.502655 -2.01062 0.0407279 0.959272 0.167194 0.832806 0.990738 0.00926188 0.976257 0.0237428 0.968534 0.0314661 0.856548 0.143452
0.628319 -2.01062 0.0215399 0.97846 0.120815 0.879185 0.994171 0.00582872 0.983365 0.0166355 0.984289 0.0157111 0.89582 0.10418
0.753982 -2.01062 0.0110598 0.98894 0.0867334 0.913267 0.996451 0.00354871 0.988534 0.0114664 0.992489 0.00751107 0.924733 0.075267
0.879646 -2.01062 0.00564406 0.994356 0.0627339 0.937266 0.997829 0.0021708 0.992114 0.00788562 0.996527 0.00347326 0.945152 0.0548482
1.00531 -2.01062 0.00290789 0.997092 0.0460242 0.953976 0.998629 0.00137057 0.994552 0.00544804 0.998463 0.00153732 0.959424 0.0405761
1.13097 -2.01062 0.0015402 0.99846 0.0343198 0.96568 0.99909 0.000909858 0.996212 0.00378818 0.99937 0.000630337 0.969468 0.0305317
1.25664 -2.01062 0.000865691 0.999134 0.0260022 0.973998 0.999357 0.000643043 0.997352 0.00264752 0.999777 0.000222648 0.976645 0.0233546
1.3823 -2.01062 0.000543222 0.999457 0.0199849 0.980015 0.999513 0.000487271 0.998146 0.00185358 0.999944 5.59516e-05 0.981869 0.0181313
1.50796 -2.01062 0.000400514 0.999599 0.0155509 0.984449 0.999603 0.000396588 0.998706 0.00129363 0.999996 3.92614e-06 0.985743 0.0142572
1.63363 -2.01062 0.0003501 0.99965 0.0122253 0.987775 0.999654 0.000345581 0.999106 0.000894119 0.999995 4.51941e-06 0.988669 0.0113311
1.75929 -2.01062 0.000347408 0.999653 0.00969031 0.99031 0.99968 0.000320085 0.999393 0.000606689 0.999973 2.73232e-05 0.990916 0.00908362
1.88496 -2.01062 0.000369804 0.99963 0.00773016 0.99227 0.999688 0.000312094 0.999601 0.000399225 0.999942 5.77107e-05 0.992669 0.00733093
2.01062 -2.01062 0.000406014 0.999594 0.00619572 0.993804 0.999683 0.000316997 0.99975 0.000250144 0.999911 8.90171e-05 0.994054 0.00594558
2.13628 -2.01062 0.000450699 0.999549 0.00498243 0.995018 0.999855 0.000144792 0.999668 0.000332052 0.999881 0.000118647 0.995162 0.00483764
2.26195 -2.01062 0.000501649 0.999498 0.00401582 0.995984 0.999927 7.31345e-05 0.999645 0.000355496 0.999854 0.000146153 0.996057 0.00394269
2.38761 -2.01062 0.000558308 0.999442 0.00324218 0.996758 0.999972 2.82365e-05 0.999614 0.000385931 0.999828 0.000172377 0.996786 0.00321395
2.51327 -2.01062 0.000621009 0.999379 0.00262242 0.997378 0.999995 5.20549e-06 0.999578 0.000421707 0.999801 0.000199302 0.997383 0.00261721
2.63894 -2.01062 0.000690571 0.999309 0.00212788 0.997872 1 3.04963e-07 0.99954 0.000459773 0.999769 0.000230798 0.997872 0.00212758
2.7646 -2.01062 0.000768103 0.999232 0.00173762 0.998262 0.99999 9.83533e-06 0.999508 0.000492299 0.999724 0.000275805 0.998272 0.00172778
2.89027 -2.01062 0.000854922 0.999145 0.00143646 0.998564 0.999972 2.76133e-05 0.999508 0.000491909 0.999637 0.000363012 0.998591 0.00140885
3.01593 -2.01062 0.000952519 0.999047 0.00121377 0.998786 0.999964 3.62076e-05 0.999679 0.000321407 0.999369 0.000631112 0.998822 0.00117756
-3.14159 -1.88496 0.00106259 0.998937 0.00106259 0.998937 1 7.55009e-29 1 1.13835e-27 0.998937 0.00106259 0.998937 0.00106259
-3.01593 -1.88496 0.000967263 0.999033 0.00119903 0.998801 0.999938 6.21465e-05 0.99975 0.00025014 0.999283 0.000717123 0.998863 0.00113689
-2.89027 -1.88496 0.00093759 0.999062 0.00135356 0.998646 0.999885 0.000115395 0.999723 0.000277325 0.99934 0.000660266 0.998762 0.00123817
-2.7646 -1.88496 0.000975409 0.999025 0.00152917 0.998471 0.999844 0.000156153 0.999799 0.000201338 0.999226 0.000774071 0.998627 0.00137301
-2.63894 -1.88496 0.00108568 0.998914 0.00172948 0.998271 0.999877 0.000122766 0.999805 0.00019455 0.999037 0.000962914 0.998465 0.00153493
-2.51327 -1.88496 0.00127699 0.998723 0.00195903 0.998041 0.99994 6.00583e-05 0.999764 0.00023632 0.998783 0.00121693 0.998277 0.00172271
-2.38761 -1.88496 0.00156237 0.998438 0.00222355 0.997776 0.999982 1.8481e-05 0.999714 0.000286052 0.998456 0.00154389 0.998062 0.0019375
-2.26195 -1.88496 0.00196063 0.998039 0.0025305 0.997469 0.999999 5.55497e-07 0.999651 0.000348785 0.99804 0.00196008 0.997818 0.00218172
-2.13628 -1.88496 0.00249827 0.997502 0.00288976 0.99711 0.999991 8.55017e-06 0.999569 0.000431155 0.997541 0.00245861 0.99751 0.00248972
-2.01062 -1.88496 0.00321236 0.996788 0.00331486 0.996685 0.999955 4.53971e-05 0.999457 0.000542728 0.997228 0.00277213 0.996833 0.00316696
-1.88496 -1.88496 0.00415481 0.995845 0.00382481 0.996175 0.999885 0.000115247 0.999302 0.000698025 0.996873 0.00312679 0.99596 0.00403956
-1.75929 -1.88496 0.00539875 0.994601 0.00444736 0.995553 0.999776 0.000224001 0.99908 0.000919921 0.996473 0.00352743 0.994825 0.00517475
-1.63363 -1.88496 0.00704805 0.992952 0.00522449 0.994776 0.99962 0.000379967 0.998754 0.00124564 0.996021 0.00397885 0.993332 0.00666809
-1.50796 -1.88496 0.00925153 0.990748 0.00622259 0.993777 0.999405 0.000594736 0.998262 0.00173779 0.995515 0.0044848 0.991343 0.00865679
-1.3823 -1.88496 0.0122242 0.987776 0.00755143 0.992449 0.999116 0.000884387 0.997495 0.00250538 0.994954 0.00504605 0.98866 0.0113398
-1.25664 -1.88496 0.016278 0.983722 0.00940189 0.990598 0.998729 0.0012711 0.996254 0.0037456 0.994344 0.00565628 0.984993 0.0150069
-1.13097 -1.88496 0.0218646 0.978135 0.0121232 0.987877 0.998215 0.00178524 0.99417 0.00583 0.993707 0.00629323 0.979921 0.0200794
-1.00531 -1.88496 0.0296266 0.970373 0.016388 0.983612 0.997532 0.00246773 0.990511 0.00948886 0.993101 0.00689912 0.972841 0.0271589
-0.879646 -1.88496 0.0404386 0.959561 0.0235502 0.97645 0.996628 0.00337215 0.983785 0.0162155 0.992665 0.00733474 0.962934 0.0370664
-0.753982 -1.88496 0.0553746 0.944625 0.0364035 0.963596 0.995435 0.00456455 0.970861 0.0291395 0.992736 0.00726402 0.94919 0.05081
-0.628319 -1.88496 0.0754518 0.924548 0.0605297 0.93947 0.993883 0.00611687 0.945321 0.0546791 0.994149 0.00585059 0.930665 0.069335
-0.502655 -1.88496 0.100907 0.899093 0.105181 0.894819 0.991915 0.00808528 0.896283 0.103717 0.998535 0.00146454 0.907179 0.0928213
-0.376991 -1.88496 0.129878 0.870122 0.177576 0.822424 0.989539 0.0104611 0.845129 0.154871 0.977295 0.0227051 0.880584 0.119416
-0.251327 -1.88496 0.157075 0.842925 0.265164 0.734836 0.986916 0.0130843 0.91347 0.0865304 0.821367 0.178633 0.856009 0.143991
-0.125664 -1.88496 0.174026 0.825974 0.33394 0.66606 0.984465 0.0155355 0.936403 0.0635971 0.729657 0.270343 0.84151 0.15849
0 -1.88496 0.172244 0.827756 0.359852 0.640148 0.982909 0.0170913 0.943512 0.0564878 0.844848 0.155152 0.696635 0.303365
0.125664 -1.88496 0.148693 0.851307 0.341763 0.658237 0.983073 0.016927 0.949147 0.0508532 0.868234 0.131766 0.70909 0.29091
0.251327 -1.88496 0.110193 0.889807 0.292187 0.707813 0.985295 0.0147052 0.95679 0.0432097 0.904512 0.0954878 0.751023 0.248977
0.376991 -1.88496 0.0705947 0.929405 0.229429 0.770571 0.988881 0.0111186 0.966125 0.0338748 0.940524 0.0594761 0.804446 0.195554
0.502655 -1.88496 0.0404821 0.959518 0.169949 0.830051 0.992525 0.00747457 0.975229 0.0247713 0.966992 0.0330075 0.854822 0.145178
0.628319 -1.88496 0.0217414 0.978259 0.122289 0.877711 0.995339 0.00466142 0.982655 0.0173454 0.98292 0.01708 0.895056 0.104944
0.753982 -1.88496 0.0113354 0.988665 0.0875021 0.912498 0.997178 0.00282157 0.988082 0.0119184 0.991486 0.00851381 0.924416 0.0755837
0.879646 -1.88496 0.00586213 0.994138 0.0631506 0.936849 0.99828 0.00172022 0.991835 0.00816481 0.995858 0.00414191 0.945014 0.0549858
1.00531 -1.88496 0.00304501 0.996955 0.0462737 0.953726 0.998914 0.00108573 0.99438 0.00562018 0.998041 0.00195928 0.959346 0.0406535
1.13097 -1.88496 0.00160806 0.998392 0.034491 0.965509 0.999276 0.00072367 0.996104 0.003896 0.999116 0.000884386 0.969405 0.030595
1.25664 -1.88496 0.000882617 0.999117 0.026136 0.973864 0.999484 0.000516403 0.997283 0.00271694 0.999634 0.000366214 0.976581 0.0234191
1.3823 -1.88496 0.000525416 0.999475 0.0200998 0.9799 0.999602 0.000397526 0.9981 0.00189997 0.999872 0.000127889 0.9818 0.0181998
1.50796 -1.88496 0.000360337 0.99964 0.0156547 0.984345 0.999669 0.000330516 0.998674 0.00132604 0.99997 2.98208e-05 0.985671 0.0143287
1.63363 -1.88496 0.000296467 0.999704 0.0123213 0.987679 0.999705 0.000295383 0.999082 0.00091785 0.999999 1.08389e-06 0.988597 0.0114034
1.75929 -1.88496 0.000286604 0.999713 0.00977966 0.99022 0.999719 0.000281135 0.999375 0.000624846 0.999995 5.46982e-06 0.990845 0.00915481
1.88496 -1.88496 0.000306235 0.999694 0.00781308 0.992187 0.999718 0.000281662 0.999586 0.000413585 0.999975 2.45727e-05 0.992601 0.00739949
2.01062 -1.88496 0.000342779 0.999657 0.0062721 0.993728 0.999706 0.000293527 0.999738 0.00026168 0.999951 4.92519e-05 0.99399 0.00601042
2.13628 -1.88496 0.000390012 0.99961 0.005052 0.994948 0.999846 0.000153975 0.999685 0.000314742 0.999925 7.52705e-05 0.995102 0.00489803
2.26195 -1.88496 0.000445129 0.999555 0.00407827 0.995922 0.99992 8.01171e-05 0.999656 0.000344056 0.999899 0.000101073 0.996002 0.00399815
2.38761 -1.88496 0.000507187 0.999493 0.00329717 0.996703 0.999967 3.29707e-05 0.99962 0.000380464 0.999873 0.000126723 0.996736 0.0032642
2.51327 -1.88496 0.000576278 0.999424 0.00266957 0.99733 0.999992 7.52355e-06 0.999577 0.000422658 0.999846 0.00015362 0.997338 0.00266205
2.63894 -1.88496 0.00065309 0.999347 0.00216678 0.997833 1 3.21453e-09 0.999532 0.00046797 0.999815 0.00018512 0.997833 0.00216678
2.7646 -1.88496 0.000738681 0.999261 0.00176778 0.998232 0.999993 6.81656e-06 0.999491 0.000509061 0.99977 0.000229619 0.998239 0.00176097
2.89027 -1.88496 0.000834376 0.999166 0.00145732 0.998543 0.999978 2.22727e-05 0.999481 0.000518705 0.999684 0.000315671 0.998565 0.00143504
3.01593 -1.88496 0.000941741 0.999058 0.00122462 0.998775 0.999969 3.08449e-05 0.999655 0.000345246 0.999404 0.000596495 0.998806 0.00119378
-3.14159 -1.75929 0.00106259 0.998937 0.00106259 0.998937 1 7.54937e-29 1 1.30773e-28 0.998937 0.00106259 0.998937 0.00106259
-3.01593 -1.75929 0.000955827 0.999044 0.00121054 0.998789 0.999945 5.50312e-05 0.99973 0.00026961 0.999314 0.000686217 0.998844 0.00115551
-2.89027 -1.75929 0.000913344 0.999087 0.00137811 0.998622 0.999896 0.000103908 0.9997 0.000299983 0.999387 0.000613361 0.998726 0.0012742
-2.7646 -1.75929 0.000936681 0.999063 0.00156859 0.998431 0.999857 0.000143272 0.99978 0.000219536 0.999283 0.000717145 0.998575 0.00142532
-2.63894 -1.75929 0.00103042 0.99897 0.00178602 0.998214 0.999863 0.000136529 0.999818 0.000181675 0.999106 0.000893888 0.998396 0.00160435
-2.51327 -1.75929 0.00120265 0.998797 0.00203548 0.997965 0.99993 6.9619e-05 0.999776 0.000224259 0.998867 0.00113303 0.998189 0.00181122
-2.38761 -1.75929 0.00146579 0.998534 0.00232339 0.997677 0.999976 2.39254e-05 0.999725 0.000275411 0.998558 0.00144187 0.997952 0.00204798
-2.26195 -1.75929 0.00183784 0.998162 0.00265812 0.997342 0.999998 1.80558e-06 0.99966 0.000340156 0.998164 0.00183603 0.997682 0.00231797
-2.13628 -1.75929 0.00234423 0.997656 0.00305081 0.996949 0.999995 5.34485e-06 0.999575 0.000425229 0.997661 0.00233888 0.997374 0.00262558
-2.01062 -1.75929 0.00302062 0.996979 0.00351663 0.996483 0.999963 3.72468e-05 0.99946 0.000540415 0.997024 0.00297621 0.997017 0.00298337
-1.88496 -1.75929 0.00391707 0.996083 0.00407688 0.995923 0.999899 0.000101355 0.999299 0.000700587 0.996624 0.00337629 0.996184 0.00381572
-1.75929 -1.75929 0.00510418 0.994896 0.00476249 0.995238 0.999797 0.000203141 0.999071 0.000929173 0.996167 0.00383331 0.995099 0.00490104
-1.63363 -1.75929 0.00668235 0.993318 0.00561998 0.99438 0.99965 0.000350293 0.998736 0.00126425 0.995644 0.00435573 0.993668 0.00633205
-1.50796 -1.75929 0.00879562 0.991204 0.00672232 0.993278 0.999447 0.000553497 0.99823 0.00176973 0.995047 0.00495259 0.991758 0.00824212
-1.3823 -1.75929 0.0116524 0.988348 0.00818915 0.991811 0.999173 0.000827492 0.997443 0.00255674 0.994368 0.0056324 0.989175 0.0108249
-1.25664 -1.75929 0.0155553 0.984445 0.0102264 0.989774 0.998808 0.00119245 0.996174 0.00382589 0.993599 0.00640056 0.985637 0.0143628
-1.13097 -1.75929 0.020943 0.979057 0.0132074 0.986793 0.998324 0.0016757 0.994046 0.00595435 0.992747 0.00725304 0.980733 0.0192673
-1.00531 -1.75929 0.0284406 0.971559 0.0178435 0.982157 0.997686 0.00231358 0.990318 0.00968202 0.991839 0.00816145 0.973873 0.026127
-0.879646 -1.75929 0.0388996 0.9611 0.025554 0.974446 0.996847 0.00315276 0.983481 0.0165187 0.990965 0.0090353 0.964253 0.0357468
-0.753982 -1.75929 0.0533673 0.946633 0.0392412 0.960759 0.995751 0.00424915 0.970376 0.0296238 0.990383 0.00961749 0.950882 0.0491182
-0.628319 -1.75929 0.0728374 0.927163 0.0646505 0.93535 0.99434 0.00566028 0.944499 0.0555006 0.99085 0.00914991 0.932823 0.0671771
-0.502655 -1.75929 0.0975432 0.902457 0.111175 0.888825 0.992576 0.00742367 0.893991 0.106009 0.994834 0.00516612 0.90988 0.0901195
-0.376991 -1.75929 0.12567 0.87433 0.185795 0.814205 0.99049 0.00951015 0.82747 0.17253 0.986735 0.013265 0.88384 0.11616
-0.251327 -1.75929 0.152059 0.847941 0.275066 0.724934 0.988254 0.011746 0.924031 0.0759689 0.800903 0.199097 0.859687 0.140313
-0.125664 -1.75929 0.168476 0.831524 0.344383 0.655617 0.986275 0.0137249 0.942027 0.0579729 0.71359 0.28641 0.845249 0.154751
0 -1.75929 0.166774 0.833226 0.369901 0.630099 0.985201 0.0147994 0.945857 0.0541434 0.848025 0.151975 0.684243 0.315757
0.125664 -1.75929 0.144211 0.855789 0.350614 0.649386 0.985686 0.0143138 0.949381 0.050619 0.870103 0.129897 0.700005 0.299995
0.251327 -1.75929 0.107445 0.892555 0.29905 0.70095 0.987868 0.0121316 0.955853 0.0441467 0.904687 0.0953133 0.745097 0.254903
0.376991 -1.75929 0.0695545 0.930445 0.233957 0.766043 0.991025 0.00897521 0.964873 0.0351272 0.939421 0.0605793 0.80117 0.19883
0.502655 -1.75929 0.040478 0.959522 0.17251 0.82749 0.994066 0.00593402 0.974169 0.0258309 0.965456 0.034544 0.85332 0.14668
0.628319 -1.75929 0.0221156 0.977884 0.123585 0.876415 0.996344 0.00365588 0.981918 0.0180818 0.98154 0.0184597 0.894497 0.105503
0.753982 -1.75929 0.0117396 0.98826 0.0881228 0.911877 0.997807 0.00219289 0.987614 0.0123858 0.990453 0.00954675 0.924263 0.075737
0.879646 -1.75929 0.0061785 0.993821 0.0634512 0.936549 0.998671 0.00132857 0.991549 0.00845148 0.99515 0.00484994 0.945 0.0549997
1.00531 -1.75929 0.00325814 0.996742 0.0464341 0.953566 0.999163 0.000836548 0.994205 0.00579544 0.997578 0.00242159 0.959361 0.0406387
1.13097 -1.75929 0.00173511 0.998265 0.0345943 0.965406 0.999441 0.000559459 0.995995 0.00400482 0.998824 0.00117565 0.96941 0.0305895
1.25664 -1.75929 0.000945925 0.999054 0.0262179 0.973782 0.999596 0.000403509 0.997214 0.00278644 0.999458 0.000542416 0.976569 0.0234315
1.3823 -1.75929 0.000544151 0.999456 0.0201746 0.979825 0.999684 0.000316405 0.998054 0.0019461 0.999772 0.000227745 0.981771 0.0182285
1.50796 -1.75929 0.000349087 0.999651 0.0157275 0.984273 0.99973 0.000269769 0.998642 0.0013581 0.999921 7.93178e-05 0.985631 0.0143694
1.63363 -1.75929 0.000265817 0.999734 0.012393 0.987607 0.999752 0.000248317 0.999059 0.000941282 0.999983 1.74999e-05 0.988548 0.0114517
1.75929 -1.75929 0.000244097 0.999756 0.00984994 0.99015 0.999756 0.000243814 0.999357 0.000642791 1 2.83251e-07 0.990793 0.00920715
1.88496 -1.75929 0.000257231 0.999743 0.007881 0.992119 0.999748 0.000251808 0.999572 0.000427836 0.999995 5.42357e-06 0.992547 0.00745316
2.01062 -1.75929 0.000291112 0.999709 0.00633668 0.993663 0.99973 0.000269884 0.999727 0.000273211 0.999979 2.12285e-05 0.993937 0.00606347
2.13628 -1.75929 0.00033846 0.999662 0.00511233 0.994888 0.999837 0.000163255 0.999703 0.000296715 0.999958 4.17454e-05 0.995051 0.00494907
2.26195 -1.75929 0.000395753 0.999604 0.00413353 0.995866 0.999913 8.72976e-05 0.999668 0.000331511 0.999936 6.42416e-05 0.995954 0.00404624
2.38761 -1.75929 0.000461567 0.999538 0.00334665 0.996653 0.999962 3.80008e-05 0.999626 0.000373622 0.999912 8.79444e-05 0.996691 0.00330865
2.51327 -1.75929 0.000535684 0.999464 0.0027126 0.997287 0.99999 1.02343e-05 0.999578 0.00042208 0.999886 0.000113604 0.997298 0.00270236
2.63894 -1.75929 0.000618605 0.999381 0.0022027 0.997797 1 1.88433e-07 0.999525 0.000474623 0.999856 0.000143982 0.997797 0.00220252
2.7646 -1.75929 0.000711295 0.999289 0.00179593 0.998204 0.999996 4.36895e-06 0.999475 0.00052454 0.999813 0.000186755 0.998208 0.00179156
2.89027 -1.75929 0.000815064 0.999185 0.00147695 0.998523 0.999982 1.7545e-05 0.999455 0.000545315 0.99973 0.000269749 0.998541 0.0014594
3.01593 -1.75929 0.000931522 0.999068 0.00123492 0.998765 0.999974 2.59434e-05 0.999629 0.000370947 0.999439 0.000560575 0.998791 0.00120897
-3.14159 -1.63363 0.00106259 0.998937 0.00106259 0.998937 1 7.54964e-29 1 4.02506e-29 0.998937 0.00106259 0.998937 0.00106259
-3.01593 -1.63363 0.000944895 0.999055 0.00122155 0.998778 0.999952 4.8395e-05 0.99971 0.000290356 0.999345 0.000654539 0.998827 0.00117316
-2.89027 -1.63363 0.000890021 0.99911 0.00140175 0.998598 0.999907 9.31299e-05 0.999676 0.000323663 0.999434 0.000566359 0.998691 0.00130862
-2.7646 -1.63363 0.000899216 0.999101 0.00160678 0.998393 0.999869 0.000131019 0.999761 0.000238518 0.999339 0.000660698 0.998524 0.00147576
-2.63894 -1.63363 0.00097668 0.999023 0.00184111 0.998159 0.999849 0.000151052 0.999831 0.000169241 0.999174 0.000825629 0.998328 0.00167187
-2.51327 -1.63363 0.00113002 0.99887 0.00211035 0.99789 0.99992 7.99567e-05 0.999788 0.000212409 0.99895 0.00105006 0.998102 0.00189794
-2.38761 -1.63363 0.00137102 0.998629 0.00242165 0.997578 0.99997 3.01528e-05 0.999735 0.000264727 0.998659 0.00134087 0.997843 0.00215692
-2.26195 -1.63363 0.00171686 0.998283 0.00278433 0.997216 0.999996 3.81497e-06 0.999669 0.000331196 0.998287 0.00171304 0.997547 0.00245313
-2.13628 -1.63363 0.00219188 0.997808 0.00321079 0.996789 0.999997 2.83854e-06 0.999581 0.000418641 0.997811 0.00218904 0.997208 0.00279215
-2.01062 -1.63363 0.00283034 0.99717 0.00371793 0.996282 0.99997 2.96961e-05 0.999463 0.000537023 0.997199 0.00280065 0.996819 0.00318091
-1.88496 -1.63363 0.00368039 0.99632 0.00432944 0.995671 0.999912 8.79243e-05 0.999298 0.000701517 0.996372 0.00362792 0.996408 0.00359247
-1.75929 -1.63363 0.00481007 0.99519 0.00507954 0.99492 0.999817 0.000182567 0.999064 0.000935996 0.995856 0.00414354 0.995372 0.0046275
-1.63363 -1.63363 0.00631628 0.993684 0.0060195 0.99398 0.999679 0.0003207 0.998721 0.00127921 0.99526 0.00474029 0.994004 0.00599558
-1.50796 -1.63363 0.00833829 0.991662 0.00722917 0.992771 0.999488 0.000512122 0.998204 0.00179607 0.994567 0.0054331 0.992174 0.00782617
-1.3823 -1.63363 0.0110778 0.988922 0.00883848 0.991162 0.99923 0.000770256 0.997401 0.00259917 0.993761 0.00623931 0.989692 0.0103075
-1.25664 -1.63363 0.0148284 0.985172 0.0110692 0.988931 0.998887 0.00111332 0.996109 0.00389122 0.992822 0.00717793 0.986285 0.0137151
-1.13097 -1.63363 0.020016 0.979984 0.0143191 0.985681 0.998434 0.00156571 0.993948 0.00605222 0.991733 0.0082669 0.98155 0.0184503
-1.00531 -1.63363 0.0272489 0.972751 0.0193399 0.98066 0.997841 0.00215938 0.990175 0.00982481 0.990485 0.00951508 0.974911 0.0250895
-0.879646 -1.63363 0.0373573 0.962643 0.0276164 0.972384 0.997066 0.00293442 0.983283 0.016717 0.989101 0.0108993 0.965577 0.0344229
-0.753982 -1.63363 0.0513651 0.948635 0.0421564 0.957844 0.996063 0.00393716 0.970138 0.0298616 0.987705 0.0122949 0.952572 0.0474279
-0.628319 -1.63363 0.0702481 0.929752 0.068853 0.931147 0.994788 0.00521178 0.944371 0.0556289 0.986776 0.0132242 0.934964 0.0650363
-0.502655 -1.63363 0.0942448 0.905755 0.117196 0.882804 0.993221 0.00677874 0.894397 0.105603 0.988407 0.0115932 0.912534 0.0874661
-0.376991 -1.63363 0.121596 0.878404 0.193873 0.806127 0.991409 0.00859112 0.807699 0.192301 0.998428 0.00157196 0.886996 0.113004
-0.251327 -1.63363 0.147273 0.852727 0.28461 0.71539 0.989534 0.010466 0.939881 0.0601192 0.775509 0.224491 0.863193 0.136807
-0.125664 -1.63363 0.163271 0.836729 0.354365 0.645635 0.987983 0.0120173 0.948968 0.0510316 0.696667 0.303333 0.848746 0.151254
0 -1.63363 0.161753 0.838247 0.379531 0.620469 0.987321 0.0126789 0.948908 0.0510924 0.850925 0.149075 0.671562 0.328438
0.125664 -1.63363 0.140222 0.859778 0.359151 0.640849 0.988045 0.0119547 0.950003 0.0499968 0.871733 0.128267 0.690845 0.309155
0.251327 -1.63363 0.105135 0.894865 0.305674 0.694326 0.990133 0.00986703 0.95506 0.0449405 0.904732 0.0952677 0.739266 0.260734
0.376991 -1.63363 0.0688395 0.931161 0.238267 0.761733 0.992874 0.00712612 0.963626 0.0363745 0.938287 0.0617134 0.798107 0.201893
0.502655 -1.63363 0.0406996 0.9593 0.174858 0.825142 0.995381 0.00461879 0.973075 0.0269248 0.963919 0.0360809 0.852066 0.147934
0.628319 -1.63363 0.0226516 0.977348 0.12469 0.87531 0.9972 0.00279994 0.981153 0.0188474 0.980148 0.0198516 0.894157 0.105843
0.753982 -1.63363 0.0122655 0.987734 0.0885873 0.911413 0.998343 0.00165717 0.98713 0.01287 0.989392 0.0106084 0.924283 0.0757173
0.879646 -1.63363 0.0065887 0.993411 0.0636306 0.936369 0.999006 0.000993822 0.991254 0.00874615 0.994405 0.00559488 0.945115 0.0548845
1.00531 -1.63363 0.00354446 0.996456 0.0465026 0.953497 0.999377 0.000622557 0.994026 0.00597401 0.997078 0.00292191 0.959471 0.0405286
1.13097 -1.63363 0.00191963 0.99808 0.0346279 0.965372 0.999583 0.000417388 0.995885 0.0041147 0.998498 0.00150224 0.969487 0.0305132
1.25664 -1.63363 0.00105457 0.998945 0.0262466 0.973753 0.999695 0.000304741 0.997144 0.00285603 0.99925 0.00074983 0.976609 0.0233906
1.3823 -1.63363 0.000598835 0.999401 0.0202086 0.979791 0.999756 0.00024434 0.998008 0.00199196 0.999646 0.000354496 0.981783 0.0182166
1.50796 -1.63363 0.000366464 0.999634 0.0157685 0.984232 0.999785 0.000214761 0.99861 0.00138983 0.999848 0.000151703 0.985621 0.0143786
1.63363 -1.63363 0.000258037 0.999742 0.0124399 0.98756 0.999795 0.000204752 0.999036 0.000964414 0.999947 5.3285e-05 0.988524 0.0114755
1.75929 -1.63363 0.000219895 0.99978 0.00990071 0.990099 0.999792 0.000208442 0.999339 0.000660524 0.999989 1.14531e-05 0.99076 0.00924019
1.88496 -1.63363 0.000222879 0.999777 0.00793353 0.992066 0.999777 0.000222797 0.999558 0.000441977 1 8.18152e-08 0.992508 0.00749156
2.01062 -1.63363 0.000251143 0.999749 0.00638912 0.993611 0.999754 0.000246279 0.999715 0.000284734 0.999995 4.86407e-06 0.993896 0.00610439
2.13628 -1.63363 0.000296197 0.999704 0.00516312 0.994837 0.999827 0.000172628 0.999722 0.00027813 0.999982 1.80669e-05 0.99501 0.00499049
2.26195 -1.63363 0.000353682 0.999646 0.00418136 0.995819 0.999905 9.46681e-05 0.999682 0.00031796 0.999964 3.57213e-05 0.995913 0.00408669
2.38761 -1.63363 0.000421606 0.999578 0.00339041 0.99661 0.999957 4.3317e-05 0.999635 0.000365444 0.999944 5.61619e-05 0.996653 0.00334709
2.51327 -1.63363 0.000499372 0.999501 0.00275132 0.997249 0.999987 1.3326e-05 0.99958 0.000419935 0.999921 7.94369e-05 0.997262 0.00273799
2.63894 -1.63363 0.000587242 0.999413 0.0022355 0.997765 0.999999 8.47188e-07 0.99952 0.000479603 0.999892 0.000107639 0.997765 0.00223465
2.7646 -1.63363 0.000686051 0.999314 0.00182193 0.998178 0.999998 2.47708e-06 0.999462 0.000538486 0.999852 0.000147565 0.998181 0.00181945
2.89027 -1.63363 0.00079706 0.999203 0.00149528 0.998505 0.999987 1.34128e-05 0.999429 0.000571389 0.999774 0.000225671 0.998518 0.00148186
3.01593 -1.63363 0.000921902 0.999078 0.00124461 0.998755 0.999979 2.14923e-05 0.999601 0.000398798 0.999477 0.000523104 0.998777 0.00122312
-3.14159 -1.50796 0.00106259 0.998937 0.00106259 0.998937 1 7.5488e-29 1 6.31929e-28 0.998937 0.00106259 0.998937 0.00106259
-3.01593 -1.50796 0.000934509 0.999065 0.00123202 0.998768 0.999958 4.22251e-05 0.999687 0.000312515 0.999378 0.000621993 0.99881 0.00118979
-2.89027 -1.50796 0.000867712 0.999132 0.00142438 0.998576 0.999917 8.30358e-05 0.999652 0.000348325 0.999481 0.000519387 0.998659 0.00134134
-2.7646 -1.50796 0.000863158 0.999137 0.00164359 0.998356 0.999881 0.000119386 0.999742 0.000258234 0.999395 0.000604924 0.998476 0.0015242
-2.63894 -1.50796 0.000924674 0.999075 0.00189452 0.998105 0.999834 0.000166307 0.999843 0.000157258 0.999242 0.000758367 0.998263 0.00173726
-2.51327 -1.50796 0.00105938 0.998941 0.00218334 0.997817 0.999909 9.1068e-05 0.999799 0.000200798 0.999032 0.000968309 0.998017 0.00198254
-2.38761 -1.50796 0.00127842 0.998722 0.00251793 0.997482 0.999963 3.71817e-05 0.999746 0.000254042 0.998759 0.00124123 0.997736 0.00226389
-2.26195 -1.50796 0.00159813 0.998402 0.00290859 0.997091 0.999993 6.62214e-06 0.999678 0.000321967 0.998408 0.00159151 0.997413 0.00258662
-2.13628 -1.50796 0.00204179 0.997958 0.00336902 0.996631 0.999999 1.08767e-06 0.999589 0.000411463 0.997959 0.0020407 0.997042 0.00295756
-2.01062 -1.50796 0.00264221 0.997358 0.00391791 0.996082 0.999977 2.28177e-05 0.999467 0.000532643 0.997381 0.00261939 0.996615 0.00338527
-1.88496 -1.50796 0.00344561 0.996554 0.00458139 0.995419 0.999925 7.5042e-05 0.999299 0.000700917 0.996629 0.00337057 0.99612 0.00388047
-1.75929 -1.50796 0.00451745 0.995483 0.00539712 0.994603 0.999838 0.00016238 0.999059 0.000940513 0.995543 0.00445661 0.995645 0.00435507
-1.63363 -1.50796 0.00595112 0.994049 0.00642127 0.993579 0.999709 0.000291303 0.998709 0.00129067 0.994869 0.0051306 0.99434 0.00565982
-1.50796 -1.50796 0.00788107 0.992119 0.00774084 0.992259 0.999529 0.000470735 0.998183 0.001817 0.994076 0.00592383 0.99259 0.00741033
-1.3823 -1.50796 0.0105024 0.989498 0.00949639 0.990504 0.999287 0.000712818 0.997367 0.00263293 0.993137 0.00686346 0.99021 0.00978958
-1.25664 -1.50796 0.0140996 0.9859 0.0119259 0.988074 0.998966 0.00103387 0.996058 0.00394203 0.992016 0.00798388 0.986934 0.0130657
-1.13097 -1.50796 0.0190864 0.980914 0.0154528 0.984547 0.998545 0.00145546 0.993876 0.00612437 0.990672 0.0093284 0.982369 0.0176309
-1.00531 -1.50796 0.0260547 0.973945 0.0208691 0.979131 0.997995 0.00200533 0.990081 0.00991886 0.98905 0.0109503 0.975951 0.0240494
-0.879646 -1.50796 0.0358154 0.964185 0.0297251 0.970275 0.997283 0.00271736 0.983185 0.0168146 0.987089 0.0129105 0.966902 0.033098
-0.753982 -1.50796 0.0493719 0.950628 0.0451297 0.95487 0.996371 0.00362889 0.970134 0.0298656 0.984736 0.0152642 0.954257 0.045743
-0.628319 -1.50796 0.067688 0.932312 0.0731052 0.926895 0.995228 0.00477178 0.944891 0.0551092 0.982004 0.017996 0.937084 0.0629162
-0.502655 -1.50796 0.0910151 0.908985 0.123191 0.876809 0.993849 0.00615121 0.89745 0.10255 0.979359 0.0206412 0.915136 0.0848639
-0.376991 -1.50796 0.117656 0.882344 0.201736 0.798264 0.992295 0.00770543 0.812372 0.187628 0.985891 0.0141087 0.89005 0.10995
-0.251327 -1.50796 0.142717 0.857283 0.293717 0.706283 0.990753 0.00924702 0.959895 0.0401048 0.746388 0.253612 0.86653 0.13347
-0.125664 -1.50796 0.158407 0.841593 0.363814 0.636186 0.989584 0.0104161 0.956945 0.0430547 0.67924 0.32076 0.852009 0.147991
0 -1.50796 0.157171 0.842829 0.388678 0.611322 0.989268 0.0107316 0.95262 0.0473798 0.853561 0.146439 0.658701 0.341299
0.125664 -1.50796 0.136705 0.863295 0.367319 0.632681 0.990157 0.00984296 0.951025 0.048975 0.873138 0.126862 0.681656 0.318344
0.251327 -1.50796 0.103238 0.896762 0.312017 0.687983 0.992108 0.0078918 0.954421 0.0455786 0.904654 0.095346 0.733562 0.266438
0.376991 -1.50796 0.0684281 0.931572 0.242328 0.757672 0.994454 0.00554597 0.962384 0.0376159 0.937118 0.0628821 0.795288 0.204712
0.502655 -1.50796 0.0411316 0.958868 0.176972 0.823028 0.996491 0.00350861 0.971943 0.0280565 0.962377 0.037623 0.851085 0.148915
0.628319 -1.50796 0.023339 0.976661 0.12559 0.87441 0.997918 0.00208163 0.980355 0.0196449 0.978743 0.0212574 0.894055 0.105945
0.753982 -1.50796 0.0129062 0.987094 0.0888876 0.911112 0.998791 0.00120856 0.986628 0.0133722 0.988302 0.0116976 0.924485 0.0755154
0.879646 -1.50796 0.00708821 0.992912 0.0636845 0.936315 0.999287 0.000713486 0.990951 0.00904932 0.993625 0.00637472 0.945365 0.0546352
1.00531 -1.50796 0.00390106 0.996099 0.0464764 0.953524 0.999557 0.000442873 0.993844 0.00615602 0.996542 0.00345819 0.95968 0.0403204
1.13097 -1.50796 0.00215974 0.99784 0.0345901 0.96541 0.999703 0.000297303 0.995774 0.00422566 0.998138 0.00186244 0.969636 0.0303645
1.25664 -1.50796 0.0012074 0.998793 0.0262212 0.973779 0.99978 0.000220262 0.997074 0.0029257 0.999013 0.000987138 0.976705 0.0232955
1.3823 -1.50796 0.000688776 0.999311 0.0202009 0.979799 0.999818 0.000181613 0.997962 0.00203755 0.999493 0.000507163 0.981837 0.0181634
1.50796 -1.50796 0.00041208 0.999588 0.0157772 0.984223 0.999834 0.00016581 0.998579 0.00142121 0.999754 0.00024627 0.985644 0.014356
1.63363 -1.50796 0.000272941 0.999727 0.0124616 0.987538 0.999835 0.000165002 0.999013 0.000987242 0.999892 0.00010794 0.988526 0.0114743
1.75929 -1.50796 0.000213945 0.999786 0.00993161 0.990068 0.999825 0.000175307 0.999322 0.000678041 0.999961 3.86387e-05 0.990746 0.00925357
1.88496 -1.50796 0.000203209 0.999797 0.00797037 0.99203 0.999805 0.000194881 0.999544 0.000456003 0.999992 8.32841e-06 0.992486 0.00751437
2.01062 -1.50796 0.000222957 0.999777 0.00642916 0.993571 0.999777 0.000222922 0.999704 0.000296246 1 3.45854e-08 0.993867 0.00613291
2.13628 -1.50796 0.000263339 0.999737 0.00520412 0.994796 0.999818 0.000182088 0.999741 0.000259151 0.999996 4.18793e-06 0.994978 0.00502203
2.26195 -1.50796 0.000319048 0.999681 0.00422153 0.995778 0.999898 0.000102222 0.999696 0.000303517 0.999984 1.55305e-05 0.995881 0.00411931
2.38761 -1.50796 0.000387439 0.999613 0.00342825 0.996572 0.999951 4.89104e-05 0.999644 0.000355982 0.999969 3.14563e-05 0.996621 0.00337934
2.51327 -1.50796 0.00046747 0.999533 0.00278557 0.997214 0.999983 1.67884e-05 0.999584 0.000416206 0.999949 5.1264e-05 0.997231 0.00276878
2.63894 -1.50796 0.000559117 0.999441 0.00226503 0.997735 0.999998 1.9674e-06 0.999517 0.0004828 0.999924 7.63171e-05 0.997737 0.00226306
2.7646 -1.50796 0.000663043 0.999337 0.00184569 0.998154 0.999999 1.12688e-06 0.999449 0.000550654 0.999888 0.000112389 0.998155 0.00184456
2.89027 -1.50796 0.000780432 0.99922 0.00151223 0.998488 0.99999 9.86002e-06 0.999403 0.000596514 0.999816 0.000183918 0.998498 0.00150237
3.01593 -1.50796 0.00091292 0.999087 0.00125368 0.998746 0.999983 1.74819e-05 0.999571 0.000429164 0.999516 0.000483755 0.998764 0.00123619
-3.14159 -1.3823 0.00106259 0.998937 0.00106259 0.998937 1 4.37696e-28 1 7.55368e-29 0.998937 0.00106259 0.998937 0.00106259
-3.01593 -1.3823 0.00092471 0.999075 0.0012419 0.998758 0.999963 3.65101e-05 0.999664 0.000336259 0.999412 0.000588451 0.998795 0.00120539
-2.89027 -1.3823 0.000846501 0.999153 0.00144591 0.998554 0.999926 7.36043e-05 0.999626 0.000373908 0.999527 0.000472593 0.998628 0.00137231
-2.7646 -1.3823 0.000828645 0.999171 0.00167886 0.998321 0.999892 0.000108361 0.999721 0.000278622 0.99945 0.000550024 0.99843 0.0015705
-2.63894 -1.3823 0.000874595 0.999125 0.00194603 0.998054 0.999854 0.000145731 0.999818 0.000182258 0.999308 0.000692338 0.9982 0.0018003
-2.51327 -1.3823 0.000990981 0.999009 0.00225414 0.997746 0.999897 0.000102943 0.999811 0.000189448 0.999112 0.000888038 0.997935 0.0020647
-2.38761 -1.3823 0.00118831 0.998812 0.00261183 0.997388 0.999955 4.50264e-05 0.999757 0.000243395 0.998857 0.00114329 0.997632 0.00236844
-2.26195 -1.3823 0.0014821 0.998518 0.00303038 0.99697 0.99999 1.02636e-05 0.999687 0.000312522 0.998528 0.00147183 0.997282 0.00271786
-2.13628 -1.3823 0.00189451 0.998105 0.00352483 0.996475 1 1.49361e-07 0.999596 0.000403768 0.998106 0.00189436 0.996879 0.00312107
-2.01062 -1.3823 0.0024569 0.997543 0.0041157 0.995884 0.999983 1.66879e-05 0.999473 0.000527361 0.99756 0.00244021 0.996412 0.00358834
-1.88496 -1.3823 0.00321356 0.996786 0.00483163 0.995168 0.999937 6.2803e-05 0.999301 0.000698896 0.996849 0.00315076 0.995867 0.00413274
-1.75929 -1.3823 0.00422734 0.995773 0.00571382 0.994286 0.999857 0.000142692 0.999057 0.000942857 0.995915 0.00408465 0.995229 0.00477096
-1.63363 -1.3823 0.0055881 0.994412 0.00682348 0.993177 0.999738 0.000262233 0.998701 0.00129882 0.994475 0.00552466 0.994674 0.00532587
-1.50796 -1.3823 0.00742546 0.992575 0.00825494 0.991745 0.999571 0.000429488 0.998167 0.00183276 0.993578 0.00642219 0.993004 0.00699597
-1.3823 -1.3823 0.00992795 0.990072 0.0101597 0.98984 0.999345 0.000655347 0.997342 0.00265837 0.992499 0.00750136 0.990727 0.0092726
-1.25664 -1.3823 0.0133711 0.986629 0.0127925 0.987208 0.999046 0.000954291 0.996021 0.00397892 0.991186 0.00881357 0.987583 0.0124168
-1.13097 -1.3823 0.0181566 0.981843 0.0166025 0.983398 0.998655 0.00134517 0.993828 0.00617198 0.98957 0.0104305 0.983189 0.0168115
-1.00531 -1.3823 0.0248612 0.975139 0.0224227 0.977577 0.998148 0.0018517 0.990033 0.0099668 0.987544 0.0124559 0.97699 0.0230095
-0.879646 -1.3823 0.0342774 0.965723 0.0318675 0.968132 0.997498 0.0025019 0.983182 0.0168184 0.984951 0.0150491 0.968224 0.0317755
-0.753982 -1.3823 0.0473917 0.952608 0.0481409 0.951859 0.996675 0.00332475 0.970342 0.0296576 0.981517 0.0184832 0.955933 0.044067
-0.628319 -1.3823 0.0651609 0.934839 0.077374 0.922626 0.995659 0.00434085 0.945967 0.0540332 0.976659 0.0233408 0.93918 0.06082
-0.502655 -1.3823 0.087857 0.912143 0.129109 0.870891 0.994458 0.00554198 0.902524 0.0974756 0.968367 0.0316329 0.917685 0.0823151
-0.376991 -1.3823 0.113853 0.886147 0.209315 0.790685 0.993145 0.00685458 0.863338 0.136662 0.927346 0.0726538 0.893002 0.106998
-0.251327 -1.3823 0.138389 0.861611 0.302314 0.697686 0.991909 0.0080913 0.979887 0.0201131 0.717799 0.282201 0.869702 0.130298
-0.125664 -1.3823 0.153878 0.846122 0.372668 0.627332 0.991076 0.00892397 0.965523 0.0344765 0.661809 0.338191 0.855046 0.144954
0 -1.3823 0.153013 0.846987 0.397286 0.602714 0.991043 0.00895711 0.95692 0.0430795 0.855944 0.144056 0.645794 0.354206
0.125664 -1.3823 0.133638 0.866362 0.375064 0.624936 0.992031 0.00796931 0.952453 0.0475473 0.874331 0.125669 0.672484 0.327516
0.251327 -1.3823 0.10173 0.89827 0.318036 0.681964 0.993814 0.00618579 0.953951 0.0460491 0.904456 0.0955443 0.728013 0.271987
0.376991 -1.3823 0.0683002 0.9317 0.246109 0.753891 0.995789 0.0042108 0.961149 0.0388513 0.935911 0.0640894 0.792743 0.207257
0.502655 -1.3823 0.0417596 0.95824 0.178829 0.821171 0.997416 0.00258445 0.97077 0.0292304 0.960825 0.0391751 0.850401 0.149599
0.628319 -1.3823 0.0241681 0.975832 0.126273 0.873727 0.998511 0.00148932 0.979523 0.0204774 0.977321 0.0226788 0.894205 0.105795
0.753982 -1.3823 0.0136549 0.986345 0.0890167 0.910983 0.999159 0.000840988 0.986106 0.0138939 0.987186 0.0128139 0.924877 0.0751228
0.879646 -1.3823 0.00767254 0.992327 0.0636089 0.936391 0.999515 0.000484683 0.990639 0.00936148 0.992812 0.00718786 0.945753 0.0542474
1.00531 -1.3823 0.00432497 0.995675 0.0463536 0.953646 0.999704 0.000296263 0.993658 0.00634159 0.995971 0.0040287 0.959988 0.040012
1.13097 -1.3823 0.00245352 0.997546 0.0344799 0.96552 0.999801 0.00019878 0.995662 0.0043377 0.997745 0.00225474 0.969858 0.0301422
1.25664 -1.3823 0.00140316 0.998597 0.0261408 0.973859 0.99985 0.000150033 0.997005 0.00299543 0.998747 0.00125313 0.976855 0.0231454
1.3823 -1.3823 0.000813185 0.999187 0.0201511 0.979849 0.999872 0.000128369 0.997917 0.00208284 0.999315 0.000684816 0.981932 0.0180683
1.50796 -1.3823 0.000485461 0.999515 0.0157533 0.984247 0.999877 0.00012314 0.998548 0.00145222 0.999638 0.000362322 0.985699 0.0143011
1.63363 -1.3823 0.00031027 0.99969 0.0124577 0.987542 0.999871 0.000129315 0.99899 0.00100976 0.999819 0.000180955 0.988552 0.0114479
1.75929 -1.3823 0.000226132 0.999774 0.00994236 0.990058 0.999855 0.000144656 0.999305 0.000695338 0.999919 8.14761e-05 0.990753 0.00924702
1.88496 -1.3823 0.000198205 0.999802 0.00799125 0.992009 0.999832 0.000168292 0.99953 0.000469913 0.99997 2.99127e-05 0.992479 0.00752134
2.01062 -1.3823 0.000206599 0.999793 0.00645654 0.993543 0.9998 0.000200019 0.999692 0.000307742 0.999993 6.57952e-06 0.993851 0.0061488
2.13628 -1.3823 0.000239969 0.99976 0.00523512 0.994765 0.99976 0.000239947 0.999808 0.00019163 1 2.2223e-08 0.994957 0.00504349
2.26195 -1.3823 0.000291957 0.999708 0.00425384 0.995746 0.99989 0.000109952 0.999712 0.000288309 0.999996 3.64754e-06 0.995856 0.00414389
2.38761 -1.3823 0.00035918 0.999641 0.00346 0.99654 0.999945 5.47736e-05 0.999655 0.000345313 0.999986 1.38671e-05 0.996595 0.00340523
2.51327 -1.3823 0.000440093 0.99956 0.00281519 0.997185 0.999979 2.06122e-05 0.999589 0.000410902 0.999971 2.9191e-05 0.997205 0.00279458
2.63894 -1.3823 0.000534333 0.999466 0.00229116 0.997709 0.999996 3.53833e-06 0.999516 0.000484128 0.99995 5.02057e-05 0.997712 0.00228763
2.7646 -1.3823 0.000642358 0.999358 0.0018671 0.998133 1 3.05695e-07 0.999439 0.000560809 0.999918 8.15489e-05 0.998133 0.00186679
2.89027 -1.3823 0.000765245 0.999235 0.00152773 0.998472 0.999993 6.87225e-06 0.99938 0.000620222 0.999855 0.000145023 0.998479 0.00152085
3.01593 -1.3823 0.000904609 0.999095 0.00126206 0.998738 0.999986 1.39033e-05 0.999537 0.000462502 0.999558 0.000442107 0.998752 0.00124816
-3.14159 -1.25664 0.00106259 0.998937 0.00106259 0.998937 1 7.54893e-29 1 1.6978e-28 0.998937 0.00106259 0.998937 0.00106259
-3.01593 -1.25664 0.000915536 0.999084 0.00125115 0.998749 0.999969 3.12393e-05 0.999638 0.000361797 0.999446 0.000553739 0.99878 0.00121991
-2.89027 -1.25664 0.000826472 0.999174 0.00146626 0.998534 0.999935 6.48147e-05 0.9996 0.000400325 0.999574 0.000426147 0.998599 0.00140145
-2.7646 -1.25664 0.000795808 0.999204 0.00171245 0.998288 0.999902 9.79351e-05 0.9997 0.000299599 0.999504 0.00049621 0.998385 0.00161452
-2.63894 -1.25664 0.000826633 0.999173 0.00199543 0.998005 0.999865 0.000134665 0.999801 0.000198855 0.999372 0.000627777 0.998139 0.00186077
-2.51327 -1.25664 0.000925089 0.999075 0.00232247 0.997678 0.999884 0.000115562 0.999822 0.000178378 0.99919 0.000809527 0.997856 0.00214409
-2.38761 -1.25664 0.00110105 0.998899 0.00270295 0.997297 0.999946 5.36956e-05 0.999767 0.000232821 0.998953 0.00104736 0.99753 0.00247013
-2.26195 -1.25664 0.00136918 0.998631 0.00314918 0.996851 0.999985 1.4773e-05 0.999697 0.000302911 0.998646 0.00135441 0.997154 0.00284627
-2.13628 -1.25664 0.00175056 0.998249 0.00367756 0.996322 1 8.07531e-08 0.999604 0.00039562 0.99825 0.00175048 0.996718 0.00328194
-2.01062 -1.25664 0.00227507 0.997725 0.00431045 0.99569 0.999989 1.13864e-05 0.999479 0.000521262 0.997736 0.00226368 0.996211 0.00378919
-1.88496 -1.25664 0.00298505 0.997015 0.00507907 0.994921 0.999949 5.13088e-05 0.999304 0.000695562 0.997066 0.00293374 0.995616 0.00438351
-1.75929 -1.25664 0.00394074 0.996059 0.00602822 0.993972 0.999876 0.000123629 0.999057 0.00094317 0.996183 0.00381711 0.994915 0.00508505
-1.63363 -1.25664 0.00522843 0.994772 0.00722428 0.992776 0.999766 0.000233635 0.998696 0.00130383 0.995005 0.0049948 0.99408 0.00592045
-1.50796 -1.25664 0.00697295 0.993027 0.00876909 0.991231 0.999611 0.00038855 0.998156 0.00184361 0.993075 0.00692548 0.993416 0.0065844
-1.3823 -1.25664 0.00935627 0.990644 0.0108253 0.989175 0.999402 0.000598045 0.997324 0.00267594 0.991851 0.00814938 0.991242 0.00875822
-1.25664 -1.25664 0.0126451 0.987355 0.0136645 0.986335 0.999125 0.000874817 0.995997 0.00400265 0.990338 0.00966188 0.98823 0.0117702
-1.13097 -1.25664 0.0172295 0.982771 0.0177621 0.982238 0.998765 0.00123511 0.993803 0.00619656 0.988434 0.0115655 0.984006 0.0159943
-1.00531 -1.25664 0.0236713 0.976329 0.0239917 0.976008 0.998301 0.00169882 0.990028 0.00997201 0.98598 0.0140197 0.978027 0.0219725
-0.879646 -1.25664 0.0327468 0.967253 0.0340302 0.96597 0.997712 0.00228845 0.983263 0.0167371 0.982707 0.0172931 0.969542 0.0304583
-0.753982 -1.25664 0.045428 0.954572 0.051169 0.948831 0.996975 0.00302526 0.970734 0.0292659 0.978097 0.0219031 0.957597 0.0424028
-0.628319 -1.25664 0.0626702 0.93733 0.0816258 0.918374 0.99608 0.00391973 0.94748 0.0525204 0.970895 0.0291054 0.94125 0.0587504
-0.502655 -1.25664 0.0847735 0.915226 0.134897 0.865103 0.995048 0.00495211 0.908711 0.0912891 0.956392 0.043608 0.920179 0.0798214
-0.376991 -1.25664 0.110188 0.889812 0.216546 0.783454 0.99396 0.00604015 0.897356 0.102644 0.886099 0.113901 0.895852 0.104148
-0.251327 -1.25664 0.134289 0.865711 0.31034 0.68966 0.992999 0.00700103 0.994064 0.00593591 0.695596 0.304404 0.872712 0.127288
-0.125664 -1.25664 0.14968 0.85032 0.38087 0.61913 0.992457 0.00754274 0.974144 0.0258557 0.644986 0.355014 0.857863 0.142137
0 -1.25664 0.149269 0.850731 0.405301 0.594699 0.992646 0.00735372 0.961705 0.0382955 0.858085 0.141915 0.632995 0.367005
0.125664 -1.25664 0.131003 0.868997 0.382337 0.617663 0.993677 0.00632346 0.954286 0.0457137 0.87532 0.12468 0.663377 0.336623
0.251327 -1.25664 0.100589 0.899411 0.32369 0.67631 0.995271 0.00472921 0.95366 0.0463401 0.90414 0.0958597 0.72265 0.27735
0.376991 -1.25664 0.068437 0.931563 0.249578 0.750422 0.996902 0.00309819 0.959919 0.0400807 0.934661 0.0653388 0.790503 0.209497
0.502655 -1.25664 0.04257 0.95743 0.180411 0.819589 0.998171 0.00182859 0.969549 0.0304514 0.959259 0.0407414 0.85004 0.14996
0.628319 -1.25664 0.0251294 0.974871 0.126726 0.873274 0.998988 0.00101192 0.978652 0.0213484 0.975882 0.0241175 0.894623 0.105377
0.753982 -1.25664 0.0145052 0.985495 0.0889677 0.911032 0.999452 0.000548329 0.985564 0.0144365 0.986043 0.0139569 0.925469 0.0745313
0.879646 -1.25664 0.00833727 0.991663 0.0634004 0.9366 0.999696 0.000304285 0.990317 0.00968305 0.991967 0.00803299 0.946283 0.0537173
1.00531 -1.25664 0.00481317 0.995187 0.0461323 0.953868 0.999819 0.000181219 0.993469 0.00653078 0.995368 0.00463195 0.960398 0.0396016
1.13097 -1.25664 0.00279893 0.997201 0.0342963 0.965704 0.999879 0.000121157 0.995549 0.00445078 0.997322 0.00267778 0.970155 0.0298455
1.25664 -1.25664 0.00164051 0.998359 0.026005 0.973995 0.999906 9.38372e-05 0.996935 0.00306517 0.998453 0.00154667 0.97706 0.0229399
1.3823 -1.25664 0.000971191 0.999029 0.0200589 0.979941 0.999915 8.462e-05 0.997872 0.00212779 0.999113 0.000886571 0.982069 0.0179312
1.50796 -1.25664 0.000586059 0.999414 0.0156965 0.984304 0.999913 8.68795e-05 0.998517 0.00148284 0.999501 0.00049918 0.985786 0.0142137
1.63363 -1.25664 0.000369697 0.99963 0.012428 0.987572 0.999902 9.78787e-05 0.998968 0.00103194 0.999728 0.000271818 0.988604 0.0113961
1.75929 -1.25664 0.000256281 0.999744 0.00993276 0.990067 0.999883 0.000116697 0.999288 0.000712405 0.99986 0.000139583 0.99078 0.00922036
1.88496 -1.25664 0.000207795 0.999792 0.00799599 0.992004 0.999857 0.000143238 0.999516 0.000483699 0.999935 6.45574e-05 0.992488 0.00751229
2.01062 -1.25664 0.00020207 0.999798 0.0064711 0.993529 0.999822 0.000177764 0.999681 0.000319219 0.999976 2.43064e-05 0.993848 0.00615188
2.13628 -1.25664 0.000226137 0.999774 0.00525596 0.994744 0.999779 0.000220689 0.999799 0.000201251 0.999995 5.44807e-06 0.994945 0.00505471
2.26195 -1.25664 0.000272485 0.999728 0.00427814 0.995722 0.999882 0.000117855 0.999728 0.000272472 1 1.3025e-08 0.99584 0.00416029
2.38761 -1.25664 0.00033692 0.999663 0.00348552 0.996514 0.999939 6.09002e-05 0.999666 0.000333526 0.999997 3.39453e-06 0.996575 0.00342462
2.51327 -1.25664 0.000417333 0.999583 0.00284006 0.99716 0.999975 2.47899e-05 0.999596 0.00040405 0.999987 1.32827e-05 0.997185 0.00281527
2.63894 -1.25664 0.00051298 0.999487 0.0023138 0.997686 0.999994 5.55065e-06 0.999516 0.000483526 0.999971 2.94538e-05 0.997692 0.00230825
2.7646 -1.25664 0.000624073 0.999376 0.00188608 0.998114 1 2.26389e-09 0.999431 0.00056874 0.999945 5.53325e-05 0.998114 0.00188608
2.89027 -1.25664 0.000751556 0.999248 0.00154172 0.998458 0.999996 4.43643e-06 0.999358 0.000641995 0.99989 0.000109561 0.998463 0.00153728
3.01593 -1.25664 0.000897002 0.999103 0.00126975 0.99873 0.999989 1.07486e-05 0.999501 0.000499372 0.999602 0.00039763 0.998741 0.001259
-3.14159 -1.13097 0.00106259 0.998937 0.00106259 0.998937 1 7.55127e-29 1 1.2456e-29 0.998937 0.00106259 0.998937 0.00106259
-3.01593 -1.13097 0.000907023 0.999093 0.00125973 0.99874 0.999974 2.64033e-05 0.999611 0.000389391 0.999482 0.000517632 0.998767 0.00123333
-2.89027 -1.13097 0.000807701 0.999192 0.00148534 0.998515 0.999943 5.66474e-05 0.999573 0.000427454 0.99962 0.000380247 0.998571 0.0014287
-2.7646 -1.13097 0.000764773 0.999235 0.00174423 0.998256 0.999912 8.80947e-05 0.999679 0.000321067 0.999556 0.000443706 0.998344 0.00165614
-2.63894 -1.13097 0.000780968 0.999219 0.00204252 0.997957 0.999876 0.000124059 0.999784 0.000216039 0.999435 0.000564928 0.998082 0.00191846
-2.51327 -1.13097 0.000861947 0.999138 0.00238803 0.997612 0.999871 0.0001289 0.999832 0.000167604 0.999267 0.000733047 0.99778 0.00222043
-2.38761 -1.13097 0.00101695 0.998983 0.00279092 0.997209 0.999937 6.31917e-05 0.999778 0.000222349 0.999046 0.000953757 0.997431 0.00256857
-2.26195 -1.13097 0.0012598 0.99874 0.0032645 0.996736 0.99998 2.01803e-05 0.999707 0.000293178 0.99876 0.00123962 0.997029 0.00297132
-2.13628 -1.13097 0.00161046 0.99839 0.00382654 0.996173 0.999999 9.38066e-07 0.999613 0.000387081 0.99839 0.00160952 0.996561 0.00343946
-2.01062 -1.13097 0.00209736 0.997903 0.0045013 0.995499 0.999993 6.99526e-06 0.999486 0.000514428 0.99791 0.00209037 0.996013 0.00398688
-1.88496 -1.13097 0.00276088 0.997239 0.00532261 0.994677 0.999959 4.06678e-05 0.999309 0.000691023 0.99728 0.00272021 0.995368 0.00463158
-1.75929 -1.13097 0.00365861 0.996341 0.00633892 0.993661 0.999895 0.000105324 0.999058 0.000941597 0.996447 0.00355328 0.994603 0.00539732
-1.63363 -1.13097 0.00487331 0.995127 0.00762184 0.992378 0.999794 0.000205675 0.998694 0.00130592 0.995332 0.00466763 0.993684 0.00631592
-1.50796 -1.13097 0.00652498 0.993475 0.00928084 0.990719 0.999652 0.00034812 0.99815 0.00184988 0.993823 0.00617686 0.992569 0.00743097
-1.3823 -1.13097 0.0087891 0.991211 0.0114899 0.98851 0.999459 0.000541144 0.997314 0.00268612 0.991196 0.00880378 0.991752 0.00824796
-1.25664 -1.13097 0.0119236 0.988076 0.0145376 0.985462 0.999204 0.000795727 0.995986 0.0040141 0.989477 0.0105235 0.988872 0.0111279
-1.13097 -1.13097 0.0163073 0.983693 0.0189255 0.981075 0.998874 0.00112562 0.9938 0.00619985 0.987274 0.0127256 0.984818 0.0151817
-1.00531 -1.13097 0.022488 0.977512 0.0255673 0.974433 0.998453 0.0015471 0.990062 0.00993842 0.984371 0.0156289 0.979059 0.0209409
-0.879646 -1.13097 0.0312267 0.968773 0.0361996 0.9638 0.997922 0.00207753 0.983419 0.016581 0.980381 0.0196186 0.970851 0.0291492
-0.753982 -1.13097 0.0434843 0.956516 0.054193 0.945807 0.997269 0.00273111 0.971278 0.0287218 0.974529 0.0254712 0.959247 0.0407532
-0.628319 -1.13097 0.0602191 0.939781 0.0858276 0.914172 0.996491 0.00350933 0.949302 0.0506979 0.96487 0.0351298 0.94329 0.0567098
-0.502655 -1.13097 0.0817669 0.918233 0.140508 0.859492 0.995617 0.00438289 0.915188 0.0848122 0.944304 0.0556963 0.922616 0.0773841
-0.376991 -1.13097 0.106662 0.893338 0.223369 0.776631 0.994736 0.00526391 0.914246 0.085754 0.862385 0.137615 0.898602 0.101398
-0.251327 -1.13097 0.130416 0.869584 0.317739 0.682261 0.994022 0.00597834 0.999743 0.000256536 0.682517 0.317483 0.875563 0.124437
-0.125664 -1.13097 0.145806 0.854194 0.388373 0.611627 0.993726 0.0062737 0.982194 0.017806 0.629433 0.370567 0.860468 0.139532
0 -1.13097 0.145925 0.854075 0.412677 0.587323 0.994081 0.00591862 0.96684 0.0331598 0.859994 0.140006 0.620483 0.379517
0.125664 -1.13097 0.12878 0.87122 0.38909 0.61091 0.995106 0.00489435 0.95652 0.0434804 0.876115 0.123885 0.65439 0.34561
0.251327 -1.13097 0.0997931 0.900207 0.328937 0.671063 0.996497 0.00350295 0.95356 0.0464397 0.90371 0.0962902 0.717503 0.282497
0.376991 -1.13097 0.0688212 0.931179 0.252705 0.747295 0.997813 0.00218734 0.958695 0.0413051 0.933366 0.0666338 0.7886 0.2114
0.502655 -1.13097 0.0435506 0.956449 0.181696 0.818304 0.998775 0.00122466 0.968275 0.0317254 0.957674 0.042326 0.850029 0.149971
0.628319 -1.13097 0.0262144 0.973786 0.126937 0.873063 0.999361 0.000638865 0.977738 0.0222616 0.974424 0.0255755 0.895325 0.104675
0.753982 -1.13097 0.015451 0.984549 0.088735 0.911265 0.999675 0.000324528 0.984999 0.0150014 0.984874 0.0151264 0.926266 0.0737336
0.879646 -1.13097 0.00907806 0.990922 0.0630564 0.936944 0.999831 0.000169003 0.989986 0.0100144 0.991091 0.00890906 0.946958 0.053042
1.00531 -1.13097 0.00536266 0.994637 0.0458116 0.954188 0.999904 9.60215e-05 0.993276 0.00672359 0.994733 0.00526664 0.960912 0.039088
1.13097 -1.13097 0.00319391 0.996806 0.0340389 0.965961 0.999936 6.3583e-05 0.995435 0.00456482 0.99687 0.00313033 0.970526 0.029474
1.25664 -1.13097 0.00191804 0.998082 0.0258137 0.974186 0.999949 5.1299e-05 0.996865 0.00313483 0.998133 0.00186674 0.977321 0.0226789
1.3823 -1.13097 0.00116185 0.998838 0.0199243 0.980076 0.99995 5.02583e-05 0.997828 0.00217234 0.998888 0.00111159 0.982248 0.0177519
1.50796 -1.13097 0.000713253 0.999287 0.0156067 0.984393 0.999943 5.70713e-05 0.998487 0.00151303 0.999344 0.000656181 0.985906 0.0140937
1.63363 -1.13097 0.000450829 0.999549 0.0123726 0.987627 0.999929 7.08169e-05 0.998946 0.00105377 0.99962 0.000380012 0.988681 0.0113188
1.75929 -1.13097 0.000304163 0.999696 0.00990274 0.990097 0.999908 9.15979e-05 0.999271 0.00072923 0.999787 0.000212565 0.990826 0.00917351
1.88496 -1.13097 0.000231865 0.999768 0.00798449 0.992016 0.99988 0.000119902 0.999503 0.000497355 0.999888 0.000111963 0.992513 0.00748714
2.01062 -1.13097 0.000209334 0.999791 0.00647272 0.993527 0.999844 0.000156339 0.999669 0.00033067 0.999947 5.29953e-05 0.993858 0.00614205
2.13628 -1.13097 0.000221858 0.999778 0.0052665 0.994734 0.999798 0.000201546 0.999789 0.000210945 0.99998 2.03121e-05 0.994944 0.00505555
2.26195 -1.13097 0.000260681 0.999739 0.00429431 0.995706 0.999874 0.000125925 0.999744 0.000256149 0.999995 4.53267e-06 0.995832 0.00416838
2.38761 -1.13097 0.000320729 0.999679 0.00350468 0.996495 0.999933 6.72849e-05 0.999679 0.000320728 1 1.10844e-09 0.996563 0.00343739
2.51327 -1.13097 0.00039927 0.999601 0.00286007 0.99714 0.999971 2.93147e-05 0.999604 0.000395706 0.999996 3.56361e-06 0.997169 0.00283075
2.63894 -1.13097 0.000495134 0.999505 0.00233284 0.997667 0.999992 7.99635e-06 0.999519 0.000480967 0.999986 1.41677e-05 0.997675 0.00232484
2.7646 -1.13097 0.000608256 0.999392 0.00190255 0.998097 1 2.06795e-07 0.999426 0.000574266 0.999966 3.39897e-05 0.998098 0.00190234
2.89027 -1.13097 0.000739418 0.999261 0.00155414 0.998446 0.999997 2.54108e-06 0.999339 0.000661287 0.999922 7.81309e-05 0.998448 0.0015516
3.01593 -1.13097 0.000890129 0.99911 0.00127669 0.998723 0.999992 8.01055e-06 0.99946 0.000540443 0.99965 0.000349686 0.998731 0.00126868
-3.14159 -1.00531 0.00106259 0.998937 0.00106259 0.998937 1 5.91154e-30 1 7.55033e-29 0.998937 0.00106259 0.998937 0.00106259
-3.01593 -1.00531 0.000899205 0.999101 0.00126762 0.998732 0.999978 2.19935e-05 0.999581 0.000419371 0.99952 0.000479834 0.998754 0.00124563
-2.89027 -1.00531 0.000790261 0.99921 0.00150308 0.998497 0.999951 4.90844e-05 0.999545 0.000455136 0.999665 0.000335125 0.998546 0.001454
-2.7646 -1.00531 0.000735658 0.999264 0.00177406 0.998226 0.999921 7.88281e-05 0.999657 0.000342907 0.999607 0.000392751 0.998305 0.00169524
-2.63894 -1.00531 0.000737772 0.999262 0.00208709 0.997913 0.999886 0.000113913 0.999766 0.000233735 0.999496 0.000504037 0.998027 0.00197318
-2.51327 -1.00531 0.000801791 0.999198 0.00245056 0.997549 0.999857 0.000142918 0.999843 0.000157136 0.999341 0.000658873 0.997707 0.00229342
-2.38761 -1.00531 0.000936318 0.999064 0.00287536 0.997125 0.999926 7.35098e-05 0.999788 0.000212005 0.999137 0.000862808 0.997337 0.00266335
-2.26195 -1.00531 0.00115434 0.998846 0.00337583 0.996624 0.999973 2.65107e-05 0.999717 0.000283364 0.998872 0.00112783 0.996908 0.00309246
-2.13628 -1.00531 0.00147472 0.998525 0.00397114 0.996029 0.999997 2.77562e-06 0.999622 0.000378209 0.998528 0.00147194 0.996407 0.00359293
-2.01062 -1.00531 0.0019244 0.998076 0.00468743 0.995313 0.999996 3.59807e-06 0.999493 0.000506937 0.998079 0.00192081 0.99582 0.00418049
-1.88496 -1.00531 0.00254182 0.997458 0.00556116 0.994439 0.999969 3.09936e-05 0.999315 0.000685384 0.997489 0.00251082 0.995124 0.00487578
-1.75929 -1.00531 0.00338191 0.996618 0.0066445 0.993356 0.999912 8.79239e-05 0.999062 0.000938283 0.996706 0.00329399 0.994294 0.00570622
-1.63363 -1.00531 0.0045239 0.995476 0.00801432 0.991986 0.999821 0.000178533 0.998695 0.00130529 0.995655 0.00434537 0.993291 0.00670903
-1.50796 -1.00531 0.00608299 0.993917 0.00978778 0.990212 0.999692 0.000308418 0.998148 0.00185187 0.994225 0.00577457 0.992064 0.00793591
-1.3823 -1.00531 0.00822817 0.991772 0.0121502 0.98785 0.999515 0.000484914 0.997311 0.00268945 0.992257 0.00774326 0.990539 0.00946074
-1.25664 -1.00531 0.0112088 0.988791 0.0154072 0.984593 0.999283 0.000717351 0.995986 0.00401424 0.988607 0.011393 0.989509 0.0104915
-1.13097 -1.00531 0.0153926 0.984607 0.0200862 0.979914 0.998983 0.0010171 0.993816 0.00618378 0.986098 0.0139025 0.985624 0.0143755
-1.00531 -1.00531 0.021314 0.978686 0.0271402 0.97286 0.998603 0.00139704 0.99013 0.0098703 0.98273 0.0172699 0.980083 0.019917
-0.879646 -1.00531 0.0297203 0.97028 0.038362 0.961638 0.99813 0.00186979 0.983639 0.0163608 0.977999 0.0220012 0.972149 0.0278505
-0.753982 -1.00531 0.0415637 0.958436 0.0571917 0.942808 0.997557 0.00244313 0.971943 0.0280574 0.970866 0.0291343 0.960879 0.0391206
-0.628319 -1.00531 0.0578106 0.942189 0.089947 0.910053 0.996889 0.00311077 0.951317 0.0486831 0.958736 0.0412639 0.9453 0.0546999
-0.502655 -1.00531 0.0788395 0.921161 0.145897 0.854103 0.996164 0.00383581 0.921413 0.0785872 0.93269 0.0673102 0.924996 0.0750037
-0.376991 -1.00531 0.103275 0.896725 0.229736 0.770264 0.995472 0.00452782 0.923755 0.0762451 0.846509 0.153491 0.901252 0.0987475
-0.251327 -1.00531 0.126766 0.873234 0.324469 0.675531 0.994975 0.00502538 0.99878 0.00122049 0.676751 0.323249 0.878259 0.121741
-0.125664 -1.00531 0.14225 0.85775 0.39514 0.60486 0.994882 0.00511782 0.989103 0.0108968 0.615757 0.384243 0.862867 0.137133
0 -1.00531 0.142969 0.857031 0.419373 0.580627 0.995352 0.00464838 0.97217 0.0278302 0.861679 0.138321 0.608457 0.391543
0.125664 -1.00531 0.126949 0.873051 0.395281 0.604719 0.996329 0.00367073 0.95914 0.0408602 0.876721 0.123279 0.645579 0.354421
0.251327 -1.00531 0.0993232 0.900677 0.333735 0.666265 0.997511 0.00248887 0.953664 0.0463355 0.903166 0.0968343 0.7126 0.2874
0.376991 -1.00531 0.069437 0.930563 0.25546 0.74454 0.998541 0.00145913 0.957474 0.0425259 0.932022 0.0679779 0.787066 0.212934
0.502655 -1.00531 0.0446901 0.95531 0.182665 0.817335 0.999242 0.000757564 0.966941 0.0330595 0.956067 0.0439326 0.850395 0.149605
0.628319 -1.00531 0.0274148 0.972585 0.126896 0.873104 0.99964 0.000360262 0.976779 0.0232211 0.972945 0.0270545 0.896325 0.103675
0.753982 -1.00531 0.0164863 0.983514 0.0883137 0.911686 0.999836 0.000163676 0.98441 0.0155901 0.983677 0.0163226 0.927276 0.0727235
0.879646 -1.00531 0.00989069 0.990109 0.062575 0.937425 0.999925 7.54735e-05 0.989644 0.0103558 0.990185 0.00981522 0.947781 0.0522192
1.00531 -1.00531 0.00597043 0.99403 0.0453908 0.954609 0.999961 3.88031e-05 0.99308 0.00691996 0.994068 0.00593163 0.961529 0.0384708
1.13097 -1.00531 0.00363634 0.996364 0.0337076 0.966292 0.999975 2.505e-05 0.99532 0.00467968 0.996389 0.00361129 0.970972 0.0290279
1.25664 -1.00531 0.00223428 0.997766 0.0255669 0.974433 0.999978 2.19105e-05 0.996796 0.0032043 0.997788 0.00221237 0.977637 0.0223626
1.3823 -1.00531 0.00138414 0.998616 0.0197472 0.980253 0.999975 2.50685e-05 0.997784 0.00221642 0.998641 0.00135907 0.982469 0.0175308
1.50796 -1.00531 0.000866355 0.999134 0.0154841 0.984516 0.999966 3.36742e-05 0.998457 0.00154274 0.999167 0.00083268 0.986059 0.0139414
1.63363 -1.00531 0.000553216 0.999447 0.0122913 0.987709 0.999952 4.81923e-05 0.998925 0.00107523 0.999495 0.000505024 0.988784 0.011216
1.75929 -1.00531 0.000369494 0.999631 0.00985228 0.990148 0.999931 6.94798e-05 0.999254 0.000745797 0.9997 0.000300014 0.990894 0.00910648
1.88496 -1.00531 0.000270251 0.99973 0.00795671 0.992043 0.999902 9.84375e-05 0.999489 0.00051087 0.999828 0.000171814 0.992554 0.00744584
2.01062 -1.00531 0.000228312 0.999772 0.00646134 0.993539 0.999864 0.00013591 0.999658 0.000342091 0.999908 9.24023e-05 0.993881 0.00611925
2.13628 -1.00531 0.000227113 0.999773 0.00526666 0.994733 0.999817 0.00018268 0.999779 0.000220709 0.999956 4.4433e-05 0.994954 0.00504595
2.26195 -1.00531 0.000256569 0.999743 0.00430224 0.995698 0.999866 0.000134158 0.999761 0.000239488 0.999983 1.70806e-05 0.995832 0.00416808
2.38761 -1.00531 0.000310653 0.999689 0.00351739 0.996483 0.999926 7.39229e-05 0.999693 0.000307039 0.999996 3.61393e-06 0.996557 0.00344346
2.51327 -1.00531 0.000385963 0.999614 0.00287512 0.997125 0.999966 3.41813e-05 0.999614 0.000385945 1 1.82845e-08 0.997159 0.00284093
2.63894 -1.00531 0.00048086 0.999519 0.00234819 0.997652 0.999989 1.08688e-05 0.999524 0.000476451 0.999996 4.40852e-06 0.997663 0.00233732
2.7646 -1.00531 0.000594966 0.999405 0.00191643 0.998084 0.999999 9.1095e-07 0.999423 0.000577246 0.999982 1.77199e-05 0.998084 0.00191552
2.89027 -1.00531 0.000728878 0.999271 0.00156495 0.998435 0.999999 1.17617e-06 0.999322 0.000677552 0.999949 5.13257e-05 0.998436 0.00156377
3.01593 -1.00531 0.000884016 0.999116 0.00128287 0.998717 0.999994 5.68277e-06 0.999414 0.000586427 0.999702 0.000297589 0.998723 0.00127719
-3.14159 -0.879646 0.00106259 0.998937 0.00106259 0.998937 1 7.55078e-29 1 4.60586e-29 0.998937 0.00106259 0.998937 0.00106259
-3.01593 -0.879646 0.000892111 0.999108 0.00127478 0.998725 0.999982 1.80022e-05 0.999548 0.000452146 0.99956 0.000439965 0.998743 0.00125678
-2.89027 -0.879646 0.000774218 0.999226 0.00151941 0.998481 0.999958 4.2109e-05 0.999517 0.000483164 0.999709 0.000291055 0.998523 0.0014773
-2.7646 -0.879646 0.000708573 0.999291 0.00180183 0.998198 0.99993 7.01233e-05 0.999635 0.000364976 0.999656 0.000343596 0.998268 0.00173171
-2.63894 -0.879646 0.000697208 0.999303 0.00212897 0.997871 0.999896 0.000104224 0.999748 0.000251855 0.999555 0.000445353 0.997975 0.00202475
-2.51327 -0.879646 0.000744843 0.999255 0.00250979 0.99749 0.999842 0.000157568 0.999853 0.000146983 0.999413 0.000587275 0.997637 0.0023628
-2.38761 -0.879646 0.000859453 0.999141 0.00295591 0.997044 0.999915 8.46367e-05 0.999798 0.000201809 0.999225 0.000774817 0.997246 0.0027541
-2.26195 -0.879646 0.0010532 0.998947 0.0034827 0.996517 0.999966 3.37833e-05 0.999726 0.000273505 0.998981 0.00101941 0.996791 0.0032092
-2.13628 -0.879646 0.00134382 0.998656 0.00411072 0.995889 0.999994 5.64469e-06 0.999631 0.000369056 0.998662 0.00133817 0.996258 0.00374167
-2.01062 -0.879646 0.00175681 0.998243 0.00486802 0.995132 0.999999 1.27884e-06 0.999501 0.000498861 0.998244 0.00175553 0.995631 0.00436915
-1.88496 -0.879646 0.00232862 0.997671 0.00579367 0.994206 0.999978 2.24048e-05 0.999321 0.000678747 0.997694 0.00230622 0.994885 0.00511493
-1.75929 -0.879646 0.00311158 0.996888 0.00694357 0.993056 0.999928 7.15848e-05 0.999067 0.000933372 0.99696 0.00304 0.99399 0.0060102
-1.63363 -0.879646 0.00418135 0.995819 0.0083999 0.9916 0.999848 0.000152409 0.998698 0.00130216 0.995971 0.00402894 0.992902 0.00709774
-1.50796 -0.879646 0.00564836 0.994352 0.0102875 0.989713 0.99973 0.000269691 0.99815 0.00184992 0.994621 0.00537867 0.991562 0.00843755
-1.3823 -0.879646 0.00767518 0.992325 0.0128029 0.987197 0.99957 0.00042966 0.997314 0.00268648 0.992754 0.00724552 0.989884 0.0101165
-1.25664 -0.879646 0.0105027 0.989497 0.0162689 0.983731 0.99936 0.000640064 0.995996 0.00400408 0.990137 0.00986266 0.987735 0.0122648
-1.13097 -0.879646 0.0144878 0.985512 0.0212381 0.978762 0.99909 0.00091002 0.99385 0.00615034 0.984912 0.0150878 0.986422 0.0135778
-1.00531 -0.879646 0.0201522 0.979848 0.0287012 0.971299 0.998751 0.00124925 0.990228 0.009772 0.981071 0.0189292 0.981097 0.018903
-0.879646 -0.879646 0.0282307 0.971769 0.0405038 0.959496 0.998334 0.00166597 0.983913 0.0160873 0.975584 0.0244165 0.973435 0.0265647
-0.753982 -0.879646 0.0396694 0.960331 0.0601443 0.939856 0.997838 0.00216232 0.972697 0.027303 0.967159 0.0328413 0.962493 0.0375071
-0.628319 -0.879646 0.0554476 0.944552 0.093953 0.906047 0.997275 0.00272537 0.953426 0.0465742 0.952621 0.0473787 0.947278 0.0527222
-0.502655 -0.879646 0.0759931 0.924007 0.151023 0.848977 0.996687 0.00331263 0.927117 0.0728831 0.92186 0.0781397 0.92732 0.0726805
-0.376991 -0.879646 0.100029 0.899971 0.235604 0.764396 0.996166 0.0038341 0.929838 0.0701625 0.834558 0.165442 0.903805 0.0961952
-0.251327 -0.879646 0.12334 0.87666 0.330495 0.669505 0.995856 0.00414441 0.994399 0.00560111 0.675106 0.324894 0.880804 0.119196
-0.125664 -0.879646 0.139008 0.860992 0.401139 0.598861 0.995924 0.0040759 0.994446 0.00555448 0.604416 0.395584 0.865068 0.134932
0 -0.879646 0.14039 0.85961 0.425354 0.574646 0.996461 0.00353922 0.977515 0.0224847 0.863149 0.136851 0.59713 0.40287
0.125664 -0.879646 0.125496 0.874504 0.400868 0.599132 0.997358 0.0026415 0.962127 0.0378732 0.877146 0.122854 0.637006 0.362994
0.251327 -0.879646 0.0991614 0.900839 0.338047 0.661953 0.99833 0.00167002 0.953985 0.0460147 0.902509 0.0974914 0.707968 0.292032
0.376991 -0.879646 0.0702704 0.92973 0.25781 0.74219 0.999104 0.000896068 0.956254 0.0437459 0.930626 0.0693743 0.785936 0.214064
0.502655 -0.879646 0.0459783 0.954022 0.183298 0.816702 0.999586 0.000413535 0.965538 0.0344617 0.954435 0.0455648 0.851164 0.148836
0.628319 -0.879646 0.0287232 0.971277 0.126594 0.873406 0.999833 0.000166869 0.975768 0.0242317 0.971444 0.0285563 0.897638 0.102362
0.753982 -0.879646 0.0176056 0.982394 0.0876998 0.9123 0.99994 6.00834e-05 0.983796 0.0162041 0.982454 0.0175455 0.928504 0.0714956
0.879646 -0.879646 0.010771 0.989229 0.0619551 0.938045 0.99998 2.03205e-05 0.989293 0.0107075 0.989249 0.0107507 0.948752 0.0512476
1.00531 -0.879646 0.00663349 0.993367 0.0448699 0.95513 0.999992 7.59619e-06 0.99288 0.00711971 0.993374 0.00662589 0.96225 0.0377502
1.13097 -0.879646 0.00412406 0.995876 0.0333029 0.966697 0.999996 4.43259e-06 0.995205 0.00479517 0.99588 0.00411963 0.971492 0.0285077
1.25664 -0.879646 0.00258769 0.997412 0.0252651 0.974735 0.999995 5.0524e-06 0.996727 0.00327345 0.997417 0.00258263 0.978008 0.0219916
1.3823 -0.879646 0.00163698 0.998363 0.0195282 0.980472 0.999991 8.74168e-06 0.99774 0.00225993 0.998372 0.00162824 0.982732 0.0172682
1.50796 -0.879646 0.00104462 0.998955 0.0153289 0.984671 0.999983 1.65721e-05 0.998428 0.00157192 0.998972 0.00102804 0.986243 0.013757
1.63363 -0.879646 0.000676348 0.999324 0.0121844 0.987816 0.99997 3.00099e-05 0.998904 0.00109627 0.999354 0.000646338 0.988912 0.0110881
1.75929 -0.879646 0.000451939 0.999548 0.00978149 0.990219 0.99995 5.04232e-05 0.999238 0.000762083 0.999598 0.000401515 0.990981 0.00901941
1.88496 -0.879646 0.000322745 0.999677 0.00791269 0.992087 0.999921 7.89699e-05 0.999476 0.000524233 0.999756 0.000243775 0.992612 0.00738846
2.01062 -0.879646 0.000258888 0.999741 0.00643695 0.993563 0.999883 0.000116625 0.999647 0.000353474 0.999858 0.000142263 0.993917 0.00608347
2.13628 -0.879646 0.000241851 0.999758 0.00525642 0.994744 0.999836 0.000164247 0.999769 0.000230538 0.999922 7.76049e-05 0.994974 0.00502588
2.26195 -0.879646 0.000260141 0.99974 0.00430189 0.995698 0.999857 0.00014255 0.999777 0.000222639 0.999962 3.75024e-05 0.995841 0.00415934
2.38761 -0.879646 0.000306718 0.999693 0.00352358 0.996476 0.999919 8.08107e-05 0.999707 0.00029259 0.999986 1.41275e-05 0.996557 0.00344277
2.51327 -0.879646 0.000377454 0.999623 0.00288514 0.997115 0.999961 3.93854e-05 0.999625 0.000374861 0.999997 2.59345e-06 0.997154 0.00284576
2.63894 -0.879646 0.000470206 0.99953 0.0023598 0.99764 0.999986 1.41626e-05 0.99953 0.000470015 1 1.91391e-07 0.997654 0.00234563
2.7646 -0.879646 0.000584252 0.999416 0.00192768 0.998072 0.999998 2.10786e-06 0.999422 0.000577587 0.999993 6.6655e-06 0.998074 0.00192557
2.89027 -0.879646 0.000719974 0.99928 0.00157409 0.998426 1 3.33208e-07 0.99931 0.000690274 0.99997 2.96994e-05 0.998426 0.00157376
3.01593 -0.879646 0.000878688 0.999121 0.00128826 0.998712 0.999996 3.75969e-06 0.999362 0.000637874 0.999759 0.000240813 0.998716 0.0012845
-3.14159 -0.753982 0.00106259 0.998937 0.00106259 0.998937 1 7.55203e-29 1 5.17415e-30 0.998937 0.00106259 0.998937 0.00106259
-3.01593 -0.753982 0.000885769 0.999114 0.00128119 0.998719 0.999986 1.44227e-05 0.999512 0.000488225 0.999602 0.000397544 0.998733 0.00126676
-2.89027 -0.753982 0.000759635 0.99924 0.00153425 0.998466 0.999964 3.57061e-05 0.999489 0.000511278 0.999752 0.000248357 0.998501 0.00149854
-2.7646 -0.753982 0.000683621 0.999316 0.00182741 0.998173 0.999938 6.19684e-05 0.999613 0.000387112 0.999703 0.000296509 0.998235 0.00176544
-2.63894 -0.753982 0.000659429 0.999341 0.00216799 0.997832 0.999905 9.49886e-05 0.99973 0.000270296 0.999611 0.000389133 0.997927 0.002073
-2.51327 -0.753982 0.000691316 0.999309 0.00256547 0.997435 0.999863 0.000137153 0.999827 0.000172792 0.999481 0.000518524 0.997572 0.00242831
-2.38761 -0.753982 0.000786638 0.999213 0.00303224 0.996968 0.999903 9.65501e-05 0.999808 0.00019178 0.99931 0.000690088 0.99716 0.00284046
-2.26195 -0.753982 0.000956725 0.999043 0.00358467 0.996415 0.999958 4.20107e-05 0.999736 0.000263631 0.999085 0.000914714 0.996679 0.00332103
-2.13628 -0.753982 0.00121822 0.998782 0.00424469 0.995755 0.99999 9.59231e-06 0.99964 0.000359669 0.998791 0.00120863 0.996115 0.00388503
-2.01062 -0.753982 0.00159516 0.998405 0.00504226 0.994958 1 1.2075e-07 0.99951 0.00049027 0.998405 0.00159504 0.995448 0.00455199
-1.88496 -0.753982 0.00212203 0.997878 0.0060191 0.993981 0.999985 1.50235e-05 0.999329 0.000671208 0.997893 0.002107 0.994652 0.00534789
-1.75929 -0.753982 0.00284852 0.997151 0.00723478 0.992765 0.999944 5.64717e-05 0.999073 0.000927005 0.997208 0.00279205 0.993692 0.00630778
-1.63363 -0.753982 0.00384678 0.996153 0.00877677 0.991223 0.999872 0.000127515 0.998703 0.00129673 0.996281 0.00371927 0.99252 0.00748004
-1.50796 -0.753982 0.00522246 0.994778 0.0107775 0.989222 0.999768 0.000232212 0.998156 0.00184437 0.99501 0.00499025 0.991067 0.00893315
-1.3823 -0.753982 0.00713178 0.992868 0.0134449 0.986555 0.999624 0.000375725 0.997322 0.00267778 0.993244 0.00675606 0.989233 0.0107671
-1.25664 -0.753982 0.00980728 0.990193 0.0171181 0.982882 0.999436 0.000564297 0.996015 0.00398463 0.990757 0.00924298 0.986866 0.0131335
-1.13097 -0.753982 0.0135952 0.986405 0.0223748 0.977625 0.999195 0.000804929 0.993898 0.00610154 0.98721 0.0127903 0.983727 0.0162732
-1.00531 -0.753982 0.0190052 0.980995 0.0302413 0.969759 0.998896 0.0011044 0.990352 0.00964787 0.979407 0.0205935 0.982099 0.0179008
-0.879646 -0.753982 0.0267608 0.973239 0.0426114 0.957389 0.998533 0.00146699 0.984229 0.0157707 0.973159 0.0268406 0.974706 0.0252938
-0.753982 -0.753982 0.0378043 0.962196 0.0630306 0.936969 0.99811 0.00188984 0.973514 0.0264857 0.963455 0.0365448 0.964086 0.0359145
-0.628319 -0.753982 0.0531326 0.946867 0.0978164 0.902184 0.997645 0.00235467 0.955554 0.0444464 0.94663 0.05337 0.949222 0.0507779
-0.502655 -0.753982 0.0732298 0.92677 0.155848 0.844152 0.997185 0.00281539 0.932216 0.0677837 0.911936 0.0880643 0.929586 0.0704144
-0.376991 -0.753982 0.0969243 0.903076 0.240937 0.759063 0.996815 0.00318524 0.93412 0.0658804 0.824943 0.175057 0.906261 0.093739
-0.251327 -0.753982 0.120136 0.879864 0.335789 0.664211 0.996662 0.00333792 0.988881 0.0111187 0.675329 0.324671 0.883202 0.116798
-0.125664 -0.753982 0.136075 0.863925 0.406346 0.593654 0.996851 0.00314874 0.997999 0.0020011 0.595655 0.404345 0.867074 0.132926
0 -0.753982 0.138178 0.861822 0.430592 0.569408 0.997413 0.0025873 0.982685 0.0173146 0.864409 0.135591 0.586722 0.413278
0.125664 -0.753982 0.124403 0.875597 0.405814 0.594186 0.998204 0.00179599 0.965452 0.034548 0.877393 0.122607 0.628734 0.371266
0.251327 -0.753982 0.0992918 0.900708 0.341834 0.658166 0.998969 0.00103067 0.954537 0.0454632 0.901739 0.0982611 0.703629 0.296371
0.376991 -0.753982 0.0713087 0.928691 0.259728 0.740272 0.999518 0.00048228 0.955031 0.0449687 0.929174 0.0708264 0.78524 0.21476
0.502655 -0.753982 0.0474059 0.952594 0.183578 0.816422 0.99982 0.000180016 0.964058 0.0359419 0.952774 0.0472259 0.852364 0.147636
0.628319 -0.753982 0.0301327 0.969867 0.126022 0.873978 0.99995 5.01203e-05 0.974702 0.0252981 0.969917 0.0300825 0.899276 0.100724
0.753982 -0.753982 0.0188037 0.981196 0.0868906 0.913109 0.999992 8.32381e-06 0.983155 0.0168447 0.981205 0.0187954 0.929954 0.0700459
0.879646 -0.753982 0.0117152 0.988285 0.0611965 0.938804 1 2.13197e-07 0.988931 0.0110694 0.988285 0.011715 0.949873 0.0501271
1.00531 -0.753982 0.0073489 0.992651 0.0442497 0.95575 1 3.81035e-07 0.992677 0.00732258 0.992651 0.00734852 0.963073 0.0369271
1.13097 -0.753982 0.00465493 0.995345 0.0328255 0.967174 0.999999 5.19755e-07 0.995089 0.00491104 0.995346 0.00465441 0.972086 0.0279145
1.25664 -0.753982 0.0029767 0.997023 0.024909 0.975091 1 1.75531e-08 0.996658 0.00334207 0.997023 0.00297668 0.978433 0.0215669
1.3823 -0.753982 0.00191925 0.998081 0.0192677 0.980732 0.999999 8.89693e-07 0.997697 0.00230275 0.998082 0.00191836 0.983035 0.0169649
1.50796 -0.753982 0.00124723 0.998753 0.0151416 0.984858 0.999994 5.58271e-06 0.9984 0.00160049 0.998758 0.00124165 0.986459 0.0135411
1.63363 -0.753982 0.000819661 0.99918 0.0120522 0.987948 0.999984 1.62214e-05 0.998883 0.00111684 0.999197 0.000803439 0.989065 0.0109353
1.75929 -0.753982 0.000551114 0.999449 0.00969057 0.990309 0.999966 3.44672e-05 0.999222 0.000778062 0.999483 0.000516647 0.991087 0.00891251
1.88496 -0.753982 0.000389094 0.999611 0.00785255 0.992147 0.999938 6.15934e-05 0.999463 0.000537429 0.999672 0.000327501 0.992685 0.00731512
2.01062 -0.753982 0.000300908 0.999699 0.0063996 0.9936 0.999901 9.86115e-05 0.999635 0.000364809 0.999798 0.000202296 0.993965 0.00603479
2.13628 -0.753982 0.000265991 0.999734 0.00523578 0.994764 0.999854 0.00014639 0.99976 0.000240425 0.99988 0.000119601 0.995005 0.00499535
2.26195 -0.753982 0.000271367 0.999729 0.00429324 0.995707 0.999794 0.000205748 0.999849 0.000151098 0.999934 6.56186e-05 0.995858 0.00414215
2.38761 -0.753982 0.000308925 0.999691 0.00352322 0.996477 0.999912 8.7945e-05 0.999722 0.000277518 0.999969 3.14068e-05 0.996565 0.00343527
2.51327 -0.753982 0.00037377 0.999626 0.00289009 0.99711 0.999955 4.49237e-05 0.999637 0.000362569 0.999989 1.12002e-05 0.997155 0.00284517
2.63894 -0.753982 0.00046321 0.999537 0.0023676 0.997632 0.999982 1.78738e-05 0.999538 0.000461724 0.999999 1.48633e-06 0.99765 0.00234973
2.7646 -0.753982 0.000576153 0.999424 0.00193624 0.998064 0.999996 3.79211e-06 0.999425 0.000575247 0.999999 9.0613e-07 0.998068 0.00193245
2.89027 -0.753982 0.000712741 0.999287 0.00158153 0.998418 1 5.16891e-09 0.999301 0.000699014 0.999986 1.37275e-05 0.998418 0.00158153
3.01593 -0.753982 0.000874164 0.999126 0.00129284 0.998707 0.999998 2.23646e-06 0.999305 0.000694605 0.99982 0.000179559 0.998709 0.0012906
-3.14159 -0.628319 0.00106259 0.998937 0.00106259 0.998937 1 7.55182e-29 1 5.55545e-29 0.998937 0.00106259 0.998937 0.00106259
-3.01593 -0.628319 0.000880204 0.99912 0.0012868 0.998713 0.999989 1.12491e-05 0.999472 0.00052822 0.999648 0.000351984 0.998724 0.00127555
-2.89027 -0.628319 0.000746567 0.999253 0.00154755 0.998452 0.99997 2.9862e-05 0.999461 0.000539162 0.999793 0.000207405 0.998482 0.00151769
-2.7646 -0.628319 0.000660898 0.999339 0.00185071 0.998149 0.999946 5.43523e-05 0.999591 0.000409127 0.999748 0.000251771 0.998204 0.00179636
-2.63894 -0.628319 0.000624575 0.999375 0.00220398 0.997796 0.999914 8.62021e-05 0.999711 0.000288939 0.999664 0.000335636 0.997882 0.00211778
-2.51327 -0.628319 0.000641408 0.999359 0.00261737 0.997383 0.999872 0.000127649 0.999811 0.000188517 0.999547 0.00045289 0.99751 0.00248972
-2.38761 -0.628319 0.000718139 0.999282 0.00310402 0.996896 0.999891 0.000109217 0.999818 0.000181934 0.999391 0.000608922 0.997078 0.00292208
-2.26195 -0.628319 0.00086528 0.999135 0.00368128 0.996319 0.999949 5.11969e-05 0.999746 0.000253771 0.999186 0.000814083 0.996572 0.00342751
-2.13628 -0.628319 0.00109839 0.998902 0.00437247 0.995628 0.999985 1.46599e-05 0.99965 0.000350091 0.998916 0.00108373 0.995978 0.00402238
-2.01062 -0.628319 0.00144002 0.99856 0.00520941 0.994791 1 2.04701e-07 0.999519 0.000481225 0.99856 0.00143982 0.995272 0.00472819
-1.88496 -0.628319 0.00192274 0.998077 0.00623644 0.993764 0.999991 8.97401e-06 0.999337 0.000662859 0.998086 0.00191377 0.994426 0.00557358
-1.75929 -0.628319 0.00259362 0.997406 0.0075168 0.992483 0.999957 4.27579e-05 0.999081 0.000919315 0.997449 0.00255086 0.993403 0.00659749
-1.63363 -0.628319 0.00352127 0.996479 0.00914318 0.990857 0.999896 0.000104082 0.998711 0.00128922 0.996583 0.00341719 0.992146 0.00785396
-1.50796 -0.628319 0.00480663 0.995193 0.0112556 0.988744 0.999804 0.000196277 0.998164 0.00183553 0.99539 0.00461035 0.99058 0.00942005
-1.3823 -0.628319 0.0065996 0.9934 0.0140729 0.985927 0.999677 0.000323488 0.997336 0.00266391 0.993724 0.00627611 0.988591 0.011409
-1.25664 -0.628319 0.00912447 0.990876 0.0179506 0.982049 0.999509 0.000490535 0.996043 0.00395691 0.991366 0.00863393 0.986006 0.0139937
-1.13097 -0.628319 0.0127172 0.987283 0.0234901 0.97651 0.999298 0.000702442 0.993961 0.00603934 0.987985 0.0120148 0.982549 0.0174507
-1.00531 -0.628319 0.0178758 0.982124 0.0317516 0.968248 0.999037 0.000963299 0.990498 0.00950204 0.97775 0.0222496 0.983088 0.0169125
-0.879646 -0.628319 0.0253134 0.974687 0.0446717 0.955328 0.998726 0.00127386 0.984579 0.0154207 0.970749 0.029251 0.97596 0.0240396
-0.753982 -0.628319 0.0359715 0.964028 0.0658312 0.934169 0.998373 0.00162706 0.974371 0.0256289 0.959798 0.0402023 0.965656 0.0343444
-0.628319 -0.628319 0.0508683 0.949132 0.10151 0.89849 0.998 0.0020005 0.957647 0.0423528 0.940843 0.0591574 0.951132 0.0488678
-0.502655 -0.628319 0.0705514 0.929449 0.160341 0.839659 0.997654 0.00234644 0.936727 0.0632733 0.902932 0.0970679 0.931795 0.0682049
-0.376991 -0.628319 0.093961 0.906039 0.245709 0.754291 0.997416 0.00258411 0.937359 0.0626413 0.816933 0.183067 0.908623 0.0913769
-0.251327 -0.628319 0.117152 0.882848 0.340335 0.659665 0.997391 0.00260867 0.983366 0.0166336 0.676299 0.323701 0.885457 0.114543
-0.125664 -0.628319 0.133445 0.866555 0.410745 0.589255 0.997663 0.00233728 0.999752 0.0002483 0.589503 0.410497 0.868892 0.131108
0 -0.628319 0.136322 0.863678 0.435062 0.564938 0.998211 0.00178894 0.987484 0.0125159 0.865467 0.134533 0.577454 0.422546
0.125664 -0.628319 0.123657 0.876343 0.410087 0.589913 0.998876 0.00112414 0.969078 0.0309223 0.877467 0.122533 0.620836 0.379164
0.251327 -0.628319 0.0997004 0.9003 0.34506 0.65494 0.999444 0.000556459 0.955335 0.044665 0.900856 0.099144 0.699605 0.300395
0.376991 -0.628319 0.0725409 0.927459 0.261185 0.738815 0.999797 0.000203409 0.953801 0.0461993 0.927663 0.0723375 0.785014 0.214986
0.502655 -0.628319 0.0489649 0.951035 0.183489 0.816511 0.999954 4.56327e-05 0.962488 0.0375118 0.951081 0.0489192 0.854023 0.145977
0.628319 -0.628319 0.0316371 0.968363 0.125173 0.874827 0.999998 2.12523e-06 0.973574 0.026426 0.968365 0.0316349 0.901253 0.0987471
0.753982 -0.628319 0.0200757 0.979924 0.0858849 0.914115 0.999997 3.27122e-06 0.982487 0.0175132 0.979928 0.0200724 0.931628 0.0683717
0.879646 -0.628319 0.0127193 0.987281 0.0602999 0.9397 0.999988 1.19082e-05 0.988559 0.0114415 0.987293 0.0127074 0.951142 0.0488585
1.00531 -0.628319 0.00811374 0.991886 0.0435314 0.956469 0.999985 1.51238e-05 0.992472 0.00752817 0.991901 0.00809862 0.963997 0.0360032
1.13097 -0.628319 0.00522675 0.994773 0.0322768 0.967723 0.999988 1.20456e-05 0.994973 0.00502695 0.994785 0.0052147 0.97275 0.0272499
1.25664 -0.628319 0.0033997 0.9966 0.0244997 0.9755 0.999994 6.03208e-06 0.99659 0.00340995 0.996606 0.00339367 0.97891 0.0210897
1.3823 -0.628319 0.00222977 0.99777 0.0189666 0.981033 0.999999 1.05952e-06 0.997655 0.00234473 0.997771 0.00222871 0.983378 0.0166219
1.50796 -0.628319 0.00147334 0.998527 0.0149227 0.985077 1 4.65929e-07 0.998372 0.00162836 0.998527 0.00147288 0.986706 0.0132944
1.63363 -0.628319 0.000982542 0.999017 0.0118951 0.988105 0.999993 6.72985e-06 0.998863 0.0011369 0.999024 0.000975812 0.989242 0.0107582
1.75929 -0.628319 0.000666589 0.999333 0.00957982 0.99042 0.999978 2.16115e-05 0.999206 0.000793702 0.999355 0.000644978 0.991214 0.00878612
1.88496 -0.628319 0.000469008 0.999531 0.00777648 0.992224 0.999954 4.63728e-05 0.99945 0.000550437 0.999577 0.000422635 0.992774 0.00722604
2.01062 -0.628319 0.000354181 0.999646 0.00634942 0.993651 0.999918 8.19765e-05 0.999624 0.000376086 0.999728 0.000272205 0.994027 0.00597334
2.13628 -0.628319 0.000299416 0.999701 0.0052048 0.994795 0.999871 0.000129242 0.99975 0.000250364 0.99983 0.000170174 0.995046 0.00495443
2.26195 -0.628319 0.000290187 0.99971 0.00427631 0.995724 0.999811 0.000188959 0.99984 0.000159797 0.999899 0.000101228 0.995883 0.00411651
2.38761 -0.628319 0.000317256 0.999683 0.00351629 0.996484 0.999905 9.5323e-05 0.999738 0.000261966 0.999945 5.52905e-05 0.996579 0.00342097
2.51327 -0.628319 0.000374916 0.999625 0.00288994 0.99711 0.999949 5.07938e-05 0.999651 0.000349199 0.999974 2.57169e-05 0.997161 0.00283915
2.63894 -0.628319 0.000459895 0.99954 0.00237157 0.997628 0.999978 2.19996e-05 0.999548 0.000451675 0.999992 8.21998e-06 0.99765 0.00234957
2.7646 -0.628319 0.000570698 0.999429 0.00194208 0.998058 0.999994 5.95976e-06 0.99943 0.000570242 1 4.55622e-07 0.998064 0.00193612
2.89027 -0.628319 0.000707206 0.999293 0.00158724 0.998413 1 1.86529e-07 0.999297 0.000703439 0.999996 3.76769e-06 0.998413 0.00158706
3.01593 -0.628319 0.000870463 0.99913 0.00129659 0.998703 0.999999 1.10906e-06 0.999246 0.000754426 0.999884 0.000116037 0.998705 0.00129548
-3.14159 -0.502655 0.00106259 0.998937 0.00106259 0.998937 1 7.552e-29 1 6.26679e-29 0.998937 0.00106259 0.998937 0.00106259
-3.01593 -0.502655 0.000875437 0.999125 0.00129162 0.998708 0.999992 8.4764e-06 0.999427 0.000572807 0.999697 0.000302631 0.998717 0.00128314
-2.89027 -0.502655 0.000735065 0.999265 0.00155925 0.998441 0.999975 2.45643e-05 0.999434 0.000566437 0.999831 0.000168628 0.998465 0.00153469
-2.7646 -0.502655 0.000640489 0.99936 0.00187163 0.998128 0.999953 4.72642e-05 0.999569 0.000430812 0.99979 0.000209677 0.998176 0.00182436
-2.63894 -0.502655 0.000592779 0.999407 0.00223679 0.997763 0.999922 7.78596e-05 0.999692 0.000307651 0.999715 0.000285128 0.997841 0.00215893
-2.51327 -0.502655 0.000595304 0.999405 0.00266528 0.997335 0.999882 0.000118474 0.999795 0.00020466 0.999609 0.000390644 0.997453 0.00254681
-2.38761 -0.502655 0.000654208 0.999346 0.00317094 0.996829 0.999877 0.000122595 0.999828 0.000172281 0.999468 0.000531613 0.997001 0.00299866
-2.26195 -0.502655 0.000779192 0.999221 0.00377213 0.996228 0.999939 6.13369e-05 0.999756 0.000243948 0.999282 0.000717855 0.996472 0.00352818
-2.13628 -0.502655 0.000984732 0.999015 0.0044935 0.995507 0.999979 2.0882e-05 0.99966 0.000340359 0.999036 0.00096385 0.995847 0.00415314
-2.01062 -0.502655 0.00129195 0.998708 0.00536872 0.994631 0.999998 1.60771e-06 0.999528 0.000471784 0.99871 0.00129034 0.995103 0.00489694
-1.88496 -0.502655 0.00173145 0.998269 0.00644472 0.993555 0.999996 4.3807e-06 0.999346 0.000653785 0.998273 0.00172707 0.994209 0.00579093
-1.75929 -0.502655 0.00234773 0.997652 0.00778834 0.992212 0.999969 3.06222e-05 0.99909 0.000910431 0.997683 0.00231711 0.993122 0.00687791
-1.63363 -0.502655 0.00320589 0.996794 0.00949742 0.990503 0.999918 8.23535e-05 0.99872 0.00127981 0.996876 0.00312354 0.991782 0.00821761
-1.50796 -0.502655 0.00440217 0.995598 0.0117194 0.988281 0.999838 0.000162208 0.998176 0.00182374 0.99576 0.00423996 0.990104 0.00989562
-1.3823 -0.502655 0.00608023 0.99392 0.0146838 0.985316 0.999727 0.000273366 0.997355 0.0026454 0.994193 0.00580686 0.987962 0.0120384
-1.25664 -0.502655 0.0084562 0.991544 0.018762 0.981238 0.999581 0.000419313 0.996078 0.00392189 0.991963 0.00803688 0.98516 0.0148401
-1.13097 -0.502655 0.011856 0.988144 0.0245779 0.975422 0.999397 0.000603254 0.994034 0.00596563 0.988747 0.0112527 0.981388 0.0186123
-1.00531 -0.502655 0.0167664 0.983234 0.0332233 0.966777 0.999173 0.00082685 0.990662 0.00933839 0.98406 0.0159395 0.976115 0.0238849
-0.879646 -0.502655 0.0238916 0.976108 0.046672 0.953328 0.998912 0.0010878 0.984954 0.0150456 0.968374 0.0316264 0.977196 0.0228038
-0.753982 -0.502655 0.0341738 0.965826 0.0685281 0.931472 0.998624 0.00137556 0.975248 0.0247518 0.956224 0.0437762 0.967202 0.0327982
-0.628319 -0.502655 0.0486573 0.951343 0.10501 0.89499 0.998335 0.00166493 0.959671 0.0403285 0.935319 0.0646815 0.953008 0.0469924
-0.502655 -0.502655 0.0679597 0.93204 0.164476 0.835524 0.998092 0.00190848 0.940707 0.0592932 0.894818 0.105182 0.933949 0.0660513
-0.376991 -0.502655 0.0911403 0.90886 0.249899 0.750101 0.997966 0.00203397 0.939949 0.060051 0.810152 0.189848 0.910894 0.0891063
-0.251327 -0.502655 0.114388 0.885612 0.344121 0.655879 0.99804 0.0019598 0.978311 0.0216893 0.677568 0.322432 0.887572 0.112428
-0.125664 -0.502655 0.131116 0.868884 0.414324 0.585676 0.998357 0.00164276 0.99986 0.000139898 0.585815 0.414185 0.870527 0.129473
0 -0.502655 0.134816 0.865184 0.438744 0.561256 0.998859 0.00114076 0.991721 0.008279 0.866325 0.133675 0.569535 0.430465
0.125664 -0.502655 0.123246 0.876754 0.413655 0.586345 0.999383 0.000616647 0.972954 0.0270461 0.877371 0.122629 0.613391 0.386609
0.251327 -0.502655 0.100375 0.899625 0.347692 0.652308 0.999766 0.000234315 0.956398 0.0436016 0.899859 0.100141 0.69591 0.30409
0.376991 -0.502655 0.0739571 0.926043 0.262154 0.737846 0.999953 4.65488e-05 0.952555 0.0474446 0.926089 0.0739106 0.785291 0.214709
0.502655 -0.502655 0.0506478 0.949352 0.183015 0.816985 1 1.137e-07 0.960815 0.0391853 0.949352 0.0506477 0.85617 0.14383
0.628319 -0.502655 0.0332306 0.966769 0.124043 0.875957 0.999984 1.56492e-05 0.972379 0.0276212 0.966785 0.033215 0.903578 0.0964215
0.753982 -0.502655 0.0214169 0.978583 0.0846827 0.915317 0.99996 4.01198e-05 0.981789 0.0182105 0.978623 0.0213768 0.933528 0.0664721
0.879646 -0.502655 0.0137797 0.98622 0.0592672 0.940733 0.999948 5.22836e-05 0.988177 0.0118232 0.986273 0.0137274 0.952556 0.047444
1.00531 -0.502655 0.00892518 0.991075 0.0427171 0.957283 0.99995 4.98098e-05 0.992264 0.00773594 0.991125 0.00887537 0.965019 0.0349811
1.13097 -0.502655 0.00583734 0.994163 0.0316586 0.968341 0.999962 3.7716e-05 0.994858 0.00514249 0.9942 0.00579963 0.973484 0.0265161
1.25664 -0.502655 0.00385504 0.996145 0.0240386 0.975961 0.999978 2.22754e-05 0.996523 0.00347681 0.996167 0.00383277 0.979438 0.0205618
1.3823 -0.502655 0.00256729 0.997433 0.0186261 0.981374 0.999991 8.74727e-06 0.997614 0.0023857 0.997441 0.00255855 0.98376 0.0162404
1.50796 -0.502655 0.00172205 0.998278 0.0146731 0.985327 0.999999 9.3341e-07 0.998345 0.00165541 0.998279 0.00172111 0.986982 0.0130177
1.63363 -0.502655 0.00116433 0.998836 0.0117137 0.988286 0.999999 1.39583e-06 0.998844 0.00115639 0.998837 0.00116293 0.989443 0.0105573
1.75929 -0.502655 0.000797889 0.999202 0.00944964 0.99055 0.999988 1.18203e-05 0.999191 0.000808965 0.999214 0.000786069 0.991359 0.00864067
1.88496 -0.502655 0.00056215 0.999438 0.00768475 0.992315 0.999967 3.33441e-05 0.999437 0.000563235 0.999471 0.000528806 0.992878 0.00712152
2.01062 -0.502655 0.000418482 0.999582 0.00628659 0.993713 0.999933 6.68051e-05 0.999613 0.000387292 0.999648 0.000351677 0.994101 0.00589929
2.13628 -0.502655 0.000341983 0.999658 0.00516359 0.994836 0.999887 0.00011292 0.99974 0.000260349 0.999771 0.000229063 0.995097 0.00490324
2.26195 -0.502655 0.000316516 0.999683 0.00425115 0.995749 0.999828 0.000172407 0.999831 0.000168644 0.999856 0.000144109 0.995917 0.0040825
2.38761 -0.502655 0.00033167 0.999668 0.00350282 0.996497 0.999897 0.000102943 0.999754 0.000246077 0.999914 8.55939e-05 0.9966 0.00339987
2.51327 -0.502655 0.000380882 0.999619 0.00288468 0.997115 0.999943 5.69942e-05 0.999665 0.000334889 0.999954 4.5993e-05 0.997172 0.00282769
2.63894 -0.502655 0.00046027 0.99954 0.00237169 0.997628 0.999973 2.65383e-05 0.99956 0.000439991 0.99998 2.02787e-05 0.997655 0.00234515
2.7646 -0.502655 0.000567907 0.999432 0.00194517 0.998055 0.999991 8.60829e-06 0.999437 0.000562644 0.999995 5.26238e-06 0.998063 0.00193656
2.89027 -0.502655 0.000703391 0.999297 0.0015912 0.998409 0.999999 8.73248e-07 0.999297 0.000703362 1 2.87572e-08 0.99841 0.00159033
3.01593 -0.502655 0.000867598 0.999132 0.00129949 0.998701 1 3.74165e-07 0.999189 0.00081096 0.999943 5.66383e-05 0.998701 0.00129911
-3.14159 -0.376991 0.00106259 0.998937 0.00106259 0.998937 1 7.55111e-29 1 3.41433e-28 0.998937 0.00106259 0.998937 0.00106259
-3.01593 -0.376991 0.000871488 0.999129 0.0012956 0.998704 0.999994 6.1002e-06 0.999377 0.000622585 0.999751 0.000248903 0.99871 0.0012895
-2.89027 -0.376991 0.000725172 0.999275 0.00156931 0.998431 0.99998 1.98023e-05 0.999407 0.000592661 0.999867 0.000132511 0.99845 0.00154951
-2.7646 -0.376991 0.000622472 0.999378 0.00189007 0.99811 0.999959 4.06943e-05 0.999548 0.000451937 0.999829 0.000170535 0.998151 0.00184938
-2.63894 -0.376991 0.00056416 0.999436 0.00226629 0.997734 0.99993 6.99561e-05 0.999674 0.000326284 0.999762 0.000237875 0.997804 0.00219633
-2.51327 -0.376991 0.000553177 0.999447 0.00270899 0.997291 0.99989 0.000109631 0.999779 0.000221124 0.999668 0.000332054 0.997401 0.00259936
-2.38761 -0.376991 0.00059508 0.999405 0.00323274 0.996767 0.999863 0.000136628 0.999837 0.000162833 0.999542 0.000458452 0.99693 0.0030699
-2.26195 -0.376991 0.000698774 0.999301 0.00385683 0.996143 0.999928 7.24155e-05 0.999766 0.000234183 0.999374 0.000626358 0.996377 0.00362265
-2.13628 -0.376991 0.000877667 0.999122 0.00460726 0.995393 0.999972 2.82845e-05 0.999669 0.00033051 0.999151 0.000849383 0.995723 0.00427675
-2.01062 -0.376991 0.00115145 0.998849 0.0055195 0.99448 0.999996 4.40114e-06 0.999538 0.000462 0.998853 0.00114705 0.994942 0.0050575
-1.88496 -0.376991 0.00154882 0.998451 0.00664301 0.993357 0.999999 1.36651e-06 0.999356 0.000644065 0.998453 0.00154745 0.994001 0.00599894
-1.75929 -0.376991 0.00211168 0.997888 0.00804818 0.991952 0.99998 2.02477e-05 0.9991 0.000900473 0.997909 0.00209143 0.992852 0.0071477
-1.63363 -0.376991 0.00290166 0.997098 0.00983785 0.990162 0.999937 6.25837e-05 0.998731 0.0012687 0.997161 0.00283908 0.991431 0.00856916
-1.50796 -0.376991 0.00401036 0.99599 0.0121667 0.987833 0.99987 0.000130347 0.998191 0.0018093 0.99612 0.00388001 0.989643 0.0103574
-1.3823 -0.376991 0.00557522 0.994425 0.0152747 0.984725 0.999774 0.00022581 0.997377 0.00262277 0.994651 0.00534941 0.987348 0.0126519
-1.25664 -0.376991 0.00780437 0.992196 0.0195481 0.980452 0.999649 0.000351226 0.99612 0.0038805 0.992547 0.00745314 0.984332 0.0156676
-1.13097 -0.376991 0.0110138 0.988986 0.0256325 0.974368 0.999492 0.00050814 0.994118 0.00588217 0.989494 0.0105057 0.98025 0.0197503
-1.00531 -0.376991 0.0156796 0.98432 0.0346482 0.965352 0.999304 0.000696073 0.99084 0.00916048 0.985016 0.0149836 0.974512 0.0254877
-0.879646 -0.376991 0.022498 0.977502 0.0486005 0.951399 0.99909 0.000910131 0.985347 0.014653 0.978412 0.0215879 0.966053 0.0339475
-0.753982 -0.376991 0.032414 0.967586 0.0711042 0.928896 0.998863 0.00113715 0.97613 0.0238695 0.952765 0.0472347 0.968723 0.0312769
-0.628319 -0.376991 0.0465022 0.953498 0.108294 0.891706 0.99865 0.00135036 0.961606 0.0383941 0.9301 0.0699 0.954848 0.0451519
-0.502655 -0.376991 0.0654569 0.934543 0.168229 0.831771 0.998495 0.00150464 0.944228 0.0557722 0.887543 0.112457 0.936048 0.0639522
-0.376991 -0.376991 0.0884633 0.911537 0.253494 0.746506 0.998461 0.00153853 0.942114 0.0578858 0.804391 0.195609 0.913075 0.0869248
-0.251327 -0.376991 0.111844 0.888156 0.347143 0.652857 0.998605 0.00139491 0.973848 0.0261521 0.679009 0.320991 0.88955 0.11045
-0.125664 -0.376991 0.129084 0.870916 0.417079 0.582921 0.998933 0.00106679 0.998583 0.00141735 0.584339 0.415661 0.871982 0.128018
0 -0.376991 0.133651 0.866349 0.441623 0.558377 0.99936 0.000639825 0.995221 0.0047787 0.866989 0.133011 0.563156 0.436844
0.125664 -0.376991 0.123159 0.876841 0.416492 0.583508 0.999735 0.000265061 0.977016 0.0229837 0.877106 0.122894 0.606492 0.393508
0.251327 -0.376991 0.101305 0.898695 0.349697 0.650303 0.999948 5.24666e-05 0.957749 0.0422509 0.898748 0.101252 0.692554 0.307446
0.376991 -0.376991 0.0755491 0.924451 0.262609 0.737391 1 1.39099e-07 0.951286 0.0487135 0.924451 0.075549 0.786104 0.213896
0.502655 -0.376991 0.0524485 0.947552 0.182145 0.817855 0.999966 3.42193e-05 0.959021 0.0409794 0.947586 0.0524143 0.858835 0.141165
0.628319 -0.376991 0.0349081 0.965092 0.122628 0.877372 0.999916 8.40917e-05 0.97111 0.0288899 0.965176 0.0348241 0.906262 0.0937379
0.753982 -0.376991 0.0228231 0.977177 0.0832853 0.916715 0.999886 0.000114395 0.981063 0.0189374 0.977291 0.0227087 0.935652 0.064348
0.879646 -0.376991 0.0148928 0.985107 0.0581011 0.941899 0.999882 0.000118364 0.987786 0.012214 0.985226 0.0147745 0.954113 0.045887
1.00531 -0.376991 0.00978038 0.99022 0.0418095 0.95819 0.999898 0.00010247 0.992055 0.00794515 0.990322 0.00967791 0.966136 0.0338644
1.13097 -0.376991 0.00648453 0.993515 0.0309731 0.969027 0.999924 7.62317e-05 0.994743 0.00525713 0.993592 0.0064083 0.974284 0.0257159
1.25664 -0.376991 0.00434105 0.995659 0.0235274 0.976473 0.999952 4.78985e-05 0.996458 0.00354231 0.995707 0.00429315 0.980015 0.0199851
1.3823 -0.376991 0.00293056 0.997069 0.0182474 0.981753 0.999977 2.34116e-05 0.997575 0.00242546 0.997093 0.00290715 0.984178 0.0158219
1.50796 -0.376991 0.00199238 0.998008 0.0143937 0.985606 0.999993 6.65783e-06 0.998318 0.00168154 0.998014 0.00198573 0.987288 0.0127121
1.63363 -0.376991 0.00136431 0.998636 0.0115087 0.988491 1 4.30674e-08 0.998825 0.00117521 0.998636 0.00136427 0.989667 0.0103335
1.75929 -0.376991 0.000944495 0.999056 0.00930052 0.990699 0.999995 5.02511e-06 0.999176 0.000823804 0.999061 0.00093947 0.991523 0.00847671
1.88496 -0.376991 0.000668151 0.999332 0.00757772 0.992422 0.999977 2.25159e-05 0.999424 0.000575797 0.999354 0.000645635 0.992998 0.00700193
2.01062 -0.376991 0.00049355 0.999506 0.00621133 0.993789 0.999947 5.31606e-05 0.999602 0.00039841 0.99956 0.000440389 0.994187 0.00581292
2.13628 -0.376991 0.000393517 0.999606 0.0051123 0.994888 0.999902 9.75249e-05 0.99973 0.00027037 0.999704 0.000295992 0.995158 0.00484193
2.26195 -0.376991 0.000350246 0.99965 0.00421785 0.995782 0.999844 0.00015622 0.999822 0.000177633 0.999806 0.000194026 0.99596 0.00404021
2.38761 -0.376991 0.000352106 0.999648 0.00348284 0.996517 0.999889 0.000110801 0.99977 0.000229993 0.999878 0.000122113 0.996628 0.00337204
2.51327 -0.376991 0.000391642 0.999608 0.00287433 0.997126 0.999936 6.3524e-05 0.99968 0.00031979 0.999928 7.18519e-05 0.997189 0.00281081
2.63894 -0.376991 0.00046433 0.999536 0.00236794 0.997632 0.999969 3.14895e-05 0.999573 0.000426817 0.999962 3.75127e-05 0.997664 0.00233645
2.7646 -0.376991 0.000567788 0.999432 0.00194549 0.998055 0.999988 1.17366e-05 0.999447 0.000552576 0.999985 1.52125e-05 0.998066 0.00193375
2.89027 -0.376991 0.000701308 0.999299 0.00159339 0.998407 0.999998 2.06277e-06 0.999301 0.000698758 0.999997 2.55066e-06 0.998409 0.00159132
3.01593 -0.376991 0.000865582 0.999134 0.00130153 0.998698 1 2.92365e-08 0.999148 0.000852132 0.999987 1.34502e-05 0.998698 0.00130151
-3.14159 -0.251327 0.00106259 0.998937 0.00106259 0.998937 1 7.55111e-29 1 2.69012e-30 0.998937 0.00106259 0.998937 0.00106259
-3.01593 -0.251327 0.000868371 0.999132 0.00129875 0.998701 0.999996 4.11707e-06 0.999322 0.000677662 0.999809 0.000190709 0.998705 0.00129463
-2.89027 -0.251327 0.000716928 0.999283 0.00157769 0.998422 0.999984 1.55667e-05 0.999383 0.000617341 0.9999 9.9587e-05 0.998438 0.00156213
-2.7646 -0.251327 0.000606916 0.999393 0.00190598 0.998094 0.999965 3.46338e-05 0.999528 0.000472256 0.999865 0.00013466 0.998129 0.00187135
-2.63894 -0.251327 0.000538825 0.999461 0.00229235 0.997708 0.999938 6.24863e-05 0.999655 0.000344679 0.999806 0.000194146 0.99777 0.00222987
-2.51327 -0.251327 0.000515183 0.999485 0.00274833 0.997252 0.999899 0.000101119 0.999762 0.000237799 0.999723 0.000277384 0.997353 0.00264721
-2.38761 -0.251327 0.000540973 0.999459 0.00328914 0.996711 0.999849 0.000151249 0.999846 0.000153598 0.99961 0.000389723 0.996864 0.00313554
-2.26195 -0.251327 0.000624317 0.999376 0.00393502 0.996065 0.999916 8.44059e-05 0.999776 0.000224493 0.99946 0.000539911 0.996289 0.00371053
-2.13628 -0.251327 0.000777576 0.999222 0.00471325 0.995287 0.999963 3.68835e-05 0.999679 0.000320572 0.999259 0.000740693 0.995607 0.00439268
-2.01062 -0.251327 0.00101903 0.998981 0.00566109 0.994339 0.999991 8.64885e-06 0.999548 0.00045192 0.99899 0.00101038 0.994791 0.00520917
-1.88496 -0.251327 0.00137547 0.998625 0.00683043 0.99317 1 5.049e-08 0.999366 0.000633771 0.998625 0.00137542 0.993803 0.00619666
-1.75929 -0.251327 0.00188626 0.998114 0.00829513 0.991705 0.999988 1.18188e-05 0.99911 0.000889551 0.998126 0.00187444 0.992594 0.00740558
-1.63363 -0.251327 0.00260959 0.99739 0.0101629 0.989837 0.999955 4.50365e-05 0.998744 0.00125606 0.997435 0.00256456 0.991093 0.00890685
-1.50796 -0.251327 0.00363244 0.996368 0.0125953 0.987405 0.999899 0.000101055 0.998208 0.00179248 0.996469 0.00353138 0.989197 0.0108029
-1.3823 -0.251327 0.00508612 0.994914 0.0158425 0.984157 0.999819 0.000181307 0.997403 0.00259651 0.995095 0.00490482 0.986754 0.013246
-1.25664 -0.251327 0.00717083 0.992829 0.020305 0.979695 0.999713 0.000286917 0.996166 0.00383361 0.993116 0.00688392 0.983529 0.0164714
-1.13097 -0.251327 0.0101929 0.989807 0.0266482 0.973352 0.999582 0.000417956 0.994209 0.00579059 0.990225 0.00977497 0.979142 0.0208577
-1.00531 -0.251327 0.0146182 0.985382 0.0360183 0.963982 0.999428 0.000572103 0.991029 0.00897147 0.985954 0.0140461 0.972953 0.0270468
-0.879646 -0.251327 0.0211355 0.978864 0.0504459 0.949554 0.999258 0.00074239 0.985751 0.0142492 0.979607 0.0203932 0.963803 0.0361968
-0.753982 -0.251327 0.0306952 0.969305 0.0735443 0.926456 0.999086 0.000913847 0.977006 0.0229938 0.970219 0.0297813 0.949449 0.0505506
-0.628319 -0.251327 0.0444057 0.955594 0.111344 0.888656 0.99894 0.00105953 0.96344 0.0365602 0.925216 0.0747836 0.956654 0.0433462
-0.502655 -0.251327 0.063045 0.936955 0.171586 0.828414 0.998862 0.00113846 0.947359 0.0526409 0.881055 0.118945 0.938093 0.0619065
-0.376991 -0.251327 0.0859318 0.914068 0.25649 0.74351 0.998898 0.00110205 0.94399 0.0560097 0.79952 0.20048 0.91517 0.0848297
-0.251327 -0.251327 0.109521 0.890479 0.349404 0.650596 0.999082 0.000918185 0.969979 0.0300212 0.680617 0.319383 0.891397 0.108603
-0.125664 -0.251327 0.12735 0.87265 0.419007 0.580993 0.999389 0.000611491 0.996217 0.00378264 0.584776 0.415224 0.873262 0.126738
0 -0.251327 0.132823 0.867177 0.443687 0.556313 0.999716 0.000283773 0.997836 0.00216354 0.867461 0.132539 0.558476 0.441524
0.125664 -0.251327 0.123389 0.876611 0.418575 0.581425 0.999938 6.18031e-05 0.981181 0.0188187 0.876673 0.123327 0.600243 0.399757
0.251327 -0.251327 0.102481 0.897519 0.351046 0.648954 1 3.80697e-07 0.959414 0.040586 0.897519 0.102481 0.68954 0.31046
0.376991 -0.251327 0.0773097 0.92269 0.262528 0.737472 0.999946 5.38703e-05 0.949982 0.0500182 0.922744 0.0772559 0.78749 0.21251
0.502655 -0.251327 0.0543612 0.945639 0.180867 0.819133 0.99986 0.000139665 0.957086 0.0429143 0.945778 0.0542216 0.862047 0.137953
0.628319 -0.251327 0.036665 0.963335 0.120927 0.879073 0.999799 0.000201457 0.969761 0.0302387 0.963536 0.0364635 0.909311 0.0906888
0.753982 -0.251327 0.0242902 0.97571 0.0816961 0.918304 0.999778 0.00022196 0.980306 0.019694 0.975932 0.0240683 0.937998 0.0620021
0.879646 -0.251327 0.0160554 0.983945 0.0568055 0.943194 0.999793 0.000207341 0.987387 0.0126128 0.984152 0.015848 0.955807 0.0441927
1.00531 -0.251327 0.0106766 0.989323 0.0408121 0.959188 0.999829 0.000171204 0.991845 0.00815488 0.989495 0.0105054 0.967343 0.0326572
1.13097 -0.251327 0.00716612 0.992834 0.030223 0.969777 0.999874 0.000126309 0.99463 0.00537024 0.99296 0.00703981 0.975147 0.0248527
1.25664 -0.251327 0.00485603 0.995144 0.0229684 0.977032 0.999918 8.20405e-05 0.996394 0.00360607 0.995226 0.00477399 0.980638 0.0193623
1.3823 -0.251327 0.00331827 0.996682 0.017832 0.982168 0.999956 4.44864e-05 0.997536 0.00246377 0.996726 0.00327379 0.984632 0.0153682
1.50796 -0.251327 0.00228336 0.997717 0.0140856 0.985914 0.999983 1.7282e-05 0.998293 0.00170659 0.997734 0.00226608 0.987621 0.012379
1.63363 -0.251327 0.00158175 0.998418 0.0112809 0.988719 0.999998 2.46482e-06 0.998807 0.0011933 0.998421 0.00157928 0.989912 0.0100876
1.75929 -0.251327 0.00110585 0.998894 0.00913307 0.990867 0.999999 1.12869e-06 0.999162 0.000838169 0.998895 0.00110472 0.991705 0.0082949
1.88496 -0.251327 0.0007866 0.999213 0.00745582 0.992544 0.999986 1.38714e-05 0.999412 0.000588091 0.999227 0.000772728 0.993132 0.00686773
2.01062 -0.251327 0.000579092 0.999421 0.00612394 0.993876 0.999959 4.10855e-05 0.999591 0.000409422 0.999462 0.000538007 0.994285 0.00571452
2.13628 -0.251327 0.000453813 0.999546 0.00505113 0.994949 0.999917 8.3143e-05 0.99972 0.000280416 0.999629 0.00037067 0.995229 0.00477071
2.26195 -0.251327 0.00039124 0.999609 0.00417654 0.995823 0.999859 0.000140515 0.999813 0.00018676 0.999749 0.000250725 0.99601 0.00398978
2.38761 -0.251327 0.000378478 0.999622 0.00345645 0.996544 0.999881 0.000118897 0.999786 0.000213854 0.999835 0.000164625 0.996662 0.00333755
2.51327 -0.251327 0.00040715 0.999593 0.00285893 0.997141 0.99993 7.03829e-05 0.999696 0.000304055 0.999897 0.000103095 0.997211 0.00278855
2.63894 -0.251327 0.000472058 0.999528 0.00236035 0.99764 0.999963 3.68538e-05 0.999588 0.000412317 0.99994 5.97405e-05 0.997677 0.0023235
2.7646 -0.251327 0.000570342 0.99943 0.00194305 0.998057 0.999985 1.53451e-05 0.99946 0.000540206 0.99997 3.01358e-05 0.998072 0.0019277
2.89027 -0.251327 0.000700967 0.999299 0.00159379 0.998406 0.999996 3.75403e-06 0.99931 0.000689765 0.999989 1.12017e-05 0.99841 0.00159004
3.01593 -0.251327 0.000864421 0.999136 0.00130272 0.998697 1 7.24702e-08 0.999136 0.000864109 1 3.11926e-07 0.998697 0.00130264
-3.14159 -0.125664 0.00106259 0.998937 0.00106259 0.998937 1 7.55169e-29 1 3.88554e-29 0.998937 0.00106259 0.998937 0.00106259
-3.01593 -0.125664 0.000866099 0.999134 0.00130104 0.998699 0.999997 2.5243e-06 0.999263 0.000736661 0.999871 0.000129438 0.998701 0.00129852
-2.89027 -0.125664 0.000710363 0.99929 0.00158435 0.998416 0.999988 1.18496e-05 0.99936 0.000639939 0.99993 7.04239e-05 0.998427 0.0015725
-2.7646 -0.125664 0.00059388 0.999406 0.00191928 0.998081 0.999971 2.90748e-05 0.999508 0.000491507 0.999898 0.000102372 0.99811 0.00189021
-2.63894 -0.125664 0.00051687 0.999483 0.00231488 0.997685 0.999945 5.54454e-05 0.999637 0.000362662 0.999846 0.000154208 0.997741 0.00225943
-2.51327 -0.125664 0.000481465 0.999519 0.00278313 0.997217 0.999907 9.29385e-05 0.999745 0.000254566 0.999773 0.000226899 0.99731 0.00269019
-2.38761 -0.125664 0.000492086 0.999508 0.00333991 0.99666 0.999834 0.00016638 0.999855 0.000144582 0.999674 0.000325706 0.996805 0.00319532
-2.26195 -0.125664 0.000556096 0.999444 0.00400637 0.995994 0.999903 9.72695e-05 0.999785 0.000214894 0.999541 0.000458826 0.996209 0.00379148
-2.13628 -0.125664 0.000684821 0.999315 0.00481104 0.995189 0.999953 4.66839e-05 0.999689 0.000310572 0.999362 0.000638137 0.9955 0.00450046
-2.01062 -0.125664 0.000895152 0.999105 0.00579287 0.994207 0.999986 1.44052e-05 0.999558 0.000441587 0.999119 0.000880746 0.994649 0.00535128
-1.88496 -0.125664 0.00121202 0.998788 0.00700616 0.992994 0.999999 5.45349e-07 0.999377 0.000622971 0.998789 0.00121147 0.993617 0.00638319
-1.75929 -0.125664 0.00167225 0.998328 0.00852809 0.991472 0.999994 5.51864e-06 0.999122 0.000877771 0.998333 0.00166673 0.99235 0.00765032
-1.63363 -0.125664 0.00233065 0.997669 0.0104711 0.989529 0.99997 2.99813e-05 0.998758 0.00124205 0.997699 0.00230067 0.990771 0.00922903
-1.50796 -0.125664 0.00326961 0.99673 0.0130034 0.986997 0.999925 7.47107e-05 0.998226 0.00177357 0.996805 0.0031949 0.98877 0.0112298
-1.3823 -0.125664 0.00461442 0.995386 0.0163847 0.983615 0.99986 0.000140372 0.997433 0.00256709 0.995526 0.00447405 0.986182 0.0138176
-1.25664 -0.125664 0.00655743 0.993443 0.0210289 0.978971 0.999773 0.000227082 0.996218 0.00378203 0.99367 0.00633035 0.982753 0.0172469
-1.13097 -0.125664 0.00939552 0.990604 0.0276199 0.97238 0.999666 0.000333635 0.994308 0.00569237 0.990938 0.00906189 0.978072 0.0219275
-1.00531 -0.125664 0.0135846 0.986415 0.0373263 0.962674 0.999544 0.000456197 0.991226 0.00877416 0.986872 0.0131284 0.971448 0.0285521
-0.879646 -0.125664 0.0198071 0.980193 0.052198 0.947802 0.999414 0.000586268 0.986161 0.0138393 0.980779 0.0192208 0.961641 0.0383587
-0.753982 -0.125664 0.0290202 0.97098 0.0758347 0.924165 0.999292 0.000707963 0.977867 0.0221331 0.971688 0.0283123 0.946298 0.0537016
-0.628319 -0.125664 0.0423706 0.957629 0.114143 0.885857 0.999204 0.000795509 0.96517 0.0348302 0.958425 0.0415751 0.920687 0.079313
-0.502655 -0.125664 0.0607265 0.939274 0.174533 0.825467 0.999186 0.000813971 0.950162 0.0498379 0.875305 0.124695 0.940087 0.0599125
-0.376991 -0.125664 0.0835476 0.916452 0.258884 0.741116 0.999271 0.000729412 0.945665 0.0543352 0.795452 0.204548 0.917182 0.0828182
-0.251327 -0.125664 0.10742 0.89258 0.350911 0.649089 0.999466 0.00053441 0.966657 0.0333433 0.682433 0.317567 0.893114 0.106886
-0.125664 -0.125664 0.125911 0.874089 0.420112 0.579888 0.99972 0.000279574 0.993056 0.00694403 0.586832 0.413168 0.874369 0.125631
0 -0.125664 0.132328 0.867672 0.444929 0.555071 0.999929 7.08534e-05 0.999453 0.000546941 0.867743 0.132257 0.555618 0.444382
0.125664 -0.125664 0.123928 0.876072 0.419884 0.580116 1 1.91114e-07 0.985341 0.0146586 0.876073 0.123927 0.594775 0.405225
0.251327 -0.125664 0.103896 0.896104 0.351713 0.648287 0.999931 6.86924e-05 0.961426 0.0385743 0.896173 0.103827 0.686861 0.313139
0.376991 -0.125664 0.0792329 0.920767 0.261891 0.738109 0.999801 0.000198579 0.948626 0.0513744 0.920966 0.0790343 0.789483 0.210517
0.502655 -0.125664 0.0563812 0.943619 0.179175 0.820825 0.999691 0.000309048 0.954985 0.0450147 0.943928 0.0560721 0.86584 0.13416
0.628319 -0.125664 0.0384969 0.961503 0.118943 0.881057 0.999638 0.000362322 0.968326 0.0316742 0.961865 0.0381345 0.912731 0.0872692
0.753982 -0.125664 0.0258145 0.974186 0.0799199 0.92008 0.999641 0.000359009 0.97952 0.0204799 0.974545 0.0254555 0.94056 0.05944
0.879646 -0.125664 0.017264 0.982736 0.0553856 0.944614 0.999683 0.000316582 0.986982 0.0130181 0.983053 0.0169474 0.957633 0.0423675
1.00531 -0.125664 0.0116112 0.988389 0.0397291 0.960271 0.999746 0.000254196 0.991636 0.00836397 0.988643 0.011357 0.968635 0.0313651
1.13097 -0.125664 0.00787994 0.99212 0.0294116 0.970588 0.999813 0.000186696 0.994519 0.0054811 0.992307 0.00769324 0.97607 0.0239305
1.25664 -0.125664 0.00539826 0.994602 0.0223637 0.977636 0.999876 0.000123843 0.996332 0.00366763 0.994726 0.00527441 0.981304 0.0186961
1.3823 -0.125664 0.00372907 0.996271 0.0173817 0.982618 0.999929 7.13919e-05 0.9975 0.00250035 0.996342 0.00365768 0.985119 0.0148813
1.50796 -0.125664 0.00259395 0.997406 0.0137502 0.98625 0.999968 3.24274e-05 0.99827 0.00173041 0.997438 0.00256152 0.98798 0.0120198
1.63363 -0.125664 0.00181584 0.998184 0.0110313 0.988969 0.999992 8.43006e-06 0.998789 0.00121054 0.998193 0.00180741 0.990179 0.00982079
1.75929 -0.125664 0.00128136 0.998719 0.00894797 0.991052 1 9.46016e-09 0.999148 0.000851999 0.998719 0.00128135 0.991904 0.00809597
1.88496 -0.125664 0.000917052 0.999083 0.00731953 0.99268 0.999993 7.37109e-06 0.9994 0.00060008 0.99909 0.000909681 0.993281 0.00671945
2.01062 -0.125664 0.000674783 0.999325 0.00602479 0.993975 0.999969 3.06019e-05 0.99958 0.000420306 0.999356 0.000644181 0.994396 0.00560448
2.13628 -0.125664 0.00052264 0.999477 0.00498033 0.99502 0.99993 6.9843e-05 0.99971 0.000290475 0.999547 0.000452797 0.99531 0.00468985
2.26195 -0.125664 0.000439339 0.999561 0.00412738 0.995873 0.999875 0.000125396 0.999804 0.000196018 0.999686 0.000313943 0.996069 0.00393137
2.38761 -0.125664 0.000410686 0.999589 0.00342374 0.996576 0.999873 0.000127228 0.999802 0.000197791 0.999787 0.000212895 0.996703 0.00329651
2.51327 -0.125664 0.000427345 0.999573 0.00283854 0.997161 0.999922 7.75713e-05 0.999712 0.000287838 0.99986 0.000139507 0.997239 0.00276097
2.63894 -0.125664 0.000483423 0.999517 0.00234894 0.997651 0.999957 4.26328e-05 0.999603 0.000396668 0.999913 8.67544e-05 0.997694 0.00230631
2.7646 -0.125664 0.000575557 0.999424 0.00193785 0.998062 0.999981 1.94354e-05 0.999474 0.000525744 0.99995 4.98135e-05 0.998082 0.00191842
2.89027 -0.125664 0.000702367 0.999298 0.00159242 0.998408 0.999994 5.94742e-06 0.999323 0.000676674 0.999974 2.56926e-05 0.998414 0.00158647
3.01593 -0.125664 0.00086412 0.999136 0.00130303 0.998697 0.999999 5.02809e-07 0.999158 0.000842029 0.999978 2.20904e-05 0.998697 0.00130252
-3.14159 0 0.00106259 0.998937 0.00106259 0.998937 1 7.5512e-29 1 1.26709e-28 0.998937 0.00106259 0.998937 0.00106259
-3.01593 0 0.00086468 0.999135 0.00130247 0.998698 0.999999 1.31994e-06 0.999205 0.000794842 0.99993 6.9838e-05 0.998699 0.00130115
-2.89027 0 0.000705503 0.999294 0.00158927 0.998411 0.999991 8.64484e-06 0.99934 0.000659899 0.999954 4.5604e-05 0.998419 0.00158062
-2.7646 0 0.000583413 0.999417 0.00192992 0.99807 0.999976 2.40105e-05 0.999491 0.000509426 0.999926 7.3988e-05 0.998094 0.00190591
-2.63894 0 0.000498379 0.999502 0.00233376 0.997666 0.999951 4.88289e-05 0.99962 0.000380054 0.999882 0.000118325 0.997715 0.00228494
-2.51327 0 0.000452148 0.999548 0.00281324 0.997187 0.999915 8.50896e-05 0.999729 0.000271293 0.999819 0.000180856 0.997272 0.00272815
-2.38761 0 0.000448603 0.999551 0.00338484 0.996615 0.999864 0.000135791 0.999818 0.000181928 0.999733 0.000266675 0.996751 0.00324904
-2.26195 0 0.00049436 0.999506 0.00407058 0.995929 0.999889 0.000110954 0.999795 0.000205399 0.999617 0.000383406 0.996135 0.00386518
-2.13628 0 0.000599738 0.9994 0.00490019 0.9951 0.999942 5.76777e-05 0.999699 0.000300533 0.999458 0.000542061 0.9954 0.00459965
-2.01062 0 0.000780265 0.99922 0.00591428 0.994086 0.999978 2.17131e-05 0.999569 0.000431038 0.999241 0.000758551 0.994517 0.00548324
-1.88496 0 0.00105903 0.998941 0.00716943 0.992831 0.999997 2.95487e-06 0.999388 0.000611722 0.998944 0.00105607 0.993442 0.00655771
-1.75929 0 0.00147038 0.99853 0.00874602 0.991254 0.999998 1.52547e-06 0.999135 0.000865225 0.998531 0.00146885 0.992119 0.0078808
-1.63363 0 0.00206576 0.997934 0.010761 0.989239 0.999982 1.76895e-05 0.998773 0.00122684 0.997952 0.00204807 0.990466 0.00953415
-1.50796 0 0.00292307 0.997077 0.013389 0.986611 0.999948 5.17028e-05 0.998247 0.0017528 0.997129 0.00287137 0.988364 0.0116362
-1.3823 0 0.00416159 0.995838 0.0168985 0.983101 0.999896 0.000103546 0.997465 0.0025349 0.995942 0.00405805 0.985636 0.0143636
-1.25664 0 0.00596598 0.994034 0.0217162 0.978284 0.999828 0.000172463 0.996274 0.00372648 0.994206 0.00579352 0.98201 0.0179897
-1.13097 0 0.0086238 0.991376 0.0285425 0.971457 0.999744 0.000256188 0.994411 0.00558881 0.991632 0.00836761 0.977046 0.0229537
-1.00531 0 0.0125814 0.987419 0.0385653 0.961435 0.99965 0.00034973 0.991429 0.00857097 0.987768 0.0122316 0.970006 0.0299943
-0.879646 0 0.0185156 0.981484 0.0538473 0.946153 0.999556 0.000443643 0.986572 0.0134278 0.981928 0.018072 0.959581 0.0404195
-0.753982 0 0.0273923 0.972608 0.0779633 0.922037 0.999478 0.000522064 0.978706 0.0212938 0.97313 0.0268702 0.943331 0.0566695
-0.628319 0 0.0403999 0.9596 0.11668 0.88332 0.999438 0.000561801 0.966797 0.0332028 0.960162 0.0398381 0.916523 0.0834768
-0.502655 0 0.0585042 0.941496 0.177064 0.822936 0.999464 0.000535771 0.95269 0.0473104 0.942032 0.0579684 0.870246 0.129754
-0.376991 0 0.0813136 0.918686 0.260681 0.739319 0.999574 0.00042615 0.947196 0.0528037 0.792123 0.207877 0.919113 0.0808874
-0.251327 0 0.105544 0.894456 0.351675 0.648325 0.999751 0.000249126 0.963824 0.036176 0.684501 0.315499 0.894705 0.105295
-0.125664 0 0.124769 0.875231 0.4204 0.5796 0.999926 7.44291e-05 0.989358 0.0106419 0.875305 0.124695 0.590241 0.409759
0 0 0.132163 0.867837 0.445343 0.554657 1 5.29933e-29 1 3.71702e-28 0.867837 0.132163 0.554657 0.445343
0.125664 0 0.124769 0.875231 0.4204 0.5796 0.999926 7.44291e-05 0.989358 0.0106419 0.875305 0.124695 0.590241 0.409759
0.251327 0 0.105544 0.894456 0.351675 0.648325 0.999751 0.000249126 0.963824 0.036176 0.684501 0.315499 0.894705 0.105295
0.376991 0 0.0813136 0.918686 0.260681 0.739319 0.999574 0.00042615 0.947196 0.0528037 0.792123 0.207877 0.919113 0.0808874
0.502655 0 0.0585042 0.941496 0.177064 0.822936 0.999464 0.000535771 0.95269 0.0473104 0.942032 0.0579684 0.870246 0.129754
0.628319 0 0.0403999 0.9596 0.11668 0.88332 0.999438 0.000561801 0.966797 0.0332028 0.960162 0.0398381 0.916523 0.0834768
0.753982 0 0.0273923 0.972608 0.0779633 0.922037 0.999478 0.000522064 0.978706 0.0212938 0.97313 0.0268702 0.943331 0.0566695
0.879646 0 0.0185156 0.981484 0.0538473 0.946153 0.999556 0.000443643 0.986572 0.0134278 0.981928 0.018072 0.959581 0.0404195
1.00531 0 0.0125814 0.987419 0.0385653 0.961435 0.99965 0.00034973 0.991429 0.00857097 0.987768 0.0122316 0.970006 0.0299943
1.13097 0 0.0086238 0.991376 0.0285425 0.971457 0.999744 0.000256188 0.994411 0.00558881 0.991632 0.00836761 0.977046 0.0229537
1.25664 0 0.00596598 0.994034 0.0217162 0.978284 0.999828 0.000172463 0.996274 0.00372648 0.994206 0.00579352 0.98201 0.0179897
1.3823 0 0.00416159 0.995838 0.0168985 0.983101 0.999896 0.000103546 0.997465 0.0025349 0.995942 0.00405805 0.985636 0.0143636
1.50796 0 0.00292307 0.997077 0.013389 0.986611 0.999948 5.17028e-05 0.998247 0.0017528 0.997129 0.00287137 0.988364 0.0116362
1.63363 0 0.00206576 0.997934 0.010761 0.989239 0.999982 1.76895e-05 0.998773 0.00122684 0.997952 0.00204807 0.990466 0.00953415
1.75929 0 0.00147038 0.99853 0.00874602 0.991254 0.999998 1.52547e-06 0.999135 0.000865225 0.998531 0.00146885 0.992119 0.0078808
1.88496 0 0.00105903 0.998941 0.00716943 0.992831 0.999997 2.95487e-06 0.999388 0.000611722 0.998944 0.00105607 0.993442 0.00655771
2.01062 0 0.000780265 0.99922 0.00591428 0.994086 0.999978 2.17131e-05 0.999569 0.000431038 0.999241 0.000758551 0.994517 0.00548324
2.13628 0 0.000599738 0.9994 0.00490019 0.9951 0.999942 5.76777e-05 0.999699 0.000300533 0.999458 0.000542061 0.9954 0.00459965
2.26195 0 0.00049436 0.999506 0.00407058 0.995929 0.999889 0.000110954 0.999795 0.000205399 0.999617 0.000383406 0.996135 0.00386518
2.38761 0 0.000448603 0.999551 0.00338484 0.996615 0.999864 0.000135791 0.999818 0.000181928 0.999733 0.000266675 0.996751 0.00324904
2.51327 0 0.000452148 0.999548 0.00281324 0.997187 0.999915 8.50896e-05 0.999729 0.000271293 0.999819 0.000180856 0.997272 0.00272815
2.63894 0 0.000498379 0.999502 0.00233376 0.997666 0.999951 4.88289e-05 0.99962 0.000380054 0.999882 0.000118325 0.997715 0.00228494
2.7646 0 0.000583413 0.999417 0.00192992 0.99807 0.999976 2.40105e-05 0.999491 0.000509426 0.999926 7.3988e-05 0.998094 0.00190591
2.89027 0 0.000705503 0.999294 0.00158927 0.998411 0.999991 8.64484e-06 0.99934 0.000659899 0.999954 4.5604e-05 0.998419 0.00158062
3.01593 0 0.00086468 0.999135 0.00130247 0.998698 0.999999 1.31994e-06 0.999205 0.000794842 0.99993 6.9838e-05 0.998699 0.00130115
-3.14159 0.125664 0.00106259 0.998937 0.00106259 0.998937 1 7.55061e-29 1 1.27312e-28 0.998937 0.00106259 0.998937 0.00106259
-3.01593 0.125664 0.00086412 0.999136 0.00130303 0.998697 0.999999 5.02809e-07 0.999158 0.000842029 0.999978 2.20904e-05 0.998697 0.00130252
-2.89027 0.125664 0.000702367 0.999298 0.00159242 0.998408 0.999994 5.94742e-06 0.999323 0.000676674 0.999974 2.56926e-05 0.998414 0.00158647
-2.7646 0.125664 0.000575557 0.999424 0.00193785 0.998062 0.999981 1.94354e-05 0.999474 0.000525744 0.99995 4.98135e-05 0.998082 0.00191842
-2.63894 0.125664 0.000483423 0.999517 0.00234894 0.997651 0.999957 4.26328e-05 0.999603 0.000396668 0.999913 8.67544e-05 0.997694 0.00230631
-2.51327 0.125664 0.000427345 0.999573 0.00283854 0.997161 0.999922 7.75713e-05 0.999712 0.000287838 0.99986 0.000139507 0.997239 0.00276097
-2.38761 0.125664 0.000410686 0.999589 0.00342374 0.996576 0.999873 0.000127228 0.999802 0.000197791 0.999787 0.000212895 0.996703 0.00329651
-2.26195 0.125664 0.000439339 0.999561 0.00412738 0.995873 0.999875 0.000125396 0.999804 0.000196018 0.999686 0.000313943 0.996069 0.00393137
-2.13628 0.125664 0.00052264 0.999477 0.00498033 0.99502 0.99993 6.9843e-05 0.99971 0.000290475 0.999547 0.000452797 0.99531 0.00468985
-2.01062 0.125664 0.000674783 0.999325 0.00602479 0.993975 0.999969 3.06019e-05 0.99958 0.000420306 0.999356 0.000644181 0.994396 0.00560448
-1.88496 0.125664 0.000917052 0.999083 0.00731953 0.99268 0.999993 7.37109e-06 0.9994 0.00060008 0.99909 0.000909681 0.993281 0.00671945
-1.75929 0.125664 0.00128136 0.998719 0.00894797 0.991052 1 9.46016e-09 0.999148 0.000851999 0.998719 0.00128135 0.991904 0.00809597
-1.63363 0.125664 0.00181584 0.998184 0.0110313 0.988969 0.999992 8.43006e-06 0.998789 0.00121054 0.998193 0.00180741 0.990179 0.00982079
-1.50796 0.125664 0.00259395 0.997406 0.0137502 0.98625 0.999968 3.24274e-05 0.99827 0.00173041 0.997438 0.00256152 0.98798 0.0120198
-1.3823 0.125664 0.00372907 0.996271 0.0173817 0.982618 0.999929 7.13919e-05 0.9975 0.00250035 0.996342 0.00365768 0.985119 0.0148813
-1.25664 0.125664 0.00539826 0.994602 0.0223637 0.977636 0.999876 0.000123843 0.996332 0.00366763 0.994726 0.00527441 0.981304 0.0186961
-1.13097 0.125664 0.00787994 0.99212 0.0294116 0.970588 0.999813 0.000186696 0.994519 0.0054811 0.992307 0.00769324 0.97607 0.0239305
-1.00531 0.125664 0.0116112 0.988389 0.0397291 0.960271 0.999746 0.000254196 0.991636 0.00836397 0.988643 0.011357 0.968635 0.0313651
-0.879646 0.125664 0.017264 0.982736 0.0553856 0.944614 0.999683 0.000316582 0.986982 0.0130181 0.983053 0.0169474 0.957633 0.0423675
-0.753982 0.125664 0.0258145 0.974186 0.0799199 0.92008 0.999641 0.000359009 0.97952 0.0204799 0.974545 0.0254555 0.94056 0.05944
-0.628319 0.125664 0.0384969 0.961503 0.118943 0.881057 0.999638 0.000362322 0.968326 0.0316742 0.961865 0.0381345 0.912731 0.0872692
-0.502655 0.125664 0.0563812 0.943619 0.179175 0.820825 0.999691 0.000309048 0.954985 0.0450147 0.943928 0.0560721 0.86584 0.13416
-0.376991 0.125664 0.0792329 0.920767 0.261891 0.738109 0.999801 0.000198579 0.948626 0.0513744 0.920966 0.0790343 0.789483 0.210517
-0.251327 0.125664 0.103896 0.896104 0.351713 0.648287 0.999931 6.86924e-05 0.961426 0.0385743 0.896173 0.103827 0.686861 0.313139
-0.125664 0.125664 0.123928 0.876072 0.419884 0.580116 1 1.91114e-07 0.985341 0.0146586 0.876073 0.123927 0.594775 0.405225
0 0.125664 0.132328 0.867672 0.444929 0.555071 0.999929 7.08534e-05 0.999453 0.000546941 0.867743 0.132257 0.555618 0.444382
0.125664 0.125664 0.125911 0.874089 0.420112 0.579888 0.99972 0.000279574 0.993056 0.00694403 0.586832 0.413168 0.874369 0.125631
0.251327 0.125664 0.10742 0.89258 0.350911 0.649089 0.999466 0.00053441 0.966657 0.0333433 0.682433 0.317567 0.893114 0.106886
0.376991 0.125664 0.0835476 0.916452 0.258884 0.741116 0.999271 0.000729412 0.945665 0.0543352 0.795452 0.204548 0.917182 0.0828182
0.502655 0.125664 0.0607265 0.939274 0.174533 0.825467 0.999186 0.000813971 0.950162 0.0498379 0.875305 0.124695 0.940087 0.0599125
0.628319 0.125664 0.0423706 0.957629 0.114143 0.885857 0.999204 0.000795509 0.96517 0.0348302 0.958425 0.0415751 0.920687 0.079313
0.753982 0.125664 0.0290202 0.97098 0.0758347 0.924165 0.999292 0.000707963 0.977867 0.0221331 0.971688 0.0283123 0.946298 0.0537016
0.879646 0.125664 0.0198071 0.980193 0.052198 0.947802 0.999414 0.000586268 0.986161 0.0138393 0.980779 0.0192208 0.961641 0.0383587
1.00531 0.125664 0.0135846 0.986415 0.0373263 0.962674 0.999544 0.000456197 0.991226 0.00877416 0.986872 0.0131284 0.971448 0.0285521
1.13097 0.125664 0.00939552 0.990604 0.0276199 0.97238 0.999666 0.000333635 0.994308 0.00569237 0.990938 0.00906189 0.978072 0.0219275
1.25664 0.125664 0.00655743 0.993443 0.0210289 0.978971 0.999773 0.000227082 0.996218 0.00378203 0.99367 0.00633035 0.982753 0.0172469
1.3823 0.125664 0.00461442 0.995386 0.0163847 0.983615 0.99986 0.000140372 0.997433 0.00256709 0.995526 0.00447405 0.986182 0.0138176
1.50796 0.125664 0.00326961 0.99673 0.0130034 0.986997 0.999925 7.47107e-05 0.998226 0.00177357 0.996805 0.0031949 0.98877 0.0112298
1.63363 0.125664 0.00233065 0.997669 0.0104711 0.989529 0.99997 2.99813e-05 0.998758 0.00124205 0.997699 0.00230067 0.990771 0.00922903
1.75929 0.125664 0.00167225 0.998328 0.00852809 0.991472 0.999994 5.51864e-06 0.999122 0.000877771 0.998333 0.00166673 0.99235 0.00765032
1.88496 0.125664 0.00121202 0.998788 0.00700616 0.992994 0.999999 5.45349e-07 0.999377 0.000622971 0.998789 0.00121147 0.993617 0.00638319
2.01062 0.125664 0.000895152 0.999105 0.00579287 0.994207 0.999986 1.44052e-05 0.999558 0.000441587 0.999119 0.000880746 0.994649 0.00535128
2.13628 0.125664 0.000684821 0.999315 0.00481104 0.995189 0.999953 4.66839e-05 0.999689 0.000310572 0.999362 0.000638137 0.9955 0.00450046
2.26195 0.125664 0.000556096 0.999444 0.00400637 0.995994 0.999903 9.72695e-05 0.999785 0.000214894 0.999541 0.000458826 0.996209 0.00379148
2.38761 0.125664 0.000492086 0.999508 0.00333991 0.99666 0.999834 0.00016638 0.999855 0.000144582 0.999674 0.000325706 0.996805 0.00319532
2.51327 0.125664 0.000481465 0.999519 0.00278313 0.997217 0.999907 9.29385e-05 0.999745 0.000254566 0.999773 0.000226899 0.99731 0.00269019
2.63894 0.125664 0.00051687 0.999483 0.00231488 0.997685 0.999945 5.54454e-05 0.999637 0.000362662 0.999846 0.000154208 0.997741 0.00225943
2.7646 0.125664 0.00059388 0.999406 0.00191928 0.998081 0.999971 2.90748e-05 0.999508 0.000491507 0.999898 0.000102372 0.99811 0.00189021
2.89027 0.125664 0.000710363 0.99929 0.00158435 0.998416 0.999988 1.18496e-05 0.99936 0.000639939 0.99993 7.04239e-05 0.998427 0.0015725
3.01593 0.125664 0.000866099 0.999134 0.00130104 0.998699 0.999997 2.5243e-06 0.999263 0.000736661 0.999871 0.000129438 0.998701 0.00129852
-3.14159 0.251327 0.00106259 0.998937 0.00106259 0.998937 1 7.55134e-29 1 6.72237e-29 0.998937 0.00106259 0.998937 0.00106259
-3.01593 0.251327 0.000864421 0.999136 0.00130272 0.998697 1 7.24702e-08 0.999136 0.000864109 1 3.11926e-07 0.998697 0.00130264
-2.89027 0.251327 0.000700967 0.999299 0.00159379 0.998406 0.999996 3.75403e-06 0.99931 0.000689765 0.999989 1.12017e-05 0.99841 0.00159004
-2.7646 0.251327 0.000570342 0.99943 0.00194305 0.998057 0.999985 1.53451e-05 0.99946 0.000540206 0.99997 3.01358e-05 0.998072 0.0019277
-2.63894 0.251327 0.000472058 0.999528 0.00236035 0.99764 0.999963 3.68538e-05 0.999588 0.000412317 0.99994 5.97405e-05 0.997677 0.0023235
-2.51327 0.251327 0.00040715 0.999593 0.00285893 0.997141 0.99993 7.03829e-05 0.999696 0.000304055 0.999897 0.000103095 0.997211 0.00278855
-2.38761 0.251327 0.000378478 0.999622 0.00345645 0.996544 0.999881 0.000118897 0.999786 0.000213854 0.999835 0.000164625 0.996662 0.00333755
-2.26195 0.251327 0.00039124 0.999609 0.00417654 0.995823 0.999859 0.000140515 0.999813 0.00018676 0.999749 0.000250725 0.99601 0.00398978
-2.13628 0.251327 0.000453813 0.999546 0.00505113 0.994949 0.999917 8.3143e-05 0.99972 0.000280416 0.999629 0.00037067 0.995229 0.00477071
-2.01062 0.251327 0.000579092 0.999421 0.00612394 0.993876 0.999959 4.10855e-05 0.999591 0.000409422 0.999462 0.000538007 0.994285 0.00571452
-1.88496 0.251327 0.0007866 0.999213 0.00745582 0.992544 0.999986 1.38714e-05 0.999412 0.000588091 0.999227 0.000772728 0.993132 0.00686773
-1.75929 0.251327 0.00110585 0.998894 0.00913307 0.990867 0.999999 1.12869e-06 0.999162 0.000838169 0.998895 0.00110472 0.991705 0.0082949
-1.63363 0.251327 0.00158175 0.998418 0.0112809 0.988719 0.999998 2.46482e-06 0.998807 0.0011933 0.998421 0.00157928 0.989912 0.0100876
-1.50796 0.251327 0.00228336 0.997717 0.0140856 0.985914 0.999983 1.7282e-05 0.998293 0.00170659 0.997734 0.00226608 0.987621 0.012379
-1.3823 0.251327 0.00331827 0.996682 0.017832 0.982168 0.999956 4.44864e-05 0.997536 0.00246377 0.996726 0.00327379 0.984632 0.0153682
-1.25664 0.251327 0.00485603 0.995144 0.0229684 0.977032 0.999918 8.20405e-05 0.996394 0.00360607 0.995226 0.00477399 0.980638 0.0193623
-1.13097 0.251327 0.00716612 0.992834 0.030223 0.969777 0.999874 0.000126309 0.99463 0.00537024 0.99296 0.00703981 0.975147 0.0248527
-1.00531 0.251327 0.0106766 0.989323 0.0408121 0.959188 0.999829 0.000171204 0.991845 0.00815488 0.989495 0.0105054 0.967343 0.0326572
-0.879646 0.251327 0.0160554 0.983945 0.0568055 0.943194 0.999793 0.000207341 0.987387 0.0126128 0.984152 0.015848 0.955807 0.0441927
-0.753982 0.251327 0.0242902 0.97571 0.0816961 0.918304 0.999778 0.00022196 0.980306 0.019694 0.975932 0.0240683 0.937998 0.0620021
-0.628319 0.251327 0.036665 0.963335 0.120927 0.879073 0.999799 0.000201457 0.969761 0.0302387 0.963536 0.0364635 0.909311 0.0906888
-0.502655 0.251327 0.0543612 0.945639 0.180867 0.819133 0.99986 0.000139665 0.957086 0.0429143 0.945778 0.0542216 0.862047 0.137953
-0.376991 0.251327 0.0773097 0.92269 0.262528 0.737472 0.999946 5.38703e-05 0.949982 0.0500182 0.922744 0.0772559 0.78749 0.21251
-0.251327 0.251327 0.102481 0.897519 0.351046 0.648954 1 3.80697e-07 0.959414 0.040586 0.897519 0.102481 0.68954 0.31046
-0.125664 0.251327 0.123389 0.876611 0.418575 0.581425 0.999938 6.18031e-05 0.981181 0.0188187 0.876673 0.123327 0.600243 0.399757
0 0.251327 0.132823 0.867177 0.443687 0.556313 0.999716 0.000283773 0.997836 0.00216354 0.867461 0.132539 0.558476 0.441524
0.125664 0.251327 0.12735 0.87265 0.419007 0.580993 0.999389 0.000611491 0.996217 0.00378264 0.584776 0.415224 0.873262 0.126738
0.251327 0.251327 0.109521 0.890479 0.349404 0.650596 0.999082 0.000918185 0.969979 0.0300212 0.680617 0.319383 0.891397 0.108603
0.376991 0.251327 0.0859318 0.914068 0.25649 0.74351 0.998898 0.00110205 0.94399 0.0560097 0.79952 0.20048 0.91517 0.0848297
0.502655 0.251327 0.063045 0.936955 0.171586 0.828414 0.998862 0.00113846 0.947359 0.0526409 0.881055 0.118945 0.938093 0.0619065
0.628319 0.251327 0.0444057 0.955594 0.111344 0.888656 0.99894 0.00105953 0.96344 0.0365602 0.925216 0.0747836 0.956654 0.0433462
0.753982 0.251327 0.0306952 0.969305 0.0735443 0.926456 0.999086 0.000913847 0.977006 0.0229938 0.970219 0.0297813 0.949449 0.0505506
0.879646 0.251327 0.0211355 0.978864 0.0504459 0.949554 0.999258 0.00074239 0.985751 0.0142492 0.979607 0.0203932 0.963803 0.0361968
1.00531 0.251327 0.0146182 0.985382 0.0360183 0.963982 0.999428 0.000572103 0.991029 0.00897147 0.985954 0.0140461 0.972953 0.0270468
1.13097 0.251327 0.0101929 0.989807 0.0266482 0.973352 0.999582 0.000417956 0.994209 0.00579059 0.990225 0.00977497 0.979142 0.0208577
1.25664 0.251327 0.00717083 0.992829 0.020305 0.979695 0.999713 0.000286917 0.996166 0.00383361 0.993116 0.00688392 0.983529 0.0164714
1.3823 0.251327 0.00508612 0.994914 0.0158425 0.984157 0.999819 0.000181307 0.997403 0.00259651 0.995095 0.00490482 0.986754 0.013246
1.50796 0.251327 0.00363244 0.996368 0.0125953 0.987405 0.999899 0.000101055 0.998208 0.00179248 0.996469 0.00353138 0.989197 0.0108029
1.63363 0.251327 0.00260959 0.99739 0.0101629 0.989837 0.999955 4.50365e-05 0.998744 0.00125606 0.997435 0.00256456 0.991093 0.00890685
1.75929 0.251327 0.00188626 0.998114 0.00829513 0.991705 0.999988 1.18188e-05 0.99911 0.000889551 0.998126 0.00187444 0.992594 0.00740558
1.88496 0.251327 0.00137547 0.998625 0.00683043 0.99317 1 5.049e-08 0.999366 0.000633771 0.998625 0.00137542 0.993803 0.00619666
2.01062 0.251327 0.00101903 0.998981 0.00566109 0.994339 0.999991 8.64885e-06 0.999548 0.00045192 0.99899 0.00101038 0.994791 0.00520917
2.13628 0.251327 0.000777576 0.999222 0.00471325 0.995287 0.999963 3.68835e-05 0.999679 0.000320572 0.999259 0.000740693 0.995607 0.00439268
2.26195 0.251327 0.000624317 0.999376 0.00393502 0.996065 0.999916 8.44059e-05 0.999776 0.000224493 0.99946 0.000539911 0.996289 0.00371053
2.38761 0.251327 0.000540973 0.999459 0.00328914 0.996711 0.999849 0.000151249 0.999846 0.000153598 0.99961 0.000389723 0.996864 0.00313554
2.51327 0.251327 0.000515183 0.999485 0.00274833 0.997252 0.999899 0.000101119 0.999762 0.000237799 0.999723 0.000277384 0.997353 0.00264721
2.63894 0.251327 0.000538825 0.999461 0.00229235 0.997708 0.999938 6.24863e-05 0.999655 0.000344679 0.999806 0.000194146 0.99777 0.00222987
2.7646 0.251327 0.000606916 0.999393 0.00190598 0.998094 0.999965 3.46338e-05 0.999528 0.000472256 0.999865 0.00013466 0.998129 0.00187135
2.89027 0.251327 0.000716928 0.999283 0.00157769 0.998422 0.999984 1.55667e-05 0.999383 0.000617341 0.9999 9.9587e-05 0.998438 0.00156213
3.01593 0.251327 0.000868371 0.999132 0.00129875 0.998701 0.999996 4.11707e-06 0.999322 0.000677662 0.999809 0.000190709 0.998705 0.00129463
-3.14159 0.376991 0.00106259 0.998937 0.00106259 0.998937 1 7.55066e-29 1 4.29334e-29 0.998937 0.00106259 0.998937 0.00106259
-3.01593 0.376991 0.000865582 0.999134 0.00130153 0.998698 1 2.92365e-08 0.999148 0.000852132 0.999987 1.34502e-05 0.998698 0.00130151
-2.89027 0.376991 0.000701308 0.999299 0.00159339 0.998407 0.999998 2.06277e-06 0.999301 0.000698758 0.999997 2.55066e-06 0.998409 0.00159132
-2.7646 0.376991 0.000567788 0.999432 0.00194549 0.998055 0.999988 1.17366e-05 0.999447 0.000552576 0.999985 1.52125e-05 0.998066 0.00193375
-2.63894 0.376991 0.00046433 0.999536 0.00236794 0.997632 0.999969 3.14895e-05 0.999573 0.000426817 0.999962 3.75127e-05 0.997664 0.00233645
-2.51327 0.376991 0.000391642 0.999608 0.00287433 0.997126 0.999936 6.3524e-05 0.99968 0.00031979 0.999928 7.18519e-05 0.997189 0.00281081
-2.38761 0.376991 0.000352106 0.999648 0.00348284 0.996517 0.999889 0.000110801 0.99977 0.000229993 0.999878 0.000122113 0.996628 0.00337204
-2.26195 0.376991 0.000350246 0.99965 0.00421785 0.995782 0.999844 0.00015622 0.999822 0.000177633 0.999806 0.000194026 0.99596 0.00404021
-2.13628 0.376991 0.000393517 0.999606 0.0051123 0.994888 0.999902 9.75249e-05 0.99973 0.00027037 0.999704 0.000295992 0.995158 0.00484193
-2.01062 0.376991 0.00049355 0.999506 0.00621133 0.993789 0.999947 5.31606e-05 0.999602 0.00039841 0.99956 0.000440389 0.994187 0.00581292
-1.88496 0.376991 0.000668151 0.999332 0.00757772 0.992422 0.999977 2.25159e-05 0.999424 0.000575797 0.999354 0.000645635 0.992998 0.00700193
-1.75929 0.376991 0.000944495 0.999056 0.00930052 0.990699 0.999995 5.02511e-06 0.999176 0.000823804 0.999061 0.00093947 0.991523 0.00847671
-1.63363 0.376991 0.00136431 0.998636 0.0115087 0.988491 1 4.30674e-08 0.998825 0.00117521 0.998636 0.00136427 0.989667 0.0103335
-1.50796 0.376991 0.00199238 0.998008 0.0143937 0.985606 0.999993 6.65783e-06 0.998318 0.00168154 0.998014 0.00198573 0.987288 0.0127121
-1.3823 0.376991 0.00293056 0.997069 0.0182474 0.981753 0.999977 2.34116e-05 0.997575 0.00242546 0.997093 0.00290715 0.984178 0.0158219
-1.25664 0.376991 0.00434105 0.995659 0.0235274 0.976473 0.999952 4.78985e-05 0.996458 0.00354231 0.995707 0.00429315 0.980015 0.0199851
-1.13097 0.376991 0.00648453 0.993515 0.0309731 0.969027 0.999924 7.62317e-05 0.994743 0.00525713 0.993592 0.0064083 0.974284 0.0257159
-1.00531 0.376991 0.00978038 0.99022 0.0418095 0.95819 0.999898 0.00010247 0.992055 0.00794515 0.990322 0.00967791 0.966136 0.0338644
-0.879646 0.376991 0.0148928 0.985107 0.0581011 0.941899 0.999882 0.000118364 0.987786 0.012214 0.985226 0.0147745 0.954113 0.045887
-0.753982 0.376991 0.0228231 0.977177 0.0832853 0.916715 0.999886 0.000114395 0.981063 0.0189374 0.977291 0.0227087 0.935652 0.064348
-0.628319 0.376991 0.0349081 0.965092 0.122628 0.877372 0.999916 8.40917e-05 0.97111 0.0288899 0.965176 0.0348241 0.906262 0.0937379
-0.502655 0.376991 0.0524485 0.947552 0.182145 0.817855 0.999966 3.42193e-05 0.959021 0.0409794 0.947586 0.0524143 0.858835 0.141165
-0.376991 0.376991 0.0755491 0.924451 0.262609 0.737391 1 1.39099e-07 0.951286 0.0487135 0.924451 0.075549 0.786104 0.213896
-0.251327 0.376991 0.101305 0.898695 0.349697 0.650303 0.999948 5.24666e-05 0.957749 0.0422509 0.898748 0.101252 0.692554 0.307446
-0.125664 0.376991 0.123159 0.876841 0.416492 0.583508 0.999735 0.000265061 0.977016 0.0229837 0.877106 0.122894 0.606492 0.393508
0 0.376991 0.133651 0.866349 0.441623 0.558377 0.99936 0.000639825 0.995221 0.0047787 0.866989 0.133011 0.563156 0.436844
0.125664 0.376991 0.129084 0.870916 0.417079 0.582921 0.998933 0.00106679 0.998583 0.00141735 0.584339 0.415661 0.871982 0.128018
0.251327 0.376991 0.111844 0.888156 0.347143 0.652857 0.998605 0.00139491 0.973848 0.0261521 0.679009 0.320991 0.88955 0.11045
0.376991 0.376991 0.0884633 0.911537 0.253494 0.746506 0.998461 0.00153853 0.942114 0.0578858 0.804391 0.195609 0.913075 0.0869248
0.502655 0.376991 0.0654569 0.934543 0.168229 0.831771 0.998495 0.00150464 0.944228 0.0557722 0.887543 0.112457 0.936048 0.0639522
0.628319 0.376991 0.0465022 0.953498 0.108294 0.891706 0.99865 0.00135036 0.961606 0.0383941 0.9301 0.0699 0.954848 0.0451519
0.753982 0.376991 0.032414 0.967586 0.0711042 0.928896 0.998863 0.00113715 0.97613 0.0238695 0.952765 0.0472347 0.968723 0.0312769
0.879646 0.376991 0.022498 0.977502 0.0486005 0.951399 0.99909 0.000910131 0.985347 0.014653 0.978412 0.0215879 0.966053 0.0339475
1.00531 0.376991 0.0156796 0.98432 0.0346482 0.965352 0.999304 0.000696073 0.99084 0.00916048 0.985016 0.0149836 0.974512 0.0254877
1.13097 0.376991 0.0110138 0.988986 0.0256325 0.974368 0.999492 0.00050814 0.994118 0.00588217 0.989494 0.0105057 0.98025 0.0197503
1.25664 0.376991 0.00780437 0.992196 0.0195481 0.980452 0.999649 0.000351226 0.99612 0.0038805 0.992547 0.00745314 0.984332 0.0156676
1.3823 0.376991 0.00557522 0.994425 0.0152747 0.984725 0.999774 0.00022581 0.997377 0.00262277 0.994651 0.00534941 0.987348 0.0126519
1.50796 0.376991 0.00401036 0.99599 0.0121667 0.987833 0.99987 0.000130347 0.998191 0.0018093 0.99612 0.00388001 0.989643 0.0103574
1.63363 0.376991 0.00290166 0.997098 0.00983785 0.990162 0.999937 6.25837e-05 0.998731 0.0012687 0.997161 0.00283908 0.991431 0.00856916
1.75929 0.376991 0.00211168 0.997888 0.00804818 0.991952 0.99998 2.02477e-05 0.9991 0.000900473 0.997909 0.00209143 0.992852 0.0071477
1.88496 0.376991 0.00154882 0.998451 0.00664301 0.993357 0.999999 1.36651e-06 0.999356 0.000644065 0.998453 0.00154745 0.994001 0.00599894
2.01062 0.376991 0.00115145 0.998849 0.0055195 0.99448 0.999996 4.40114e-06 0.999538 0.000462 0.998853 0.00114705 0.994942 0.0050575
2.13628 0.376991 0.000877667 0.999122 0.00460726 0.995393 0.999972 2.82845e-05 0.999669 0.00033051 0.999151 0.000849383 0.995723 0.00427675
2.26195 0.376991 0.000698774 0.999301 0.00385683 0.996143 0.999928 7.24155e-05 0.999766 0.000234183 0.999374 0.000626358 0.996377 0.00362265
2.38761 0.376991 0.00059508 0.999405 0.00323274 0.996767 0.999863 0.000136628 0.999837 0.000162833 0.999542 0.000458452 0.99693 0.0030699
2.51327 0.376991 0.000553177 0.999447 0.00270899 0.997291 0.99989 0.000109631 0.999779 0.000221124 0.999668 0.000332054 0.997401 0.00259936
2.63894 0.376991 0.00056416 0.999436 0.00226629 0.997734 0.99993 6.99561e-05 0.999674 0.000326284 0.999762 0.000237875 0.997804 0.00219633
2.7646 0.376991 0.000622472 0.999378 0.00189007 0.99811 0.999959 4.06943e-05 0.999548 0.000451937 0.999829 0.000170535 0.998151 0.00184938
2.89027 0.376991 0.000725172 0.999275 0.00156931 0.998431 0.99998 1.98023e-05 0.999407 0.000592661 0.999867 0.000132511 0.99845 0.00154951
3.01593 0.376991 0.000871488 0.999129 0.0012956 0.998704 0.999994 6.1002e-06 0.999377 0.000622585 0.999751 0.000248903 0.99871 0.0012895
-3.14159 0.502655 0.00106259 0.998937 0.00106259 0.998937 1 7.55047e-29 1 1.14536e-28 0.998937 0.00106259 0.998937 0.00106259
-3.01593 0.502655 0.000867598 0.999132 0.00129949 0.998701 1 3.74165e-07 0.999189 0.00081096 0.999943 5.66383e-05 0.998701 0.00129911
-2.89027 0.502655 0.000703391 0.999297 0.0015912 0.998409 0.999999 8.73248e-07 0.999297 0.000703362 1 2.87572e-08 0.99841 0.00159033
-2.7646 0.502655 0.000567907 0.999432 0.00194517 0.998055 0.999991 8.60829e-06 0.999437 0.000562644 0.999995 5.26238e-06 0.998063 0.00193656
-2.63894 0.502655 0.00046027 0.99954 0.00237169 0.997628 0.999973 2.65383e-05 0.99956 0.000439991 0.99998 2.02787e-05 0.997655 0.00234515
-2.51327 0.502655 0.000380882 0.999619 0.00288468 0.997115 0.999943 5.69942e-05 0.999665 0.000334889 0.999954 4.5993e-05 0.997172 0.00282769
-2.38761 0.502655 0.00033167 0.999668 0.00350282 0.996497 0.999897 0.000102943 0.999754 0.000246077 0.999914 8.55939e-05 0.9966 0.00339987
-2.26195 0.502655 0.000316516 0.999683 0.00425115 0.995749 0.999828 0.000172407 0.999831 0.000168644 0.999856 0.000144109 0.995917 0.0040825
-2.13628 0.502655 0.000341983 0.999658 0.00516359 0.994836 0.999887 0.00011292 0.99974 0.000260349 0.999771 0.000229063 0.995097 0.00490324
-2.01062 0.502655 0.000418482 0.999582 0.00628659 0.993713 0.999933 6.68051e-05 0.999613 0.000387292 0.999648 0.000351677 0.994101 0.00589929
-1.88496 0.502655 0.00056215 0.999438 0.00768475 0.992315 0.999967 3.33441e-05 0.999437 0.000563235 0.999471 0.000528806 0.992878 0.00712152
-1.75929 0.502655 0.000797889 0.999202 0.00944964 0.99055 0.999988 1.18203e-05 0.999191 0.000808965 0.999214 0.000786069 0.991359 0.00864067
-1.63363 0.502655 0.00116433 0.998836 0.0117137 0.988286 0.999999 1.39583e-06 0.998844 0.00115639 0.998837 0.00116293 0.989443 0.0105573
-1.50796 0.502655 0.00172205 0.998278 0.0146731 0.985327 0.999999 9.3341e-07 0.998345 0.00165541 0.998279 0.00172111 0.986982 0.0130177
-1.3823 0.502655 0.00256729 0.997433 0.0186261 0.981374 0.999991 8.74727e-06 0.997614 0.0023857 0.997441 0.00255855 0.98376 0.0162404
-1.25664 0.502655 0.00385504 0.996145 0.0240386 0.975961 0.999978 2.22754e-05 0.996523 0.00347681 0.996167 0.00383277 0.979438 0.0205618
-1.13097 0.502655 0.00583734 0.994163 0.0316586 0.968341 0.999962 3.7716e-05 0.994858 0.00514249 0.9942 0.00579963 0.973484 0.0265161
-1.00531 0.502655 0.00892518 0.991075 0.0427171 0.957283 0.99995 4.98098e-05 0.992264 0.00773594 0.991125 0.00887537 0.965019 0.0349811
-0.879646 0.502655 0.0137797 0.98622 0.0592672 0.940733 0.999948 5.22836e-05 0.988177 0.0118232 0.986273 0.0137274 0.952556 0.047444
-0.753982 0.502655 0.0214169 0.978583 0.0846827 0.915317 0.99996 4.01198e-05 0.981789 0.0182105 0.978623 0.0213768 0.933528 0.0664721
-0.628319 0.502655 0.0332306 0.966769 0.124043 0.875957 0.999984 1.56492e-05 0.972379 0.0276212 0.966785 0.033215 0.903578 0.0964215
-0.502655 0.502655 0.0506478 0.949352 0.183015 0.816985 1 1.137e-07 0.960815 0.0391853 0.949352 0.0506477 0.85617 0.14383
-0.376991 0.502655 0.0739571 0.926043 0.262154 0.737846 0.999953 4.65488e-05 0.952555 0.0474446 0.926089 0.0739106 0.785291 0.214709
-0.251327 0.502655 0.100375 0.899625 0.347692 0.652308 0.999766 0.000234315 0.956398 0.0436016 0.899859 0.100141 0.69591 0.30409
-0.125664 0.502655 0.123246 0.876754 0.413655 0.586345 0.999383 0.000616647 0.972954 0.0270461 0.877371 0.122629 0.613391 0.386609
0 0.502655 0.134816 0.865184 0.438744 0.561256 0.998859 0.00114076 0.991721 0.008279 0.866325 0.133675 0.569535 0.430465
0.125664 0.502655 0.131116 0.868884 0.414324 0.585676 0.998357 0.00164276 0.99986 0.000139898 0.585815 0.414185 0.870527 0.129473
0.251327 0.502655 0.114388 0.885612 0.344121 0.655879 0.99804 0.0019598 0.978311 0.0216893 0.677568 0.322432 0.887572 0.112428
0.376991 0.502655 0.0911403 0.90886 0.249899 0.750101 0.997966 0.00203397 0.939949 0.060051 0.810152 0.189848 0.910894 0.0891063
0.502655 0.502655 0.0679597 0.93204 0.164476 0.835524 0.998092 0.00190848 0.940707 0.0592932 0.894818 0.105182 0.933949 0.0660513
0.628319 0.502655 0.0486573 0.951343 0.10501 0.89499 0.998335 0.00166493 0.959671 0.0403285 0.935319 0.0646815 0.953008 0.0469924
0.753982 0.502655 0.0341738 0.965826 0.0685281 0.931472 0.998624 0.00137556 0.975248 0.0247518 0.956224 0.0437762 0.967202 0.0327982
0.879646 0.502655 0.0238916 0.976108 0.046672 0.953328 0.998912 0.0010878 0.984954 0.0150456 0.968374 0.0316264 0.977196 0.0228038
1.00531 0.502655 0.0167664 0.983234 0.0332233 0.966777 0.999173 0.00082685 0.990662 0.00933839 0.98406 0.0159395 0.976115 0.0238849
1.13097 0.502655 0.011856 0.988144 0.0245779 0.975422 0.999397 0.000603254 0.994034 0.00596563 0.988747 0.0112527 0.981388 0.0186123
1.25664 0.502655 0.0084562 0.991544 0.018762 0.981238 0.999581 0.000419313 0.996078 0.00392189 0.991963 0.00803688 0.98516 0.0148401
1.3823 0.502655 0.00608023 0.99392 0.0146838 0.985316 0.999727 0.000273366 0.997355 0.0026454 0.994193 0.00580686 0.987962 0.0120384
1.50796 0.502655 0.00440217 0.995598 0.0117194 0.988281 0.999838 0.000162208 0.998176 0.00182374 0.99576 0.00423996 0.990104 0.00989562
1.63363 0.502655 0.00320589 0.996794 0.00949742 0.990503 0.999918 8.23535e-05 0.99872 0.00127981 0.996876 0.00312354 0.991782 0.00821761
1.75929 0.502655 0.00234773 0.997652 0.00778834 0.992212 0.999969 3.06222e-05 0.99909 0.000910431 0.997683 0.00231711 0.993122 0.00687791
1.88496 0.502655 0.00173145 0.998269 0.00644472 0.993555 0.999996 4.3807e-06 0.999346 0.000653785 0.998273 0.00172707 0.994209 0.00579093
2.01062 0.502655 0.00129195 0.998708 0.00536872 0.994631 0.999998 1.60771e-06 0.999528 0.000471784 0.99871 0.00129034 0.995103 0.00489694
2.13628 0.502655 0.000984732 0.999015 0.0044935 0.995507 0.999979 2.0882e-05 0.99966 0.000340359 0.999036 0.00096385 0.995847 0.00415314
2.26195 0.502655 0.000779192 0.999221 0.00377213 0.996228 0.999939 6.13369e-05 0.999756 0.000243948 0.999282 0.000717855 0.996472 0.00352818
2.38761 0.502655 0.000654208 0.999346 0.00317094 0.996829 0.999877 0.000122595 0.999828 0.000172281 0.999468 0.000531613 0.997001 0.00299866
2.51327 0.502655 0.000595304 0.999405 0.00266528 0.997335 0.999882 0.000118474 0.999795 0.00020466 0.999609 0.000390644 0.997453 0.00254681
2.63894 0.502655 0.000592779 0.999407 0.00223679 0.997763 0.999922 7.78596e-05 0.999692 0.000307651 0.999715 0.000285128 0.997841 0.00215893
2.7646 0.502655 0.000640489 0.99936 0.00187163 0.998128 0.999953 4.72642e-05 0.999569 0.000430812 0.99979 0.000209677 0.998176 0.00182436
2.89027 0.502655 0.000735065 0.999265 0.00155925 0.998441 0.999975 2.45643e-05 0.999434 0.000566437 0.999831 0.000168628 0.998465 0.00153469
3.01593 0.502655 0.000875437 0.999125 0.00129162 0.998708 0.999992 8.4764e-06 0.999427 0.000572807 0.999697 0.000302631 0.998717 0.00128314
-3.14159 0.628319 0.00106259 0.998937 0.00106259 0.998937 1 3.73761e-29 1 7.55097e-29 0.998937 0.00106259 0.998937 0.00106259
-3.01593 0.628319 0.000870463 0.99913 0.00129659 0.998703 0.999999 1.10906e-06 0.999246 0.000754426 0.999884 0.000116037 0.998705 0.00129548
-2.89027 0.628319 0.000707206 0.999293 0.00158724 0.998413 1 1.86529e-07 0.999297 0.000703439 0.999996 3.76769e-06 0.998413 0.00158706
-2.7646 0.628319 0.000570698 0.999429 0.00194208 0.998058 0.999994 5.95976e-06 0.99943 0.000570242 1 4.55622e-07 0.998064 0.00193612
-2.63894 0.628319 0.000459895 0.99954 0.00237157 0.997628 0.999978 2.19996e-05 0.999548 0.000451675 0.999992 8.21998e-06 0.99765 0.00234957
-2.51327 0.628319 0.000374916 0.999625 0.00288994 0.99711 0.999949 5.07938e-05 0.999651 0.000349199 0.999974 2.57169e-05 0.997161 0.00283915
-2.38761 0.628319 0.000317256 0.999683 0.00351629 0.996484 0.999905 9.5323e-05 0.999738 0.000261966 0.999945 5.52905e-05 0.996579 0.00342097
-2.26195 0.628319 0.000290187 0.99971 0.00427631 0.995724 0.999811 0.000188959 0.99984 0.000159797 0.999899 0.000101228 0.995883 0.00411651
-2.13628 0.628319 0.000299416 0.999701 0.0052048 0.994795 0.999871 0.000129242 0.99975 0.000250364 0.99983 0.000170174 0.995046 0.00495443
-2.01062 0.628319 0.000354181 0.999646 0.00634942 0.993651 0.999918 8.19765e-05 0.999624 0.000376086 0.999728 0.000272205 0.994027 0.00597334
-1.88496 0.628319 0.000469008 0.999531 0.00777648 0.992224 0.999954 4.63728e-05 0.99945 0.000550437 0.999577 0.000422635 0.992774 0.00722604
-1.75929 0.628319 0.000666589 0.999333 0.00957982 0.99042 0.999978 2.16115e-05 0.999206 0.000793702 0.999355 0.000644978 0.991214 0.00878612
-1.63363 0.628319 0.000982542 0.999017 0.0118951 0.988105 0.999993 6.72985e-06 0.998863 0.0011369 0.999024 0.000975812 0.989242 0.0107582
-1.50796 0.628319 0.00147334 0.998527 0.0149227 0.985077 1 4.65929e-07 0.998372 0.00162836 0.998527 0.00147288 0.986706 0.0132944
-1.3823 0.628319 0.00222977 0.99777 0.0189666 0.981033 0.999999 1.05952e-06 0.997655 0.00234473 0.997771 0.00222871 0.983378 0.0166219
-1.25664 0.628319 0.0033997 0.9966 0.0244997 0.9755 0.999994 6.03208e-06 0.99659 0.00340995 0.996606 0.00339367 0.97891 0.0210897
-1.13097 0.628319 0.00522675 0.994773 0.0322768 0.967723 0.999988 1.20456e-05 0.994973 0.00502695 0.994785 0.0052147 0.97275 0.0272499
-1.00531 0.628319 0.00811374 0.991886 0.0435314 0.956469 0.999985 1.51238e-05 0.992472 0.00752817 0.991901 0.00809862 0.963997 0.0360032
-0.879646 0.628319 0.0127193 0.987281 0.0602999 0.9397 0.999988 1.19082e-05 0.988559 0.0114415 0.987293 0.0127074 0.951142 0.0488585
-0.753982 0.628319 0.0200757 0.979924 0.0858849 0.914115 0.999997 3.27122e-06 0.982487 0.0175132 0.979928 0.0200724 0.931628 0.0683717
-0.628319 0.628319 0.0316371 0.968363 0.125173 0.874827 0.999998 2.12523e-06 0.973574 0.026426 0.968365 0.0316349 0.901253 0.0987471
-0.502655 0.628319 0.0489649 0.951035 0.183489 0.816511 0.999954 4.56327e-05 0.962488 0.0375118 0.951081 0.0489192 0.854023 0.145977
-0.376991 0.628319 0.0725409 0.927459 0.261185 0.738815 0.999797 0.000203409 0.953801 0.0461993 0.927663 0.0723375 0.785014 0.214986
-0.251327 0.628319 0.0997004 0.9003 0.34506 0.65494 0.999444 0.000556459 0.955335 0.044665 0.900856 0.099144 0.699605 0.300395
-0.125664 0.628319 0.123657 0.876343 0.410087 0.589913 0.998876 0.00112414 0.969078 0.0309223 0.877467 0.122533 0.620836 0.379164
0 0.628319 0.136322 0.863678 0.435062 0.564938 0.998211 0.00178894 0.987484 0.0125159 0.865467 0.134533 0.577454 0.422546
0.125664 0.628319 0.133445 0.866555 0.410745 0.589255 0.997663 0.00233728 0.999752 0.0002483 0.589503 0.410497 0.868892 0.131108
0.251327 0.628319 0.117152 0.882848 0.340335 0.659665 0.997391 0.00260867 0.983366 0.0166336 0.676299 0.323701 0.885457 0.114543
0.376991 0.628319 0.093961 0.906039 0.245709 0.754291 0.997416 0.00258411 0.937359 0.0626413 0.816933 0.183067 0.908623 0.0913769
0.502655 0.628319 0.0705514 0.929449 0.160341 0.839659 0.997654 0.00234644 0.936727 0.0632733 0.902932 0.0970679 0.931795 0.0682049
0.628319 0.628319 0.0508683 0.949132 0.10151 0.89849 0.998 0.0020005 0.957647 0.0423528 0.940843 0.0591574 0.951132 0.0488678
0.753982 0.628319 0.0359715 0.964028 0.0658312 0.934169 0.998373 0.00162706 0.974371 0.0256289 0.959798 0.0402023 0.965656 0.0343444
0.879646 0.628319 0.0253134 0.974687 0.0446717 0.955328 0.998726 0.00127386 0.984579 0.0154207 0.970749 0.029251 0.97596 0.0240396
1.00531 0.628319 0.0178758 0.982124 0.0317516 0.968248 0.999037 0.000963299 0.990498 0.00950204 0.97775 0.0222496 0.983088 0.0169125
1.13097 0.628319 0.0127172 0.987283 0.0234901 0.97651 0.999298 0.000702442 0.993961 0.00603934 0.987985 0.0120148 0.982549 0.0174507
1.25664 0.628319 0.00912447 0.990876 0.0179506 0.982049 0.999509 0.000490535 0.996043 0.00395691 0.991366 0.00863393 0.986006 0.0139937
1.3823 0.628319 0.0065996 0.9934 0.0140729 0.985927 0.999677 0.000323488 0.997336 0.00266391 0.993724 0.00627611 0.988591 0.011409
1.50796 0.628319 0.00480663 0.995193 0.0112556 0.988744 0.999804 0.000196277 0.998164 0.00183553 0.99539 0.00461035 0.99058 0.00942005
1.63363 0.628319 0.00352127 0.996479 0.00914318 0.990857 0.999896 0.000104082 0.998711 0.00128922 0.996583 0.00341719 0.992146 0.00785396
1.75929 0.628319 0.00259362 0.997406 0.0075168 0.992483 0.999957 4.27579e-05 0.999081 0.000919315 0.997449 0.00255086 0.993403 0.00659749
1.88496 0.628319 0.00192274 0.998077 0.00623644 0.993764 0.999991 8.97401e-06 0.999337 0.000662859 0.998086 0.00191377 0.994426 0.00557358
2.01062 0.628319 0.00144002 0.99856 0.00520941 0.994791 1 2.04701e-07 0.999519 0.000481225 0.99856 0.00143982 0.995272 0.00472819
2.13628 0.628319 0.00109839 0.998902 0.00437247 0.995628 0.999985 1.46599e-05 0.99965 0.000350091 0.998916 0.00108373 0.995978 0.00402238
2.26195 0.628319 0.00086528 0.999135 0.00368128 0.996319 0.999949 5.11969e-05 0.999746 0.000253771 0.999186 0.000814083 0.996572 0.00342751
2.38761 0.628319 0.000718139 0.999282 0.00310402 0.996896 0.999891 0.000109217 0.999818 0.000181934 0.999391 0.000608922 0.997078 0.00292208
2.51327 0.628319 0.000641408 0.999359 0.00261737 0.997383 0.999872 0.000127649 0.999811 0.000188517 0.999547 0.00045289 0.99751 0.00248972
2.63894 0.628319 0.000624575 0.999375 0.00220398 0.997796 0.999914 8.62021e-05 0.999711 0.000288939 0.999664 0.000335636 0.997882 0.00211778
2.7646 0.628319 0.000660898 0.999339 0.00185071 0.998149 0.999946 5.43523e-05 0.999591 0.000409127 0.999748 0.000251771 0.998204 0.00179636
2.89027 0.628319 0.000746567 0.999253 0.00154755 0.998452 0.99997 2.9862e-05 0.999461 0.000539162 0.999793 0.000207405 0.998482 0.00151769
3.01593 0.628319 0.000880204 0.99912 0.0012868 0.998713 0.999989 1.12491e-05 0.999472 0.00052822 0.999648 0.000351984 0.998724 0.00127555
-3.14159 0.753982 0.00106259 0.998937 0.00106259 0.998937 1 7.55138e-29 1 8.62602e-29 0.998937 0.00106259 0.998937 0.00106259
-3.01593 0.753982 0.000874164 0.999126 0.00129284 0.998707 0.999998 2.23646e-06 0.999305 0.000694605 0.99982 0.000179559 0.998709 0.0012906
-2.89027 0.753982 0.000712741 0.999287 0.00158153 0.998418 1 5.16891e-09 0.999301 0.000699014 0.999986 1.37275e-05 0.998418 0.00158153
-2.7646 0.753982 0.000576153 0.999424 0.00193624 0.998064 0.999996 3.79211e-06 0.999425 0.000575247 0.999999 9.0613e-07 0.998068 0.00193245
-2.63894 0.753982 0.00046321 0.999537 0.0023676 0.997632 0.999982 1.78738e-05 0.999538 0.000461724 0.999999 1.48633e-06 0.99765 0.00234973
-2.51327 0.753982 0.00037377 0.999626 0.00289009 0.99711 0.999955 4.49237e-05 0.999637 0.000362569 0.999989 1.12002e-05 0.997155 0.00284517
-2.38761 0.753982 0.000308925 0.999691 0.00352322 0.996477 0.999912 8.7945e-05 0.999722 0.000277518 0.999969 3.14068e-05 0.996565 0.00343527
-2.26195 0.753982 0.000271367 0.999729 0.00429324 0.995707 0.999794 0.000205748 0.999849 0.000151098 0.999934 6.56186e-05 0.995858 0.00414215
-2.13628 0.753982 0.000265991 0.999734 0.00523578 0.994764 0.999854 0.00014639 0.99976 0.000240425 0.99988 0.000119601 0.995005 0.00499535
-2.01062 0.753982 0.000300908 0.999699 0.0063996 0.9936 0.999901 9.86115e-05 0.999635 0.000364809 0.999798 0.000202296 0.993965 0.00603479
-1.88496 0.753982 0.000389094 0.999611 0.00785255 0.992147 0.999938 6.15934e-05 0.999463 0.000537429 0.999672 0.000327501 0.992685 0.00731512
-1.75929 0.753982 0.000551114 0.999449 0.00969057 0.990309 0.999966 3.44672e-05 0.999222 0.000778062 0.999483 0.000516647 0.991087 0.00891251
-1.63363 0.753982 0.000819661 0.99918 0.0120522 0.987948 0.999984 1.62214e-05 0.998883 0.00111684 0.999197 0.000803439 0.989065 0.0109353
-1.50796 0.753982 0.00124723 0.998753 0.0151416 0.984858 0.999994 5.58271e-06 0.9984 0.00160049 0.998758 0.00124165 0.986459 0.0135411
-1.3823 0.753982 0.00191925 0.998081 0.0192677 0.980732 0.999999 8.89693e-07 0.997697 0.00230275 0.998082 0.00191836 0.983035 0.0169649
-1.25664 0.753982 0.0029767 0.997023 0.024909 0.975091 1 1.75531e-08 0.996658 0.00334207 0.997023 0.00297668 0.978433 0.0215669
-1.13097 0.753982 0.00465493 0.995345 0.0328255 0.967174 0.999999 5.19755e-07 0.995089 0.00491104 0.995346 0.00465441 0.972086 0.0279145
-1.00531 0.753982 0.0073489 0.992651 0.0442497 0.95575 1 3.81035e-07 0.992677 0.00732258 0.992651 0.00734852 0.963073 0.0369271
-0.879646 0.753982 0.0117152 0.988285 0.0611965 0.938804 1 2.13197e-07 0.988931 0.0110694 0.988285 0.011715 0.949873 0.0501271
-0.753982 0.753982 0.0188037 0.981196 0.0868906 0.913109 0.999992 8.32381e-06 0.983155 0.0168447 0.981205 0.0187954 0.929954 0.0700459
-0.628319 0.753982 0.0301327 0.969867 0.126022 0.873978 0.99995 5.01203e-05 0.974702 0.0252981 0.969917 0.0300825 0.899276 0.100724
-0.502655 0.753982 0.0474059 0.952594 0.183578 0.816422 0.99982 0.000180016 0.964058 0.0359419 0.952774 0.0472259 0.852364 0.147636
-0.376991 0.753982 0.0713087 0.928691 0.259728 0.740272 0.999518 0.00048228 0.955031 0.0449687 0.929174 0.0708264 0.78524 0.21476
-0.251327 0.753982 0.0992918 0.900708 0.341834 0.658166 0.998969 0.00103067 0.954537 0.0454632 0.901739 0.0982611 0.703629 0.296371
-0.125664 0.753982 0.124403 0.875597 0.405814 0.594186 0.998204 0.00179599 0.965452 0.034548 0.877393 0.122607 0.628734 0.371266
0 0.753982 0.138178 0.861822 0.430592 0.569408 0.997413 0.0025873 0.982685 0.0173146 0.864409 0.135591 0.586722 0.413278
0.125664 0.753982 0.136075 0.863925 0.406346 0.593654 0.996851 0.00314874 0.997999 0.0020011 0.595655 0.404345 0.867074 0.132926
0.251327 0.753982 0.120136 0.879864 0.335789 0.664211 0.996662 0.00333792 0.988881 0.0111187 0.675329 0.324671 0.883202 0.116798
0.376991 0.753982 0.0969243 0.903076 0.240937 0.759063 0.996815 0.00318524 0.93412 0.0658804 0.824943 0.175057 0.906261 0.093739
0.502655 0.753982 0.0732298 0.92677 0.155848 0.844152 0.997185 0.00281539 0.932216 0.0677837 0.911936 0.0880643 0.929586 0.0704144
0.628319 0.753982 0.0531326 0.946867 0.0978164 0.902184 0.997645 0.00235467 0.955554 0.0444464 0.94663 0.05337 0.949222 0.0507779
0.753982 0.753982 0.0378043 0.962196 0.0630306 0.936969 0.99811 0.00188984 0.973514 0.0264857 0.963455 0.0365448 0.964086 0.0359145
0.879646 0.753982 0.0267608 0.973239 0.0426114 0.957389 0.998533 0.00146699 0.984229 0.0157707 0.973159 0.0268406 0.974706 0.0252938
1.00531 0.753982 0.0190052 0.980995 0.0302413 0.969759 0.998896 0.0011044 0.990352 0.00964787 0.979407 0.0205935 0.982099 0.0179008
1.13097 0.753982 0.0135952 0.986405 0.0223748 0.977625 0.999195 0.000804929 0.993898 0.00610154 0.98721 0.0127903 0.983727 0.0162732
1.25664 0.753982 0.00980728 0.990193 0.0171181 0.982882 0.999436 0.000564297 0.996015 0.00398463 0.990757 0.00924298 0.986866 0.0131335
1.3823 0.753982 0.00713178 0.992868 0.0134449 0.986555 0.999624 0.000375725 0.997322 0.00267778 0.993244 0.00675606 0.989233 0.0107671
1.50796 0.753982 0.00522246 0.994778 0.0107775 0.989222 0.999768 0.000232212 0.998156 0.00184437 0.99501 0.00499025 0.991067 0.00893315
1.63363 0.753982 0.00384678 0.996153 0.00877677 0.991223 0.999872 0.000127515 0.998703 0.00129673 0.996281 0.00371927 0.99252 0.00748004
1.75929 0.753982 0.00284852 0.997151 0.00723478 0.992765 0.999944 5.64717e-05 0.999073 0.000927005 0.997208 0.00279205 0.993692 0.00630778
1.88496 0.753982 0.00212203 0.997878 0.0060191 0.993981 0.999985 1.50235e-05 0.999329 0.000671208 0.997893 0.002107 0.994652 0.00534789
2.01062 0.753982 0.00159516 0.998405 0.00504226 0.994958 1 1.2075e-07 0.99951 0.00049027 0.998405 0.00159504 0.995448 0.00455199
2.13628 0.753982 0.00121822 0.998782 0.00424469 0.995755 0.99999 9.59231e-06 0.99964 0.000359669 0.998791 0.00120863 0.996115 0.00388503
2.26195 0.753982 0.000956725 0.999043 0.00358467 0.996415 0.999958 4.20107e-05 0.999736 0.000263631 0.999085 0.000914714 0.996679 0.00332103
2.38761 0.753982 0.000786638 0.999213 0.00303224 0.996968 0.999903 9.65501e-05 0.999808 0.00019178 0.99931 0.000690088 0.99716 0.00284046
2.51327 0.753982 0.000691316 0.999309 0.00256547 0.997435 0.999863 0.000137153 0.999827 0.000172792 0.999481 0.000518524 0.997572 0.00242831
2.63894 0.753982 0.000659429 0.999341 0.00216799 0.997832 0.999905 9.49886e-05 0.99973 0.000270296 0.999611 0.000389133 0.997927 0.002073
2.7646 0.753982 0.000683621 0.999316 0.00182741 0.998173 0.999938 6.19684e-05 0.999613 0.000387112 0.999703 0.000296509 0.998235 0.00176544
2.89027 0.753982 0.000759635 0.99924 0.00153425 0.998466 0.999964 3.57061e-05 0.999489 0.000511278 0.999752 0.000248357 0.998501 0.00149854
3.01593 0.753982 0.000885769 0.999114 0.00128119 0.998719 0.999986 1.44227e-05 0.999512 0.000488225 0.999602 0.000397544 0.998733 0.00126676
-3.14159 0.879646 0.00106259 0.998937 0.00106259 0.998937 1 7.55237e-29 1 1.77689e-28 0.998937 0.00106259 0.998937 0.00106259
-3.01593 0.879646 0.000878688 0.999121 0.00128826 0.998712 0.999996 3.75969e-06 0.999362 0.000637874 0.999759 0.000240813 0.998716 0.0012845
-2.89027 0.879646 0.000719974 0.99928 0.00157409 0.998426 1 3.33208e-07 0.99931 0.000690274 0.99997 2.96994e-05 0.998426 0.00157376
-2.7646 0.879646 0.000584252 0.999416 0.00192768 0.998072 0.999998 2.10786e-06 0.999422 0.000577587 0.999993 6.6655e-06 0.998074 0.00192557
-2.63894 0.879646 0.000470206 0.99953 0.0023598 0.99764 0.999986 1.41626e-05 0.99953 0.000470015 1 1.91391e-07 0.997654 0.00234563
-2.51327 0.879646 0.000377454 0.999623 0.00288514 0.997115 0.999961 3.93854e-05 0.999625 0.000374861 0.999997 2.59345e-06 0.997154 0.00284576
-2.38761 0.879646 0.000306718 0.999693 0.00352358 0.996476 0.999919 8.08107e-05 0.999707 0.00029259 0.999986 1.41275e-05 0.996557 0.00344277
-2.26195 0.879646 0.000260141 0.99974 0.00430189 0.995698 0.999857 0.00014255 0.999777 0.000222639 0.999962 3.75024e-05 0.995841 0.00415934
-2.13628 0.879646 0.000241851 0.999758 0.00525642 0.994744 0.999836 0.000164247 0.999769 0.000230538 0.999922 7.76049e-05 0.994974 0.00502588
-2.01062 0.879646 0.000258888 0.999741 0.00643695 0.993563 0.999883 0.000116625 0.999647 0.000353474 0.999858 0.000142263 0.993917 0.00608347
-1.88496 0.879646 0.000322745 0.999677 0.00791269 0.992087 0.999921 7.89699e-05 0.999476 0.000524233 0.999756 0.000243775 0.992612 0.00738846
-1.75929 0.879646 0.000451939 0.999548 0.00978149 0.990219 0.99995 5.04232e-05 0.999238 0.000762083 0.999598 0.000401515 0.990981 0.00901941
-1.63363 0.879646 0.000676348 0.999324 0.0121844 0.987816 0.99997 3.00099e-05 0.998904 0.00109627 0.999354 0.000646338 0.988912 0.0110881
-1.50796 0.879646 0.00104462 0.998955 0.0153289 0.984671 0.999983 1.65721e-05 0.998428 0.00157192 0.998972 0.00102804 0.986243 0.013757
-1.3823 0.879646 0.00163698 0.998363 0.0195282 0.980472 0.999991 8.74168e-06 0.99774 0.00225993 0.998372 0.00162824 0.982732 0.0172682
-1.25664 0.879646 0.00258769 0.997412 0.0252651 0.974735 0.999995 5.0524e-06 0.996727 0.00327345 0.997417 0.00258263 0.978008 0.0219916
-1.13097 0.879646 0.00412406 0.995876 0.0333029 0.966697 0.999996 4.43259e-06 0.995205 0.00479517 0.99588 0.00411963 0.971492 0.0285077
-1.00531 0.879646 0.00663349 0.993367 0.0448699 0.95513 0.999992 7.59619e-06 0.99288 0.00711971 0.993374 0.00662589 0.96225 0.0377502
-0.879646 0.879646 0.010771 0.989229 0.0619551 0.938045 0.99998 2.03205e-05 0.989293 0.0107075 0.989249 0.0107507 0.948752 0.0512476
-0.753982 0.879646 0.0176056 0.982394 0.0876998 0.9123 0.99994 6.00834e-05 0.983796 0.0162041 0.982454 0.0175455 0.928504 0.0714956
-0.628319 0.879646 0.0287232 0.971277 0.126594 0.873406 0.999833 0.000166869 0.975768 0.0242317 0.971444 0.0285563 0.897638 0.102362
-0.502655 0.879646 0.0459783 0.954022 0.183298 0.816702 0.999586 0.000413535 0.965538 0.0344617 0.954435 0.0455648 0.851164 0.148836
-0.376991 0.879646 0.0702704 0.92973 0.25781 0.74219 0.999104 0.000896068 0.956254 0.0437459 0.930626 0.0693743 0.785936 0.214064
-0.251327 0.879646 0.0991614 0.900839 0.338047 0.661953 0.99833 0.00167002 0.953985 0.0460147 0.902509 0.0974914 0.707968 0.292032
-0.125664 0.879646 0.125496 0.874504 0.400868 0.599132 0.997358 0.0026415 0.962127 0.0378732 0.877146 0.122854 0.637006 0.362994
0 0.879646 0.14039 0.85961 0.425354 0.574646 0.996461 0.00353922 0.977515 0.0224847 0.863149 0.136851 0.59713 0.40287
0.125664 0.879646 0.139008 0.860992 0.401139 0.598861 0.995924 0.0040759 0.994446 0.00555448 0.604416 0.395584 0.865068 0.134932
0.251327 0.879646 0.12334 0.87666 0.330495 0.669505 0.995856 0.00414441 0.994399 0.00560111 0.675106 0.324894 0.880804 0.119196
0.376991 0.879646 0.100029 0.899971 0.235604 0.764396 0.996166 0.0038341 0.929838 0.0701625 0.834558 0.165442 0.903805 0.0961952
0.502655 0.879646 0.0759931 0.924007 0.151023 0.848977 0.996687 0.00331263 0.927117 0.0728831 0.92186 0.0781397 0.92732 0.0726805
0.628319 0.879646 0.0554476 0.944552 0.093953 0.906047 0.997275 0.00272537 0.953426 0.0465742 0.952621 0.0473787 0.947278 0.0527222
0.753982 0.879646 0.0396694 0.960331 0.0601443 0.939856 0.997838 0.00216232 0.972697 0.027303 0.967159 0.0328413 0.962493 0.0375071
0.879646 0.879646 0.0282307 0.971769 0.0405038 0.959496 0.998334 0.00166597 0.983913 0.0160873 0.975584 0.0244165 0.973435 0.0265647
1.00531 0.879646 0.0201522 0.979848 0.0287012 0.971299 0.998751 0.00124925 0.990228 0.009772 0.981071 0.0189292 0.981097 0.018903
1.13097 0.879646 0.0144878 0.985512 0.0212381 0.978762 0.99909 0.00091002 0.99385 0.00615034 0.984912 0.0150878 0.986422 0.0135778
1.25664 0.879646 0.0105027 0.989497 0.0162689 0.983731 0.99936 0.000640064 0.995996 0.00400408 0.990137 0.00986266 0.987735 0.0122648
1.3823 0.879646 0.00767518 0.992325 0.0128029 0.987197 0.99957 0.00042966 0.997314 0.00268648 0.992754 0.00724552 0.989884 0.0101165
1.50796 0.879646 0.00564836 0.994352 0.0102875 0.989713 0.99973 0.000269691 0.99815 0.00184992 0.994621 0.00537867 0.991562 0.00843755
1.63363 0.879646 0.00418135 0.995819 0.0083999 0.9916 0.999848 0.000152409 0.998698 0.00130216 0.995971 0.00402894 0.992902 0.00709774
1.75929 0.879646 0.00311158 0.996888 0.00694357 0.993056 0.999928 7.15848e-05 0.999067 0.000933372 0.99696 0.00304 0.99399 0.0060102
1.88496 0.879646 0.00232862 0.997671 0.00579367 0.994206 0.999978 2.24048e-05 0.999321 0.000678747 0.997694 0.00230622 0.994885 0.00511493
2.01062 0.879646 0.00175681 0.998243 0.00486802 0.995132 0.999999 1.27884e-06 0.999501 0.000498861 0.998244 0.00175553 0.995631 0.00436915
2.13628 0.879646 0.00134382 0.998656 0.00411072 0.995889 0.999994 5.64469e-06 0.999631 0.000369056 0.998662 0.00133817 0.996258 0.00374167
2.26195 0.879646 0.0010532 0.998947 0.0034827 0.996517 0.999966 3.37833e-05 0.999726 0.000273505 0.998981 0.00101941 0.996791 0.0032092
2.38761 0.879646 0.000859453 0.999141 0.00295591 0.997044 0.999915 8.46367e-05 0.999798 0.000201809 0.999225 0.000774817 0.997246 0.0027541
2.51327 0.879646 0.000744843 0.999255 0.00250979 0.99749 0.999842 0.000157568 0.999853 0.000146983 0.999413 0.000587275 0.997637 0.0023628
2.63894 0.879646 0.000697208 0.999303 0.00212897 0.997871 0.999896 0.000104224 0.999748 0.000251855 0.999555 0.000445353 0.997975 0.00202475
2.7646 0.879646 0.000708573 0.999291 0.00180183 0.998198 0.99993 7.01233e-05 0.999635 0.000364976 0.999656 0.000343596 0.998268 0.00173171
2.89027 0.879646 0.000774218 0.999226 0.00151941 0.998481 0.999958 4.2109e-05 0.999517 0.000483164 0.999709 0.000291055 0.998523 0.0014773
3.01593 0.879646 0.000892111 0.999108 0.00127478 0.998725 0.999982 1.80022e-05 0.999548 0.000452146 0.99956 0.000439965 0.998743 0.00125678
-3.14159 1.00531 0.00106259 0.998937 0.00106259 0.998937 1 7.55101e-29 1 1.64727e-28 0.998937 0.00106259 0.998937 0.00106259
-3.01593 1.00531 0.000884016 0.999116 0.00128287 0.998717 0.999994 5.68277e-06 0.999414 0.000586427 0.999702 0.000297589 0.998723 0.00127719
-2.89027 1.00531 0.000728878 0.999271 0.00156495 0.998435 0.999999 1.17617e-06 0.999322 0.000677552 0.999949 5.13257e-05 0.998436 0.00156377
-2.7646 1.00531 0.000594966 0.999405 0.00191643 0.998084 0.999999 9.1095e-07 0.999423 0.000577246 0.999982 1.77199e-05 0.998084 0.00191552
-2.63894 1.00531 0.00048086 0.999519 0.00234819 0.997652 0.999989 1.08688e-05 0.999524 0.000476451 0.999996 4.40852e-06 0.997663 0.00233732
-2.51327 1.00531 0.000385963 0.999614 0.00287512 0.997125 0.999966 3.41813e-05 0.999614 0.000385945 1 1.82845e-08 0.997159 0.00284093
-2.38761 1.00531 0.000310653 0.999689 0.00351739 0.996483 0.999926 7.39229e-05 0.999693 0.000307039 0.999996 3.61393e-06 0.996557 0.00344346
-2.26195 1.00531 0.000256569 0.999743 0.00430224 0.995698 0.999866 0.000134158 0.999761 0.000239488 0.999983 1.70806e-05 0.995832 0.00416808
-2.13628 1.00531 0.000227113 0.999773 0.00526666 0.994733 0.999817 0.00018268 0.999779 0.000220709 0.999956 4.4433e-05 0.994954 0.00504595
-2.01062 1.00531 0.000228312 0.999772 0.00646134 0.993539 0.999864 0.00013591 0.999658 0.000342091 0.999908 9.24023e-05 0.993881 0.00611925
-1.88496 1.00531 0.000270251 0.99973 0.00795671 0.992043 0.999902 9.84375e-05 0.999489 0.00051087 0.999828 0.000171814 0.992554 0.00744584
-1.75929 1.00531 0.000369494 0.999631 0.00985228 0.990148 0.999931 6.94798e-05 0.999254 0.000745797 0.9997 0.000300014 0.990894 0.00910648
-1.63363 1.00531 0.000553216 0.999447 0.0122913 0.987709 0.999952 4.81923e-05 0.998925 0.00107523 0.999495 0.000505024 0.988784 0.011216
-1.50796 1.00531 0.000866355 0.999134 0.0154841 0.984516 0.999966 3.36742e-05 0.998457 0.00154274 0.999167 0.00083268 0.986059 0.0139414
-1.3823 1.00531 0.00138414 0.998616 0.0197472 0.980253 0.999975 2.50685e-05 0.997784 0.00221642 0.998641 0.00135907 0.982469 0.0175308
-1.25664 1.00531 0.00223428 0.997766 0.0255669 0.974433 0.999978 2.19105e-05 0.996796 0.0032043 0.997788 0.00221237 0.977637 0.0223626
-1.13097 1.00531 0.00363634 0.996364 0.0337076 0.966292 0.999975 2.505e-05 0.99532 0.00467968 0.996389 0.00361129 0.970972 0.0290279
-1.00531 1.00531 0.00597043 0.99403 0.0453908 0.954609 0.999961 3.88031e-05 0.99308 0.00691996 0.994068 0.00593163 0.961529 0.0384708
-0.879646 1.00531 0.00989069 0.990109 0.062575 0.937425 0.999925 7.54735e-05 0.989644 0.0103558 0.990185 0.00981522 0.947781 0.0522192
-0.753982 1.00531 0.0164863 0.983514 0.0883137 0.911686 0.999836 0.000163676 0.98441 0.0155901 0.983677 0.0163226 0.927276 0.0727235
-0.628319 1.00531 0.0274148 0.972585 0.126896 0.873104 0.99964 0.000360262 0.976779 0.0232211 0.972945 0.0270545 0.896325 0.103675
-0.502655 1.00531 0.0446901 0.95531 0.182665 0.817335 0.999242 0.000757564 0.966941 0.0330595 0.956067 0.0439326 0.850395 0.149605
-0.376991 1.00531 0.069437 0.930563 0.25546 0.74454 0.998541 0.00145913 0.957474 0.0425259 0.932022 0.0679779 0.787066 0.212934
-0.251327 1.00531 0.0993232 0.900677 0.333735 0.666265 0.997511 0.00248887 0.953664 0.0463355 0.903166 0.0968343 0.7126 0.2874
-0.125664 1.00531 0.126949 0.873051 0.395281 0.604719 0.996329 0.00367073 0.95914 0.0408602 0.876721 0.123279 0.645579 0.354421
0 1.00531 0.142969 0.857031 0.419373 0.580627 0.995352 0.00464838 0.97217 0.0278302 0.861679 0.138321 0.608457 0.391543
0.125664 1.00531 0.14225 0.85775 0.39514 0.60486 0.994882 0.00511782 0.989103 0.0108968 0.615757 0.384243 0.862867 0.137133
0.251327 1.00531 0.126766 0.873234 0.324469 0.675531 0.994975 0.00502538 0.99878 0.00122049 0.676751 0.323249 0.878259 0.121741
0.376991 1.00531 0.103275 0.896725 0.229736 0.770264 0.995472 0.00452782 0.923755 0.0762451 0.846509 0.153491 0.901252 0.0987475
0.502655 1.00531 0.0788395 0.921161 0.145897 0.854103 0.996164 0.00383581 0.921413 0.0785872 0.93269 0.0673102 0.924996 0.0750037
0.628319 1.00531 0.0578106 0.942189 0.089947 0.910053 0.996889 0.00311077 0.951317 0.0486831 0.958736 0.0412639 0.9453 0.0546999
0.753982 1.00531 0.0415637 0.958436 0.0571917 0.942808 0.997557 0.00244313 0.971943 0.0280574 0.970866 0.0291343 0.960879 0.0391206
0.879646 1.00531 0.0297203 0.97028 0.038362 0.961638 0.99813 0.00186979 0.983639 0.0163608 0.977999 0.0220012 0.972149 0.0278505
1.00531 1.00531 0.021314 0.978686 0.0271402 0.97286 0.998603 0.00139704 0.99013 0.0098703 0.98273 0.0172699 0.980083 0.019917
1.13097 1.00531 0.0153926 0.984607 0.0200862 0.979914 0.998983 0.0010171 0.993816 0.00618378 0.986098 0.0139025 0.985624 0.0143755
1.25664 1.00531 0.0112088 0.988791 0.0154072 0.984593 0.999283 0.000717351 0.995986 0.00401424 0.988607 0.011393 0.989509 0.0104915
1.3823 1.00531 0.00822817 0.991772 0.0121502 0.98785 0.999515 0.000484914 0.997311 0.00268945 0.992257 0.00774326 0.990539 0.00946074
1.50796 1.00531 0.00608299 0.993917 0.00978778 0.990212 0.999692 0.000308418 0.998148 0.00185187 0.994225 0.00577457 0.992064 0.00793591
1.63363 1.00531 0.0045239 0.995476 0.00801432 0.991986 0.999821 0.000178533 0.998695 0.00130529 0.995655 0.00434537 0.993291 0.00670903
1.75929 1.00531 0.00338191 0.996618 0.0066445 0.993356 0.999912 8.79239e-05 0.999062 0.000938283 0.996706 0.00329399 0.994294 0.00570622
1.88496 1.00531 0.00254182 0.997458 0.00556116 0.994439 0.999969 3.09936e-05 0.999315 0.000685384 0.997489 0.00251082 0.995124 0.00487578
2.01062 1.00531 0.0019244 0.998076 0.00468743 0.995313 0.999996 3.59807e-06 0.999493 0.000506937 0.998079 0.00192081 0.99582 0.00418049
2.13628 1.00531 0.00147472 0.998525 0.00397114 0.996029 0.999997 2.77562e-06 0.999622 0.000378209 0.998528 0.00147194 0.996407 0.00359293
2.26195 1.00531 0.00115434 0.998846 0.00337583 0.996624 0.999973 2.65107e-05 0.999717 0.000283364 0.998872 0.00112783 0.996908 0.00309246
2.38761 1.00531 0.000936318 0.999064 0.00287536 0.997125 0.999926 7.35098e-05 0.999788 0.000212005 0.999137 0.000862808 0.997337 0.00266335
2.51327 1.00531 0.000801791 0.999198 0.00245056 0.997549 0.999857 0.000142918 0.999843 0.000157136 0.999341 0.000658873 0.997707 0.00229342
2.63894 1.00531 0.000737772 0.999262 0.00208709 0.997913 0.999886 0.000113913 0.999766 0.000233735 0.999496 0.000504037 0.998027 0.00197318
2.7646 1.00531 0.000735658 0.999264 0.00177406 0.998226 0.999921 7.88281e-05 0.999657 0.000342907 0.999607 0.000392751 0.998305 0.00169524
2.89027 1.00531 0.000790261 0.99921 0.00150308 0.998497 0.999951 4.90844e-05 0.999545 0.000455136 0.999665 0.000335125 0.998546 0.001454
3.01593 1.00531 0.000899205 0.999101 0.00126762 0.998732 0.999978 2.19935e-05 0.999581 0.000419371 0.99952 0.000479834 0.998754 0.00124563
-3.14159 1.13097 0.00106259 0.998937 0.00106259 0.998937 1 7.5501e-29 1 9.59733e-29 0.998937 0.00106259 0.998937 0.00106259
-3.01593 1.13097 0.000890129 0.99911 0.00127669 0.998723 0.999992 8.01055e-06 0.99946 0.000540443 0.99965 0.000349686 0.998731 0.00126868
-2.89027 1.13097 0.000739418 0.999261 0.00155414 0.998446 0.999997 2.54108e-06 0.999339 0.000661287 0.999922 7.81309e-05 0.998448 0.0015516
-2.7646 1.13097 0.000608256 0.999392 0.00190255 0.998097 1 2.06795e-07 0.999426 0.000574266 0.999966 3.39897e-05 0.998098 0.00190234
-2.63894 1.13097 0.000495134 0.999505 0.00233284 0.997667 0.999992 7.99635e-06 0.999519 0.000480967 0.999986 1.41677e-05 0.997675 0.00232484
-2.51327 1.13097 0.00039927 0.999601 0.00286007 0.99714 0.999971 2.93147e-05 0.999604 0.000395706 0.999996 3.56361e-06 0.997169 0.00283075
-2.38761 1.13097 0.000320729 0.999679 0.00350468 0.996495 0.999933 6.72849e-05 0.999679 0.000320728 1 1.10844e-09 0.996563 0.00343739
-2.26195 1.13097 0.000260681 0.999739 0.00429431 0.995706 0.999874 0.000125925 0.999744 0.000256149 0.999995 4.53267e-06 0.995832 0.00416838
-2.13628 1.13097 0.000221858 0.999778 0.0052665 0.994734 0.999798 0.000201546 0.999789 0.000210945 0.99998 2.03121e-05 0.994944 0.00505555
-2.01062 1.13097 0.000209334 0.999791 0.00647272 0.993527 0.999844 0.000156339 0.999669 0.00033067 0.999947 5.29953e-05 0.993858 0.00614205
-1.88496 1.13097 0.000231865 0.999768 0.00798449 0.992016 0.99988 0.000119902 0.999503 0.000497355 0.999888 0.000111963 0.992513 0.00748714
-1.75929 1.13097 0.000304163 0.999696 0.00990274 0.990097 0.999908 9.15979e-05 0.999271 0.00072923 0.999787 0.000212565 0.990826 0.00917351
-1.63363 1.13097 0.000450829 0.999549 0.0123726 0.987627 0.999929 7.08169e-05 0.998946 0.00105377 0.99962 0.000380012 0.988681 0.0113188
-1.50796 1.13097 0.000713253 0.999287 0.0156067 0.984393 0.999943 5.70713e-05 0.998487 0.00151303 0.999344 0.000656181 0.985906 0.0140937
-1.3823 1.13097 0.00116185 0.998838 0.0199243 0.980076 0.99995 5.02583e-05 0.997828 0.00217234 0.998888 0.00111159 0.982248 0.0177519
-1.25664 1.13097 0.00191804 0.998082 0.0258137 0.974186 0.999949 5.1299e-05 0.996865 0.00313483 0.998133 0.00186674 0.977321 0.0226789
-1.13097 1.13097 0.00319391 0.996806 0.0340389 0.965961 0.999936 6.3583e-05 0.995435 0.00456482 0.99687 0.00313033 0.970526 0.029474
-1.00531 1.13097 0.00536266 0.994637 0.0458116 0.954188 0.999904 9.60215e-05 0.993276 0.00672359 0.994733 0.00526664 0.960912 0.039088
-0.879646 1.13097 0.00907806 0.990922 0.0630564 0.936944 0.999831 0.000169003 0.989986 0.0100144 0.991091 0.00890906 0.946958 0.053042
-0.753982 1.13097 0.015451 0.984549 0.088735 0.911265 0.999675 0.000324528 0.984999 0.0150014 0.984874 0.0151264 0.926266 0.0737336
-0.628319 1.13097 0.0262144 0.973786 0.126937 0.873063 0.999361 0.000638865 0.977738 0.0222616 0.974424 0.0255755 0.895325 0.104675
-0.502655 1.13097 0.0435506 0.956449 0.181696 0.818304 0.998775 0.00122466 0.968275 0.0317254 0.957674 0.042326 0.850029 0.149971
-0.376991 1.13097 0.0688212 0.931179 0.252705 0.747295 0.997813 0.00218734 0.958695 0.0413051 0.933366 0.0666338 0.7886 0.2114
-0.251327 1.13097 0.0997931 0.900207 0.328937 0.671063 0.996497 0.00350295 0.95356 0.0464397 0.90371 0.0962902 0.717503 0.282497
-0.125664 1.13097 0.12878 0.87122 0.38909 0.61091 0.995106 0.00489435 0.95652 0.0434804 0.876115 0.123885 0.65439 0.34561
0 1.13097 0.145925 0.854075 0.412677 0.587323 0.994081 0.00591862 0.96684 0.0331598 0.859994 0.140006 0.620483 0.379517
0.125664 1.13097 0.145806 0.854194 0.388373 0.611627 0.993726 0.0062737 0.982194 0.017806 0.629433 0.370567 0.860468 0.139532
0.251327 1.13097 0.130416 0.869584 0.317739 0.682261 0.994022 0.00597834 0.999743 0.000256536 0.682517 0.317483 0.875563 0.124437
0.376991 1.13097 0.106662 0.893338 0.223369 0.776631 0.994736 0.00526391 0.914246 0.085754 0.862385 0.137615 0.898602 0.101398
0.502655 1.13097 0.0817669 0.918233 0.140508 0.859492 0.995617 0.00438289 0.915188 0.0848122 0.944304 0.0556963 0.922616 0.0773841
0.628319 1.13097 0.0602191 0.939781 0.0858276 0.914172 0.996491 0.00350933 0.949302 0.0506979 0.96487 0.0351298 0.94329 0.0567098
0.753982 1.13097 0.0434843 0.956516 0.054193 0.945807 0.997269 0.00273111 0.971278 0.0287218 0.974529 0.0254712 0.959247 0.0407532
0.879646 1.13097 0.0312267 0.968773 0.0361996 0.9638 0.997922 0.00207753 0.983419 0.016581 0.980381 0.0196186 0.970851 0.0291492
1.00531 1.13097 0.022488 0.977512 0.0255673 0.974433 0.998453 0.0015471 0.990062 0.00993842 0.984371 0.0156289 0.979059 0.0209409
1.13097 1.13097 0.0163073 0.983693 0.0189255 0.981075 0.998874 0.00112562 0.9938 0.00619985 0.987274 0.0127256 0.984818 0.0151817
1.25664 1.13097 0.0119236 0.988076 0.0145376 0.985462 0.999204 0.000795727 0.995986 0.0040141 0.989477 0.0105235 0.988872 0.0111279
1.3823 1.13097 0.0087891 0.991211 0.0114899 0.98851 0.999459 0.000541144 0.997314 0.00268612 0.991196 0.00880378 0.991752 0.00824796
1.50796 1.13097 0.00652498 0.993475 0.00928084 0.990719 0.999652 0.00034812 0.99815 0.00184988 0.993823 0.00617686 0.992569 0.00743097
1.63363 1.13097 0.00487331 0.995127 0.00762184 0.992378 0.999794 0.000205675 0.998694 0.00130592 0.995332 0.00466763 0.993684 0.00631592
1.75929 1.13097 0.00365861 0.996341 0.00633892 0.993661 0.999895 0.000105324 0.999058 0.000941597 0.996447 0.00355328 0.994603 0.00539732
1.88496 1.13097 0.00276088 0.997239 0.00532261 0.994677 0.999959 4.06678e-05 0.999309 0.000691023 0.99728 0.00272021 0.995368 0.00463158
2.01062 1.13097 0.00209736 0.997903 0.0045013 0.995499 0.999993 6.99526e-06 0.999486 0.000514428 0.99791 0.00209037 0.996013 0.00398688
2.13628 1.13097 0.00161046 0.99839 0.00382654 0.996173 0.999999 9.38066e-07 0.999613 0.000387081 0.99839 0.00160952 0.996561 0.00343946
2.26195 1.13097 0.0012598 0.99874 0.0032645 0.996736 0.99998 2.01803e-05 0.999707 0.000293178 0.99876 0.00123962 0.997029 0.00297132
2.38761 1.13097 0.00101695 0.998983 0.00279092 0.997209 0.999937 6.31917e-05 0.999778 0.000222349 0.999046 0.000953757 0.997431 0.00256857
2.51327 1.13097 0.000861947 0.999138 0.00238803 0.997612 0.999871 0.0001289 0.999832 0.000167604 0.999267 0.000733047 0.99778 0.00222043
2.63894 1.13097 0.000780968 0.999219 0.00204252 0.997957 0.999876 0.000124059 0.999784 0.000216039 0.999435 0.000564928 0.998082 0.00191846
2.7646 1.13097 0.000764773 0.999235 0.00174423 0.998256 0.999912 8.80947e-05 0.999679 0.000321067 0.999556 0.000443706 0.998344 0.00165614
2.89027 1.13097 0.000807701 0.999192 0.00148534 0.998515 0.999943 5.66474e-05 0.999573 0.000427454 0.99962 0.000380247 0.998571 0.0014287
3.01593 1.13097 0.000907023 0.999093 0.00125973 0.99874 0.999974 2.64033e-05 0.999611 0.000389391 0.999482 0.000517632 0.998767 0.00123333
-3.14159 1.25664 0.00106259 0.998937 0.00106259 0.998937 1 7.54904e-29 1 3.83936e-29 0.998937 0.00106259 0.998937 0.00106259
-3.01593 1.25664 0.000897002 0.999103 0.00126975 0.99873 0.999989 1.07486e-05 0.999501 0.000499372 0.999602 0.00039763 0.998741 0.001259
-2.89027 1.25664 0.000751556 0.999248 0.00154172 0.998458 0.999996 4.43643e-06 0.999358 0.000641995 0.99989 0.000109561 0.998463 0.00153728
-2.7646 1.25664 0.000624073 0.999376 0.00188608 0.998114 1 2.26389e-09 0.999431 0.00056874 0.999945 5.53325e-05 0.998114 0.00188608
-2.63894 1.25664 0.00051298 0.999487 0.0023138 0.997686 0.999994 5.55065e-06 0.999516 0.000483526 0.999971 2.94538e-05 0.997692 0.00230825
-2.51327 1.25664 0.000417333 0.999583 0.00284006 0.99716 0.999975 2.47899e-05 0.999596 0.00040405 0.999987 1.32827e-05 0.997185 0.00281527
-2.38761 1.25664 0.00033692 0.999663 0.00348552 0.996514 0.999939 6.09002e-05 0.999666 0.000333526 0.999997 3.39453e-06 0.996575 0.00342462
-2.26195 1.25664 0.000272485 0.999728 0.00427814 0.995722 0.999882 0.000117855 0.999728 0.000272472 1 1.3025e-08 0.99584 0.00416029
-2.13628 1.25664 0.000226137 0.999774 0.00525596 0.994744 0.999779 0.000220689 0.999799 0.000201251 0.999995 5.44807e-06 0.994945 0.00505471
-2.01062 1.25664 0.00020207 0.999798 0.0064711 0.993529 0.999822 0.000177764 0.999681 0.000319219 0.999976 2.43064e-05 0.993848 0.00615188
-1.88496 1.25664 0.000207795 0.999792 0.00799599 0.992004 0.999857 0.000143238 0.999516 0.000483699 0.999935 6.45574e-05 0.992488 0.00751229
-1.75929 1.25664 0.000256281 0.999744 0.00993276 0.990067 0.999883 0.000116697 0.999288 0.000712405 0.99986 0.000139583 0.99078 0.00922036
-1.63363 1.25664 0.000369697 0.99963 0.012428 0.987572 0.999902 9.78787e-05 0.998968 0.00103194 0.999728 0.000271818 0.988604 0.0113961
-1.50796 1.25664 0.000586059 0.999414 0.0156965 0.984304 0.999913 8.68795e-05 0.998517 0.00148284 0.999501 0.00049918 0.985786 0.0142137
-1.3823 1.25664 0.000971191 0.999029 0.0200589 0.979941 0.999915 8.462e-05 0.997872 0.00212779 0.999113 0.000886571 0.982069 0.0179312
-1.25664 1.25664 0.00164051 0.998359 0.026005 0.973995 0.999906 9.38372e-05 0.996935 0.00306517 0.998453 0.00154667 0.97706 0.0229399
-1.13097 1.25664 0.00279893 0.997201 0.0342963 0.965704 0.999879 0.000121157 0.995549 0.00445078 0.997322 0.00267778 0.970155 0.0298455
-1.00531 1.25664 0.00481317 0.995187 0.0461323 0.953868 0.999819 0.000181219 0.993469 0.00653078 0.995368 0.00463195 0.960398 0.0396016
-0.879646 1.25664 0.00833727 0.991663 0.0634004 0.9366 0.999696 0.000304285 0.990317 0.00968305 0.991967 0.00803299 0.946283 0.0537173
-0.753982 1.25664 0.0145052 0.985495 0.0889677 0.911032 0.999452 0.000548329 0.985564 0.0144365 0.986043 0.0139569 0.925469 0.0745313
-0.628319 1.25664 0.0251294 0.974871 0.126726 0.873274 0.998988 0.00101192 0.978652 0.0213484 0.975882 0.0241175 0.894623 0.105377
-0.502655 1.25664 0.04257 0.95743 0.180411 0.819589 0.998171 0.00182859 0.969549 0.0304514 0.959259 0.0407414 0.85004 0.14996
-0.376991 1.25664 0.068437 0.931563 0.249578 0.750422 0.996902 0.00309819 0.959919 0.0400807 0.934661 0.0653388 0.790503 0.209497
-0.251327 1.25664 0.100589 0.899411 0.32369 0.67631 0.995271 0.00472921 0.95366 0.0463401 0.90414 0.0958597 0.72265 0.27735
-0.125664 1.25664 0.131003 0.868997 0.382337 0.617663 0.993677 0.00632346 0.954286 0.0457137 0.87532 0.12468 0.663377 0.336623
0 1.25664 0.149269 0.850731 0.405301 0.594699 0.992646 0.00735372 0.961705 0.0382955 0.858085 0.141915 0.632995 0.367005
0.125664 1.25664 0.14968 0.85032 0.38087 0.61913 0.992457 0.00754274 0.974144 0.0258557 0.644986 0.355014 0.857863 0.142137
0.251327 1.25664 0.134289 0.865711 0.31034 0.68966 0.992999 0.00700103 0.994064 0.00593591 0.695596 0.304404 0.872712 0.127288
0.376991 1.25664 0.110188 0.889812 0.216546 0.783454 0.99396 0.00604015 0.897356 0.102644 0.886099 0.113901 0.895852 0.104148
0.502655 1.25664 0.0847735 0.915226 0.134897 0.865103 0.995048 0.00495211 0.908711 0.0912891 0.956392 0.043608 0.920179 0.0798214
0.628319 1.25664 0.0626702 0.93733 0.0816258 0.918374 0.99608 0.00391973 0.94748 0.0525204 0.970895 0.0291054 0.94125 0.0587504
0.753982 1.25664 0.045428 0.954572 0.051169 0.948831 0.996975 0.00302526 0.970734 0.0292659 0.978097 0.0219031 0.957597 0.0424028
0.879646 1.25664 0.0327468 0.967253 0.0340302 0.96597 0.997712 0.00228845 0.983263 0.0167371 0.982707 0.0172931 0.969542 0.0304583
1.00531 1.25664 0.0236713 0.976329 0.0239917 0.976008 0.998301 0.00169882 0.990028 0.00997201 0.98598 0.0140197 0.978027 0.0219725
1.13097 1.25664 0.0172295 0.982771 0.0177621 0.982238 0.998765 0.00123511 0.993803 0.00619656 0.988434 0.0115655 0.984006 0.0159943
1.25664 1.25664 0.0126451 0.987355 0.0136645 0.986335 0.999125 0.000874817 0.995997 0.00400265 0.990338 0.00966188 0.98823 0.0117702
1.3823 1.25664 0.00935627 0.990644 0.0108253 0.989175 0.999402 0.000598045 0.997324 0.00267594 0.991851 0.00814938 0.991242 0.00875822
1.50796 1.25664 0.00697295 0.993027 0.00876909 0.991231 0.999611 0.00038855 0.998156 0.00184361 0.993075 0.00692548 0.993416 0.0065844
1.63363 1.25664 0.00522843 0.994772 0.00722428 0.992776 0.999766 0.000233635 0.998696 0.00130383 0.995005 0.0049948 0.99408 0.00592045
1.75929 1.25664 0.00394074 0.996059 0.00602822 0.993972 0.999876 0.000123629 0.999057 0.00094317 0.996183 0.00381711 0.994915 0.00508505
1.88496 1.25664 0.00298505 0.997015 0.00507907 0.994921 0.999949 5.13088e-05 0.999304 0.000695562 0.997066 0.00293374 0.995616 0.00438351
2.01062 1.25664 0.00227507 0.997725 0.00431045 0.99569 0.999989 1.13864e-05 0.999479 0.000521262 0.997736 0.00226368 0.996211 0.00378919
2.13628 1.25664 0.00175056 0.998249 0.00367756 0.996322 1 8.07531e-08 0.999604 0.00039562 0.99825 0.00175048 0.996718 0.00328194
2.26195 1.25664 0.00136918 0.998631 0.00314918 0.996851 0.999985 1.4773e-05 0.999697 0.000302911 0.998646 0.00135441 0.997154 0.00284627
2.38761 1.25664 0.00110105 0.998899 0.00270295 0.997297 0.999946 5.36956e-05 0.999767 0.000232821 0.998953 0.00104736 0.99753 0.00247013
2.51327 1.25664 0.000925089 0.999075 0.00232247 0.997678 0.999884 0.000115562 0.999822 0.000178378 0.99919 0.000809527 0.997856 0.00214409
2.63894 1.25664 0.000826633 0.999173 0.00199543 0.998005 0.999865 0.000134665 0.999801 0.000198855 0.999372 0.000627777 0.998139 0.00186077
2.7646 1.25664 0.000795808 0.999204 0.00171245 0.998288 0.999902 9.79351e-05 0.9997 0.000299599 0.999504 0.00049621 0.998385 0.00161452
2.89027 1.25664 0.000826472 0.999174 0.00146626 0.998534 0.999935 6.48147e-05 0.9996 0.000400325 0.999574 0.000426147 0.998599 0.00140145
3.01593 1.25664 0.000915536 0.999084 0.00125115 0.998749 0.999969 3.12393e-05 0.999638 0.000361797 0.999446 0.000553739 0.99878 0.00121991
-3.14159 1.3823 0.00106259 0.998937 0.00106259 0.998937 1 7.5516e-29 1 1.37825e-30 0.998937 0.00106259 0.998937 0.00106259
-3.01593 1.3823 0.000904609 0.999095 0.00126206 0.998738 0.999986 1.39033e-05 0.999537 0.000462502 0.999558 0.000442107 0.998752 0.00124816
-2.89027 1.3823 0.000765245 0.999235 0.00152773 0.998472 0.999993 6.87225e-06 0.99938 0.000620222 0.999855 0.000145023 0.998479 0.00152085
-2.7646 1.3823 0.000642358 0.999358 0.0018671 0.998133 1 3.05695e-07 0.999439 0.000560809 0.999918 8.15489e-05 0.998133 0.00186679
-2.63894 1.3823 0.000534333 0.999466 0.00229116 0.997709 0.999996 3.53833e-06 0.999516 0.000484128 0.99995 5.02057e-05 0.997712 0.00228763
-2.51327 1.3823 0.000440093 0.99956 0.00281519 0.997185 0.999979 2.06122e-05 0.999589 0.000410902 0.999971 2.9191e-05 0.997205 0.00279458
-2.38761 1.3823 0.00035918 0.999641 0.00346 0.99654 0.999945 5.47736e-05 0.999655 0.000345313 0.999986 1.38671e-05 0.996595 0.00340523
-2.26195 1.3823 0.000291957 0.999708 0.00425384 0.995746 0.99989 0.000109952 0.999712 0.000288309 0.999996 3.64754e-06 0.995856 0.00414389
-2.13628 1.3823 0.000239969 0.99976 0.00523512 0.994765 0.99976 0.000239947 0.999808 0.00019163 1 2.2223e-08 0.994957 0.00504349
-2.01062 1.3823 0.000206599 0.999793 0.00645654 0.993543 0.9998 0.000200019 0.999692 0.000307742 0.999993 6.57952e-06 0.993851 0.0061488
-1.88496 1.3823 0.000198205 0.999802 0.00799125 0.992009 0.999832 0.000168292 0.99953 0.000469913 0.99997 2.99127e-05 0.992479 0.00752134
-1.75929 1.3823 0.000226132 0.999774 0.00994236 0.990058 0.999855 0.000144656 0.999305 0.000695338 0.999919 8.14761e-05 0.990753 0.00924702
-1.63363 1.3823 0.00031027 0.99969 0.0124577 0.987542 0.999871 0.000129315 0.99899 0.00100976 0.999819 0.000180955 0.988552 0.0114479
-1.50796 1.3823 0.000485461 0.999515 0.0157533 0.984247 0.999877 0.00012314 0.998548 0.00145222 0.999638 0.000362322 0.985699 0.0143011
-1.3823 1.3823 0.000813185 0.999187 0.0201511 0.979849 0.999872 0.000128369 0.997917 0.00208284 0.999315 0.000684816 0.981932 0.0180683
-1.25664 1.3823 0.00140316 0.998597 0.0261408 0.973859 0.99985 0.000150033 0.997005 0.00299543 0.998747 0.00125313 0.976855 0.0231454
-1.13097 1.3823 0.00245352 0.997546 0.0344799 0.96552 0.999801 0.00019878 0.995662 0.0043377 0.997745 0.00225474 0.969858 0.0301422
-1.00531 1.3823 0.00432497 0.995675 0.0463536 0.953646 0.999704 0.000296263 0.993658 0.00634159 0.995971 0.0040287 0.959988 0.040012
-0.879646 1.3823 0.00767254 0.992327 0.0636089 0.936391 0.999515 0.000484683 0.990639 0.00936148 0.992812 0.00718786 0.945753 0.0542474
-0.753982 1.3823 0.0136549 0.986345 0.0890167 0.910983 0.999159 0.000840988 0.986106 0.0138939 0.987186 0.0128139 0.924877 0.0751228
-0.628319 1.3823 0.0241681 0.975832 0.126273 0.873727 0.998511 0.00148932 0.979523 0.0204774 0.977321 0.0226788 0.894205 0.105795
-0.502655 1.3823 0.0417596 0.95824 0.178829 0.821171 0.997416 0.00258445 0.97077 0.0292304 0.960825 0.0391751 0.850401 0.149599
-0.376991 1.3823 0.0683002 0.9317 0.246109 0.753891 0.995789 0.0042108 0.961149 0.0388513 0.935911 0.0640894 0.792743 0.207257
-0.251327 1.3823 0.10173 0.89827 0.318036 0.681964 0.993814 0.00618579 0.953951 0.0460491 0.904456 0.0955443 0.728013 0.271987
-0.125664 1.3823 0.133638 0.866362 0.375064 0.624936 0.992031 0.00796931 0.952453 0.0475473 0.874331 0.125669 0.672484 0.327516
0 1.3823 0.153013 0.846987 0.397286 0.602714 0.991043 0.00895711 0.95692 0.0430795 0.855944 0.144056 0.645794 0.354206
0.125664 1.3823 0.153878 0.846122 0.372668 0.627332 0.991076 0.00892397 0.965523 0.0344765 0.661809 0.338191 0.855046 0.144954
0.251327 1.3823 0.138389 0.861611 0.302314 0.697686 0.991909 0.0080913 0.979887 0.0201131 0.717799 0.282201 0.869702 0.130298
0.376991 1.3823 0.113853 0.886147 0.209315 0.790685 0.993145 0.00685458 0.863338 0.136662 0.927346 0.0726538 0.893002 0.106998
0.502655 1.3823 0.087857 0.912143 0.129109 0.870891 0.994458 0.00554198 0.902524 0.0974756 0.968367 0.0316329 0.917685 0.0823151
0.628319 1.3823 0.0651609 0.934839 0.077374 0.922626 0.995659 0.00434085 0.945967 0.0540332 0.976659 0.0233408 0.93918 0.06082
0.753982 1.3823 0.0473917 0.952608 0.0481409 0.951859 0.996675 0.00332475 0.970342 0.0296576 0.981517 0.0184832 0.955933 0.044067
0.879646 1.3823 0.0342774 0.965723 0.0318675 0.968132 0.997498 0.0025019 0.983182 0.0168184 0.984951 0.0150491 0.968224 0.0317755
1.00531 1.3823 0.0248612 0.975139 0.0224227 0.977577 0.998148 0.0018517 0.990033 0.0099668 0.987544 0.0124559 0.97699 0.0230095
1.13097 1.3823 0.0181566 0.981843 0.0166025 0.983398 0.998655 0.00134517 0.993828 0.00617198 0.98957 0.0104305 0.983189 0.0168115
1.25664 1.3823 0.0133711 0.986629 0.0127925 0.987208 0.999046 0.000954291 0.996021 0.00397892 0.991186 0.00881357 0.987583 0.0124168
1.3823 1.3823 0.00992795 0.990072 0.0101597 0.98984 0.999345 0.000655347 0.997342 0.00265837 0.992499 0.00750136 0.990727 0.0092726
1.50796 1.3823 0.00742546 0.992575 0.00825494 0.991745 0.999571 0.000429488 0.998167 0.00183276 0.993578 0.00642219 0.993004 0.00699597
1.63363 1.3823 0.0055881 0.994412 0.00682348 0.993177 0.999738 0.000262233 0.998701 0.00129882 0.994475 0.00552466 0.994674 0.00532587
1.75929 1.3823 0.00422734 0.995773 0.00571382 0.994286 0.999857 0.000142692 0.999057 0.000942857 0.995915 0.00408465 0.995229 0.00477096
1.88496 1.3823 0.00321356 0.996786 0.00483163 0.995168 0.999937 6.2803e-05 0.999301 0.000698896 0.996849 0.00315076 0.995867 0.00413274
2.01062 1.3823 0.0024569 0.997543 0.0041157 0.995884 0.999983 1.66879e-05 0.999473 0.000527361 0.99756 0.00244021 0.996412 0.00358834
2.13628 1.3823 0.00189451 0.998105 0.00352483 0.996475 1 1.49361e-07 0.999596 0.000403768 0.998106 0.00189436 0.996879 0.00312107
2.26195 1.3823 0.0014821 0.998518 0.00303038 0.99697 0.99999 1.02636e-05 0.999687 0.000312522 0.998528 0.00147183 0.997282 0.00271786
2.38761 1.3823 0.00118831 0.998812 0.00261183 0.997388 0.999955 4.50264e-05 0.999757 0.000243395 0.998857 0.00114329 0.997632 0.00236844
2.51327 1.3823 0.000990981 0.999009 0.00225414 0.997746 0.999897 0.000102943 0.999811 0.000189448 0.999112 0.000888038 0.997935 0.0020647
2.63894 1.3823 0.000874595 0.999125 0.00194603 0.998054 0.999854 0.000145731 0.999818 0.000182258 0.999308 0.000692338 0.9982 0.0018003
2.7646 1.3823 0.000828645 0.999171 0.00167886 0.998321 0.999892 0.000108361 0.999721 0.000278622 0.99945 0.000550024 0.99843 0.0015705
2.89027 1.3823 0.000846501 0.999153 0.00144591 0.998554 0.999926 7.36043e-05 0.999626 0.000373908 0.999527 0.000472593 0.998628 0.00137231
3.01593 1.3823 0.00092471 0.999075 0.0012419 0.998758 0.999963 3.65101e-05 0.999664 0.000336259 0.999412 0.000588451 0.998795 0.00120539
-3.14159 1.50796 0.00106259 0.998937 0.00106259 0.998937 1 7.54903e-29 1 2.39624e-29 0.998937 0.00106259 0.998937 0.00106259
-3.01593 1.50796 0.00091292 0.999087 0.00125368 0.998746 0.999983 1.74819e-05 0.999571 0.000429164 0.999516 0.000483755 0.998764 0.00123619
-2.89027 1.50796 0.000780432 0.99922 0.00151223 0.998488 0.99999 9.86002e-06 0.999403 0.000596514 0.999816 0.000183918 0.998498 0.00150237
-2.7646 1.50796 0.000663043 0.999337 0.00184569 0.998154 0.999999 1.12688e-06 0.999449 0.000550654 0.999888 0.000112389 0.998155 0.00184456
-2.63894 1.50796 0.000559117 0.999441 0.00226503 0.997735 0.999998 1.9674e-06 0.999517 0.0004828 0.999924 7.63171e-05 0.997737 0.00226306
-2.51327 1.50796 0.00046747 0.999533 0.00278557 0.997214 0.999983 1.67884e-05 0.999584 0.000416206 0.999949 5.1264e-05 0.997231 0.00276878
-2.38761 1.50796 0.000387439 0.999613 0.00342825 0.996572 0.999951 4.89104e-05 0.999644 0.000355982 0.999969 3.14563e-05 0.996621 0.00337934
-2.26195 1.50796 0.000319048 0.999681 0.00422153 0.995778 0.999898 0.000102222 0.999696 0.000303517 0.999984 1.55305e-05 0.995881 0.00411931
-2.13628 1.50796 0.000263339 0.999737 0.00520412 0.994796 0.999818 0.000182088 0.999741 0.000259151 0.999996 4.18793e-06 0.994978 0.00502203
-2.01062 1.50796 0.000222957 0.999777 0.00642916 0.993571 0.999777 0.000222922 0.999704 0.000296246 1 3.45854e-08 0.993867 0.00613291
-1.88496 1.50796 0.000203209 0.999797 0.00797037 0.99203 0.999805 0.000194881 0.999544 0.000456003 0.999992 8.32841e-06 0.992486 0.00751437
-1.75929 1.50796 0.000213945 0.999786 0.00993161 0.990068 0.999825 0.000175307 0.999322 0.000678041 0.999961 3.86387e-05 0.990746 0.00925357
-1.63363 1.50796 0.000272941 0.999727 0.0124616 0.987538 0.999835 0.000165002 0.999013 0.000987242 0.999892 0.00010794 0.988526 0.0114743
-1.50796 1.50796 0.00041208 0.999588 0.0157772 0.984223 0.999834 0.00016581 0.998579 0.00142121 0.999754 0.00024627 0.985644 0.014356
-1.3823 1.50796 0.000688776 0.999311 0.0202009 0.979799 0.999818 0.000181613 0.997962 0.00203755 0.999493 0.000507163 0.981837 0.0181634
-1.25664 1.50796 0.0012074 0.998793 0.0262212 0.973779 0.99978 0.000220262 0.997074 0.0029257 0.999013 0.000987138 0.976705 0.0232955
-1.13097 1.50796 0.00215974 0.99784 0.0345901 0.96541 0.999703 0.000297303 0.995774 0.00422566 0.998138 0.00186244 0.969636 0.0303645
-1.00531 1.50796 0.00390106 0.996099 0.0464764 0.953524 0.999557 0.000442873 0.993844 0.00615602 0.996542 0.00345819 0.95968 0.0403204
-0.879646 1.50796 0.00708821 0.992912 0.0636845 0.936315 0.999287 0.000713486 0.990951 0.00904932 0.993625 0.00637472 0.945365 0.0546352
-0.753982 1.50796 0.0129062 0.987094 0.0888876 0.911112 0.998791 0.00120856 0.986628 0.0133722 0.988302 0.0116976 0.924485 0.0755154
-0.628319 1.50796 0.023339 0.976661 0.12559 0.87441 0.997918 0.00208163 0.980355 0.0196449 0.978743 0.0212574 0.894055 0.105945
-0.502655 1.50796 0.0411316 0.958868 0.176972 0.823028 0.996491 0.00350861 0.971943 0.0280565 0.962377 0.037623 0.851085 0.148915
-0.376991 1.50796 0.0684281 0.931572 0.242328 0.757672 0.994454 0.00554597 0.962384 0.0376159 0.937118 0.0628821 0.795288 0.204712
-0.251327 1.50796 0.103238 0.896762 0.312017 0.687983 0.992108 0.0078918 0.954421 0.0455786 0.904654 0.095346 0.733562 0.266438
-0.125664 1.50796 0.136705 0.863295 0.367319 0.632681 0.990157 0.00984296 0.951025 0.048975 0.873138 0.126862 0.681656 0.318344
0 1.50796 0.157171 0.842829 0.388678 0.611322 0.989268 0.0107316 0.95262 0.0473798 0.853561 0.146439 0.658701 0.341299
0.125664 1.50796 0.158407 0.841593 0.363814 0.636186 0.989584 0.0104161 0.956945 0.0430547 0.67924 0.32076 0.852009 0.147991
0.251327 1.50796 0.142717 0.857283 0.293717 0.706283 0.990753 0.00924702 0.959895 0.0401048 0.746388 0.253612 0.86653 0.13347
0.376991 1.50796 0.117656 0.882344 0.201736 0.798264 0.992295 0.00770543 0.812372 0.187628 0.985891 0.0141087 0.89005 0.10995
0.502655 1.50796 0.0910151 0.908985 0.123191 0.876809 0.993849 0.00615121 0.89745 0.10255 0.979359 0.0206412 0.915136 0.0848639
0.628319 1.50796 0.067688 0.932312 0.0731052 0.926895 0.995228 0.00477178 0.944891 0.0551092 0.982004 0.017996 0.937084 0.0629162
0.753982 1.50796 0.0493719 0.950628 0.0451297 0.95487 0.996371 0.00362889 0.970134 0.0298656 0.984736 0.0152642 0.954257 0.045743
0.879646 1.50796 0.0358154 0.964185 0.0297251 0.970275 0.997283 0.00271736 0.983185 0.0168146 0.987089 0.0129105 0.966902 0.033098
1.00531 1.50796 0.0260547 0.973945 0.0208691 0.979131 0.997995 0.00200533 0.990081 0.00991886 0.98905 0.0109503 0.975951 0.0240494
1.13097 1.50796 0.0190864 0.980914 0.0154528 0.984547 0.998545 0.00145546 0.993876 0.00612437 0.990672 0.0093284 0.982369 0.0176309
1.25664 1.50796 0.0140996 0.9859 0.0119259 0.988074 0.998966 0.00103387 0.996058 0.00394203 0.992016 0.00798388 0.986934 0.0130657
1.3823 1.50796 0.0105024 0.989498 0.00949639 0.990504 0.999287 0.000712818 0.997367 0.00263293 0.993137 0.00686346 0.99021 0.00978958
1.50796 1.50796 0.00788107 0.992119 0.00774084 0.992259 0.999529 0.000470735 0.998183 0.001817 0.994076 0.00592383 0.99259 0.00741033
1.63363 1.50796 0.00595112 0.994049 0.00642127 0.993579 0.999709 0.000291303 0.998709 0.00129067 0.994869 0.0051306 0.99434 0.00565982
1.75929 1.50796 0.00451745 0.995483 0.00539712 0.994603 0.999838 0.00016238 0.999059 0.000940513 0.995543 0.00445661 0.995645 0.00435507
1.88496 1.50796 0.00344561 0.996554 0.00458139 0.995419 0.999925 7.5042e-05 0.999299 0.000700917 0.996629 0.00337057 0.99612 0.00388047
2.01062 1.50796 0.00264221 0.997358 0.00391791 0.996082 0.999977 2.28177e-05 0.999467 0.000532643 0.997381 0.00261939 0.996615 0.00338527
2.13628 1.50796 0.00204179 0.997958 0.00336902 0.996631 0.999999 1.08767e-06 0.999589 0.000411463 0.997959 0.0020407 0.997042 0.00295756
2.26195 1.50796 0.00159813 0.998402 0.00290859 0.997091 0.999993 6.62214e-06 0.999678 0.000321967 0.998408 0.00159151 0.997413 0.00258662
2.38761 1.50796 0.00127842 0.998722 0.00251793 0.997482 0.999963 3.71817e-05 0.999746 0.000254042 0.998759 0.00124123 0.997736 0.00226389
2.51327 1.50796 0.00105938 0.998941 0.00218334 0.997817 0.999909 9.1068e-05 0.999799 0.000200798 0.999032 0.000968309 0.998017 0.00198254
2.63894 1.50796 0.000924674 0.999075 0.00189452 0.998105 0.999834 0.000166307 0.999843 0.000157258 0.999242 0.000758367 0.998263 0.00173726
2.7646 1.50796 0.000863158 0.999137 0.00164359 0.998356 0.999881 0.000119386 0.999742 0.000258234 0.999395 0.000604924 0.998476 0.0015242
2.89027 1.50796 0.000867712 0.999132 0.00142438 0.998576 0.999917 8.30358e-05 0.999652 0.000348325 0.999481 0.000519387 0.998659 0.00134134
3.01593 1.50796 0.000934509 0.999065 0.00123202 0.998768 0.999958 4.22251e-05 0.999687 0.000312515 0.999378 0.000621993 0.99881 0.00118979
-3.14159 1.63363 0.00106259 0.998937 0.00106259 0.998937 1 7.54971e-29 1 4.57308e-29 0.998937 0.00106259 0.998937 0.00106259
-3.01593 1.63363 0.000921902 0.999078 0.00124461 0.998755 0.999979 2.14923e-05 0.999601 0.000398798 0.999477 0.000523104 0.998777 0.00122312
-2.89027 1.63363 0.00079706 0.999203 0.00149528 0.998505 0.999987 1.34128e-05 0.999429 0.000571389 0.999774 0.000225671 0.998518 0.00148186
-2.7646 1.63363 0.000686051 0.999314 0.00182193 0.998178 0.999998 2.47708e-06 0.999462 0.000538486 0.999852 0.000147565 0.998181 0.00181945
-2.63894 1.63363 0.000587242 0.999413 0.0022355 0.997765 0.999999 8.47188e-07 0.99952 0.000479603 0.999892 0.000107639 0.997765 0.00223465
-2.51327 1.63363 0.000499372 0.999501 0.00275132 0.997249 0.999987 1.3326e-05 0.99958 0.000419935 0.999921 7.94369e-05 0.997262 0.00273799
-2.38761 1.63363 0.000421606 0.999578 0.00339041 0.99661 0.999957 4.3317e-05 0.999635 0.000365444 0.999944 5.61619e-05 0.996653 0.00334709
-2.26195 1.63363 0.000353682 0.999646 0.00418136 0.995819 0.999905 9.46681e-05 0.999682 0.00031796 0.999964 3.57213e-05 0.995913 0.00408669
-2.13628 1.63363 0.000296197 0.999704 0.00516312 0.994837 0.999827 0.000172628 0.999722 0.00027813 0.999982 1.80669e-05 0.99501 0.00499049
-2.01062 1.63363 0.000251143 0.999749 0.00638912 0.993611 0.999754 0.000246279 0.999715 0.000284734 0.999995 4.86407e-06 0.993896 0.00610439
-1.88496 1.63363 0.000222879 0.999777 0.00793353 0.992066 0.999777 0.000222797 0.999558 0.000441977 1 8.18152e-08 0.992508 0.00749156
-1.75929 1.63363 0.000219895 0.99978 0.00990071 0.990099 0.999792 0.000208442 0.999339 0.000660524 0.999989 1.14531e-05 0.99076 0.00924019
-1.63363 1.63363 0.000258037 0.999742 0.0124399 0.98756 0.999795 0.000204752 0.999036 0.000964414 0.999947 5.3285e-05 0.988524 0.0114755
-1.50796 1.63363 0.000366464 0.999634 0.0157685 0.984232 0.999785 0.000214761 0.99861 0.00138983 0.999848 0.000151703 0.985621 0.0143786
-1.3823 1.63363 0.000598835 0.999401 0.0202086 0.979791 0.999756 0.00024434 0.998008 0.00199196 0.999646 0.000354496 0.981783 0.0182166
-1.25664 1.63363 0.00105457 0.998945 0.0262466 0.973753 0.999695 0.000304741 0.997144 0.00285603 0.99925 0.00074983 0.976609 0.0233906
-1.13097 1.63363 0.00191963 0.99808 0.0346279 0.965372 0.999583 0.000417388 0.995885 0.0041147 0.998498 0.00150224 0.969487 0.0305132
-1.00531 1.63363 0.00354446 0.996456 0.0465026 0.953497 0.999377 0.000622557 0.994026 0.00597401 0.997078 0.00292191 0.959471 0.0405286
-0.879646 1.63363 0.0065887 0.993411 0.0636306 0.936369 0.999006 0.000993822 0.991254 0.00874615 0.994405 0.00559488 0.945115 0.0548845
-0.753982 1.63363 0.0122655 0.987734 0.0885873 0.911413 0.998343 0.00165717 0.98713 0.01287 0.989392 0.0106084 0.924283 0.0757173
-0.628319 1.63363 0.0226516 0.977348 0.12469 0.87531 0.9972 0.00279994 0.981153 0.0188474 0.980148 0.0198516 0.894157 0.105843
-0.502655 1.63363 0.0406996 0.9593 0.174858 0.825142 0.995381 0.00461879 0.973075 0.0269248 0.963919 0.0360809 0.852066 0.147934
-0.376991 1.63363 0.0688395 0.931161 0.238267 0.761733 0.992874 0.00712612 0.963626 0.0363745 0.938287 0.0617134 0.798107 0.201893
-0.251327 1.63363 0.105135 0.894865 0.305674 0.694326 0.990133 0.00986703 0.95506 0.0449405 0.904732 0.0952677 0.739266 0.260734
-0.125664 1.63363 0.140222 0.859778 0.359151 0.640849 0.988045 0.0119547 0.950003 0.0499968 0.871733 0.128267 0.690845 0.309155
0 1.63363 0.161753 0.838247 0.379531 0.620469 0.987321 0.0126789 0.948908 0.0510924 0.850925 0.149075 0.671562 0.328438
0.125664 1.63363 0.163271 0.836729 0.354365 0.645635 0.987983 0.0120173 0.948968 0.0510316 0.696667 0.303333 0.848746 0.151254
0.251327 1.63363 0.147273 0.852727 0.28461 0.71539 0.989534 0.010466 0.939881 0.0601192 0.775509 0.224491 0.863193 0.136807
0.376991 1.63363 0.121596 0.878404 0.193873 0.806127 0.991409 0.00859112 0.807699 0.192301 0.998428 0.00157196 0.886996 0.113004
0.502655 1.63363 0.0942448 0.905755 0.117196 0.882804 0.993221 0.00677874 0.894397 0.105603 0.988407 0.0115932 0.912534 0.0874661
0.628319 1.63363 0.0702481 0.929752 0.068853 0.931147 0.994788 0.00521178 0.944371 0.0556289 0.986776 0.0132242 0.934964 0.0650363
0.753982 1.63363 0.0513651 0.948635 0.0421564 0.957844 0.996063 0.00393716 0.970138 0.0298616 0.987705 0.0122949 0.952572 0.0474279
0.879646 1.63363 0.0373573 0.962643 0.0276164 0.972384 0.997066 0.00293442 0.983283 0.016717 0.989101 0.0108993 0.965577 0.0344229
1.00531 1.63363 0.0272489 0.972751 0.0193399 0.98066 0.997841 0.00215938 0.990175 0.00982481 0.990485 0.00951508 0.974911 0.0250895
1.13097 1.63363 0.020016 0.979984 0.0143191 0.985681 0.998434 0.00156571 0.993948 0.00605222 0.991733 0.0082669 0.98155 0.0184503
1.25664 1.63363 0.0148284 0.985172 0.0110692 0.988931 0.998887 0.00111332 0.996109 0.00389122 0.992822 0.00717793 0.986285 0.0137151
1.3823 1.63363 0.0110778 0.988922 0.00883848 0.991162 0.99923 0.000770256 0.997401 0.00259917 0.993761 0.00623931 0.989692 0.0103075
1.50796 1.63363 0.00833829 0.991662 0.00722917 0.992771 0.999488 0.000512122 0.998204 0.00179607 0.994567 0.0054331 0.992174 0.00782617
1.63363 1.63363 0.00631628 0.993684 0.0060195 0.99398 0.999679 0.0003207 0.998721 0.00127921 0.99526 0.00474029 0.994004 0.00599558
1.75929 1.63363 0.00481007 0.99519 0.00507954 0.99492 0.999817 0.000182567 0.999064 0.000935996 0.995856 0.00414354 0.995372 0.0046275
1.88496 1.63363 0.00368039 0.99632 0.00432944 0.995671 0.999912 8.79243e-05 0.999298 0.000701517 0.996372 0.00362792 0.996408 0.00359247
2.01062 1.63363 0.00283034 0.99717 0.00371793 0.996282 0.99997 2.96961e-05 0.999463 0.000537023 0.997199 0.00280065 0.996819 0.00318091
2.13628 1.63363 0.00219188 0.997808 0.00321079 0.996789 0.999997 2.83854e-06 0.999581 0.000418641 0.997811 0.00218904 0.997208 0.00279215
2.26195 1.63363 0.00171686 0.998283 0.00278433 0.997216 0.999996 3.81497e-06 0.999669 0.000331196 0.998287 0.00171304 0.997547 0.00245313
2.38761 1.63363 0.00137102 0.998629 0.00242165 0.997578 0.99997 3.01528e-05 0.999735 0.000264727 0.998659 0.00134087 0.997843 0.00215692
2.51327 1.63363 0.00113002 0.99887 0.00211035 0.99789 0.99992 7.99567e-05 0.999788 0.000212409 0.99895 0.00105006 0.998102 0.00189794
2.63894 1.63363 0.00097668 0.999023 0.00184111 0.998159 0.999849 0.000151052 0.999831 0.000169241 0.999174 0.000825629 0.998328 0.00167187
2.7646 1.63363 0.000899216 0.999101 0.00160678 0.998393 0.999869 0.000131019 0.999761 0.000238518 0.999339 0.000660698 0.998524 0.00147576
2.89027 1.63363 0.000890021 0.99911 0.00140175 0.998598 0.999907 9.31299e-05 0.999676 0.000323663 0.999434 0.000566359 0.998691 0.00130862
3.01593 1.63363 0.000944895 0.999055 0.00122155 0.998778 0.999952 4.8395e-05 0.99971 0.000290356 0.999345 0.000654539 0.998827 0.00117316
-3.14159 1.75929 0.00106259 0.998937 0.00106259 0.998937 1 7.54916e-29 1 7.30629e-29 0.998937 0.00106259 0.998937 0.00106259
-3.01593 1.75929 0.000931522 0.999068 0.00123492 0.998765 0.999974 2.59434e-05 0.999629 0.000370947 0.999439 0.000560575 0.998791 0.00120897
-2.89027 1.75929 0.000815064 0.999185 0.00147695 0.998523 0.999982 1.7545e-05 0.999455 0.000545315 0.99973 0.000269749 0.998541 0.0014594
-2.7646 1.75929 0.000711295 0.999289 0.00179593 0.998204 0.999996 4.36895e-06 0.999475 0.00052454 0.999813 0.000186755 0.998208 0.00179156
-2.63894 1.75929 0.000618605 0.999381 0.0022027 0.997797 1 1.88433e-07 0.999525 0.000474623 0.999856 0.000143982 0.997797 0.00220252
-2.51327 1.75929 0.000535684 0.999464 0.0027126 0.997287 0.99999 1.02343e-05 0.999578 0.00042208 0.999886 0.000113604 0.997298 0.00270236
-2.38761 1.75929 0.000461567 0.999538 0.00334665 0.996653 0.999962 3.80008e-05 0.999626 0.000373622 0.999912 8.79444e-05 0.996691 0.00330865
-2.26195 1.75929 0.000395753 0.999604 0.00413353 0.995866 0.999913 8.72976e-05 0.999668 0.000331511 0.999936 6.42416e-05 0.995954 0.00404624
-2.13628 1.75929 0.00033846 0.999662 0.00511233 0.994888 0.999837 0.000163255 0.999703 0.000296715 0.999958 4.17454e-05 0.995051 0.00494907
-2.01062 1.75929 0.000291112 0.999709 0.00633668 0.993663 0.99973 0.000269884 0.999727 0.000273211 0.999979 2.12285e-05 0.993937 0.00606347
-1.88496 1.75929 0.000257231 0.999743 0.007881 0.992119 0.999748 0.000251808 0.999572 0.000427836 0.999995 5.42357e-06 0.992547 0.00745316
-1.75929 1.75929 0.000244097 0.999756 0.00984994 0.99015 0.999756 0.000243814 0.999357 0.000642791 1 2.83251e-07 0.990793 0.00920715
-1.63363 1.75929 0.000265817 0.999734 0.012393 0.987607 0.999752 0.000248317 0.999059 0.000941282 0.999983 1.74999e-05 0.988548 0.0114517
-1.50796 1.75929 0.000349087 0.999651 0.0157275 0.984273 0.99973 0.000269769 0.998642 0.0013581 0.999921 7.93178e-05 0.985631 0.0143694
-1.3823 1.75929 0.000544151 0.999456 0.0201746 0.979825 0.999684 0.000316405 0.998054 0.0019461 0.999772 0.000227745 0.981771 0.0182285
-1.25664 1.75929 0.000945925 0.999054 0.0262179 0.973782 0.999596 0.000403509 0.997214 0.00278644 0.999458 0.000542416 0.976569 0.0234315
-1.13097 1.75929 0.00173511 0.998265 0.0345943 0.965406 0.999441 0.000559459 0.995995 0.00400482 0.998824 0.00117565 0.96941 0.0305895
-1.00531 1.75929 0.00325814 0.996742 0.0464341 0.953566 0.999163 0.000836548 0.994205 0.00579544 0.997578 0.00242159 0.959361 0.0406387
-0.879646 1.75929 0.0061785 0.993821 0.0634512 0.936549 0.998671 0.00132857 0.991549 0.00845148 0.99515 0.00484994 0.945 0.0549997
-0.753982 1.75929 0.0117396 0.98826 0.0881228 0.911877 0.997807 0.00219289 0.987614 0.0123858 0.990453 0.00954675 0.924263 0.075737
-0.628319 1.75929 0.0221156 0.977884 0.123585 0.876415 0.996344 0.00365588 0.981918 0.0180818 0.98154 0.0184597 0.894497 0.105503
-0.502655 1.75929 0.040478 0.959522 0.17251 0.82749 0.994066 0.00593402 0.974169 0.0258309 0.965456 0.034544 0.85332 0.14668
-0.376991 1.75929 0.0695545 0.930445 0.233957 0.766043 0.991025 0.00897521 0.964873 0.0351272 0.939421 0.0605793 0.80117 0.19883
-0.251327 1.75929 0.107445 0.892555 0.29905 0.70095 0.987868 0.0121316 0.955853 0.0441467 0.904687 0.0953133 0.745097 0.254903
-0.125664 1.75929 0.144211 0.855789 0.350614 0.649386 0.985686 0.0143138 0.949381 0.050619 0.870103 0.129897 0.700005 0.299995
0 1.75929 0.166774 0.833226 0.369901 0.630099 0.985201 0.0147994 0.945857 0.0541434 0.848025 0.151975 0.684243 0.315757
0.125664 1.75929 0.168476 0.831524 0.344383 0.655617 0.986275 0.0137249 0.942027 0.0579729 0.71359 0.28641 0.845249 0.154751
0.251327 1.75929 0.152059 0.847941 0.275066 0.724934 0.988254 0.011746 0.924031 0.0759689 0.800903 0.199097 0.859687 0.140313
0.376991 1.75929 0.12567 0.87433 0.185795 0.814205 0.99049 0.00951015 0.82747 0.17253 0.986735 0.013265 0.88384 0.11616
0.502655 1.75929 0.0975432 0.902457 0.111175 0.888825 0.992576 0.00742367 0.893991 0.106009 0.994834 0.00516612 0.90988 0.0901195
0.628319 1.75929 0.0728374 0.927163 0.0646505 0.93535 0.99434 0.00566028 0.944499 0.0555006 0.99085 0.00914991 0.932823 0.0671771
0.753982 1.75929 0.0533673 0.946633 0.0392412 0.960759 0.995751 0.00424915 0.970376 0.0296238 0.990383 0.00961749 0.950882 0.0491182
0.879646 1.75929 0.0388996 0.9611 0.025554 0.974446 0.996847 0.00315276 0.983481 0.0165187 0.990965 0.0090353 0.964253 0.0357468
1.00531 1.75929 0.0284406 0.971559 0.0178435 0.982157 0.997686 0.00231358 0.990318 0.00968202 0.991839 0.00816145 0.973873 0.026127
1.13097 1.75929 0.020943 0.979057 0.0132074 0.986793 0.998324 0.0016757 0.994046 0.00595435 0.992747 0.00725304 0.980733 0.0192673
1.25664 1.75929 0.0155553 0.984445 0.0102264 0.989774 0.998808 0.00119245 0.996174 0.00382589 0.993599 0.00640056 0.985637 0.0143628
1.3823 1.75929 0.0116524 0.988348 0.00818915 0.991811 0.999173 0.000827492 0.997443 0.00255674 0.994368 0.0056324 0.989175 0.0108249
1.50796 1.75929 0.00879562 0.991204 0.00672232 0.993278 0.999447 0.000553497 0.99823 0.00176973 0.995047 0.00495259 0.991758 0.00824212
1.63363 1.75929 0.00668235 0.993318 0.00561998 0.99438 0.99965 0.000350293 0.998736 0.00126425 0.995644 0.00435573 0.993668 0.00633205
1.75929 1.75929 0.00510418 0.994896 0.00476249 0.995238 0.999797 0.000203141 0.999071 0.000929173 0.996167 0.00383331 0.995099 0.00490104
1.88496 1.75929 0.00391707 0.996083 0.00407688 0.995923 0.999899 0.000101355 0.999299 0.000700587 0.996624 0.00337629 0.996184 0.00381572
2.01062 1.75929 0.00302062 0.996979 0.00351663 0.996483 0.999963 3.72468e-05 0.99946 0.000540415 0.997024 0.00297621 0.997017 0.00298337
2.13628 1.75929 0.00234423 0.997656 0.00305081 0.996949 0.999995 5.34485e-06 0.999575 0.000425229 0.997661 0.00233888 0.997374 0.00262558
2.26195 1.75929 0.00183784 0.998162 0.00265812 0.997342 0.999998 1.80558e-06 0.99966 0.000340156 0.998164 0.00183603 0.997682 0.00231797
2.38761 1.75929 0.00146579 0.998534 0.00232339 0.997677 0.999976 2.39254e-05 0.999725 0.000275411 0.998558 0.00144187 0.997952 0.00204798
2.51327 1.75929 0.00120265 0.998797 0.00203548 0.997965 0.99993 6.9619e-05 0.999776 0.000224259 0.998867 0.00113303 0.998189 0.00181122
2.63894 1.75929 0.00103042 0.99897 0.00178602 0.998214 0.999863 0.000136529 0.999818 0.000181675 0.999106 0.000893888 0.998396 0.00160435
2.7646 1.75929 0.000936681 0.999063 0.00156859 0.998431 0.999857 0.000143272 0.99978 0.000219536 0.999283 0.000717145 0.998575 0.00142532
2.89027 1.75929 0.000913344 0.999087 0.00137811 0.998622 0.999896 0.000103908 0.9997 0.000299983 0.999387 0.000613361 0.998726 0.0012742
3.01593 1.75929 0.000955827 0.999044 0.00121054 0.998789 0.999945 5.50312e-05 0.99973 0.00026961 0.999314 0.000686217 0.998844 0.00115551
-3.14159 1.88496 0.00106259 0.998937 0.00106259 0.998937 1 7.54934e-29 1 2.64715e-29 0.998937 0.00106259 0.998937 0.00106259
-3.01593 1.88496 0.000941741 0.999058 0.00122462 0.998775 0.999969 3.08449e-05 0.999655 0.000345246 0.999404 0.000596495 0.998806 0.00119378
-2.89027 1.88496 0.000834376 0.999166 0.00145732 0.998543 0.999978 2.22727e-05 0.999481 0.000518705 0.999684 0.000315671 0.998565 0.00143504
-2.7646 1.88496 0.000738681 0.999261 0.00176778 0.998232 0.999993 6.81656e-06 0.999491 0.000509061 0.99977 0.000229619 0.998239 0.00176097
-2.63894 1.88496 0.00065309 0.999347 0.00216678 0.997833 1 3.21453e-09 0.999532 0.00046797 0.999815 0.00018512 0.997833 0.00216678
-2.51327 1.88496 0.000576278 0.999424 0.00266957 0.99733 0.999992 7.52355e-06 0.999577 0.000422658 0.999846 0.00015362 0.997338 0.00266205
-2.38761 1.88496 0.000507187 0.999493 0.00329717 0.996703 0.999967 3.29707e-05 0.99962 0.000380464 0.999873 0.000126723 0.996736 0.0032642
-2.26195 1.88496 0.000445129 0.999555 0.00407827 0.995922 0.99992 8.01171e-05 0.999656 0.000344056 0.999899 0.000101073 0.996002 0.00399815
-2.13628 1.88496 0.000390012 0.99961 0.005052 0.994948 0.999846 0.000153975 0.999685 0.000314742 0.999925 7.52705e-05 0.995102 0.00489803
-2.01062 1.88496 0.000342779 0.999657 0.0062721 0.993728 0.999706 0.000293527 0.999738 0.00026168 0.999951 4.92519e-05 0.99399 0.00601042
-1.88496 1.88496 0.000306235 0.999694 0.00781308 0.992187 0.999718 0.000281662 0.999586 0.000413585 0.999975 2.45727e-05 0.992601 0.00739949
-1.75929 1.88496 0.000286604 0.999713 0.00977966 0.99022 0.999719 0.000281135 0.999375 0.000624846 0.999995 5.46982e-06 0.990845 0.00915481
-1.63363 1.88496 0.000296467 0.999704 0.0123213 0.987679 0.999705 0.000295383 0.999082 0.00091785 0.999999 1.08389e-06 0.988597 0.0114034
-1.50796 1.88496 0.000360337 0.99964 0.0156547 0.984345 0.999669 0.000330516 0.998674 0.00132604 0.99997 2.98208e-05 0.985671 0.0143287
-1.3823 1.88496 0.000525416 0.999475 0.0200998 0.9799 0.999602 0.000397526 0.9981 0.00189997 0.999872 0.000127889 0.9818 0.0181998
-1.25664 1.88496 0.000882617 0.999117 0.026136 0.973864 0.999484 0.000516403 0.997283 0.00271694 0.999634 0.000366214 0.976581 0.0234191
-1.13097 1.88496 0.00160806 0.998392 0.034491 0.965509 0.999276 0.00072367 0.996104 0.003896 0.999116 0.000884386 0.969405 0.030595
-1.00531 1.88496 0.00304501 0.996955 0.0462737 0.953726 0.998914 0.00108573 0.99438 0.00562018 0.998041 0.00195928 0.959346 0.0406535
-0.879646 1.88496 0.00586213 0.994138 0.0631506 0.936849 0.99828 0.00172022 0.991835 0.00816481 0.995858 0.00414191 0.945014 0.0549858
-0.753982 1.88496 0.0113354 0.988665 0.0875021 0.912498 0.997178 0.00282157 0.988082 0.0119184 0.991486 0.00851381 0.924416 0.0755837
-0.628319 1.88496 0.0217414 0.978259 0.122289 0.877711 0.995339 0.00466142 0.982655 0.0173454 0.98292 0.01708 0.895056 0.104944
-0.502655 1.88496 0.0404821 0.959518 0.169949 0.830051 0.992525 0.00747457 0.975229 0.0247713 0.966992 0.0330075 0.854822 0.145178
-0.376991 1.88496 0.0705947 0.929405 0.229429 0.770571 0.988881 0.0111186 0.966125 0.0338748 0.940524 0.0594761 0.804446 0.195554
-0.251327 1.88496 0.110193 0.889807 0.292187 0.707813 0.985295 0.0147052 0.95679 0.0432097 0.904512 0.0954878 0.751023 0.248977
-0.125664 1.88496 0.148693 0.851307 0.341763 0.658237 0.983073 0.016927 0.949147 0.0508532 0.868234 0.131766 0.70909 0.29091
0 1.88496 0.172244 0.827756 0.359852 0.640148 0.982909 0.0170913 0.943512 0.0564878 0.844848 0.155152 0.696635 0.303365
0.125664 1.88496 0.174026 0.825974 0.33394 0.66606 0.984465 0.0155355 0.936403 0.0635971 0.729657 0.270343 0.84151 0.15849
0.251327 1.88496 0.157075 0.842925 0.265164 0.734836 0.986916 0.0130843 0.91347 0.0865304 0.821367 0.178633 0.856009 0.143991
0.376991 1.88496 0.129878 0.870122 0.177576 0.822424 0.989539 0.0104611 0.845129 0.154871 0.977295 0.0227051 0.880584 0.119416
0.502655 1.88496 0.100907 0.899093 0.105181 0.894819 0.991915 0.00808528 0.896283 0.103717 0.998535 0.00146454 0.907179 0.0928213
0.628319 1.88496 0.0754518 0.924548 0.0605297 0.93947 0.993883 0.00611687 0.945321 0.0546791 0.994149 0.00585059 0.930665 0.069335
0.753982 1.88496 0.0553746 0.944625 0.0364035 0.963596 0.995435 0.00456455 0.970861 0.0291395 0.992736 0.00726402 0.94919 0.05081
0.879646 1.88496 0.0404386 0.959561 0.0235502 0.97645 0.996628 0.00337215 0.983785 0.0162155 0.992665 0.00733474 0.962934 0.0370664
1.00531 1.88496 0.0296266 0.970373 0.016388 0.983612 0.997532 0.00246773 0.990511 0.00948886 0.993101 0.00689912 0.972841 0.0271589
1.13097 1.88496 0.0218646 0.978135 0.0121232 0.987877 0.998215 0.00178524 0.99417 0.00583 0.993707 0.00629323 0.979921 0.0200794
1.25664 1.88496 0.016278 0.983722 0.00940189 0.990598 0.998729 0.0012711 0.996254 0.0037456 0.994344 0.00565628 0.984993 0.0150069
1.3823 1.88496 0.0122242 0.987776 0.00755143 0.992449 0.999116 0.000884387 0.997495 0.00250538 0.994954 0.00504605 0.98866 0.0113398
1.50796 1.88496 0.00925153 0.990748 0.00622259 0.993777 0.999405 0.000594736 0.998262 0.00173779 0.995515 0.0044848 0.991343 0.00865679
1.63363 1.88496 0.00704805 0.992952 0.00522449 0.994776 0.99962 0.000379967 0.998754 0.00124564 0.996021 0.00397885 0.993332 0.00666809
1.75929 1.88496 0.00539875 0.994601 0.00444736 0.995553 0.999776 0.000224001 0.99908 0.000919921 0.996473 0.00352743 0.994825 0.00517475
1.88496 1.88496 0.00415481 0.995845 0.00382481 0.996175 0.999885 0.000115247 0.999302 0.000698025 0.996873 0.00312679 0.99596 0.00403956
2.01062 1.88496 0.00321236 0.996788 0.00331486 0.996685 0.999955 4.53971e-05 0.999457 0.000542728 0.997228 0.00277213 0.996833 0.00316696
2.13628 1.88496 0.00249827 0.997502 0.00288976 0.99711 0.999991 8.55017e-06 0.999569 0.000431155 0.997541 0.00245861 0.99751 0.00248972
2.26195 1.88496 0.00196063 0.998039 0.0025305 0.997469 0.999999 5.55497e-07 0.999651 0.000348785 0.99804 0.00196008 0.997818 0.00218172
2.38761 1.88496 0.00156237 0.998438 0.00222355 0.997776 0.999982 1.8481e-05 0.999714 0.000286052 0.998456 0.00154389 0.998062 0.0019375
2.51327 1.88496 0.00127699 0.998723 0.00195903 0.998041 0.99994 6.00583e-05 0.999764 0.00023632 0.998783 0.00121693 0.998277 0.00172271
2.63894 1.88496 0.00108568 0.998914 0.00172948 0.998271 0.999877 0.000122766 0.999805 0.00019455 0.999037 0.000962914 0.998465 0.00153493
2.7646 1.88496 0.000975409 0.999025 0.00152917 0.998471 0.999844 0.000156153 0.999799 0.000201338 0.999226 0.000774071 0.998627 0.00137301
2.89027 1.88496 0.00093759 0.999062 0.00135356 0.998646 0.999885 0.000115395 0.999723 0.000277325 0.99934 0.000660266 0.998762 0.00123817
3.01593 1.88496 0.000967263 0.999033 0.00119903 0.998801 0.999938 6.21465e-05 0.99975 0.00025014 0.999283 0.000717123 0.998863 0.00113689
-3.14159 2.01062 0.00106259 0.998937 0.00106259 0.998937 1 7.55083e-29 1 3.03024e-28 0.998937 0.00106259 0.998937 0.00106259
-3.01593 2.01062 0.000952519 0.999047 0.00121377 0.998786 0.999964 3.62076e-05 0.999679 0.000321407 0.999369 0.000631112 0.998822 0.00117756
-2.89027 2.01062 0.000854922 0.999145 0.00143646 0.998564 0.999972 2.76133e-05 0.999508 0.000491909 0.999637 0.000363012 0.998591 0.00140885
-2.7646 2.01062 0.000768103 0.999232 0.00173762 0.998262 0.99999 9.83533e-06 0.999508 0.000492299 0.999724 0.000275805 0.998272 0.00172778
-2.63894 2.01062 0.000690571 0.999309 0.00212788 0.997872 1 3.04963e-07 0.99954 0.000459773 0.999769 0.000230798 0.997872 0.00212758
-2.51327 2.01062 0.000621009 0.999379 0.00262242 0.997378 0.999995 5.20549e-06 0.999578 0.000421707 0.999801 0.000199302 0.997383 0.00261721
-2.38761 2.01062 0.000558308 0.999442 0.00324218 0.996758 0.999972 2.82365e-05 0.999614 0.000385931 0.999828 0.000172377 0.996786 0.00321395
-2.26195 2.01062 0.000501649 0.999498 0.00401582 0.995984 0.999927 7.31345e-05 0.999645 0.000355496 0.999854 0.000146153 0.996057 0.00394269
-2.13628 2.01062 0.000450699 0.999549 0.00498243 0.995018 0.999855 0.000144792 0.999668 0.000332052 0.999881 0.000118647 0.995162 0.00483764
-2.01062 2.01062 0.000406014 0.999594 0.00619572 0.993804 0.999683 0.000316997 0.99975 0.000250144 0.999911 8.90171e-05 0.994054 0.00594558
-1.88496 2.01062 0.000369804 0.99963 0.00773016 0.99227 0.999688 0.000312094 0.999601 0.000399225 0.999942 5.77107e-05 0.992669 0.00733093
-1.75929 2.01062 0.000347408 0.999653 0.00969031 0.99031 0.99968 0.000320085 0.999393 0.000606689 0.999973 2.73232e-05 0.990916 0.00908362
-1.63363 2.01062 0.0003501 0.99965 0.0122253 0.987775 0.999654 0.000345581 0.999106 0.000894119 0.999995 4.51941e-06 0.988669 0.0113311
-1.50796 2.01062 0.000400514 0.999599 0.0155509 0.984449 0.999603 0.000396588 0.998706 0.00129363 0.999996 3.92614e-06 0.985743 0.0142572
-1.3823 2.01062 0.000543222 0.999457 0.0199849 0.980015 0.999513 0.000487271 0.998146 0.00185358 0.999944 5.59516e-05 0.981869 0.0181313
-1.25664 2.01062 0.000865691 0.999134 0.0260022 0.973998 0.999357 0.000643043 0.997352 0.00264752 0.999777 0.000222648 0.976645 0.0233546
-1.13097 2.01062 0.0015402 0.99846 0.0343198 0.96568 0.99909 0.000909858 0.996212 0.00378818 0.99937 0.000630337 0.969468 0.0305317
-1.00531 2.01062 0.00290789 0.997092 0.0460242 0.953976 0.998629 0.00137057 0.994552 0.00544804 0.998463 0.00153732 0.959424 0.0405761
-0.879646 2.01062 0.00564406 0.994356 0.0627339 0.937266 0.997829 0.0021708 0.992114 0.00788562 0.996527 0.00347326 0.945152 0.0548482
-0.753982 2.01062 0.0110598 0.98894 0.0867334 0.913267 0.996451 0.00354871 0.988534 0.0114664 0.992489 0.00751107 0.924733 0.075267
-0.628319 2.01062 0.0215399 0.97846 0.120815 0.879185 0.994171 0.00582872 0.983365 0.0166355 0.984289 0.0157111 0.89582 0.10418
-0.502655 2.01062 0.0407279 0.959272 0.167194 0.832806 0.990738 0.00926188 0.976257 0.0237428 0.968534 0.0314661 0.856548 0.143452
-0.376991 2.01062 0.0719823 0.928018 0.224712 0.775288 0.986417 0.0135829 0.967381 0.0326186 0.941601 0.0583994 0.807907 0.192093
-0.251327 2.01062 0.113404 0.886596 0.285128 0.714872 0.982393 0.0176068 0.957858 0.042142 0.904203 0.0957974 0.757014 0.242986
-0.125664 2.01062 0.153686 0.846314 0.332652 0.667348 0.980201 0.0197986 0.949284 0.0507163 0.866113 0.133887 0.718064 0.281936
0 2.01062 0.178172 0.821828 0.349454 0.650546 0.98045 0.0195504 0.941892 0.0581079 0.841378 0.158622 0.708654 0.291346
0.125664 2.01062 0.179924 0.820076 0.323116 0.676884 0.982556 0.0174441 0.932231 0.0677688 0.744652 0.255348 0.83752 0.16248
0.251327 2.01062 0.16232 0.83768 0.254991 0.745009 0.985522 0.0144782 0.907615 0.0923846 0.837394 0.162606 0.852158 0.147842
0.376991 2.01062 0.134215 0.865785 0.169294 0.830706 0.988557 0.0114427 0.859785 0.140215 0.970921 0.0290787 0.877228 0.122772
0.502655 2.01062 0.104331 0.895669 0.0992662 0.900734 0.991237 0.008763 0.900801 0.0991991 0.999933 6.70693e-05 0.904432 0.095568
0.628319 2.01062 0.0780868 0.921913 0.0565213 0.943479 0.993419 0.00658125 0.946825 0.0531752 0.996654 0.00334612 0.928494 0.0715056
0.753982 2.01062 0.0573825 0.942617 0.0336614 0.966339 0.995117 0.0048832 0.971593 0.0284072 0.994746 0.00525422 0.947501 0.0524993
0.879646 2.01062 0.0419703 0.95803 0.0216164 0.978384 0.996408 0.00359244 0.984194 0.0158064 0.99419 0.00581005 0.961622 0.0383779
1.00531 2.01062 0.0308036 0.969196 0.014981 0.985019 0.997378 0.00262171 0.990755 0.00924486 0.994264 0.00573617 0.971818 0.0281819
1.13097 2.01062 0.022778 0.977222 0.011072 0.988928 0.998106 0.00189421 0.994321 0.00567891 0.994607 0.0053931 0.979116 0.0208838
1.25664 2.01062 0.0169943 0.983006 0.00859938 0.991401 0.998651 0.00134916 0.99635 0.0036502 0.995051 0.00494918 0.984355 0.0156452
1.3823 2.01062 0.0127914 0.987209 0.00692825 0.993072 0.999059 0.000940827 0.997555 0.00244493 0.995517 0.00448332 0.988149 0.0118506
1.50796 2.01062 0.00970447 0.990296 0.00573222 0.994268 0.999364 0.000635732 0.9983 0.00170011 0.995968 0.0040321 0.990931 0.00906874
1.63363 2.01062 0.00741213 0.992588 0.00483478 0.995165 0.99959 0.000409625 0.998777 0.00122327 0.996388 0.00361151 0.992997 0.00700251
1.75929 2.01062 0.00569275 0.994307 0.00413551 0.995864 0.999755 0.000245058 0.999092 0.00090813 0.996773 0.00322738 0.994552 0.00544769
1.88496 2.01062 0.00439274 0.995607 0.00357431 0.996426 0.99987 0.00012952 0.999306 0.00069373 0.997119 0.00288058 0.995737 0.00426322
2.01062 2.01062 0.00340485 0.996595 0.00311348 0.996887 0.999946 5.40785e-05 0.999456 0.000543874 0.99743 0.00256961 0.996649 0.00335077
2.13628 2.01062 0.00265345 0.997347 0.00272833 0.997272 0.999988 1.23995e-05 0.999564 0.000436341 0.997708 0.00229198 0.997359 0.00264105
2.26195 2.01062 0.00208478 0.997915 0.00240199 0.997598 1 2.50514e-08 0.999643 0.000357021 0.997955 0.00204497 0.997915 0.00208476
2.38761 2.01062 0.00166039 0.99834 0.00212256 0.997877 0.999986 1.37973e-05 0.999703 0.000296598 0.998353 0.0016466 0.998174 0.00182597
2.51327 2.01062 0.00135275 0.998647 0.00188132 0.998119 0.999949 5.12718e-05 0.999751 0.00024856 0.998699 0.00130148 0.998367 0.00163276
2.63894 2.01062 0.00114226 0.998858 0.00167171 0.998328 0.99989 0.000109781 0.999792 0.000207852 0.998968 0.00103248 0.998536 0.00146386
2.7646 2.01062 0.00101525 0.998985 0.00148867 0.998511 0.999816 0.000183958 0.99983 0.000169669 0.999169 0.000831294 0.998681 0.001319
2.89027 2.01062 0.000962666 0.999037 0.0013282 0.998672 0.999872 0.000127613 0.999744 0.000255709 0.999293 0.000706956 0.998799 0.00120059
3.01593 2.01062 0.000979159 0.999021 0.00118707 0.998813 0.99993 6.97551e-05 0.999768 0.000231832 0.999253 0.000747327 0.998883 0.00111731
-3.14159 2.13628 0.00106259 0.998937 0.00106259 0.998937 1 7.54843e-29 1 5.61148e-29 0.998937 0.00106259 0.998937 0.00106259
-3.01593 2.13628 0.000963815 0.999036 0.0012024 0.998798 0.999958 4.20429e-05 0.999701 0.000299197 0.999335 0.000664618 0.99884 0.00116036
-2.89027 2.13628 0.000876621 0.999123 0.00141446 0.998586 0.999966 3.35859e-05 0.999535 0.000465216 0.999589 0.000411404 0.998619 0.00138088
-2.7646 2.13628 0.000799452 0.999201 0.00170555 0.998294 0.999987 1.3442e-05 0.999526 0.000474497 0.999675 0.000324956 0.998308 0.00169211
-2.63894 2.13628 0.000730906 0.999269 0.00208617 0.997914 0.999999 1.10842e-06 0.99955 0.000450174 0.999719 0.000280732 0.997915 0.00208506
-2.51327 2.13628 0.000669713 0.99933 0.00257135 0.997429 0.999997 3.29324e-06 0.999581 0.000419282 0.99975 0.000250431 0.997432 0.00256805
-2.38761 2.13628 0.000614752 0.999385 0.00318194 0.996818 0.999976 2.38096e-05 0.99961 0.000390009 0.999775 0.000224743 0.996842 0.00315813
-2.26195 2.13628 0.000565125 0.999435 0.00394647 0.996054 0.999934 6.6359e-05 0.999634 0.000365748 0.999801 0.000199377 0.99612 0.00388011
-2.13628 2.13628 0.000520334 0.99948 0.00490395 0.995096 0.999864 0.000135715 0.999651 0.000348501 0.999828 0.000171833 0.995232 0.00476823
-2.01062 2.13628 0.000480643 0.999519 0.00610793 0.993892 0.999761 0.000238608 0.99966 0.000340083 0.999859 0.000140561 0.994131 0.00586932
-1.88496 2.13628 0.000447801 0.999552 0.00763268 0.992367 0.999657 0.000342826 0.999615 0.000384757 0.999895 0.000104975 0.992752 0.00724792
-1.75929 2.13628 0.000426433 0.999574 0.00958243 0.990418 0.99964 0.000360317 0.999412 0.00058832 0.999934 6.61162e-05 0.991006 0.00899411
-1.63363 2.13628 0.000426748 0.999573 0.0121056 0.987894 0.999602 0.000398484 0.99913 0.000870086 0.999972 2.82637e-05 0.988764 0.0112355
-1.50796 2.13628 0.000469823 0.99953 0.0154168 0.984583 0.999533 0.000467478 0.998739 0.00126088 0.999998 2.34551e-06 0.985844 0.0141559
-1.3823 2.13628 0.000598051 0.999402 0.0198311 0.980169 0.999415 0.000585059 0.998193 0.00180691 0.999987 1.29929e-05 0.981976 0.0180242
-1.25664 2.13628 0.000896062 0.999104 0.0258178 0.974182 0.999217 0.000782815 0.997422 0.00257815 0.999887 0.000113247 0.97676 0.0232396
-1.13097 2.13628 0.00153314 0.998467 0.0340829 0.965917 0.998882 0.00111751 0.996319 0.0036813 0.999584 0.000415626 0.969598 0.0304016
-1.00531 2.13628 0.00284947 0.997151 0.0456888 0.954311 0.998309 0.00169101 0.994721 0.0052788 0.998842 0.00115846 0.95959 0.04041
-0.879646 2.13628 0.00552871 0.994471 0.0622061 0.937794 0.997318 0.00268167 0.992387 0.00761339 0.997153 0.00284704 0.945407 0.0545927
-0.753982 2.13628 0.0109199 0.98908 0.0858253 0.914175 0.995621 0.00437917 0.988971 0.0110286 0.993459 0.00654071 0.925203 0.0747967
-0.628319 2.13628 0.0215219 0.978478 0.119177 0.880823 0.99283 0.00716988 0.98405 0.0159498 0.985648 0.0143521 0.896773 0.103227
-0.502655 2.13628 0.0412322 0.958768 0.164267 0.835733 0.988682 0.0113184 0.977257 0.0227428 0.970086 0.0299138 0.858476 0.141524
-0.376991 2.13628 0.0737401 0.92626 0.219835 0.780165 0.983605 0.0163954 0.96864 0.03136 0.942655 0.0573447 0.811525 0.188475
-0.251327 2.13628 0.117103 0.882897 0.277913 0.722087 0.979147 0.0208532 0.959044 0.0409563 0.90375 0.0962499 0.763044 0.236956
-0.125664 2.13628 0.159209 0.840791 0.32334 0.67666 0.977071 0.0229286 0.94977 0.0502299 0.86372 0.13628 0.72689 0.27311
0 2.13628 0.184568 0.815432 0.338777 0.661223 0.977831 0.0221693 0.94099 0.0590105 0.837601 0.162399 0.720233 0.279767
0.125664 2.13628 0.186171 0.813829 0.311996 0.688004 0.980556 0.0194445 0.929528 0.0704724 0.758476 0.241524 0.833273 0.166727
0.251327 2.13628 0.167792 0.832208 0.244638 0.755362 0.984076 0.0159243 0.905442 0.0945582 0.84992 0.15008 0.848133 0.151867
0.376991 2.13628 0.138678 0.861322 0.161025 0.838975 0.987546 0.0124536 0.872538 0.127462 0.966436 0.0335636 0.873776 0.126224
0.502655 2.13628 0.107812 0.892188 0.0934802 0.90652 0.990544 0.00945636 0.906839 0.093161 0.999681 0.000319251 0.901645 0.0983551
0.628319 2.13628 0.0807375 0.919263 0.052654 0.947346 0.992947 0.00705328 0.948947 0.0510527 0.998399 0.0016013 0.926316 0.0736842
0.753982 2.13628 0.0593865 0.940613 0.0310316 0.968968 0.994795 0.00520502 0.972563 0.027437 0.996405 0.00359463 0.945818 0.0541815
0.879646 2.13628 0.0434909 0.956509 0.0197632 0.980237 0.996186 0.00381356 0.984706 0.015294 0.995531 0.00446919 0.960323 0.0396773
1.00531 2.13628 0.0319682 0.968032 0.0136297 0.98637 0.997225 0.00277544 0.991049 0.00895086 0.995321 0.00467888 0.970807 0.0291927
1.13097 2.13628 0.0236804 0.97632 0.0100588 0.989941 0.997997 0.00200254 0.994499 0.00550139 0.995443 0.00455738 0.978322 0.0216779
1.25664 2.13628 0.0177018 0.982298 0.00782263 0.992177 0.998573 0.00142653 0.99646 0.00353976 0.995717 0.00428287 0.983725 0.0162753
1.3823 2.13628 0.0133521 0.986648 0.00632242 0.993678 0.999003 0.000996725 0.997625 0.00237539 0.996053 0.00394703 0.987645 0.0123554
1.50796 2.13628 0.0101529 0.989847 0.00525337 0.994747 0.999324 0.000676398 0.998343 0.00165665 0.996403 0.00359672 0.990524 0.00947647
1.63363 2.13628 0.0077733 0.992227 0.00445254 0.995547 0.999561 0.000439183 0.998803 0.00119707 0.996745 0.00325548 0.992666 0.00733411
1.75929 2.13628 0.0059851 0.994015 0.0038283 0.996172 0.999734 0.000266232 0.999106 0.000893713 0.997065 0.00293458 0.994281 0.00571887
1.88496 2.13628 0.00463002 0.99537 0.00332644 0.996674 0.999856 0.000144101 0.999312 0.000687611 0.997361 0.00263883 0.995514 0.00448591
2.01062 2.13628 0.0035974 0.996403 0.00291334 0.997087 0.999937 6.32272e-05 0.999456 0.000543767 0.99763 0.00236957 0.996466 0.00353417
2.13628 2.13628 0.00280919 0.997191 0.00256717 0.997433 0.999983 1.68396e-05 0.999559 0.000440707 0.997874 0.00212646 0.997208 0.00279235
2.26195 2.13628 0.00220982 0.99779 0.00227314 0.997727 1 1.74062e-07 0.999635 0.000364793 0.998092 0.00190834 0.99779 0.00220964
2.38761 2.13628 0.00175949 0.998241 0.00202083 0.997979 0.99999 9.84926e-06 0.999693 0.000306994 0.998286 0.00171384 0.99825 0.00174964
2.51327 2.13628 0.00142966 0.99857 0.00180267 0.998197 0.999957 4.32514e-05 0.999739 0.000260938 0.998614 0.00138641 0.998458 0.00154173
2.63894 2.13628 0.00119994 0.9988 0.00161295 0.998387 0.999902 9.75822e-05 0.999778 0.000221563 0.998898 0.00110235 0.998609 0.00139139
2.7646 2.13628 0.00105605 0.998944 0.00144727 0.998553 0.999833 0.000167421 0.999816 0.000183825 0.999111 0.000888634 0.998737 0.00126345
2.89027 2.13628 0.000988473 0.999012 0.00130213 0.998698 0.999859 0.000140588 0.999765 0.000235145 0.999247 0.000753328 0.998838 0.00116154
3.01593 2.13628 0.000991467 0.999009 0.00117469 0.998825 0.999922 7.78722e-05 0.999785 0.00021459 0.999223 0.000776876 0.998903 0.00109682
-3.14159 2.26195 0.00106259 0.998937 0.00106259 0.998937 1 7.54905e-29 1 6.62356e-30 0.998937 0.00106259 0.998937 0.00106259
-3.01593 2.26195 0.000975584 0.999024 0.00119057 0.998809 0.999952 4.83636e-05 0.999722 0.00027843 0.999303 0.000697154 0.998858 0.0011422
-2.89027 2.26195 0.00089939 0.999101 0.00139141 0.998609 0.99996 4.02109e-05 0.999561 0.00043886 0.999539 0.00046053 0.998649 0.0013512
-2.7646 2.26195 0.000832607 0.999167 0.00167172 0.998328 0.999982 1.76544e-05 0.999544 0.000455889 0.999623 0.000376718 0.998346 0.00165406
-2.63894 2.26195 0.000773946 0.999226 0.00204181 0.997958 0.999998 2.4296e-06 0.999561 0.000439327 0.999665 0.00033462 0.997961 0.00203938
-2.51327 2.26195 0.000722213 0.999278 0.00251657 0.997483 0.999998 1.80131e-06 0.999585 0.00041546 0.999693 0.000306753 0.997485 0.00251477
-2.38761 2.26195 0.000676317 0.999324 0.00311668 0.996883 0.99998 1.97028e-05 0.999607 0.000392699 0.999716 0.000283618 0.996903 0.00309698
-2.26195 2.26195 0.000635341 0.999365 0.00387053 0.996129 0.99994 5.98013e-05 0.999625 0.000374748 0.999739 0.000260593 0.996189 0.00381073
-2.13628 2.26195 0.000598694 0.999401 0.00481691 0.995183 0.999873 0.00012675 0.999636 0.000363956 0.999765 0.000234738 0.99531 0.00469016
-2.01062 2.26195 0.000566451 0.999434 0.00600914 0.993991 0.999773 0.000227076 0.999637 0.000362582 0.999796 0.000203869 0.994218 0.00578206
-1.88496 2.26195 0.000540032 0.99946 0.00752114 0.992479 0.999626 0.000373578 0.99963 0.000370183 0.999834 0.000166454 0.992849 0.00715096
-1.75929 2.26195 0.000523535 0.999476 0.00945661 0.990543 0.999599 0.00040146 0.99943 0.000569737 0.999878 0.000122075 0.991113 0.00888688
-1.63363 2.26195 0.000526357 0.999474 0.011963 0.988037 0.999546 0.000453619 0.999154 0.000845745 0.999927 7.27384e-05 0.988883 0.0111173
-1.50796 2.26195 0.000568368 0.999432 0.0152533 0.984747 0.999457 0.000542592 0.998772 0.00122777 0.999974 2.57764e-05 0.985974 0.0140255
-1.3823 2.26195 0.000690261 0.99931 0.0196394 0.980361 0.99931 0.00069016 0.99824 0.00175995 1 1.00988e-07 0.982121 0.0178795
-1.25664 2.26195 0.000974504 0.999025 0.0255845 0.974415 0.999065 0.000934863 0.997491 0.00250879 0.99996 3.96415e-05 0.976924 0.0230757
-1.13097 2.26195 0.00158832 0.998412 0.0337824 0.966218 0.998654 0.00134572 0.996425 0.00357525 0.999757 0.000242596 0.969793 0.0302072
-1.00531 2.26195 0.00287229 0.997128 0.0452712 0.954729 0.997954 0.00204643 0.994888 0.00511225 0.999174 0.000825858 0.959841 0.040159
-0.879646 2.26195 0.00552033 0.99448 0.061573 0.938427 0.996747 0.00325336 0.992652 0.00734758 0.997733 0.00226697 0.945775 0.0542254
-0.753982 2.26195 0.0109227 0.989077 0.0847866 0.915213 0.994683 0.00531694 0.989396 0.0106039 0.994394 0.00560574 0.925817 0.0741827
-0.628319 2.26195 0.0216988 0.978301 0.117388 0.882612 0.991303 0.00869663 0.984714 0.0152864 0.986998 0.0130022 0.897898 0.102102
-0.502655 2.26195 0.0420118 0.957988 0.161187 0.838813 0.986333 0.0136673 0.978231 0.0217689 0.971655 0.0283445 0.860582 0.139418
-0.376991 2.26195 0.075891 0.924109 0.214826 0.785174 0.980416 0.0195839 0.969899 0.0301005 0.943693 0.056307 0.815275 0.184725
-0.251327 2.26195 0.121313 0.878687 0.270582 0.729418 0.975542 0.0244582 0.960334 0.0396659 0.903145 0.096855 0.769083 0.230917
-0.125664 2.26195 0.165276 0.834724 0.313883 0.686117 0.973688 0.0263118 0.950581 0.0494195 0.861035 0.138965 0.735536 0.264464
0 2.26195 0.191436 0.808564 0.327898 0.672102 0.975063 0.0249367 0.940776 0.0592236 0.8335 0.1665 0.731326 0.268674
0.125664 2.26195 0.192768 0.807232 0.30067 0.69933 0.978471 0.0215286 0.92822 0.0717798 0.77111 0.22889 0.82876 0.17124
0.251327 2.26195 0.173488 0.826512 0.234201 0.765799 0.982581 0.0174189 0.905996 0.0940043 0.859803 0.140197 0.843931 0.156069
0.376991 2.26195 0.143263 0.856737 0.152848 0.847152 0.986508 0.0134925 0.884057 0.115943 0.963095 0.036905 0.87023 0.12977
0.502655 2.26195 0.111343 0.888657 0.0878701 0.91213 0.989835 0.0101651 0.913733 0.0862665 0.998396 0.00160358 0.898822 0.101178
0.628319 2.26195 0.0833984 0.916602 0.0489536 0.951046 0.992467 0.00753291 0.951585 0.0484149 0.999461 0.000538746 0.924135 0.0758655
0.753982 2.26195 0.0613816 0.938618 0.0285293 0.971471 0.99447 0.00553001 0.97375 0.0262502 0.997721 0.00227908 0.944148 0.0558516
0.879646 2.26195 0.0449959 0.955004 0.018 0.982 0.995964 0.00403551 0.985316 0.0146844 0.996684 0.0033156 0.95904 0.0409604
1.00531 2.26195 0.0331168 0.966883 0.0123406 0.987659 0.997071 0.00292888 0.991391 0.00860908 0.996268 0.00373152 0.969812 0.0301879
1.13097 2.26195 0.0245689 0.975431 0.00908816 0.990912 0.99789 0.00211018 0.994702 0.00529833 0.99621 0.00378983 0.977541 0.0224587
1.25664 2.26195 0.0183982 0.981602 0.0070751 0.992925 0.998497 0.00150316 0.996585 0.00341466 0.99634 0.00366045 0.983105 0.016895
1.3823 2.26195 0.0139043 0.986096 0.00573659 0.994263 0.998948 0.00105202 0.997703 0.0022969 0.99656 0.00343969 0.987148 0.0128523
1.50796 2.26195 0.0105951 0.989405 0.00478812 0.995212 0.999283 0.000716665 0.998393 0.00160743 0.996819 0.00318069 0.990122 0.00987847
1.63363 2.26195 0.00813025 0.99187 0.0040794 0.995921 0.999531 0.00046857 0.998833 0.00116698 0.997088 0.00291242 0.992338 0.00766168
1.75929 2.26195 0.00627475 0.993725 0.003527 0.996473 0.999713 0.000287454 0.999123 0.000876603 0.99735 0.0026504 0.994013 0.0059873
1.88496 2.26195 0.00486575 0.995134 0.00308224 0.996918 0.999841 0.000158926 0.99932 0.000679591 0.997597 0.00240265 0.995293 0.00470682
2.01062 2.26195 0.00378929 0.996211 0.00271527 0.997285 0.999927 7.2784e-05 0.999458 0.000542323 0.997827 0.00217295 0.996283 0.0037165
2.13628 2.26195 0.0029649 0.997035 0.00240696 0.997593 0.999978 2.18199e-05 0.999556 0.000444172 0.998037 0.00196279 0.997057 0.00294308
2.26195 2.26195 0.00233527 0.997665 0.00214446 0.997856 0.999999 9.62413e-07 0.999628 0.000372029 0.998228 0.00177243 0.997666 0.00233431
2.38761 2.26195 0.00185929 0.998141 0.00191877 0.998081 0.999993 6.60973e-06 0.999683 0.00031718 0.998398 0.00160159 0.998147 0.00185268
2.51327 2.26195 0.00150741 0.998493 0.0017234 0.998277 0.999964 3.59849e-05 0.999727 0.000273411 0.99855 0.00144999 0.998529 0.00147143
2.63894 2.26195 0.00125849 0.998742 0.00155344 0.998447 0.999914 8.61746e-05 0.999764 0.000235657 0.998828 0.00117232 0.998682 0.00131779
2.7646 2.26195 0.00109766 0.998902 0.00140513 0.998595 0.999848 0.000151741 0.999801 0.000198621 0.999054 0.00094592 0.998793 0.00120651
2.89027 2.26195 0.00101491 0.998985 0.00127545 0.998725 0.999846 0.000154345 0.999784 0.000215628 0.999201 0.000799283 0.998879 0.00112111
3.01593 2.26195 0.00100414 0.998996 0.00116196 0.998838 0.999913 8.65147e-05 0.999802 0.000198336 0.999194 0.000805803 0.998925 0.00107544
-3.14159 2.38761 0.00106259 0.998937 0.00106259 0.998937 1 7.54862e-29 1 5.47359e-29 0.998937 0.00106259 0.998937 0.00106259
-3.01593 2.38761 0.00098778 0.999012 0.00117831 0.998822 0.999945 5.51833e-05 0.999741 0.000258954 0.999271 0.000728826 0.998877 0.00112313
-2.89027 2.38761 0.000923142 0.999077 0.0013674 0.998633 0.999952 4.75099e-05 0.999587 0.000413025 0.99949 0.000510117 0.99868 0.00131989
-2.7646 2.38761 0.000867442 0.999133 0.00163625 0.998364 0.999978 2.24917e-05 0.999563 0.000436696 0.999569 0.000430746 0.998386 0.00161376
-2.63894 2.38761 0.000819529 0.99918 0.00199499 0.998005 0.999996 4.28571e-06 0.999573 0.000427389 0.999608 0.00039214 0.998009 0.00199071
-2.51327 2.38761 0.000778314 0.999222 0.00245831 0.997542 0.999999 7.45557e-07 0.99959 0.000410327 0.999632 0.000367987 0.997542 0.00245757
-2.38761 2.38761 0.000742783 0.999257 0.00304671 0.996953 0.999984 1.59302e-05 0.999606 0.000394023 0.999651 0.00034876 0.996969 0.00303078
-2.26195 2.38761 0.000712054 0.999288 0.00378832 0.996212 0.999947 5.34733e-05 0.999618 0.000382448 0.99967 0.000329606 0.996265 0.00373485
-2.13628 2.38761 0.00068552 0.999314 0.0047217 0.995278 0.999882 0.000117906 0.999622 0.0003783 0.999693 0.000307221 0.995396 0.0046038
-2.01062 2.38761 0.000663173 0.999337 0.00589982 0.9941 0.999784 0.000215554 0.999616 0.000384301 0.999721 0.000278873 0.994316 0.00568427
-1.88496 2.38761 0.000646246 0.999354 0.00739611 0.992604 0.999596 0.00040407 0.999644 0.000355504 0.999758 0.000242177 0.992959 0.0070406
-1.75929 2.38761 0.000638502 0.999361 0.00931352 0.990686 0.999557 0.00044313 0.999449 0.000550935 0.999805 0.000195372 0.991237 0.00876258
-1.63363 2.38761 0.00064879 0.999351 0.0117983 0.988202 0.99949 0.000510472 0.999179 0.000821087 0.999862 0.000138317 0.989023 0.0109773
-1.50796 2.38761 0.000696144 0.999304 0.0150615 0.984939 0.999379 0.000621256 0.998806 0.00119429 0.999925 7.4888e-05 0.986133 0.0138672
-1.3823 2.38761 0.000820078 0.99918 0.0194113 0.980589 0.999198 0.000801703 0.998287 0.00171266 0.999982 1.83746e-05 0.982301 0.0176986
-1.25664 2.38761 0.00110163 0.998898 0.0253042 0.974696 0.998902 0.00109808 0.997561 0.0024394 0.999996 3.54693e-06 0.977135 0.0228648
-1.13097 2.38761 0.00170701 0.998293 0.0334211 0.966579 0.998407 0.00159319 0.99653 0.00346993 0.999886 0.000113814 0.970049 0.0299512
-1.00531 2.38761 0.00297865 0.997021 0.0447752 0.955225 0.997564 0.00243553 0.995052 0.00494815 0.999457 0.000543119 0.960173 0.0398271
-0.879646 2.38761 0.00562298 0.994377 0.0608403 0.93916 0.996115 0.00388543 0.992912 0.00708765 0.998262 0.00173754 0.946247 0.0537527
-0.753982 2.38761 0.011075 0.988925 0.0836262 0.916374 0.993635 0.0063648 0.989809 0.0101911 0.99529 0.00471024 0.926565 0.0734352
-0.628319 2.38761 0.0220815 0.977918 0.115463 0.884537 0.98958 0.0104199 0.985357 0.0146432 0.988338 0.0116616 0.899181 0.100819
-0.502655 2.38761 0.0430835 0.956917 0.157974 0.842026 0.983668 0.0163322 0.979181 0.0208193 0.973249 0.0267512 0.862845 0.137155
-0.376991 2.38761 0.0784572 0.921543 0.209711 0.790289 0.976824 0.0231763 0.971158 0.0288422 0.944719 0.0552809 0.819131 0.180869
-0.251327 2.38761 0.126056 0.873944 0.263175 0.736825 0.971569 0.0284311 0.961716 0.0382837 0.902375 0.0976249 0.775108 0.224892
-0.125664 2.38761 0.1719 0.8281 0.304339 0.695661 0.970064 0.0299361 0.951686 0.048314 0.858036 0.141964 0.743975 0.256025
0 2.38761 0.198779 0.801221 0.316891 0.683109 0.972163 0.0278366 0.941208 0.0587922 0.829058 0.170942 0.741901 0.258099
0.125664 2.38761 0.199712 0.800288 0.28923 0.71077 0.976314 0.0236865 0.92818 0.0718196 0.782589 0.217411 0.823975 0.176025
0.251327 2.38761 0.179404 0.820596 0.223775 0.776225 0.981042 0.0189576 0.908518 0.0914823 0.867707 0.132293 0.839554 0.160446
0.376991 2.38761 0.147963 0.852037 0.144834 0.855166 0.985442 0.014558 0.894689 0.105311 0.960477 0.039523 0.866595 0.133405
0.502655 2.38761 0.114919 0.885081 0.0824788 0.917521 0.989111 0.0108889 0.92098 0.0790201 0.996541 0.00345872 0.89597 0.10403
0.628319 2.38761 0.0860636 0.913936 0.0454434 0.954557 0.99198 0.00802025 0.954614 0.0453864 0.999943 5.70171e-05 0.921957 0.0780433
0.753982 2.38761 0.0633625 0.936637 0.0261678 0.973832 0.994142 0.00585828 0.975123 0.0248773 0.998709 0.0012905 0.942496 0.0575042
0.879646 2.38761 0.0464808 0.953519 0.0163355 0.983665 0.995742 0.00425835 0.986013 0.0139872 0.997652 0.0023483 0.957777 0.0422225
1.00531 2.38761 0.0342456 0.965754 0.0111195 0.988881 0.996918 0.00308206 0.991777 0.00822305 0.997104 0.00289641 0.968836 0.0311636
1.13097 2.38761 0.0254404 0.97456 0.00816444 0.991836 0.997783 0.0022171 0.994929 0.00507124 0.996907 0.0030932 0.976777 0.0232233
1.25664 2.38761 0.0190809 0.980919 0.00636003 0.99364 0.998421 0.00157902 0.996724 0.00327558 0.996916 0.00308445 0.982498 0.0175019
1.3823 2.38761 0.0144461 0.985554 0.00517325 0.994827 0.998893 0.00110665 0.99779 0.00220976 0.997037 0.0029635 0.986661 0.0133394
1.50796 2.38761 0.0110297 0.98897 0.00433842 0.995662 0.999244 0.00075648 0.998447 0.00155256 0.997214 0.00278586 0.989727 0.0102732
1.63363 2.38761 0.00848167 0.991518 0.00371692 0.996283 0.999502 0.000497728 0.998867 0.00113304 0.997416 0.00258388 0.992016 0.00798394
1.75929 2.38761 0.00656063 0.993439 0.00323289 0.996767 0.999691 0.000308665 0.999143 0.000856763 0.997624 0.00237613 0.993748 0.00625197
1.88496 2.38761 0.00509907 0.994901 0.00284272 0.997157 0.999826 0.000173936 0.99933 0.000669603 0.997827 0.00217312 0.995075 0.00492513
2.01062 2.38761 0.00397979 0.99602 0.0025201 0.99748 0.999917 8.26947e-05 0.999461 0.000539463 0.998019 0.00198064 0.996103 0.00389709
2.13628 2.38761 0.00312 0.99688 0.00224837 0.997752 0.999973 2.7292e-05 0.999553 0.000446656 0.998198 0.00180171 0.996907 0.00309271
2.26195 2.38761 0.00246067 0.997539 0.00201648 0.997984 0.999998 2.35056e-06 0.999621 0.000378651 0.998362 0.00163783 0.997542 0.00245832
2.38761 2.38761 0.00195941 0.998041 0.00181681 0.998183 0.999996 4.05006e-06 0.999673 0.000327087 0.99851 0.00148972 0.998045 0.00195536
2.51327 2.38761 0.00158572 0.998414 0.00164383 0.998356 0.999971 2.94564e-05 0.999714 0.000285925 0.998642 0.0013579 0.998444 0.00155626
2.63894 2.38761 0.0013177 0.998682 0.00149343 0.998507 0.999924 7.55552e-05 0.99975 0.000250104 0.998757 0.00124332 0.998758 0.00124214
2.7646 2.38761 0.00113991 0.99886 0.00136242 0.998638 0.999863 0.000136926 0.999786 0.000214054 0.998997 0.00100299 0.998852 0.00114837
2.89027 2.38761 0.00104188 0.998958 0.00124828 0.998752 0.999831 0.00016891 0.999803 0.000197149 0.999155 0.000844729 0.998921 0.00107937
3.01593 2.38761 0.00101713 0.998983 0.00114892 0.998851 0.999904 9.57013e-05 0.999817 0.000183 0.999166 0.000834126 0.998947 0.00105321
-3.14159 2.51327 0.00106259 0.998937 0.00106259 0.998937 1 7.54811e-29 1 1.54955e-29 0.998937 0.00106259 0.998937 0.00106259
-3.01593 2.51327 0.00100036 0.999 0.00116568 0.998834 0.999937 6.25169e-05 0.999759 0.000240647 0.99924 0.000759708 0.998897 0.00110316
-2.89027 2.51327 0.000947783 0.999052 0.00134253 0.998657 0.999944 5.55064e-05 0.999612 0.00038785 0.99944 0.000559933 0.998713 0.00128702
-2.7646 2.51327 0.000903822 0.999096 0.0015993 0.998401 0.999972 2.79738e-05 0.999583 0.000417117 0.999513 0.000486705 0.998429 0.00157132
-2.63894 2.51327 0.000867481 0.999133 0.0019459 0.998054 0.999993 6.69508e-06 0.999585 0.00041452 0.999547 0.000452961 0.998061 0.00193921
-2.51327 2.51327 0.000837808 0.999162 0.00239682 0.997603 1 1.43212e-07 0.999596 0.000403984 0.999566 0.000433824 0.997603 0.00239668
-2.38761 2.51327 0.000813909 0.999186 0.0029723 0.997028 0.999987 1.25078e-05 0.999606 0.000394018 0.99958 0.000419891 0.99704 0.00295979
-2.26195 2.51327 0.000794993 0.999205 0.00370022 0.9963 0.999953 4.73887e-05 0.999611 0.00038882 0.999594 0.000406173 0.996347 0.00365283
-2.13628 2.51327 0.000780521 0.999219 0.00461877 0.995381 0.999891 0.000109196 0.999609 0.000391434 0.999611 0.000389087 0.99549 0.00450957
-2.01062 2.51327 0.000770505 0.999229 0.00578048 0.99422 0.999796 0.000204049 0.999595 0.000405061 0.999635 0.000365444 0.994424 0.00557643
-1.88496 2.51327 0.000766138 0.999234 0.00725817 0.992742 0.999566 0.000434027 0.999659 0.000340723 0.999668 0.000332111 0.993083 0.00691745
-1.75929 2.51327 0.000771048 0.999229 0.00915388 0.990846 0.999515 0.000484936 0.999468 0.000531913 0.999714 0.000286112 0.991378 0.00862196
-1.63363 2.51327 0.000793817 0.999206 0.0116125 0.988388 0.999431 0.000568502 0.999204 0.000796104 0.999775 0.000225314 0.989184 0.0108164
-1.50796 2.51327 0.000853034 0.999147 0.0148425 0.985158 0.999297 0.00070273 0.99884 0.00116042 0.99985 0.000150304 0.986318 0.013682
-1.3823 2.51327 0.000987586 0.999012 0.0191482 0.980852 0.999081 0.000918683 0.998335 0.00166503 0.999931 6.89031e-05 0.982517 0.0174832
-1.25664 2.51327 0.00127788 0.998722 0.0249788 0.975021 0.998729 0.00127113 0.99763 0.00236991 0.999993 6.74585e-06 0.977391 0.0226089
-1.13097 2.51327 0.00189023 0.99811 0.0330017 0.966998 0.998142 0.00185817 0.996635 0.00336522 0.999968 3.20603e-05 0.970363 0.0296365
-1.00531 2.51327 0.00317062 0.996829 0.0442048 0.955795 0.997144 0.00285628 0.995214 0.00478625 0.999686 0.000314342 0.960581 0.0394185
-0.879646 2.51327 0.00584043 0.99416 0.0600141 0.939986 0.995424 0.00457626 0.993167 0.0068331 0.998736 0.00126417 0.946819 0.0531809
-0.753982 2.51327 0.0113835 0.988616 0.0823533 0.917647 0.992476 0.00752393 0.990211 0.00978924 0.99614 0.00385957 0.927436 0.072564
-0.628319 2.51327 0.0226809 0.977319 0.113413 0.886587 0.987651 0.0123494 0.985981 0.0140185 0.989669 0.0103315 0.900606 0.0993943
-0.502655 2.51327 0.0444637 0.955536 0.154646 0.845354 0.980663 0.0193371 0.980108 0.0198922 0.974873 0.0251266 0.865246 0.134754
-0.376991 2.51327 0.0814596 0.91854 0.204518 0.795482 0.972801 0.0271994 0.972413 0.0275868 0.94574 0.0542602 0.823069 0.176931
-0.251327 2.51327 0.131349 0.868651 0.255729 0.744271 0.967225 0.0327748 0.963177 0.036823 0.901426 0.0985742 0.781094 0.218906
-0.125664 2.51327 0.179087 0.820913 0.29476 0.70524 0.966219 0.0337813 0.953055 0.0469448 0.854694 0.145306 0.752184 0.247816
0 2.51327 0.206593 0.793407 0.305833 0.694167 0.969152 0.030848 0.942225 0.0577745 0.824255 0.175745 0.751941 0.248059
0.125664 2.51327 0.206996 0.793004 0.27777 0.72223 0.974094 0.0259058 0.929247 0.0707526 0.792982 0.207018 0.818909 0.181091
0.251327 2.51327 0.185533 0.814467 0.213454 0.786546 0.979465 0.0205354 0.912429 0.0875714 0.874118 0.125882 0.835002 0.164998
0.376991 2.51327 0.152774 0.847226 0.137053 0.862947 0.984351 0.0156488 0.904609 0.095391 0.958338 0.041662 0.862875 0.137125
0.502655 2.51327 0.118534 0.881466 0.0773444 0.922656 0.988372 0.0116277 0.92824 0.0717602 0.994416 0.00558424 0.893094 0.106906
0.628319 2.51327 0.0887267 0.911273 0.0421431 0.957857 0.991485 0.00851548 0.957905 0.0420952 0.999952 4.79163e-05 0.919789 0.0802112
0.753982 2.51327 0.0653236 0.934676 0.0239584 0.976042 0.99381 0.00619002 0.976645 0.0233548 0.999396 0.000603668 0.940866 0.0591335
0.879646 2.51327 0.0479411 0.952059 0.0147769 0.985223 0.995518 0.00448219 0.986786 0.0132144 0.998438 0.00156244 0.956541 0.0434589
1.00531 2.51327 0.035351 0.964649 0.00997152 0.990028 0.996765 0.00323503 0.992202 0.00779758 0.997826 0.00217394 0.967884 0.032116
1.13097 2.51327 0.0262919 0.973708 0.00729149 0.992709 0.997677 0.00232334 0.995178 0.00482223 0.997531 0.00246926 0.976031 0.0239685
1.25664 2.51327 0.0197476 0.980252 0.00568036 0.99432 0.998346 0.00165409 0.996876 0.00312351 0.997443 0.00255686 0.981907 0.0180935
1.3823 2.51327 0.0149754 0.985025 0.00463473 0.995365 0.998839 0.00116061 0.997886 0.00211444 0.99748 0.00252029 0.986185 0.0138148
1.50796 2.51327 0.0114549 0.988545 0.00390612 0.996094 0.999204 0.000795803 0.998508 0.00149224 0.997586 0.00241388 0.989341 0.0106591
1.63363 2.51327 0.00882626 0.991174 0.00336659 0.996633 0.999473 0.000526611 0.998905 0.00109531 0.997729 0.00227128 0.9917 0.00829965
1.75929 2.51327 0.00684166 0.993158 0.00294716 0.997053 0.99967 0.000329815 0.999166 0.000834189 0.997887 0.00211298 0.993488 0.00651185
1.88496 2.51327 0.00532909 0.994671 0.00260887 0.997391 0.999811 0.000189081 0.999342 0.0006576 0.998049 0.00195127 0.99486 0.00514001
2.01062 2.51327 0.00416819 0.995832 0.00232861 0.997671 0.999907 9.29095e-05 0.999465 0.00053512 0.998207 0.00179349 0.995925 0.00407528
2.13628 2.51327 0.0032739 0.996726 0.00209203 0.997908 0.999967 3.32107e-05 0.999552 0.00044808 0.998356 0.00164395 0.996759 0.00324069
2.26195 2.51327 0.00258553 0.997414 0.00188974 0.99811 0.999996 4.29997e-06 0.999615 0.000384581 0.998495 0.00150516 0.997419 0.00258123
2.38761 2.51327 0.00205947 0.997941 0.00171535 0.998285 0.999998 2.14076e-06 0.999663 0.000336642 0.998621 0.0013787 0.997943 0.00205733
2.51327 2.51327 0.00166427 0.998336 0.00156428 0.998436 0.999976 2.36474e-05 0.999702 0.000298422 0.998734 0.00126586 0.998359 0.00164062
2.63894 2.51327 0.00137733 0.998623 0.00143314 0.998567 0.999934 6.57166e-05 0.999735 0.000264866 0.998832 0.00116827 0.998688 0.00131161
2.7646 2.51327 0.00118264 0.998817 0.00131931 0.998681 0.999877 0.000122974 0.99977 0.000230116 0.998911 0.0010892 0.99894 0.00105967
2.89027 2.51327 0.00106927 0.998931 0.00122071 0.998779 0.99982 0.00017969 0.999816 0.000184308 0.99911 0.000889579 0.998964 0.0010364
3.01593 2.51327 0.00103038 0.99897 0.00113562 0.998864 0.999895 0.000105452 0.999831 0.000168526 0.999138 0.000861851 0.99897 0.00103017
-3.14159 2.63894 0.00106259 0.998937 0.00106259 0.998937 1 7.54934e-29 1 3.53959e-28 0.998937 0.00106259 0.998937 0.00106259
-3.01593 2.63894 0.00101326 0.998987 0.00115273 0.998847 0.99993 7.03806e-05 0.999777 0.000223405 0.99921 0.000789856 0.998918 0.00108235
-2.89027 2.63894 0.000973218 0.999027 0.00131689 0.998683 0.999936 6.42247e-05 0.999637 0.00036344 0.99939 0.000609778 0.998747 0.00125267
-2.7646 2.63894 0.000941608 0.999058 0.001561 0.998439 0.999966 3.41218e-05 0.999603 0.000397333 0.999456 0.000544275 0.998473 0.00152688
-2.63894 2.63894 0.00091762 0.999082 0.00189475 0.998105 0.99999 9.67702e-06 0.999599 0.000400875 0.999483 0.000516745 0.998115 0.00188507
-2.51327 2.63894 0.000900473 0.9991 0.00233235 0.997668 1 1.28135e-08 0.999603 0.000396538 0.999496 0.000503935 0.997668 0.00233234
-2.38761 2.63894 0.000889433 0.999111 0.00289378 0.997106 0.999991 9.45285e-06 0.999607 0.000392734 0.999503 0.000496698 0.997116 0.00288433
-2.26195 2.63894 0.000883863 0.999116 0.00360658 0.996393 0.999958 4.15629e-05 0.999606 0.000393855 0.99951 0.000490008 0.996435 0.00356502
-2.13628 2.63894 0.000883369 0.999117 0.00450855 0.995491 0.999899 0.00010063 0.999597 0.000403279 0.99952 0.00048009 0.995592 0.00440792
-2.01062 2.63894 0.000888095 0.999112 0.00565166 0.994348 0.999807 0.000192569 0.999575 0.000424701 0.999537 0.000463394 0.994541 0.00545909
-1.88496 2.63894 0.000899343 0.999101 0.00710799 0.992892 0.999674 0.000325842 0.999537 0.000463187 0.999564 0.000436155 0.993218 0.00678214
-1.75929 2.63894 0.000920815 0.999079 0.00897847 0.991022 0.999474 0.000526486 0.999487 0.000512667 0.999606 0.000394328 0.991534 0.00846581
-1.63363 2.63894 0.000961114 0.999039 0.0114063 0.988594 0.999373 0.000627147 0.999229 0.000770784 0.999666 0.000333968 0.989364 0.0106356
-1.50796 2.63894 0.0010388 0.998961 0.0145974 0.985403 0.999214 0.000786216 0.998874 0.00112614 0.999747 0.000252583 0.986529 0.0134713
-1.3823 2.63894 0.00119272 0.998807 0.0188517 0.981148 0.99896 0.00103998 0.998383 0.001617 0.999847 0.000152741 0.982765 0.0172347
-1.25664 2.63894 0.00150349 0.998497 0.0246104 0.97539 0.998548 0.00145243 0.9977 0.00230026 0.999949 5.10579e-05 0.97769 0.0223101
-1.13097 2.63894 0.0021388 0.997861 0.0325271 0.967473 0.997862 0.00213849 0.996739 0.00326099 1 3.07506e-07 0.970734 0.0292661
-1.00531 2.63894 0.00344996 0.99655 0.043564 0.956436 0.996694 0.00330585 0.995374 0.00462631 0.999856 0.000144113 0.961062 0.0389377
-0.879646 2.63894 0.0591003 0.9409 0.00617609 0.993824 0.994677 0.00532285 0.993417 0.00658342 0.999147 0.000853245 0.947483 0.0525169
-0.753982 2.63894 0.0809766 0.919023 0.0118542 0.988146 0.991207 0.00879346 0.990603 0.00939735 0.996939 0.0030607 0.928421 0.0715793
-0.628319 2.63894 0.111252 0.888748 0.0235072 0.976493 0.985507 0.0144927 0.986589 0.0134109 0.990986 0.00901443 0.902159 0.0978414
-0.502655 2.63894 0.151221 0.848779 0.0461679 0.953832 0.977295 0.0227054 0.981014 0.0189861 0.976538 0.0234625 0.867765 0.132235
-0.376991 2.63894 0.199269 0.800731 0.0849167 0.915083 0.968321 0.031679 0.973663 0.0263366 0.946762 0.0532377 0.827067 0.172933
-0.251327 2.63894 0.137205 0.862795 0.248277 0.751723 0.962516 0.037484 0.964703 0.0352968 0.900279 0.0997215 0.78702 0.21298
-0.125664 2.63894 0.186838 0.813162 0.285202 0.714798 0.962183 0.0378173 0.954655 0.045345 0.85098 0.14902 0.760143 0.239857
0 2.63894 0.214872 0.785128 0.294799 0.705201 0.966056 0.0339435 0.943762 0.0562381 0.819072 0.180928 0.761439 0.238561
0.125664 2.63894 0.214614 0.785386 0.266382 0.733618 0.971828 0.0281718 0.931246 0.0687535 0.802371 0.197629 0.813558 0.186442
0.251327 2.63894 0.191869 0.808131 0.203327 0.796673 0.977853 0.0221467 0.917289 0.0827111 0.879384 0.120616 0.830278 0.169722
0.376991 2.63894 0.157686 0.842314 0.129567 0.870433 0.983237 0.0167634 0.913905 0.0860954 0.956528 0.0434715 0.859077 0.140923
0.502655 2.63894 0.122179 0.877821 0.0724997 0.9275 0.987618 0.0123816 0.935302 0.0646982 0.992198 0.00780159 0.890203 0.109797
0.628319 2.63894 0.0913807 0.908619 0.0390694 0.960931 0.990981 0.00901891 0.96134 0.0386602 0.999591 0.000409241 0.917638 0.0823618
0.753982 2.63894 0.0672588 0.932741 0.0219107 0.978089 0.993475 0.00652549 0.978278 0.0217225 0.999812 0.00018821 0.939267 0.0607333
0.879646 2.63894 0.0493718 0.950628 0.0133304 0.98667 0.995293 0.0047072 0.987619 0.0123805 0.99905 0.000949897 0.955335 0.0446646
1.00531 2.63894 0.036429 0.963571 0.00890129 0.991099 0.996612 0.00338789 0.992661 0.00733853 0.998437 0.00156276 0.966959 0.0330411
1.13097 2.63894 0.0271203 0.97288 0.00647271 0.993527 0.997571 0.00242892 0.995446 0.00455395 0.998081 0.00191876 0.975309 0.0246913
1.25664 2.63894 0.0203957 0.979604 0.00503878 0.994961 0.998272 0.00172839 0.99704 0.00295973 0.997921 0.00207906 0.981333 0.0186673
1.3823 2.63894 0.0154904 0.98451 0.00412315 0.995877 0.998786 0.00121387 0.997988 0.00201158 0.997888 0.00211157 0.985723 0.0142765
1.50796 2.63894 0.0118691 0.988131 0.00349295 0.996507 0.999165 0.000834607 0.998573 0.00142681 0.997934 0.00206615 0.988966 0.0110345
1.63363 2.63894 0.0091627 0.990837 0.00302982 0.99697 0.999445 0.000555184 0.998946 0.00105392 0.998024 0.0019759 0.991392 0.00860752
1.75929 2.63894 0.00711677 0.992883 0.00267097 0.997329 0.999649 0.000350862 0.999191 0.00080891 0.998138 0.00186206 0.993234 0.00676591
1.88496 2.63894 0.00555493 0.994445 0.00238162 0.997618 0.999796 0.000204315 0.999356 0.000643555 0.998262 0.00173807 0.994649 0.00535062
2.01062 2.63894 0.00435376 0.995646 0.00214158 0.997858 0.999897 0.000103384 0.999471 0.000529233 0.998388 0.00161235 0.99575 0.00425038
2.13628 2.63894 0.003426 0.996574 0.00193857 0.998061 0.99996 3.95338e-05 0.999552 0.000448367 0.99851 0.0014902 0.996614 0.00338647
2.26195 2.63894 0.00270937 0.997291 0.00176473 0.998235 0.999993 6.7734e-06 0.99961 0.000389736 0.998625 0.00137499 0.997297 0.0027026
2.38761 2.63894 0.00215908 0.997841 0.0016148 0.998385 0.999999 8.51936e-07 0.999654 0.000345768 0.998731 0.00126903 0.997842 0.00215823
2.51327 2.63894 0.00174277 0.998257 0.00148507 0.998515 0.999981 1.8537e-05 0.999689 0.000310834 0.998826 0.00117424 0.998276 0.00172423
2.63894 2.63894 0.00143716 0.998563 0.00137283 0.998627 0.999943 5.66476e-05 0.99972 0.000279895 0.998907 0.00109293 0.998619 0.00138051
2.7646 2.63894 0.00122568 0.998774 0.00127598 0.998724 0.99989 0.000109879 0.999753 0.000246792 0.998971 0.00102918 0.998884 0.0011158
2.89027 2.63894 0.00109698 0.998903 0.00119286 0.998807 0.999837 0.000163229 0.999799 0.000200564 0.999066 0.000933747 0.999008 0.000992296
3.01593 2.63894 0.00104384 0.998956 0.00112212 0.998878 0.999884 0.00011579 0.999845 0.000154862 0.999111 0.000888978 0.998994 0.00100633
-3.14159 2.7646 0.00106259 0.998937 0.00106259 0.998937 1 7.548e-29 1 7.95276e-29 0.998937 0.00106259 0.998937 0.00106259
-3.01593 2.7646 0.00102645 0.998974 0.00113951 0.99886 0.999921 7.87919e-05 0.999793 0.000207143 0.999181 0.000819303 0.998939 0.00106072
-2.89027 2.7646 0.000999348 0.999001 0.00129059 0.998709 0.999926 7.36905e-05 0.99966 0.000339868 0.999341 0.000659479 0.998783 0.0012169
-2.7646 2.7646 0.000980653 0.999019 0.00152153 0.998478 0.999959 4.09571e-05 0.999622 0.000377505 0.999397 0.000603148 0.998519 0.00148057
-2.63894 2.7646 0.000969754 0.99903 0.00184174 0.998158 0.999987 1.32517e-05 0.999613 0.000386605 0.999417 0.000583149 0.998172 0.00182849
-2.51327 2.7646 0.000966072 0.999034 0.00226517 0.997735 1 3.74143e-07 0.999612 0.000388104 0.999422 0.000577968 0.997735 0.00226479
-2.38761 2.7646 0.000969074 0.999031 0.00281147 0.997189 0.999993 6.78449e-06 0.99961 0.000390237 0.999421 0.000578837 0.997195 0.00280469
-2.26195 2.7646 0.000978341 0.999022 0.00350782 0.996492 0.999964 3.60132e-05 0.999602 0.00039756 0.999419 0.000580781 0.996528 0.00347181
-2.13628 2.7646 0.000993702 0.999006 0.00439152 0.995608 0.999908 9.2223e-05 0.999586 0.000413774 0.99942 0.000579928 0.995701 0.0042993
-2.01062 2.7646 0.00101555 0.998984 0.00551393 0.994486 0.999819 0.000181124 0.999557 0.00044308 0.999428 0.000572467 0.994667 0.00533281
-1.88496 2.7646 0.00104544 0.998955 0.00694624 0.993054 0.999689 0.000310867 0.999509 0.000491306 0.999446 0.000554132 0.993365 0.00663537
-1.75929 2.7646 0.00108737 0.998913 0.00878815 0.991212 0.999433 0.000567399 0.999507 0.000493195 0.99948 0.000519969 0.991705 0.00829496
-1.63363 2.7646 0.00115026 0.99885 0.011181 0.988819 0.999314 0.000685836 0.999255 0.000745117 0.999536 0.000464427 0.989564 0.0104359
-1.50796 2.7646 0.00125308 0.998747 0.0143277 0.985672 0.999129 0.000870881 0.998909 0.00109143 0.999618 0.000382197 0.986764 0.0132363
-1.3823 2.7646 0.00143524 0.998565 0.0185234 0.981477 0.998836 0.00116437 0.998431 0.00156854 0.999729 0.000270879 0.983045 0.0169548
-1.25664 2.7646 0.0242012 0.975799 0.0017785 0.998222 0.99836 0.0016402 0.99777 0.00223037 0.999862 0.000138302 0.978029 0.0219708
-1.13097 2.7646 0.0320003 0.968 0.00245323 0.997547 0.997568 0.00243156 0.996843 0.00315712 0.999978 2.16783e-05 0.971157 0.0288432
-1.00531 2.7646 0.0428573 0.957143 0.00381809 0.996182 0.996219 0.00378059 0.995532 0.00446806 0.999963 3.74998e-05 0.961611 0.0383892
-0.879646 2.7646 0.0581052 0.941895 0.00663289 0.993367 0.993879 0.00612061 0.993662 0.00633811 0.999488 0.000512284 0.948233 0.0517671
-0.753982 2.7646 0.0795053 0.920495 0.0124925 0.987507 0.98983 0.0101699 0.990985 0.00901453 0.997677 0.00232257 0.929509 0.0704907
-0.628319 2.7646 0.108993 0.891007 0.0245696 0.97543 0.983145 0.0168546 0.987181 0.0128188 0.992285 0.00771499 0.903825 0.0961745
-0.502655 2.7646 0.147717 0.852283 0.0482097 0.95179 0.973541 0.0264594 0.9819 0.0180999 0.97825 0.0217503 0.870383 0.129617
-0.376991 2.7646 0.193988 0.806012 0.0888437 0.911156 0.963362 0.0366384 0.974906 0.0250935 0.947795 0.0522052 0.831106 0.168894
-0.251327 2.7646 0.240853 0.759147 0.143633 0.856367 0.957457 0.0425429 0.966282 0.0337179 0.89891 0.10109 0.792865 0.207135
-0.125664 2.7646 0.195145 0.804855 0.275713 0.724287 0.957998 0.0420018 0.956451 0.0435486 0.846857 0.153143 0.767836 0.232164
0 2.7646 0.223602 0.776398 0.283861 0.716139 0.96291 0.0370896 0.945744 0.0542562 0.813488 0.186512 0.770395 0.229605
0.125664 2.7646 0.222552 0.777448 0.255154 0.744846 0.969533 0.0304672 0.934002 0.0659983 0.810844 0.189156 0.807915 0.192085
0.251327 2.7646 0.1984 0.8016 0.193478 0.806522 0.976215 0.0237849 0.922763 0.0772369 0.883759 0.116241 0.825385 0.174615
0.376991 2.7646 0.162691 0.837309 0.12243 0.87757 0.9821 0.0179003 0.922618 0.0773819 0.954952 0.0450481 0.855209 0.144791
0.502655 2.7646 0.125845 0.874155 0.0679715 0.932028 0.986849 0.0131505 0.942041 0.0579592 0.989988 0.0100123 0.887305 0.112695
0.628319 2.7646 0.0940181 0.905982 0.0362352 0.963765 0.990469 0.00953093 0.964817 0.0351831 0.998948 0.00105206 0.915513 0.0844871
0.753982 2.7646 0.0691619 0.930838 0.020032 0.979968 0.993135 0.00686501 0.979979 0.0200205 0.999988 1.15059e-05 0.937703 0.0622968
0.879646 2.7646 0.0507678 0.949232 0.0120012 0.987999 0.995066 0.00493359 0.988499 0.0115011 0.9995 0.000500097 0.954166 0.0458342
1.00531 2.7646 0.0374755 0.962524 0.00791254 0.992087 0.996459 0.00354076 0.993147 0.00685257 0.99894 0.00105997 0.966065 0.0339348
1.13097 2.7646 0.0279223 0.972078 0.00571109 0.994289 0.997466 0.00253392 0.99573 0.00426952 0.998558 0.00144157 0.974612 0.0253884
1.25664 2.7646 0.0210227 0.978977 0.00443769 0.995562 0.998198 0.00180194 0.997214 0.00278581 0.998348 0.00165188 0.980779 0.0192208
1.3823 2.7646 0.0159889 0.984011 0.00364047 0.99636 0.998734 0.00126644 0.998098 0.00190199 0.998262 0.00173848 0.985278 0.0147224
1.50796 2.7646 0.0122708 0.987729 0.0031005 0.996899 0.999127 0.000872878 0.998643 0.00135665 0.998256 0.00174385 0.988602 0.0113979
1.63363 2.7646 0.00948968 0.99051 0.00270791 0.997292 0.999417 0.000583419 0.998991 0.00100907 0.998301 0.00169884 0.991094 0.00890626
1.75929 2.7646 0.00738488 0.992615 0.00240539 0.997595 0.999628 0.000371771 0.999219 0.000780997 0.998376 0.0016244 0.992987 0.00701311
1.88496 2.7646 0.00577572 0.994224 0.00216188 0.997838 0.99978 0.000219599 0.999373 0.000627465 0.998466 0.00153441 0.994444 0.00555612
2.01062 2.7646 0.00453578 0.995464 0.00195976 0.99804 0.999886 0.000114078 0.999478 0.000521755 0.998562 0.001438 0.995578 0.0044217
2.13628 2.7646 0.00357572 0.996424 0.00178861 0.998211 0.999954 4.62222e-05 0.999553 0.000447448 0.998659 0.00134116 0.996471 0.0035295
2.26195 2.7646 0.00283172 0.997168 0.00164196 0.998358 0.99999 9.73526e-06 0.999606 0.000394035 0.998752 0.00124792 0.997178 0.00282198
2.38761 2.7646 0.00225785 0.997742 0.00151557 0.998484 1 1.53751e-07 0.999646 0.00035438 0.998839 0.00116118 0.997742 0.0022577
2.51327 2.7646 0.00182091 0.998179 0.00140652 0.998593 0.999986 1.4103e-05 0.999677 0.000323086 0.998917 0.00108344 0.998193 0.00180681
2.63894 2.7646 0.00149694 0.998503 0.00131273 0.998687 0.999952 4.83336e-05 0.999705 0.000295137 0.998982 0.00101759 0.998551 0.00144861
2.7646 2.7646 0.00126886 0.998731 0.00123259 0.998767 0.999902 9.76305e-05 0.999736 0.000264059 0.999031 0.000968526 0.998829 0.00117123
2.89027 2.7646 0.00112489 0.998875 0.00116484 0.998835 0.999852 0.000147742 0.999782 0.000217702 0.999053 0.000947139 0.999023 0.000977149
3.01593 2.7646 0.00105746 0.998943 0.00110847 0.998892 0.999873 0.000126741 0.999858 0.000141966 0.999085 0.000915496 0.999018 0.000981725
-3.14159 2.89027 0.00106259 0.998937 0.00106259 0.998937 1 7.54811e-29 1 5.11014e-28 0.998937 0.00106259 0.998937 0.00106259
-3.01593 2.89027 0.00103986 0.99896 0.00112607 0.998874 0.999912 8.77699e-05 0.999808 0.000191788 0.999152 0.00084807 0.998962 0.0010383
-2.89027 2.89027 0.00102607 0.998974 0.00126374 0.998736 0.999916 8.39308e-05 0.999683 0.000317186 0.999291 0.000708884 0.99882 0.00117981
-2.7646 2.89027 0.00102081 0.998979 0.00148102 0.998519 0.999951 4.85017e-05 0.999642 0.000357771 0.999337 0.000663036 0.998567 0.00143252
-2.63894 2.89027 0.00102368 0.998976 0.00178708 0.998213 0.999983 1.744e-05 0.999628 0.000371854 0.999348 0.00065183 0.99823 0.00176964
-2.51327 2.89027 0.00103435 0.998966 0.00219554 0.997804 0.999999 1.24814e-06 0.999621 0.000378795 0.999344 0.00065556 0.997806 0.00219429
-2.38761 2.89027 0.00105254 0.998947 0.00272572 0.997274 0.999995 4.5233e-06 0.999613 0.000386602 0.999334 0.000665934 0.997279 0.0027212
-2.26195 2.89027 0.00107808 0.998922 0.00340435 0.996596 0.999969 3.07589e-05 0.9996 0.000399957 0.999322 0.000678123 0.996626 0.00337359
-2.13628 2.89027 0.00111113 0.998889 0.00426819 0.995732 0.999916 8.3992e-05 0.999577 0.00042288 0.999312 0.000688247 0.995816 0.0041842
-2.01062 2.89027 0.00115242 0.998848 0.00536789 0.994632 0.99983 0.000169727 0.99954 0.000460076 0.999308 0.000692344 0.994802 0.00519816
-1.88496 2.89027 0.00120395 0.998796 0.00677366 0.993226 0.999704 0.000295805 0.999482 0.000518159 0.999314 0.000685786 0.993522 0.00647785
-1.75929 2.89027 0.00858379 0.991416 0.0012702 0.99873 0.999393 0.000607309 0.999527 0.000473497 0.999337 0.00066289 0.99189 0.00811029
-1.63363 2.89027 0.0109375 0.989062 0.00136075 0.998639 0.999256 0.000744006 0.999281 0.000719093 0.999383 0.000616739 0.989782 0.0102184
-1.50796 2.89027 0.0140347 0.985965 0.00149538 0.998505 0.999044 0.00095587 0.998944 0.00105626 0.99946 0.00053951 0.987022 0.0129784
-1.3823 2.89027 0.0181651 0.981835 0.00171477 0.998285 0.998709 0.00129056 0.99848 0.00151961 0.999576 0.00042421 0.983355 0.0166454
-1.25664 2.89027 0.0237535 0.976247 0.00210272 0.997897 0.998168 0.00183247 0.99784 0.00216016 0.99973 0.00027025 0.978407 0.0215933
-1.13097 2.89027 0.0314244 0.968576 0.00283375 0.997166 0.997266 0.00273436 0.996947 0.00305347 0.999901 9.9391e-05 0.971629 0.028371
-1.00531 2.89027 0.0420889 0.957911 0.00427598 0.995724 0.995724 0.00427598 0.995689 0.00431126 1 6.6803e-09 0.962222 0.0377776
-0.879646 2.89027 0.0570349 0.942965 0.00721323 0.992787 0.993037 0.00696327 0.993903 0.00609672 0.99975 0.000249963 0.949062 0.0509382
-0.753982 2.89027 0.0779479 0.922052 0.0133033 0.986697 0.988353 0.0116468 0.99136 0.00863992 0.998344 0.00165644 0.930692 0.069308
-0.628319 2.89027 0.106648 0.893352 0.0258765 0.974124 0.980564 0.0194359 0.987759 0.0122411 0.993559 0.00644053 0.905593 0.0944072
-0.502655 2.89027 0.144148 0.855852 0.050601 0.949399 0.96938 0.0306201 0.982767 0.0172325 0.980019 0.0199809 0.873084 0.126916
-0.376991 2.89027 0.188695 0.811305 0.0932513 0.906749 0.957902 0.0420984 0.97614 0.0238597 0.948847 0.051153 0.835164 0.164836
-0.251327 2.89027 0.233487 0.766513 0.15063 0.84937 0.952078 0.0479222 0.967902 0.0320985 0.897292 0.102708 0.798611 0.201389
-0.125664 2.89027 0.26634 0.73366 0.203994 0.796006 0.953721 0.0462795 0.95841 0.0415895 0.842285 0.157715 0.775249 0.224751
0 2.89027 0.232764 0.767236 0.273087 0.726913 0.959755 0.0402454 0.948096 0.0519042 0.807482 0.192518 0.778818 0.221182
0.125664 2.89027 0.230794 0.769206 0.244168 0.755832 0.967228 0.032772 0.937344 0.0626556 0.818488 0.181512 0.801978 0.198022
0.251327 2.89027 0.205116 0.794884 0.18398 0.81602 0.974557 0.0254429 0.928592 0.0714076 0.887427 0.112573 0.820327 0.179673
0.376991 2.89027 0.167779 0.832221 0.115688 0.884312 0.980942 0.0190579 0.930769 0.0692312 0.953543 0.0464566 0.851279 0.148721
0.502655 2.89027 0.129525 0.870475 0.0637805 0.936219 0.986065 0.0139348 0.948386 0.051614 0.987833 0.0121665 0.88441 0.11559
0.628319 2.89027 0.0966306 0.903369 0.03365 0.96635 0.989948 0.010052 0.968253 0.0317465 0.998097 0.00190341 0.913421 0.0865785
0.753982 2.89027 0.0710261 0.928974 0.0183279 0.981672 0.992791 0.007209 0.981713 0.0182869 0.999959 4.10648e-05 0.936183 0.0638171
0.879646 2.89027 0.0521237 0.947876 0.0107932 0.989207 0.994838 0.00516164 0.989408 0.0105923 0.999799 0.000200866 0.953038 0.0469621
1.00531 2.89027 0.0384865 0.961514 0.00700838 0.992992 0.993653 0.00634694 0.996306 0.00369378 0.999339 0.000661436 0.965207 0.0347927
1.13097 2.89027 0.0286949 0.971305 0.00500915 0.994991 0.996028 0.00397244 0.997362 0.00263841 0.998963 0.00103671 0.973944 0.0260565
1.25664 2.89027 0.0216262 0.978374 0.00387917 0.996121 0.997396 0.00260353 0.998125 0.00187477 0.998724 0.00127563 0.980249 0.0197514
1.3823 2.89027 0.0164689 0.983531 0.00318843 0.996812 0.998213 0.00178662 0.998682 0.00131833 0.998598 0.00140182 0.984849 0.0151506
1.50796 2.89027 0.0126582 0.987342 0.00273024 0.99727 0.999089 0.000910608 0.998718 0.00128228 0.998552 0.00144795 0.988252 0.0117476
1.63363 2.89027 0.00980589 0.990194 0.00240209 0.997598 0.999389 0.000611297 0.999039 0.00096101 0.998559 0.00144108 0.990805 0.00919459
1.75929 2.89027 0.00764494 0.992355 0.00215146 0.997849 0.999607 0.000392516 0.999249 0.000750562 0.998599 0.0014009 0.992748 0.00725242
1.88496 2.89027 0.00599057 0.994009 0.00195049 0.99805 0.999765 0.000234902 0.999391 0.000609354 0.998659 0.00134114 0.994244 0.00575567
2.01062 2.89027 0.00471354 0.995286 0.00178385 0.998216 0.999875 0.000124955 0.999487 0.000512657 0.998729 0.00127119 0.995411 0.00458858
2.13628 2.89027 0.00372246 0.996278 0.00164274 0.998357 0.999947 5.32399e-05 0.999555 0.000445258 0.998803 0.00119748 0.996331 0.00366922
2.26195 2.89027 0.00295209 0.997048 0.00152191 0.998478 0.999987 1.31518e-05 0.999603 0.000397396 0.998875 0.00112451 0.997061 0.00293893
2.38761 2.89027 0.0023554 0.997645 0.00141804 0.998582 1 1.67909e-08 0.999638 0.000362392 0.998944 0.00105565 0.997645 0.00235538
2.51327 2.89027 0.00189838 0.998102 0.00132894 0.998671 0.99999 1.03219e-05 0.999665 0.000335096 0.999006 0.000993849 0.998112 0.00188806
2.63894 2.89027 0.00155645 0.998444 0.00125308 0.998747 0.999959 4.07576e-05 0.999689 0.000310526 0.999057 0.000942555 0.998484 0.00151569
2.7646 2.89027 0.00131202 0.998688 0.00118931 0.998811 0.999914 8.62143e-05 0.999718 0.000281887 0.999093 0.000907426 0.998774 0.00122581
2.89027 2.89027 0.0011529 0.998847 0.00113676 0.998863 0.999867 0.000133202 0.999764 0.000235742 0.999099 0.00090102 0.99898 0.0010197
3.01593 2.89027 0.00107119 0.998929 0.00109472 0.998905 0.99987 0.000129797 0.999862 0.000138331 0.999059 0.000941391 0.999044 0.000956387
-3.14159 3.01593 0.00106259 0.998937 0.00106259 0.998937 1 7.54808e-29 1 8.66616e-29 0.998937 0.00106259 0.998937 0.00106259
-3.01593 3.01593 0.00105345 0.998947 0.00111246 0.998888 0.999903 9.73355e-05 0.999823 0.000177279 0.999124 0.000876167 0.998985 0.00101512
-2.89027 3.01593 0.00105328 0.998947 0.00123643 0.998764 0.999905 9.49733e-05 0.999705 0.000295422 0.999242 0.000757858 0.998859 0.00114146
-2.7646 3.01593 0.00106191 0.998938 0.00143966 0.99856 0.999943 5.6778e-05 0.999662 0.00033825 0.999276 0.000723662 0.998617 0.00138288
-2.63894 3.01593 0.0010792 0.998921 0.00173099 0.998269 0.999978 2.22633e-05 0.999643 0.000356754 0.999278 0.000722446 0.998291 0.00170873
-2.51327 3.01593 0.00110506 0.998895 0.00212376 0.997876 0.999997 2.65676e-06 0.999631 0.000368729 0.999264 0.000736332 0.997879 0.0021211
-2.38761 3.01593 0.00263687 0.997363 0.0011395 0.99886 0.999997 2.69148e-06 0.999618 0.00038191 0.999242 0.000757593 0.997366 0.00263418
-2.26195 3.01593 0.00329659 0.996703 0.00118271 0.998817 0.999974 2.58212e-05 0.999599 0.000401085 0.999218 0.000781626 0.996729 0.00327077
-2.13628 3.01593 0.00413908 0.995861 0.00123522 0.998765 0.999924 7.59555e-05 0.999569 0.000430575 0.999195 0.000804641 0.995937 0.00406312
-2.01062 3.01593 0.00521417 0.994786 0.00129823 0.998702 0.999842 0.000158393 0.999524 0.000475594 0.999177 0.00082264 0.994944 0.00505578
-1.88496 3.01593 0.006591 0.993409 0.00137433 0.998626 0.999719 0.000280663 0.999456 0.000543547 0.999169 0.000830779 0.99369 0.00631034
-1.75929 3.01593 0.00836631 0.991634 0.00146872 0.998531 0.999546 0.000453575 0.999354 0.000645875 0.999177 0.000822848 0.992087 0.00791274
-1.63363 3.01593 0.0106771 0.989323 0.00159194 0.998408 0.999199 0.000801108 0.999307 0.000692704 0.999209 0.000790832 0.990016 0.0099844
-1.50796 3.01593 0.0137197 0.98628 0.00176508 0.998235 0.99896 0.00104032 0.998979 0.00102061 0.999275 0.000724754 0.987301 0.0126991
-1.3823 3.01593 0.0177786 0.982221 0.00203071 0.997969 0.998583 0.00141722 0.99853 0.00147016 0.999387 0.000613491 0.983692 0.0163084
-1.25664 3.01593 0.0232697 0.97673 0.00247572 0.997524 0.997973 0.00202715 0.99791 0.00208958 0.999551 0.000448573 0.97882 0.0211801
-1.13097 3.01593 0.0308027 0.969197 0.00328026 0.99672 0.996956 0.00304357 0.99705 0.0029499 0.999763 0.000236685 0.972147 0.0278528
-1.00531 3.01593 0.0412632 0.958737 0.0048242 0.995176 0.995213 0.0047867 0.995844 0.00415566 0.999962 3.7506e-05 0.962892 0.0371075
-0.879646 3.01593 0.0558957 0.944104 0.00791886 0.992081 0.992157 0.0078427 0.994141 0.00585878 0.999924 7.61551e-05 0.949963 0.0500369
-0.753982 3.01593 0.0763131 0.923687 0.0142902 0.98571 0.986786 0.0132139 0.991727 0.00827276 0.998924 0.00107635 0.93196 0.0680404
-0.628319 3.01593 0.104229 0.895771 0.0274343 0.972566 0.977768 0.0222321 0.988323 0.0116765 0.994798 0.0052022 0.907448 0.0925521
-0.502655 3.01593 0.140531 0.859469 0.0533506 0.946649 0.983617 0.016383 0.964795 0.0352053 0.981855 0.0181453 0.875852 0.124148
-0.376991 3.01593 0.183411 0.816589 0.0981449 0.901855 0.977363 0.0226373 0.951924 0.048076 0.949931 0.0500689 0.839226 0.160774
-0.251327 3.01593 0.226207 0.773793 0.158188 0.841812 0.96955 0.0304504 0.946423 0.0535765 0.895388 0.104612 0.804243 0.195757
-0.125664 3.01593 0.257126 0.742874 0.213361 0.786639 0.94942 0.0505796 0.960499 0.0395012 0.837218 0.162782 0.782375 0.217625
0 3.01593 0.242331 0.757669 0.262537 0.737463 0.956637 0.0433631 0.950743 0.0492573 0.801032 0.198968 0.78672 0.21328
0.125664 3.01593 0.239321 0.760679 0.233498 0.766502 0.964937 0.0350634 0.941119 0.0588812 0.825383 0.174617 0.795742 0.204258
0.251327 3.01593 0.212 0.788 0.174899 0.825101 0.972887 0.0271126 0.934576 0.0654236 0.890524 0.109476 0.815112 0.184888
0.376991 3.01593 0.172937 0.827063 0.109377 0.890623 0.979766 0.0202344 0.938366 0.0616341 0.952258 0.0477424 0.847298 0.152702
0.502655 3.01593 0.133207 0.866793 0.0599416 0.940058 0.985265 0.0147347 0.954301 0.0456989 0.985757 0.0142426 0.881528 0.118472
0.628319 3.01593 0.0992095 0.90079 0.0313199 0.96868 0.989417 0.0105829 0.971586 0.0284139 0.997094 0.00290599 0.911373 0.0886267
0.753982 3.01593 0.0728443 0.927156 0.016802 0.983198 0.992442 0.00755792 0.983444 0.0165557 0.999754 0.000246262 0.934714 0.0652864
0.879646 3.01593 0.0534341 0.946566 0.00970913 0.990291 0.99033 0.00966994 0.994608 0.00539162 0.999961 3.91864e-05 0.951957 0.0480425
1.00531 3.01593 0.0394576 0.960542 0.00619121 0.993809 0.994171 0.00582915 0.996153 0.00384714 0.999638 0.000362064 0.96439 0.0356105
1.13097 3.01593 0.0294346 0.970565 0.004369 0.995631 0.996334 0.00366649 0.997258 0.00274249 0.999297 0.00070251 0.973308 0.0266921
1.25664 3.01593 0.0222035 0.977796 0.00336503 0.996635 0.997585 0.0024149 0.998053 0.00194695 0.99905 0.000950137 0.979743 0.0202566
1.3823 3.01593 0.0169285 0.983071 0.00276859 0.997231 0.998333 0.00166655 0.99863 0.00136956 0.998898 0.00110204 0.984441 0.015559
1.50796 3.01593 0.0130299 0.98697 0.00238348 0.997617 0.998796 0.00120431 0.999052 0.0009478 0.998821 0.00117917 0.987918 0.0120821
1.63363 3.01593 0.01011 0.98989 0.00211349 0.997887 0.999361 0.000638807 0.99909 0.000910068 0.998797 0.00120342 0.990529 0.00947123
1.75929 3.01593 0.00789588 0.992104 0.00191013 0.99809 0.999587 0.000413074 0.999282 0.000717759 0.998808 0.00119237 0.992517 0.00748281
1.88496 3.01593 0.00619863 0.993801 0.00174828 0.998252 0.99975 0.000250195 0.999411 0.000589271 0.998841 0.00115901 0.994052 0.00594844
2.01062 3.01593 0.00488632 0.995114 0.00161453 0.998385 0.999864 0.000135985 0.999498 0.000501922 0.998887 0.00111261 0.99525 0.00475033
2.13628 3.01593 0.00386565 0.996134 0.00150152 0.998498 0.999939 6.05541e-05 0.999558 0.000441742 0.99894 0.00105978 0.996195 0.0038051
2.26195 3.01593 0.00307 0.99693 0.00140505 0.998595 0.999983 1.69911e-05 0.9996 0.00039974 0.998995 0.00100531 0.996947 0.00305301
2.38761 3.01593 0.00245133 0.997549 0.00132261 0.998677 1 4.12368e-07 0.99963 0.000369713 0.999047 0.000952895 0.997549 0.00245092
2.51327 3.01593 0.00197488 0.998025 0.00125264 0.998747 0.999993 7.16991e-06 0.999653 0.000346772 0.999094 0.000905871 0.998032 0.00196771
2.63894 3.01593 0.00161545 0.998385 0.00119412 0.998806 0.999966 3.39008e-05 0.999674 0.000325985 0.999132 0.000868139 0.998418 0.00158155
2.7646 3.01593 0.00135499 0.998645 0.00114633 0.998854 0.999924 7.56132e-05 0.9997 0.000300233 0.999154 0.000846098 0.998721 0.00127937
2.89027 3.01593 0.00118091 0.998819 0.00110874 0.998891 0.99988 0.00011958 0.999745 0.000254701 0.999146 0.000854034 0.998939 0.00106133
3.01593 3.01593 0.00108497 0.998915 0.00108093 0.998919 0.999882 0.000118323 0.999849 0.000150594 0.99907 0.000930336 0.999033 0.000966644
